# Blender 4.4.3
# www.blender.org
mtllib bed.mtl
o bed
v -1.085805 -0.513773 2.384870
v -1.085805 -0.513773 2.220249
v -1.109345 -0.276110 2.188602
v 0.000000 -0.513773 2.220249
v 0.000000 -0.244463 2.220249
v -1.085805 -0.671082 2.220249
v 0.000000 -0.671082 2.220249
v -1.300316 -0.513773 2.220249
v -1.300316 -0.671082 2.220249
v -1.085805 -0.513773 -1.237117
v -1.109345 -0.276110 -1.191717
v 0.000000 -0.513773 -1.237117
v 0.000000 -0.244463 -1.221017
v -1.034114 -0.671082 -1.433109
v 0.000000 -0.671082 -1.237117
v -1.300316 -0.513773 -1.237117
v -1.300316 -0.671082 -1.237117
v 0.000000 -0.513773 2.384870
v -1.085805 -0.671082 2.384870
v 0.000000 -0.671082 2.384870
v -1.300316 -0.513773 2.384870
v -1.300316 -0.671082 2.384870
v -0.960759 -0.513773 -1.237117
v 0.000000 -0.513773 -1.400107
v -1.042127 -0.513773 -1.400107
v 0.000000 -0.671082 -1.400107
v -1.300316 -0.513773 -1.400107
v -1.300316 -0.671082 -1.400107
v -1.051751 -0.182273 2.085456
v 0.000000 -0.182273 2.085456
v -1.051751 -0.182273 -1.120500
v 0.000000 -0.182273 -1.120500
v -1.037935 0.287986 2.109990
v -1.063842 0.210524 2.135897
v 0.000000 0.287986 2.109990
v 0.000000 0.210524 2.135897
v -1.037935 0.287985 -1.139416
v -1.063842 0.210524 -1.165323
v 0.000000 0.210524 -1.165323
v 0.000000 0.287985 -1.139416
v -1.063842 -0.125126 2.135897
v -1.063842 -0.125126 -1.165323
v 0.000000 -0.125126 2.135897
v 0.000000 -0.125126 -1.165323
v -1.109345 -0.421593 2.188602
v 0.000000 -0.453240 2.220249
v -1.109345 -0.421594 -1.202936
v 0.000000 -0.453240 -1.237117
v -1.336017 0.777899 -2.271008
v 0.000000 0.816220 -2.325019
v -1.336017 0.561529 -2.432028
v 0.000000 0.558672 -2.516683
v 0.000000 0.665945 -2.168987
v -1.336376 0.655866 -2.228895
v -1.335830 0.426084 -2.315605
v 0.000000 0.383649 -2.366240
v -1.336017 1.353770 -1.865618
v 0.000000 1.461536 -1.870742
v 0.000000 1.301672 -1.691927
v -1.336017 1.267925 -1.769596
v -1.043493 -0.424977 -1.235521
v 0.000000 -0.424977 -1.235521
v 0.000000 -0.245988 -1.230970
v -1.043493 -0.245988 -1.230970
v 0.000000 -0.128173 -1.281339
v -1.297904 -0.115640 -1.366505
v -1.298293 -0.327711 -1.454425
v 0.000000 -0.449386 -1.414529
v -1.203413 -0.402629 -1.310941
v 0.000000 -0.402629 -1.310941
v 0.000000 -0.235211 -1.283500
v -1.203413 -0.235211 -1.283500
v -1.261028 0.665945 -2.168987
v -1.261028 1.301672 -1.691927
v -1.261028 0.816220 -2.325019
v -1.261028 0.558672 -2.516683
v -1.256189 -0.138178 -1.284853
v -1.261028 0.383649 -2.366240
v -1.261028 1.461536 -1.870742
v -1.256189 -0.459391 -1.418043
v -1.118714 -0.404014 -1.260764
v 0.000000 -0.402747 -1.270267
v 0.000000 -0.251655 -1.247716
v -1.110626 -0.250388 -1.257219
v -1.085805 -0.244463 -1.221017
v -1.085805 -0.244463 2.220249
v -1.085805 -0.453240 2.220249
v -1.085805 -0.453240 -1.237117
v -1.085805 -0.279740 2.245406
v 0.000000 -0.275662 2.245406
v -1.085805 -0.423614 2.245406
v 0.000000 -0.425463 2.245406
v -1.189238 -0.671082 -1.237117
v -1.192259 -0.671082 2.220249
v -1.052377 -0.671082 -1.237117
v -1.058785 -0.671082 2.220249
v -1.192259 -0.952649 2.220249
v -1.189238 -0.952649 -1.237117
v -1.052377 -0.952649 -1.237117
v -1.058785 -0.952649 2.220249
v -1.192259 -1.124336 2.220249
v -1.189238 -1.124336 -1.237117
v -1.052377 -1.124336 -1.237117
v -1.058785 -1.124336 2.220249
v -1.312853 -0.952649 -1.237225
v -1.315874 -0.952649 2.220141
v -1.312853 -1.124336 -1.237225
v -1.315874 -1.124336 2.220141
v 0.000000 -0.952649 2.222413
v 0.000000 -0.952649 -1.234953
v 0.000000 -1.124336 2.222413
v 0.000000 -1.124336 -1.234953
v -1.192165 -0.952649 2.112543
v -1.058585 -0.952649 2.112543
v -1.192165 -1.124336 2.112543
v -1.058585 -1.124336 2.112543
v -1.315780 -0.952649 2.112435
v -1.315780 -1.124336 2.112435
v 0.000000 -0.952649 2.114707
v 0.000000 -1.124336 2.114707
v -1.058336 -0.952649 1.977910
v -1.058336 -1.124336 1.977910
v 0.000000 -0.952649 1.980074
v 0.000000 -1.124336 1.980074
v -1.192047 -0.952649 1.977910
v -1.192047 -1.124336 1.977910
v -1.315662 -0.952649 1.977802
v -1.315662 -1.124336 1.977802
v -1.189238 -0.860133 -1.262073
v -1.052377 -0.860133 -1.262073
v -1.189238 -0.861892 -1.433751
v -1.052377 -0.861892 -1.433751
v -1.189238 -0.751395 -1.263894
v -1.052377 -0.751395 -1.263894
v -1.189238 -0.753154 -1.435572
v -1.052377 -0.753154 -1.435572
v -1.195218 -0.513773 -1.400107
v -1.191174 -0.513773 -1.237117
v -1.195322 -0.671082 -1.433109
v -1.052377 -0.974077 -1.403968
v -1.050037 -0.901197 -1.259873
v -1.189238 -0.974077 -1.403968
v -1.186898 -0.901197 -1.259873
v -1.052377 -0.931168 -1.242911
v -1.189238 -0.931168 -1.242911
v -1.052377 -1.050753 -1.364095
v -1.189238 -1.050753 -1.364095
v -1.192047 -0.737824 1.977910
v -1.192165 -0.737824 2.112543
v -1.058585 -0.737824 2.112543
v -1.058336 -0.737824 1.977910
v -1.058659 -0.666113 2.122460
v -1.192124 -0.676051 2.130254
v -1.058296 -0.671082 1.956247
v -1.192035 -0.671082 1.963316
v -1.052609 -0.952649 -1.111724
v -1.052609 -1.124336 -1.111724
v 0.000000 -0.952649 -1.109560
v 0.000000 -1.124336 -1.109560
v -1.189347 -0.952649 -1.111724
v -1.189347 -1.124336 -1.111724
v -1.312962 -0.952649 -1.111832
v -1.312962 -1.124336 -1.111832
v -1.189238 -1.304299 -1.237117
v -1.052377 -1.304299 -1.237117
v -1.052609 -1.304299 -1.111724
v -1.192047 -1.304298 1.977910
v -1.192165 -1.304298 2.112543
v -1.058585 -1.304298 2.112543
v -1.058336 -1.304298 1.977910
v -1.189347 -1.304299 -1.111724
v -1.085805 -0.513773 2.220249
v -1.300316 -0.513773 2.220249
v -1.085805 -0.513773 2.384870
v -1.300316 -0.513773 2.384870
v -1.085805 -0.513773 2.269420
v 0.000000 -0.513773 2.269420
v -1.300316 -0.671082 2.269420
v -1.300316 -0.513773 2.269420
v -1.085805 -0.513773 2.269420
v -1.300316 -0.513773 2.269420
v -1.119616 -0.513773 2.220249
v -1.119616 -0.513773 2.384870
v -1.119616 -0.671082 2.384870
v -1.119616 -0.513773 2.220249
v -1.119616 -0.513773 2.384870
v -1.119616 -0.513773 2.269420
v -1.119616 0.055865 2.384870
v -1.300316 0.055865 2.384870
v -1.300316 0.055865 2.269420
v -1.119616 0.055865 2.269420
v -1.021356 0.170442 2.384870
v -1.164339 0.280933 2.384870
v -1.164339 0.280933 2.269420
v -1.021356 0.170442 2.269420
v -0.880035 0.245148 2.384870
v -0.895275 0.425205 2.384870
v -0.895275 0.425205 2.269420
v -0.880035 0.245148 2.269420
v -0.626747 0.294251 2.384870
v -0.627913 0.474947 2.384870
v -0.627913 0.474947 2.269420
v -0.626747 0.294251 2.269420
v 0.000000 0.304075 2.384870
v 0.000000 0.484771 2.384870
v 0.000000 0.484771 2.269420
v 0.000000 0.304075 2.269420
v -1.300563 -0.517705 -1.062901
v -1.300316 -0.671082 -1.063175
v -1.085575 -0.510105 -1.060703
v -1.181890 -0.513510 -1.061687
v -1.208415 0.350878 -1.226880
v -1.317557 0.350878 -1.226880
v -1.317804 0.346946 -1.052664
v -1.199131 0.351141 -1.051450
v -1.210718 0.432655 -1.225512
v -1.319861 0.432655 -1.225512
v -1.320107 0.428724 -1.051296
v -1.201434 0.432919 -1.050082
v -1.205313 0.586713 -1.208578
v -1.329218 0.586713 -1.208578
v -1.329498 0.464916 -1.046312
v -1.194773 0.467435 -1.042042
v -1.208672 0.695170 -1.036500
v -1.332578 0.695170 -1.036500
v -1.332857 0.521851 -1.017533
v -1.198132 0.519785 -1.013026
v -1.220064 0.702463 -0.806741
v -1.343969 0.702463 -0.806741
v -1.344249 0.528109 -0.807046
v -1.209524 0.525557 -0.802796
v -1.236459 0.690849 0.192824
v -1.361120 0.690849 0.192824
v -1.361208 0.516748 0.183440
v -1.225919 0.513978 0.187552
v -1.239353 0.675890 0.428908
v -1.364182 0.675890 0.428908
v -1.364275 0.512822 0.379493
v -1.228233 0.508944 0.383003
v -1.244017 0.662541 0.580809
v -1.365652 0.662541 0.580809
v -1.365744 0.498753 0.490636
v -1.232896 0.494078 0.492983
v -1.236816 0.503688 0.659485
v -1.354838 0.498684 0.661236
v -1.354718 0.416826 0.511747
v -1.224901 0.417341 0.509323
v -1.233411 0.282560 0.715228
v -1.339007 0.277556 0.716980
v -1.339611 0.247758 0.549174
v -1.223898 0.248696 0.545201
v -1.218054 -0.275493 0.819711
v -1.332615 -0.280497 0.821463
v -1.333674 -0.284096 0.651083
v -1.209661 -0.282786 0.646441
v -1.199116 -0.371168 0.825383
v -1.324731 -0.376172 0.827135
v -1.325791 -0.379771 0.656755
v -1.190723 -0.378461 0.652113
v -1.300434 -0.515658 0.646314
v -1.300316 -0.671082 0.646183
v -1.300423 -0.515468 0.805408
v -1.300316 -0.671082 0.805290
v -1.085704 -0.512172 0.787843
v -1.085693 -0.511990 0.624861
v -1.193063 -0.513820 0.796625
v -1.193064 -0.513824 0.635588
v -1.144651 0.665945 -2.168987
v -1.336235 0.896549 -2.048283
v -1.111229 -0.137024 -1.284448
v -1.261028 0.789615 -2.076183
v 0.000000 0.601939 -2.097442
v -1.260638 0.601133 -2.097725
v -1.260638 0.315700 -2.289815
v 0.000000 0.316506 -2.289532
v -1.333275 0.593683 -2.159386
v -1.332804 0.365328 -2.246193
v -1.141957 0.601226 -2.097693
v -1.256674 -0.374980 -1.512983
v 0.000000 -0.365977 -1.509821
v -1.302052 -0.252236 -1.540653
v -1.144387 0.026220 -1.429288
v 0.000000 -0.048661 -1.370217
v -1.284717 0.034941 -1.408682
v -1.301756 -0.038391 -1.452854
v -1.285399 0.530416 -1.353664
v -1.271073 0.914698 -1.799713
v -1.263124 0.542678 -2.026587
v -1.282618 0.084303 -1.468754
v -1.287780 0.557667 -1.279775
v -1.263150 0.597494 -1.296196
v -1.247329 1.021405 -1.781427
v -1.270813 1.018128 -1.812700
v -1.177099 1.019497 -1.784380
v -1.152220 1.015845 -1.816733
v -1.172800 0.589345 -1.311395
v -1.148322 0.544267 -1.303794
v -1.142241 0.534029 -2.019581
v -1.144060 0.090061 -1.507755
v -1.148074 0.502951 -1.375754
v -1.150599 0.884721 -1.793761
v 1.085805 -0.513773 2.384870
v 1.085805 -0.513773 2.220249
v 1.109345 -0.276110 2.188602
v 1.085805 -0.671082 2.220249
v 1.300316 -0.513773 2.220249
v 1.300316 -0.671082 2.220249
v 1.085805 -0.513773 -1.237117
v 1.109345 -0.276110 -1.191717
v 1.034114 -0.671082 -1.433109
v 1.300316 -0.513773 -1.237117
v 1.300316 -0.671082 -1.237117
v 1.085805 -0.671082 2.384870
v 1.300316 -0.513773 2.384870
v 1.300316 -0.671082 2.384870
v 0.960759 -0.513773 -1.237117
v 1.042127 -0.513773 -1.400107
v 1.300316 -0.513773 -1.400107
v 1.300316 -0.671082 -1.400107
v 1.051751 -0.182273 2.085456
v 1.051751 -0.182273 -1.120500
v 1.037935 0.287986 2.109990
v 1.063842 0.210524 2.135897
v 1.037935 0.287985 -1.139416
v 1.063842 0.210524 -1.165323
v 1.063842 -0.125126 2.135897
v 1.063842 -0.125126 -1.165323
v 1.109345 -0.421593 2.188602
v 1.109345 -0.421594 -1.202936
v 1.336017 0.777899 -2.271008
v 1.336017 0.561529 -2.432028
v 1.336376 0.655866 -2.228895
v 1.335830 0.426084 -2.315605
v 1.336017 1.353770 -1.865618
v 1.336017 1.267925 -1.769596
v 1.043493 -0.424977 -1.235521
v 1.043493 -0.245988 -1.230970
v 1.297904 -0.115640 -1.366505
v 1.298293 -0.327711 -1.454425
v 1.203413 -0.402629 -1.310941
v 1.203413 -0.235211 -1.283500
v 1.261028 0.665945 -2.168987
v 1.261028 1.301672 -1.691927
v 1.261028 0.816220 -2.325019
v 1.261028 0.558672 -2.516683
v 1.256189 -0.138178 -1.284853
v 1.261028 0.383649 -2.366240
v 1.261028 1.461536 -1.870742
v 1.256189 -0.459391 -1.418043
v 1.118714 -0.404014 -1.260764
v 1.110626 -0.250388 -1.257219
v 1.085805 -0.244463 -1.221017
v 1.085805 -0.244463 2.220249
v 1.085805 -0.453240 2.220249
v 1.085805 -0.453240 -1.237117
v 1.085805 -0.279740 2.245406
v 1.085805 -0.423614 2.245406
v 1.189238 -0.671082 -1.237117
v 1.192259 -0.671082 2.220249
v 1.052377 -0.671082 -1.237117
v 1.058785 -0.671082 2.220249
v 1.192259 -0.952649 2.220249
v 1.189238 -0.952649 -1.237117
v 1.052377 -0.952649 -1.237117
v 1.058785 -0.952649 2.220249
v 1.192259 -1.124336 2.220249
v 1.189238 -1.124336 -1.237117
v 1.052377 -1.124336 -1.237117
v 1.058785 -1.124336 2.220249
v 1.312853 -0.952649 -1.237225
v 1.315874 -0.952649 2.220141
v 1.312853 -1.124336 -1.237225
v 1.315874 -1.124336 2.220141
v 1.192165 -0.952649 2.112543
v 1.058585 -0.952649 2.112543
v 1.192165 -1.124336 2.112543
v 1.058585 -1.124336 2.112543
v 1.315780 -0.952649 2.112435
v 1.315780 -1.124336 2.112435
v 1.058336 -0.952649 1.977910
v 1.058336 -1.124336 1.977910
v 1.192047 -0.952649 1.977910
v 1.192047 -1.124336 1.977910
v 1.315662 -0.952649 1.977802
v 1.315662 -1.124336 1.977802
v 1.189238 -0.860133 -1.262073
v 1.052377 -0.860133 -1.262073
v 1.189238 -0.861892 -1.433751
v 1.052377 -0.861892 -1.433751
v 1.189238 -0.751395 -1.263894
v 1.052377 -0.751395 -1.263894
v 1.189238 -0.753154 -1.435572
v 1.052377 -0.753154 -1.435572
v 1.195218 -0.513773 -1.400107
v 1.191174 -0.513773 -1.237117
v 1.195322 -0.671082 -1.433109
v 1.052377 -0.974077 -1.403968
v 1.050037 -0.901197 -1.259873
v 1.189238 -0.974077 -1.403968
v 1.186898 -0.901197 -1.259873
v 1.052377 -0.931168 -1.242911
v 1.189238 -0.931168 -1.242911
v 1.052377 -1.050753 -1.364095
v 1.189238 -1.050753 -1.364095
v 1.192047 -0.737824 1.977910
v 1.192165 -0.737824 2.112543
v 1.058585 -0.737824 2.112543
v 1.058336 -0.737824 1.977910
v 1.058659 -0.666113 2.122460
v 1.192124 -0.676051 2.130254
v 1.058296 -0.671082 1.956247
v 1.192035 -0.671082 1.963316
v 1.052609 -0.952649 -1.111724
v 1.052609 -1.124336 -1.111724
v 1.189347 -0.952649 -1.111724
v 1.189347 -1.124336 -1.111724
v 1.312962 -0.952649 -1.111832
v 1.312962 -1.124336 -1.111832
v 1.189238 -1.304299 -1.237117
v 1.052377 -1.304299 -1.237117
v 1.052609 -1.304299 -1.111724
v 1.192047 -1.304298 1.977910
v 1.192165 -1.304298 2.112543
v 1.058585 -1.304298 2.112543
v 1.058336 -1.304298 1.977910
v 1.189347 -1.304299 -1.111724
v 1.085805 -0.513773 2.220249
v 1.300316 -0.513773 2.220249
v 1.085805 -0.513773 2.384870
v 1.300316 -0.513773 2.384870
v 1.085805 -0.513773 2.269420
v 1.300316 -0.671082 2.269420
v 1.300316 -0.513773 2.269420
v 1.085805 -0.513773 2.269420
v 1.300316 -0.513773 2.269420
v 1.119616 -0.513773 2.220249
v 1.119616 -0.513773 2.384870
v 1.119616 -0.671082 2.384870
v 1.119616 -0.513773 2.220249
v 1.119616 -0.513773 2.384870
v 1.119616 -0.513773 2.269420
v 1.119616 0.055865 2.384870
v 1.300316 0.055865 2.384870
v 1.300316 0.055865 2.269420
v 1.119616 0.055865 2.269420
v 1.021356 0.170442 2.384870
v 1.164339 0.280933 2.384870
v 1.164339 0.280933 2.269420
v 1.021356 0.170442 2.269420
v 0.880035 0.245148 2.384870
v 0.895275 0.425205 2.384870
v 0.895275 0.425205 2.269420
v 0.880035 0.245148 2.269420
v 0.626747 0.294251 2.384870
v 0.627913 0.474947 2.384870
v 0.627913 0.474947 2.269420
v 0.626747 0.294251 2.269420
v 1.300563 -0.517705 -1.062901
v 1.300316 -0.671082 -1.063175
v 1.085575 -0.510105 -1.060703
v 1.181890 -0.513510 -1.061687
v 1.208415 0.350878 -1.226880
v 1.317557 0.350878 -1.226880
v 1.317804 0.346946 -1.052664
v 1.199131 0.351141 -1.051450
v 1.210718 0.432655 -1.225512
v 1.319861 0.432655 -1.225512
v 1.320107 0.428724 -1.051296
v 1.201434 0.432919 -1.050082
v 1.205313 0.586713 -1.208578
v 1.329218 0.586713 -1.208578
v 1.329498 0.464916 -1.046312
v 1.194773 0.467435 -1.042042
v 1.208672 0.695170 -1.036500
v 1.332578 0.695170 -1.036500
v 1.332857 0.521851 -1.017533
v 1.198132 0.519785 -1.013026
v 1.220064 0.702463 -0.806741
v 1.343969 0.702463 -0.806741
v 1.344249 0.528109 -0.807046
v 1.209524 0.525557 -0.802796
v 1.236459 0.690849 0.192824
v 1.361120 0.690849 0.192824
v 1.361208 0.516748 0.183440
v 1.225919 0.513978 0.187552
v 1.239353 0.675890 0.428908
v 1.364182 0.675890 0.428908
v 1.364275 0.512822 0.379493
v 1.228233 0.508944 0.383003
v 1.244017 0.662541 0.580809
v 1.365652 0.662541 0.580809
v 1.365744 0.498753 0.490636
v 1.232896 0.494078 0.492983
v 1.236816 0.503688 0.659485
v 1.354838 0.498684 0.661236
v 1.354718 0.416826 0.511747
v 1.224901 0.417341 0.509323
v 1.233411 0.282560 0.715228
v 1.339007 0.277556 0.716980
v 1.339611 0.247758 0.549174
v 1.223898 0.248696 0.545201
v 1.218054 -0.275493 0.819711
v 1.332615 -0.280497 0.821463
v 1.333674 -0.284096 0.651083
v 1.209661 -0.282786 0.646441
v 1.199116 -0.371168 0.825383
v 1.324731 -0.376172 0.827135
v 1.325791 -0.379771 0.656755
v 1.190723 -0.378461 0.652113
v 1.300434 -0.515658 0.646314
v 1.300316 -0.671082 0.646183
v 1.300423 -0.515468 0.805408
v 1.300316 -0.671082 0.805290
v 1.085704 -0.512172 0.787843
v 1.085693 -0.511990 0.624861
v 1.193063 -0.513820 0.796625
v 1.193064 -0.513824 0.635588
v 1.144651 0.665945 -2.168987
v 1.336235 0.896549 -2.048283
v 1.111229 -0.137024 -1.284448
v 1.261028 0.789615 -2.076183
v 1.260638 0.601133 -2.097725
v 1.260638 0.315700 -2.289815
v 1.333275 0.593683 -2.159386
v 1.332804 0.365328 -2.246193
v 1.141957 0.601226 -2.097693
v 1.256674 -0.374980 -1.512983
v 1.302052 -0.252236 -1.540653
v 1.144387 0.026220 -1.429288
v 1.284717 0.034941 -1.408682
v 1.301756 -0.038391 -1.452854
v 1.285399 0.530416 -1.353664
v 1.271073 0.914698 -1.799713
v 1.263124 0.542678 -2.026587
v 1.282618 0.084303 -1.468754
v 1.287780 0.557667 -1.279775
v 1.263150 0.597494 -1.296196
v 1.247329 1.021405 -1.781427
v 1.270813 1.018128 -1.812700
v 1.177099 1.019497 -1.784380
v 1.152220 1.015845 -1.816733
v 1.172800 0.589345 -1.311395
v 1.148322 0.544267 -1.303794
v 1.142241 0.534029 -2.019581
v 1.144060 0.090061 -1.507755
v 1.148074 0.502951 -1.375754
v 1.150599 0.884721 -1.793761
vn -0.0000 0.2425 0.9701
vn -0.2691 0.5339 0.8016
vn -0.9506 0.2706 0.1524
vn -0.0000 0.7071 0.7071
vn -0.0000 0.7791 0.6269
vn -0.0000 -1.0000 -0.0000
vn -0.6680 0.3327 0.6657
vn -0.7073 -0.7069 -0.0000
vn -0.3023 0.9033 -0.3045
vn -0.9370 0.2562 -0.2372
vn -0.0000 0.7071 -0.7071
vn -0.0000 0.9383 -0.3458
vn -0.4479 -0.7205 -0.5293
vn -0.9036 0.2993 -0.3066
vn -0.7073 -0.7069 -0.0003
vn -0.0000 -0.7071 0.7071
vn -0.3162 -0.0000 0.9487
vn -0.5774 -0.5774 0.5774
vn -0.0000 0.7432 -0.6690
vn 0.0050 0.7609 -0.6489
vn -0.0000 -0.6774 -0.7357
vn -0.6157 0.5884 -0.5241
vn -0.6181 -0.5841 -0.5261
vn -0.8834 0.2499 0.3964
vn -0.0000 0.2062 0.9785
vn -0.8558 0.2447 -0.4557
vn -0.0000 0.1749 -0.9846
vn -0.4764 0.7389 0.4764
vn -0.6927 0.2005 0.6927
vn -0.0000 0.8115 0.5843
vn -0.0000 0.1607 0.9870
vn -0.4764 0.7389 -0.4764
vn -0.6927 0.2005 -0.6927
vn -0.0000 0.1607 -0.9870
vn -0.0000 0.8115 -0.5843
vn -0.6450 -0.2978 0.7038
vn -0.6508 -0.2789 -0.7061
vn -0.0000 -0.3537 0.9353
vn -0.0000 -0.3265 -0.9452
vn -0.9513 -0.2696 0.1493
vn -0.0000 -0.3521 0.9360
vn -0.9412 -0.2296 -0.2480
vn -0.0000 0.0282 -0.9996
vn -0.9126 0.2397 -0.3313
vn -0.0000 0.5864 -0.8100
vn -0.8820 -0.0169 -0.4709
vn -0.0000 -0.0351 -0.9994
vn -0.0000 0.0966 0.9953
vn -0.9697 0.0187 0.2436
vn -0.9076 -0.3055 -0.2881
vn -0.0000 -0.7025 -0.7116
vn -0.9029 0.4230 -0.0759
vn -0.0000 0.9935 -0.1137
vn -0.0000 0.0986 0.9951
vn -0.8568 -0.0437 0.5138
vn -0.1290 -0.3626 -0.9230
vn -0.0000 -0.4316 -0.9021
vn -0.0000 0.9816 -0.1910
vn -0.1193 0.9687 -0.2179
vn -0.0000 0.3733 0.9277
vn -0.9604 0.0243 0.2777
vn -0.9701 -0.2388 0.0441
vn -0.0000 -0.9912 -0.1325
vn -0.4277 -0.5637 0.7066
vn -0.0000 -0.9760 0.2178
vn -0.0000 0.5199 0.8542
vn -0.4336 -0.0675 0.8986
vn -0.3894 0.0686 0.9185
vn -0.3508 0.1140 0.9295
vn -0.3548 0.5482 -0.7573
vn -0.3596 -0.0327 -0.9325
vn -0.5257 0.1849 0.8303
vn -0.3510 -0.6593 -0.6650
vn -0.3908 0.9150 -0.1002
vn -0.5404 -0.8411 0.0209
vn -0.2853 -0.7044 0.6499
vn -0.0000 -0.9499 -0.3125
vn -0.0000 0.9930 0.1182
vn -0.2376 0.5186 0.8213
vn -0.5223 0.5445 -0.6563
vn -0.5073 0.7026 0.4990
vn -0.6836 -0.3830 0.6213
vn -0.6408 -0.0817 -0.7633
vn -0.5058 0.2601 0.8225
vn -0.0000 0.3190 0.9478
vn -0.5019 -0.2927 0.8139
vn -0.0000 -0.3525 0.9358
vn -0.2034 -0.9495 -0.2390
vn 0.0089 -1.0000 -0.0000
vn -0.2075 -0.9431 -0.2598
vn 0.0093 -1.0000 -0.0000
vn -0.0003 0.7070 0.7072
vn -0.6294 0.7770 -0.0119
vn 0.6303 0.7763 -0.0119
vn -0.0007 0.7073 0.7069
vn -0.0003 -0.7070 0.7072
vn -0.4706 -0.5273 -0.7074
vn 0.4716 -0.5274 -0.7068
vn -0.0007 -0.7073 0.7069
vn -0.5768 0.5774 -0.5779
vn -0.5779 0.5774 0.5768
vn -0.5768 -0.5774 -0.5779
vn -0.5779 -0.5774 0.5768
vn -0.0000 0.7066 0.7076
vn -0.0000 0.7076 -0.7066
vn -0.0000 -0.7066 0.7076
vn -0.0000 -0.7076 -0.7066
vn -0.3015 0.9046 0.3012
vn 0.3016 0.9043 0.3021
vn -0.3015 -0.9046 0.3012
vn 0.3016 -0.9043 0.3021
vn -0.7071 0.7071 -0.0006
vn -0.7071 -0.7071 -0.0006
vn -0.0000 1.0000 -0.0000
vn 0.5780 0.5777 -0.5763
vn 0.5780 -0.5777 -0.5763
vn -0.3015 0.9044 -0.3018
vn -0.3015 -0.9044 -0.3018
vn -0.7158 0.0194 0.6981
vn 0.7067 0.0299 0.7069
vn -0.6821 -0.1051 -0.7236
vn 0.6795 -0.0966 -0.7273
vn -0.8648 0.5015 0.0239
vn -0.1320 0.9912 -0.0130
vn -0.9071 0.4202 0.0243
vn 0.0273 0.9968 0.0749
vn -0.0509 0.7611 -0.6466
vn 0.2932 0.9023 -0.3160
vn -0.5353 -0.7222 -0.4381
vn 0.6820 -0.2661 -0.6813
vn 0.7762 0.1760 0.6054
vn -0.6843 -0.2614 -0.6807
vn -0.7481 0.1869 0.6367
vn 0.6725 0.2749 0.6872
vn -0.6872 0.2818 0.6696
vn 0.6478 -0.5303 -0.5470
vn -0.6508 -0.5204 -0.5529
vn 0.1277 0.9914 -0.0279
vn 0.1171 0.9930 0.0180
vn -0.1021 0.9946 0.0179
vn -0.1369 0.9902 -0.0279
vn -0.2157 -0.9471 -0.2374
vn 0.2207 -0.9413 -0.2555
vn -0.1937 -0.9504 0.2433
vn 0.2292 -0.9417 0.2464
vn 0.3009 0.9046 0.3021
vn 0.5767 -0.5770 0.5784
vn -0.5771 -0.5774 -0.5776
vn 0.5779 -0.5773 -0.5769
vn 0.5768 -0.5774 0.5778
vn -0.5776 -0.5773 0.5771
vn -0.0000 0.4472 0.8944
vn -0.7071 -0.7071 -0.0000
vn -0.7071 -0.0000 0.7071
vn -0.5774 0.5774 0.5774
vn -0.0054 0.7071 0.7071
vn -0.0000 -0.0000 1.0000
vn 0.3015 0.3015 0.9045
vn 0.3015 0.9045 -0.3015
vn 0.5699 -0.2109 0.7942
vn -0.7309 0.2037 0.6514
vn -0.7309 0.2037 -0.6514
vn 0.5699 -0.2109 -0.7942
vn 0.4117 -0.5153 0.7517
vn -0.5221 0.5496 0.6522
vn -0.5221 0.5496 -0.6522
vn 0.4117 -0.5153 -0.7517
vn 0.2230 -0.6326 0.7417
vn -0.2450 0.6968 0.6741
vn -0.2450 0.6968 -0.6741
vn 0.2230 -0.6326 -0.7417
vn 0.0709 -0.6825 0.7274
vn -0.0722 0.7215 0.6887
vn -0.0722 0.7215 -0.6887
vn 0.0709 -0.6825 -0.7274
vn 0.3319 -0.6637 0.6704
vn 0.3348 0.6696 0.6630
vn 0.3348 0.6696 -0.6630
vn 0.3319 -0.6637 -0.6704
vn -0.9111 0.2872 0.2956
vn -0.7074 -0.7069 -0.0002
vn -0.7132 0.7009 -0.0038
vn 0.2788 0.9173 0.2845
vn 0.6882 0.0269 -0.7250
vn -0.7049 -0.0068 -0.7093
vn -0.7105 -0.0271 0.7031
vn 0.7236 0.0076 0.6902
vn 0.6667 0.0373 -0.7444
vn -0.6864 0.0047 -0.7272
vn -0.7048 -0.1184 0.6995
vn 0.7259 -0.0888 0.6821
vn 0.6145 0.4110 -0.6734
vn -0.6260 0.3903 -0.6751
vn -0.7732 -0.2644 0.5765
vn 0.7741 -0.2300 0.5898
vn 0.6386 0.7415 -0.2056
vn -0.6463 0.7231 -0.2436
vn -0.8506 -0.4644 0.2466
vn 0.8485 -0.4251 0.3153
vn 0.6762 0.7366 0.0154
vn -0.7053 0.7082 -0.0310
vn -0.7220 -0.6916 -0.0191
vn 0.7219 -0.6913 0.0304
vn 0.6792 0.7330 0.0367
vn -0.7011 0.7128 0.0159
vn -0.7164 -0.6973 -0.0232
vn 0.7217 -0.6922 -0.0011
vn 0.6860 0.7240 0.0721
vn -0.7035 0.7092 0.0449
vn -0.7295 -0.6812 -0.0614
vn 0.7342 -0.6780 -0.0357
vn 0.5823 0.6727 0.4565
vn -0.6224 0.6381 0.4533
vn -0.8690 -0.4033 -0.2867
vn 0.8705 -0.3430 -0.3529
vn 0.6689 0.2796 0.6887
vn -0.6758 0.2044 0.7082
vn -0.7181 -0.2068 -0.6645
vn 0.7301 -0.1271 -0.6714
vn 0.6802 0.1699 0.7130
vn -0.6882 0.1262 0.7145
vn -0.7142 -0.1708 -0.6788
vn 0.7173 -0.1259 -0.6853
vn 0.6521 0.1647 0.7400
vn -0.6966 0.0539 0.7154
vn -0.7407 -0.1172 -0.6615
vn 0.7062 -0.0084 -0.7080
vn 0.6554 -0.3269 0.6809
vn -0.5967 -0.4484 0.6655
vn -0.8134 -0.5799 -0.0458
vn 0.9206 -0.3814 0.0840
vn -0.8172 0.4849 0.3115
vn -0.7074 -0.7068 -0.0000
vn -0.8424 0.4460 0.3023
vn -0.7075 -0.7067 -0.0000
vn -0.7120 0.7021 0.0002
vn -0.7153 0.6988 0.0002
vn 0.2731 0.9319 0.2389
vn 0.2177 0.9438 0.2485
vn -0.0002 0.0956 0.9954
vn -0.8626 -0.3035 0.4048
vn 0.0167 0.3542 0.9350
vn -0.2512 -0.5809 0.7742
vn -0.0000 0.7471 0.6647
vn -0.7222 0.6627 0.1980
vn -0.3899 -0.6950 -0.6041
vn -0.0000 -0.7499 -0.6616
vn -0.9080 0.2975 0.2950
vn -0.9292 -0.2929 -0.2256
vn 0.3313 0.8680 0.3699
vn -0.4840 -0.6618 -0.5725
vn -0.9490 -0.2520 -0.1892
vn 0.2526 0.5013 0.8276
vn -0.0000 0.7216 0.6923
vn -0.6323 0.2842 0.7207
vn -0.9684 0.1431 0.2042
vn -0.7248 -0.2168 -0.6540
vn -0.7285 -0.6810 0.0747
vn -0.7316 0.2920 0.6160
vn -0.8625 0.5002 0.0768
vn -0.6147 0.0992 0.7825
vn -0.2060 0.5857 0.7839
vn -0.2324 0.9016 0.3648
vn -0.6375 0.7187 -0.2775
vn 0.3460 0.8735 0.3426
vn 0.6536 0.6998 -0.2883
vn 0.4118 0.5291 0.7420
vn 0.7153 0.0695 0.6953
vn 0.2576 0.5206 0.8140
vn 0.3770 0.8498 0.3684
vn 0.4356 -0.2016 -0.8773
vn 0.3404 -0.9295 0.1420
vn 0.2691 0.5339 0.8016
vn 0.9506 0.2706 0.1524
vn 0.6680 0.3327 0.6657
vn 0.7073 -0.7069 -0.0000
vn 0.3023 0.9033 -0.3045
vn 0.9370 0.2562 -0.2372
vn 0.4479 -0.7205 -0.5293
vn 0.9036 0.2993 -0.3066
vn 0.7073 -0.7069 -0.0003
vn 0.3162 -0.0000 0.9487
vn 0.5774 -0.5774 0.5774
vn -0.0050 0.7609 -0.6489
vn 0.6157 0.5884 -0.5241
vn 0.6181 -0.5841 -0.5261
vn 0.8834 0.2499 0.3964
vn 0.8558 0.2447 -0.4557
vn 0.4764 0.7389 0.4764
vn 0.6927 0.2005 0.6927
vn 0.4764 0.7389 -0.4764
vn 0.6927 0.2005 -0.6927
vn 0.6450 -0.2978 0.7038
vn 0.6508 -0.2789 -0.7061
vn 0.9513 -0.2696 0.1493
vn 0.9412 -0.2296 -0.2480
vn 0.9126 0.2397 -0.3313
vn 0.8820 -0.0169 -0.4709
vn 0.9697 0.0186 0.2436
vn 0.9076 -0.3055 -0.2881
vn 0.9029 0.4230 -0.0759
vn 0.8568 -0.0437 0.5138
vn 0.1290 -0.3626 -0.9230
vn 0.1193 0.9687 -0.2179
vn 0.9604 0.0243 0.2777
vn 0.9701 -0.2388 0.0441
vn 0.4277 -0.5637 0.7066
vn 0.4336 -0.0675 0.8986
vn 0.3894 0.0686 0.9185
vn 0.3508 0.1140 0.9295
vn 0.3548 0.5482 -0.7573
vn 0.3596 -0.0327 -0.9325
vn 0.5257 0.1849 0.8303
vn 0.3510 -0.6593 -0.6650
vn 0.3908 0.9150 -0.1002
vn 0.5404 -0.8411 0.0209
vn 0.2853 -0.7044 0.6499
vn 0.2376 0.5186 0.8213
vn 0.5223 0.5445 -0.6563
vn 0.5073 0.7026 0.4990
vn 0.6836 -0.3830 0.6213
vn 0.6408 -0.0817 -0.7633
vn 0.5058 0.2601 0.8225
vn 0.5019 -0.2927 0.8139
vn 0.2034 -0.9495 -0.2390
vn -0.0089 -1.0000 -0.0000
vn 0.2075 -0.9431 -0.2598
vn -0.0093 -1.0000 -0.0000
vn 0.0003 0.7070 0.7072
vn 0.6294 0.7770 -0.0119
vn -0.6303 0.7763 -0.0119
vn 0.0007 0.7073 0.7069
vn 0.0003 -0.7070 0.7072
vn 0.4706 -0.5273 -0.7074
vn -0.4716 -0.5274 -0.7068
vn 0.0007 -0.7073 0.7069
vn 0.5768 0.5774 -0.5779
vn 0.5779 0.5774 0.5768
vn 0.5768 -0.5774 -0.5779
vn 0.5779 -0.5774 0.5768
vn 0.3015 0.9046 0.3012
vn -0.3016 0.9043 0.3021
vn 0.3015 -0.9046 0.3012
vn -0.3016 -0.9043 0.3021
vn 0.7071 0.7071 -0.0006
vn 0.7071 -0.7071 -0.0006
vn -0.5780 0.5777 -0.5763
vn -0.5780 -0.5777 -0.5763
vn 0.3015 0.9044 -0.3018
vn 0.3015 -0.9044 -0.3018
vn 0.7158 0.0194 0.6981
vn -0.7067 0.0299 0.7069
vn 0.6821 -0.1051 -0.7236
vn -0.6795 -0.0966 -0.7273
vn 0.8648 0.5015 0.0239
vn 0.1320 0.9912 -0.0130
vn 0.9071 0.4202 0.0243
vn -0.0273 0.9968 0.0749
vn 0.0509 0.7611 -0.6466
vn -0.2932 0.9023 -0.3160
vn 0.5353 -0.7222 -0.4381
vn -0.6820 -0.2661 -0.6813
vn -0.7762 0.1760 0.6054
vn 0.6843 -0.2614 -0.6807
vn 0.7481 0.1869 0.6367
vn -0.6725 0.2749 0.6872
vn 0.6872 0.2818 0.6696
vn -0.6478 -0.5303 -0.5470
vn 0.6508 -0.5204 -0.5529
vn -0.1277 0.9914 -0.0279
vn -0.1171 0.9930 0.0180
vn 0.1021 0.9946 0.0179
vn 0.1369 0.9902 -0.0279
vn 0.2157 -0.9471 -0.2374
vn -0.2207 -0.9413 -0.2555
vn 0.1937 -0.9504 0.2433
vn -0.2292 -0.9417 0.2464
vn -0.3009 0.9046 0.3021
vn -0.5767 -0.5770 0.5784
vn 0.5771 -0.5774 -0.5776
vn -0.5779 -0.5773 -0.5769
vn -0.5768 -0.5774 0.5778
vn 0.5776 -0.5773 0.5771
vn 0.7071 -0.7071 -0.0000
vn 0.7071 -0.0000 0.7071
vn 0.5774 0.5774 0.5774
vn 0.0054 0.7071 0.7071
vn -0.3015 0.3015 0.9045
vn -0.3015 0.9045 -0.3015
vn -0.5699 -0.2109 0.7942
vn 0.7309 0.2037 0.6514
vn 0.7309 0.2037 -0.6514
vn -0.5699 -0.2109 -0.7942
vn -0.4117 -0.5153 0.7517
vn 0.5221 0.5496 0.6522
vn 0.5221 0.5496 -0.6522
vn -0.4117 -0.5153 -0.7517
vn -0.2230 -0.6326 0.7417
vn 0.2450 0.6968 0.6741
vn 0.2450 0.6968 -0.6741
vn -0.2230 -0.6326 -0.7417
vn -0.0709 -0.6825 0.7274
vn 0.0722 0.7215 0.6887
vn 0.0722 0.7215 -0.6887
vn -0.0709 -0.6825 -0.7274
vn 0.9111 0.2872 0.2956
vn 0.7074 -0.7069 -0.0002
vn 0.7132 0.7009 -0.0038
vn -0.2788 0.9173 0.2845
vn -0.6882 0.0269 -0.7250
vn 0.7049 -0.0068 -0.7093
vn 0.7105 -0.0271 0.7031
vn -0.7236 0.0076 0.6902
vn -0.6667 0.0373 -0.7444
vn 0.6864 0.0047 -0.7272
vn 0.7048 -0.1184 0.6995
vn -0.7259 -0.0888 0.6821
vn -0.6145 0.4110 -0.6734
vn 0.6260 0.3903 -0.6751
vn 0.7732 -0.2644 0.5765
vn -0.7741 -0.2300 0.5898
vn -0.6386 0.7415 -0.2056
vn 0.6463 0.7231 -0.2436
vn 0.8506 -0.4644 0.2466
vn -0.8485 -0.4251 0.3153
vn -0.6762 0.7366 0.0154
vn 0.7053 0.7082 -0.0310
vn 0.7220 -0.6916 -0.0191
vn -0.7219 -0.6913 0.0304
vn -0.6792 0.7330 0.0367
vn 0.7011 0.7128 0.0159
vn 0.7164 -0.6973 -0.0232
vn -0.7217 -0.6922 -0.0011
vn -0.6860 0.7240 0.0721
vn 0.7035 0.7092 0.0449
vn 0.7295 -0.6812 -0.0614
vn -0.7342 -0.6780 -0.0357
vn -0.5823 0.6727 0.4565
vn 0.6224 0.6381 0.4533
vn 0.8690 -0.4033 -0.2867
vn -0.8705 -0.3430 -0.3529
vn -0.6689 0.2796 0.6887
vn 0.6758 0.2044 0.7082
vn 0.7181 -0.2068 -0.6645
vn -0.7301 -0.1271 -0.6714
vn -0.6802 0.1699 0.7130
vn 0.6882 0.1262 0.7145
vn 0.7142 -0.1708 -0.6788
vn -0.7173 -0.1259 -0.6853
vn -0.6521 0.1647 0.7400
vn 0.6966 0.0539 0.7154
vn 0.7407 -0.1172 -0.6615
vn -0.7062 -0.0084 -0.7080
vn -0.6554 -0.3269 0.6809
vn 0.5967 -0.4484 0.6655
vn 0.8134 -0.5799 -0.0458
vn -0.9206 -0.3814 0.0840
vn 0.8172 0.4849 0.3115
vn 0.7074 -0.7068 -0.0000
vn 0.8424 0.4460 0.3023
vn 0.7075 -0.7067 -0.0000
vn 0.7120 0.7021 0.0002
vn 0.7153 0.6988 0.0002
vn -0.2731 0.9319 0.2389
vn -0.2177 0.9438 0.2485
vn 0.0002 0.0956 0.9954
vn 0.8626 -0.3035 0.4048
vn -0.0167 0.3542 0.9350
vn 0.2512 -0.5809 0.7742
vn 0.7222 0.6627 0.1980
vn 0.3899 -0.6950 -0.6041
vn 0.9080 0.2975 0.2950
vn 0.9292 -0.2929 -0.2256
vn -0.3313 0.8680 0.3699
vn 0.4840 -0.6618 -0.5725
vn 0.9490 -0.2520 -0.1892
vn -0.2526 0.5013 0.8276
vn 0.6323 0.2842 0.7207
vn 0.9684 0.1431 0.2042
vn 0.7248 -0.2168 -0.6540
vn 0.7285 -0.6810 0.0747
vn 0.7316 0.2920 0.6160
vn 0.8625 0.5002 0.0768
vn 0.6147 0.0992 0.7825
vn 0.2060 0.5857 0.7839
vn 0.2324 0.9016 0.3648
vn 0.6375 0.7187 -0.2775
vn -0.3460 0.8735 0.3426
vn -0.6536 0.6998 -0.2883
vn -0.4118 0.5291 0.7420
vn -0.7153 0.0695 0.6953
vn -0.2576 0.5206 0.8140
vn -0.3770 0.8498 0.3684
vn -0.4356 -0.2016 -0.8773
vn -0.3404 -0.9295 0.1420
vt 0.000000 0.000000
vt 0.000000 1.000000
vt 0.500000 1.000000
vt 0.000000 0.224771
vt 0.500000 0.224771
vt 0.500000 0.327914
vt 0.000000 0.334777
vt 0.500000 0.000000
vt 0.051066 0.000000
vt 0.051151 0.000000
vt 0.051292 0.000000
vt 0.054017 0.000000
vt 0.000000 0.342564
vt 0.000000 0.874607
vt 0.000000 1.000000
vt 0.000000 0.350318
vt 0.134613 0.000000
vt 0.131532 0.000000
vt 0.057582 0.000000
vt 0.040413 0.000000
vt 0.040373 0.000000
vt 0.000000 0.342281
vt 0.000000 0.342281
vt 0.000000 0.882490
vt 0.000000 0.882490
vt 0.012176 1.000000
vt 0.012176 1.000000
vt 0.500000 0.224771
vt 0.500000 0.224771
vt 0.000000 0.882908
vt 0.000000 0.928953
vt 0.000000 1.000000
vt 0.047075 1.000000
vt 0.046144 1.000000
vt 0.000000 0.342905
vt 0.000000 0.882502
vt 0.057699 1.000000
vt 0.000000 0.224771
vt 0.000000 0.878370
vt 0.000000 0.877865
vt 0.000000 0.346789
vt 0.000000 0.869010
vt 0.500000 0.884151
vt 0.051158 0.000000
vt 0.054017 0.000000
vt 0.051158 0.000000
vt 0.053910 0.000000
vt 0.051273 0.000000
vt 0.051273 0.000000
vt 0.051273 0.000000
vt 0.054017 0.000000
vt 0.056542 1.000000
vt 0.000000 0.346366
vt 0.500000 0.224771
vt 0.047075 1.000000
vt 0.048181 1.000000
vt 0.055269 1.000000
vt 0.009809 1.000000
vt 0.046420 1.000000
vt 0.037669 1.000000
vt 0.009751 1.000000
vt 0.055546 1.000000
vt 0.048353 1.000000
vt 0.056542 1.000000
vt 0.000000 1.000000
s 1
f 208/1/180 16/1/14 17/1/15 209/1/181
f 9/1/8 263/1/235 261/1/233 209/1/181 17/1/15 93/1/88 155/1/145 153/1/143 94/1/89
f 86/2/81 5/3/5 30/3/25 29/2/24
f 87/4/82 46/5/41 92/6/87 91/7/86
f 177/8/114 176/1/4 1/1/1 18/8/4
f 6/1/6 96/9/91 7/8/6 20/8/16 19/1/16
f 13/3/12 85/2/80 31/2/26 32/3/27
f 7/8/6 96/9/91 152/10/142 154/11/144 95/12/90 15/8/6
f 85/2/80 86/2/81 29/2/24 31/2/26
f 8/1/7 182/1/156 2/1/2 264/1/236 266/1/238 262/1/234
f 55/13/50 54/14/49 49/15/44 51/16/46
f 17/1/15 16/1/14 27/1/22 28/1/23
f 26/8/21 14/17/13 25/18/20 24/8/19
f 18/8/4 1/1/1 19/1/16 20/8/16
f 184/1/16 183/1/157 21/1/17 22/1/18
f 9/1/8 94/1/89 6/1/6 19/1/16 184/1/16 22/1/18 178/1/153
f 179/1/154 178/1/153 22/1/18 21/1/17
f 182/1/156 8/1/7 173/1/152 185/1/4
f 10/1/9 23/19/11 25/18/20 137/20/127 138/1/128
f 25/18/20 14/17/13 139/21/129 137/20/127
f 14/17/13 95/12/90 93/1/88 139/21/129
f 25/18/20 23/19/11 12/8/11 24/8/19
f 44/3/39 42/2/37 38/2/33 39/3/34
f 31/2/26 29/2/24 41/2/36 42/2/37
f 47/22/42 45/23/40 3/24/3 11/25/10
f 37/26/32 33/27/28 35/3/30 40/3/35
f 41/2/36 43/3/38 36/3/31 34/2/29
f 38/2/33 34/2/29 33/27/28 37/26/32
f 88/4/83 10/1/9 210/1/182 265/1/237 264/1/236 2/1/2 87/4/82
f 35/3/30 33/27/28 34/2/29 36/3/31
f 39/3/34 38/2/33 37/26/32 40/3/35
f 29/2/24 30/3/25 43/3/38 41/2/36
f 41/2/36 34/2/29 38/2/33 42/2/37
f 32/3/27 31/2/26 42/2/37 44/3/39
f 10/1/9 88/4/83 48/28/43 12/8/11 23/19/11
f 2/1/2 4/8/4 46/5/41 87/4/82
f 76/4/71 75/2/70 50/3/45 52/28/47
f 56/29/51 78/4/73 76/4/71 52/28/47
f 49/15/44 54/30/49 269/31/241 60/2/55 57/2/52
f 273/32/245 278/33/250 268/34/240 73/2/68
f 275/29/247 274/4/246 78/4/73 56/29/51
f 277/35/249 276/36/248 54/30/49 55/13/50
f 74/2/69 59/3/54 58/3/53 79/2/74
f 50/3/45 75/2/70 79/2/74 58/3/53
f 73/2/68 268/34/240 271/2/243
f 88/4/83 85/2/80 64/32/59 61/4/56
f 48/28/43 88/4/83 61/4/56 62/28/57
f 85/2/80 13/3/12 63/3/58 64/32/59
f 69/4/64 72/15/67 77/15/72 80/4/75
f 70/28/65 69/4/64 80/4/75 68/28/63
f 72/15/67 71/3/66 65/3/60 270/37/242 77/15/72
f 84/32/79 83/3/78 71/3/66 72/15/67
f 82/28/77 81/38/76 69/4/64 70/28/65
f 81/38/76 84/32/79 72/15/67 69/4/64
f 60/2/55 269/31/241 271/2/243 74/2/69
f 51/16/46 49/15/44 75/2/70 76/4/71
f 285/39/256 66/40/61 77/15/72 284/15/255
f 55/13/50 51/16/46 76/4/71 78/4/73
f 57/2/52 60/2/55 74/2/69 79/2/74
f 49/15/44 57/2/52 79/2/74 75/2/70
f 277/35/249 55/13/50 78/4/73 274/4/246
f 66/40/61 67/41/62 80/4/75 77/15/72
f 61/4/56 64/32/59 84/32/79 81/38/76
f 62/28/57 61/4/56 81/38/76 82/28/77
f 64/32/59 63/3/58 83/3/78 84/32/79
f 11/25/10 3/24/3 86/2/81 85/2/80
f 3/24/3 89/42/84 86/2/81
f 47/22/42 11/25/10 85/2/80 88/4/83
f 45/23/40 47/22/42 88/4/83 87/4/82
f 89/42/84 3/24/3 45/23/40 91/7/86
f 89/42/84 90/43/85 5/3/5 86/2/81
f 91/7/86 45/23/40 87/4/82
f 91/7/86 92/6/87 90/43/85 89/42/84
f 160/1/114 98/1/93 105/1/100 162/1/112
f 93/1/88 95/12/90 154/11/144 155/1/145
f 116/44/111 104/9/99 101/1/96 115/1/110
f 141/12/131 140/45/130 132/12/122 130/12/120
f 103/12/98 99/12/94 110/12/105 112/12/107
f 162/1/112 105/1/100 107/1/102 163/1/113
f 98/1/93 102/1/97 107/1/102 105/1/100
f 115/1/110 101/1/96 108/1/103 118/1/113
f 101/1/96 97/1/92 106/1/101 108/1/103
f 114/46/109 100/9/95 109/9/104 119/46/114
f 100/9/95 104/9/99 111/9/106 109/9/104
f 157/47/147 103/12/98 112/12/107 159/47/106
f 113/1/108 97/1/92 100/9/95 114/46/109
f 100/9/95 97/1/92 101/1/96 104/9/99
f 125/1/117 113/1/108 149/1/139 148/1/138
f 104/9/99 116/44/111 120/46/6 111/9/106
f 121/48/115 114/46/109 119/46/114 123/49/105
f 126/1/118 115/1/110 118/1/113 128/1/113
f 106/1/101 117/1/112 118/1/113 108/1/103
f 102/1/97 103/12/98 165/12/149 164/1/148
f 97/1/92 113/1/108 117/1/112 106/1/101
f 157/47/147 122/50/116 126/1/118 161/1/110
f 161/1/110 126/1/118 128/1/113 163/1/113
f 160/1/114 125/1/117 121/48/115 156/47/146
f 116/44/111 122/50/116 124/48/107 120/46/6
f 117/1/112 127/1/112 128/1/113 118/1/113
f 113/1/108 125/1/117 127/1/112 117/1/112
f 132/12/122 131/1/121 135/1/125 136/12/126
f 140/45/130 142/1/132 131/1/121 132/12/122
f 143/1/133 141/12/131 130/12/120 129/1/119
f 142/1/132 143/1/133 129/1/119 131/1/121
f 133/1/123 134/12/124 136/12/126 135/1/125
f 131/1/121 129/1/119 133/1/123 135/1/125
f 129/1/119 130/12/120 134/12/124 133/1/123
f 130/12/120 132/12/122 136/12/126 134/12/124
f 15/8/6 95/12/90 14/17/13 26/8/21
f 135/1/125 133/1/123 93/1/88 139/21/129
f 138/1/128 137/20/127 27/1/22 16/1/14
f 137/20/127 139/21/129 28/1/23 27/1/22
f 139/21/129 93/1/88 17/1/15 28/1/23
f 14/17/13 136/12/126 134/12/124 95/12/90
f 139/1/129 135/1/125 136/1/126 14/1/13
f 133/1/123 93/1/88 95/1/90 134/1/124
f 147/1/137 145/1/135 143/1/133 142/1/132
f 145/1/135 144/51/134 141/12/131 143/1/133
f 146/45/136 147/1/137 142/1/132 140/45/130
f 144/51/134 146/45/136 140/45/130 141/12/131
f 99/12/94 103/12/98 146/45/136 144/51/134
f 103/12/98 102/1/97 147/1/137 146/45/136
f 98/1/93 99/12/94 144/51/134 145/1/135
f 102/1/97 98/1/93 145/1/135 147/1/137
f 148/1/138 149/1/139 150/46/140 151/48/141
f 114/46/109 121/48/115 151/48/141 150/46/140
f 113/1/108 114/46/109 150/46/140 149/1/139
f 121/48/115 125/1/117 148/1/138 151/48/141
f 152/10/142 154/11/144 151/48/141 150/46/140
f 153/1/143 152/10/142 96/9/91 94/1/89
f 155/1/145 154/11/144 152/10/142 153/1/143
f 155/1/145 153/1/143 149/1/139 148/1/138
f 149/1/139 153/1/143 152/1/142 150/1/140
f 155/1/145 148/1/138 151/1/141 154/1/144
f 98/1/93 160/1/114 156/47/146 99/12/94
f 99/12/94 156/47/146 158/47/104 110/12/105
f 124/48/107 122/50/116 121/48/115 123/49/105
f 102/1/97 161/1/110 163/1/113 107/1/102
f 103/12/98 157/47/147 166/47/150 165/12/149
f 127/1/112 162/1/112 163/1/113 128/1/113
f 125/1/117 160/1/114 162/1/112 127/1/112
f 170/50/149 169/44/150 168/1/151 167/1/148
f 165/12/149 166/47/150 171/1/151 164/1/148
f 122/50/116 116/44/111 169/44/150 170/50/149
f 126/1/118 122/50/116 170/50/149 167/1/148
f 115/1/110 126/1/118 167/1/148 168/1/151
f 161/1/110 102/1/97 164/1/148 171/1/151
f 157/47/147 161/1/110 171/1/151 166/47/150
f 116/44/111 115/1/110 168/1/151 169/44/150
f 156/47/146 121/48/115 122/50/116 157/47/147
f 158/47/104 156/47/146 157/47/147 159/47/106
f 186/1/158 187/1/159 191/1/163 188/1/160
f 179/1/154 21/1/17 175/1/17 181/1/155
f 183/1/157 1/1/1 174/1/152 186/1/158
f 176/1/4 2/1/2 172/1/152 180/1/4
f 1/1/1 176/1/4 180/1/4 174/1/152
f 8/1/7 179/1/154 181/1/155 173/1/152
f 185/1/4 173/1/152 181/1/155 187/1/159
f 8/1/7 9/1/8 178/1/153 179/1/154
f 4/8/4 2/1/2 176/1/4 177/8/114
f 172/1/152 185/1/4 187/1/159 180/1/4
f 21/1/17 183/1/157 186/1/158 175/1/17
f 180/1/4 187/1/159 186/1/158 174/1/152
f 2/1/2 182/1/156 185/1/4 172/1/152
f 19/1/16 1/1/1 183/1/157 184/1/16
f 191/1/163 190/1/162 194/1/166 195/1/167
f 175/1/17 186/1/158 188/1/160 189/1/161
f 181/1/155 175/1/17 189/1/161 190/1/162
f 187/1/159 181/1/155 190/1/162 191/1/163
f 193/1/165 192/1/164 196/1/168 197/1/169
f 189/1/161 188/1/160 192/1/164 193/1/165
f 188/1/160 191/1/163 195/1/167 192/1/164
f 190/1/162 189/1/161 193/1/165 194/1/166
f 196/1/168 199/1/171 203/1/175 200/1/172
f 192/1/164 195/1/167 199/1/171 196/1/168
f 194/1/166 193/1/165 197/1/169 198/1/170
f 195/1/167 194/1/166 198/1/170 199/1/171
f 203/1/175 202/1/174 206/1/178 207/1/179
f 198/1/170 197/1/169 201/1/173 202/1/174
f 199/1/171 198/1/170 202/1/174 203/1/175
f 197/1/169 196/1/168 200/1/172 201/1/173
f 207/1/179 206/1/178 205/1/177 204/1/176
f 201/1/173 200/1/172 204/1/176 205/1/177
f 200/1/172 203/1/175 207/1/179 204/1/176
f 202/1/174 201/1/173 205/1/177 206/1/178
f 260/1/232 208/1/180 209/1/181 261/1/233
f 208/1/180 211/1/183 215/1/187 214/1/186
f 138/1/128 211/1/183 210/1/182 10/1/9
f 214/1/186 215/1/187 219/1/191 218/1/190
f 211/1/183 138/1/128 212/1/184 215/1/187
f 138/1/128 16/1/14 213/1/185 212/1/184
f 16/1/14 208/1/180 214/1/186 213/1/185
f 219/1/191 216/1/188 220/1/192 223/1/195
f 212/1/184 213/1/185 217/1/189 216/1/188
f 215/1/187 212/1/184 216/1/188 219/1/191
f 213/1/185 214/1/186 218/1/190 217/1/189
f 222/1/194 223/1/195 227/1/199 226/1/198
f 217/1/189 218/1/190 222/1/194 221/1/193
f 218/1/190 219/1/191 223/1/195 222/1/194
f 216/1/188 217/1/189 221/1/193 220/1/192
f 227/1/199 224/1/196 228/1/200 231/1/203
f 220/1/192 221/1/193 225/1/197 224/1/196
f 223/1/195 220/1/192 224/1/196 227/1/199
f 221/1/193 222/1/194 226/1/198 225/1/197
f 230/1/202 231/1/203 235/1/207 234/1/206
f 225/1/197 226/1/198 230/1/202 229/1/201
f 226/1/198 227/1/199 231/1/203 230/1/202
f 224/1/196 225/1/197 229/1/201 228/1/200
f 232/1/204 233/1/205 237/1/209 236/1/208
f 228/1/200 229/1/201 233/1/205 232/1/204
f 231/1/203 228/1/200 232/1/204 235/1/207
f 229/1/201 230/1/202 234/1/206 233/1/205
f 239/1/211 236/1/208 240/1/212 243/1/215
f 235/1/207 232/1/204 236/1/208 239/1/211
f 233/1/205 234/1/206 238/1/210 237/1/209
f 234/1/206 235/1/207 239/1/211 238/1/210
f 242/1/214 243/1/215 247/1/219 246/1/218
f 237/1/209 238/1/210 242/1/214 241/1/213
f 238/1/210 239/1/211 243/1/215 242/1/214
f 236/1/208 237/1/209 241/1/213 240/1/212
f 244/1/216 245/1/217 249/1/221 248/1/220
f 240/1/212 241/1/213 245/1/217 244/1/216
f 243/1/215 240/1/212 244/1/216 247/1/219
f 241/1/213 242/1/214 246/1/218 245/1/217
f 250/1/222 251/1/223 255/1/227 254/1/226
f 247/1/219 244/1/216 248/1/220 251/1/223
f 245/1/217 246/1/218 250/1/222 249/1/221
f 246/1/218 247/1/219 251/1/223 250/1/222
f 254/1/226 255/1/227 259/1/231 258/1/230
f 248/1/220 249/1/221 253/1/225 252/1/224
f 251/1/223 248/1/220 252/1/224 255/1/227
f 249/1/221 250/1/222 254/1/226 253/1/225
f 258/1/230 259/1/231 256/1/228 257/1/229
f 252/1/224 253/1/225 257/1/229 256/1/228
f 255/1/227 252/1/224 256/1/228 259/1/231
f 253/1/225 254/1/226 258/1/230 257/1/229
f 262/1/234 260/1/232 261/1/233 263/1/235
f 8/1/7 262/1/234 263/1/235 9/1/8
f 262/1/234 266/1/238 267/1/239 260/1/232
f 266/1/238 264/1/236 265/1/237 267/1/239
f 260/1/232 267/1/239 265/1/237 210/1/182 211/1/183 208/1/180
f 256/1/228 257/1/229 262/1/234 266/1/238
f 259/1/231 258/1/230 260/1/232 267/1/239
f 262/1/234 257/1/229 258/1/230 260/1/232
f 256/1/228 266/1/238 267/1/239 259/1/231
f 268/34/240 278/33/250 272/3/244 53/3/48
f 282/52/253 270/37/242 65/3/60 283/3/254
f 271/2/243 268/34/240 53/3/48 59/3/54 74/2/69
f 271/2/243 269/31/241 54/30/49 73/2/68
f 281/53/252 277/35/249 274/4/246 279/4/251
f 54/30/49 276/36/248 273/32/245 73/2/68
f 281/53/252 285/39/256 276/36/248 277/35/249
f 280/54/247 279/4/251 274/4/246 275/29/247
f 278/33/250 273/32/245 293/32/264 295/55/266
f 77/15/72 270/37/242 282/52/253 284/15/255
f 68/28/63 80/4/75 279/4/251 280/54/247
f 67/41/62 66/40/61 285/39/256 281/53/252
f 67/41/62 281/53/252 279/4/251 80/4/75
f 278/33/250 298/56/269 299/57/270 282/52/253 283/3/254 272/3/244
f 276/36/248 285/39/256 284/15/255 289/15/260 288/32/259 273/32/245
f 284/15/255 282/52/253 297/52/268 290/15/261
f 291/58/262 296/59/267 294/60/265 292/61/263
f 282/52/253 299/57/270 300/62/271 301/63/272 298/56/269 278/33/250 295/33/266 297/64/268
f 291/58/262 292/61/263 293/32/264 290/15/261
f 295/55/266 293/32/264 292/61/263 294/60/265
f 294/60/265 296/59/267 297/64/268 295/33/266
f 296/59/267 291/58/262 290/15/261 297/52/268
f 273/32/245 288/32/259 287/32/258 286/65/257 289/15/260 284/15/255 290/15/261 293/32/264
f 287/32/258 301/63/272 300/62/271 286/65/257
f 288/32/259 298/56/269 301/63/272 287/32/258
f 286/65/257 300/62/271 299/57/270 289/15/260
f 289/15/260 299/57/270 298/56/269 288/32/259
f 458/1/406 459/1/407 312/1/281 311/1/280
f 307/1/276 359/1/326 410/1/375 412/1/377 358/1/325 312/1/281 459/1/407 511/1/459 513/1/461
f 353/2/320 320/2/287 30/3/25 5/3/5
f 354/4/321 357/7/324 92/6/87 46/5/41
f 177/8/114 18/8/4 302/1/1 431/1/4
f 305/1/6 313/1/16 20/8/16 7/8/6 361/9/328
f 13/3/12 32/3/27 321/2/288 352/2/319
f 7/8/6 15/8/6 360/12/327 411/11/376 409/10/374 361/9/328
f 352/2/319 321/2/288 320/2/287 353/2/320
f 306/1/275 512/1/460 516/1/464 514/1/462 303/1/273 436/1/387
f 333/13/300 331/16/298 330/15/297 332/14/299
f 312/1/281 319/1/286 318/1/285 311/1/280
f 26/8/21 24/8/19 317/18/284 310/17/279
f 18/8/4 20/8/16 313/1/16 302/1/1
f 438/1/16 315/1/283 314/1/282 437/1/157
f 307/1/276 432/1/384 315/1/283 438/1/16 313/1/16 305/1/6 359/1/326
f 433/1/385 314/1/282 315/1/283 432/1/384
f 436/1/387 439/1/4 428/1/152 306/1/275
f 308/1/277 395/1/360 394/20/359 317/18/284 316/19/11
f 317/18/284 394/20/359 396/21/361 310/17/279
f 310/17/279 396/21/361 358/1/325 360/12/327
f 317/18/284 24/8/19 12/8/11 316/19/11
f 44/3/39 39/3/34 325/2/292 327/2/294
f 321/2/288 327/2/294 326/2/293 320/2/287
f 329/22/296 309/25/278 304/24/274 328/23/295
f 324/26/291 40/3/35 35/3/30 322/27/289
f 326/2/293 323/2/290 36/3/31 43/3/38
f 325/2/292 324/26/291 322/27/289 323/2/290
f 355/4/322 354/4/321 303/1/273 514/1/462 515/1/463 460/1/408 308/1/277
f 35/3/30 36/3/31 323/2/290 322/27/289
f 39/3/34 40/3/35 324/26/291 325/2/292
f 320/2/287 326/2/293 43/3/38 30/3/25
f 326/2/293 327/2/294 325/2/292 323/2/290
f 32/3/27 44/3/39 327/2/294 321/2/288
f 308/1/277 316/19/11 12/8/11 48/28/43 355/4/322
f 303/1/273 354/4/321 46/5/41 4/8/4
f 345/4/312 52/28/47 50/3/45 344/2/311
f 56/29/51 52/28/47 345/4/312 347/4/314
f 330/15/297 334/2/301 335/2/302 519/31/467 332/30/299
f 522/32/470 342/2/309 518/34/466 526/33/474
f 275/29/247 56/29/51 347/4/314 523/4/471
f 525/35/473 333/13/300 332/30/299 524/36/472
f 343/2/310 348/2/315 58/3/53 59/3/54
f 50/3/45 58/3/53 348/2/315 344/2/311
f 342/2/309 521/2/469 518/34/466
f 355/4/322 336/4/303 337/32/304 352/2/319
f 48/28/43 62/28/57 336/4/303 355/4/322
f 352/2/319 337/32/304 63/3/58 13/3/12
f 340/4/307 349/4/316 346/15/313 341/15/308
f 70/28/65 68/28/63 349/4/316 340/4/307
f 341/15/308 346/15/313 520/37/468 65/3/60 71/3/66
f 351/32/318 341/15/308 71/3/66 83/3/78
f 82/28/77 70/28/65 340/4/307 350/38/317
f 350/38/317 340/4/307 341/15/308 351/32/318
f 335/2/302 343/2/310 521/2/469 519/31/467
f 331/16/298 345/4/312 344/2/311 330/15/297
f 531/39/479 530/15/478 346/15/313 338/40/305
f 333/13/300 347/4/314 345/4/312 331/16/298
f 334/2/301 348/2/315 343/2/310 335/2/302
f 330/15/297 344/2/311 348/2/315 334/2/301
f 525/35/473 523/4/471 347/4/314 333/13/300
f 338/40/305 346/15/313 349/4/316 339/41/306
f 336/4/303 350/38/317 351/32/318 337/32/304
f 62/28/57 82/28/77 350/38/317 336/4/303
f 337/32/304 351/32/318 83/3/78 63/3/58
f 309/25/278 352/2/319 353/2/320 304/24/274
f 304/24/274 353/2/320 356/42/323
f 329/22/296 355/4/322 352/2/319 309/25/278
f 328/23/295 354/4/321 355/4/322 329/22/296
f 356/42/323 357/7/324 328/23/295 304/24/274
f 356/42/323 353/2/320 5/3/5 90/43/85
f 357/7/324 354/4/321 328/23/295
f 357/7/324 356/42/323 90/43/85 92/6/87
f 415/1/114 417/1/345 370/1/337 363/1/330
f 358/1/325 412/1/377 411/11/376 360/12/327
f 377/44/344 376/1/343 366/1/333 369/9/336
f 398/12/363 387/12/352 389/12/354 397/45/362
f 368/12/335 112/12/107 110/12/105 364/12/331
f 417/1/345 418/1/346 372/1/339 370/1/337
f 363/1/330 370/1/337 372/1/339 367/1/334
f 376/1/343 379/1/346 373/1/340 366/1/333
f 366/1/333 373/1/340 371/1/338 362/1/329
f 375/46/342 119/46/114 109/9/104 365/9/332
f 365/9/332 109/9/104 111/9/106 369/9/336
f 414/47/379 159/47/106 112/12/107 368/12/335
f 374/1/341 375/46/342 365/9/332 362/1/329
f 365/9/332 369/9/336 366/1/333 362/1/329
f 382/1/349 405/1/370 406/1/371 374/1/341
f 369/9/336 111/9/106 120/46/6 377/44/344
f 380/48/347 123/49/105 119/46/114 375/46/342
f 383/1/350 385/1/346 379/1/346 376/1/343
f 371/1/338 373/1/340 379/1/346 378/1/345
f 367/1/334 419/1/380 420/12/381 368/12/335
f 362/1/329 371/1/338 378/1/345 374/1/341
f 414/47/379 416/1/343 383/1/350 381/50/348
f 416/1/343 418/1/346 385/1/346 383/1/350
f 415/1/114 413/47/378 380/48/347 382/1/349
f 377/44/344 120/46/6 124/48/107 381/50/348
f 378/1/345 379/1/346 385/1/346 384/1/345
f 374/1/341 378/1/345 384/1/345 382/1/349
f 389/12/354 393/12/358 392/1/357 388/1/353
f 397/45/362 389/12/354 388/1/353 399/1/364
f 400/1/365 386/1/351 387/12/352 398/12/363
f 399/1/364 388/1/353 386/1/351 400/1/365
f 390/1/355 392/1/357 393/12/358 391/12/356
f 388/1/353 392/1/357 390/1/355 386/1/351
f 386/1/351 390/1/355 391/12/356 387/12/352
f 387/12/352 391/12/356 393/12/358 389/12/354
f 15/8/6 26/8/21 310/17/279 360/12/327
f 392/1/357 396/21/361 358/1/325 390/1/355
f 395/1/360 311/1/280 318/1/285 394/20/359
f 394/20/359 318/1/285 319/1/286 396/21/361
f 396/21/361 319/1/286 312/1/281 358/1/325
f 310/17/279 360/12/327 391/12/356 393/12/358
f 396/1/361 310/1/279 393/1/358 392/1/357
f 390/1/355 391/1/356 360/1/327 358/1/325
f 404/1/369 399/1/364 400/1/365 402/1/367
f 402/1/367 400/1/365 398/12/363 401/51/366
f 403/45/368 397/45/362 399/1/364 404/1/369
f 401/51/366 398/12/363 397/45/362 403/45/368
f 364/12/331 401/51/366 403/45/368 368/12/335
f 368/12/335 403/45/368 404/1/369 367/1/334
f 363/1/330 402/1/367 401/51/366 364/12/331
f 367/1/334 404/1/369 402/1/367 363/1/330
f 405/1/370 408/48/373 407/46/372 406/1/371
f 375/46/342 407/46/372 408/48/373 380/48/347
f 374/1/341 406/1/371 407/46/372 375/46/342
f 380/48/347 408/48/373 405/1/370 382/1/349
f 409/10/374 407/46/372 408/48/373 411/11/376
f 410/1/375 359/1/326 361/9/328 409/10/374
f 412/1/377 410/1/375 409/10/374 411/11/376
f 412/1/377 405/1/370 406/1/371 410/1/375
f 406/1/371 407/1/372 409/1/374 410/1/375
f 412/1/377 411/1/376 408/1/373 405/1/370
f 363/1/330 364/12/331 413/47/378 415/1/114
f 364/12/331 110/12/105 158/47/104 413/47/378
f 124/48/107 123/49/105 380/48/347 381/50/348
f 367/1/334 372/1/339 418/1/346 416/1/343
f 368/12/335 420/12/381 421/47/382 414/47/379
f 384/1/345 385/1/346 418/1/346 417/1/345
f 382/1/349 384/1/345 417/1/345 415/1/114
f 425/50/381 422/1/380 423/1/383 424/44/382
f 420/12/381 419/1/380 426/1/383 421/47/382
f 381/50/348 425/50/381 424/44/382 377/44/344
f 383/1/350 422/1/380 425/50/381 381/50/348
f 376/1/343 423/1/383 422/1/380 383/1/350
f 416/1/343 426/1/383 419/1/380 367/1/334
f 414/47/379 421/47/382 426/1/383 416/1/343
f 377/44/344 424/44/382 423/1/383 376/1/343
f 413/47/378 414/47/379 381/50/348 380/48/347
f 158/47/104 159/47/106 414/47/379 413/47/378
f 440/1/388 442/1/390 445/1/393 441/1/389
f 433/1/385 435/1/386 430/1/282 314/1/282
f 437/1/157 440/1/388 429/1/152 302/1/1
f 431/1/4 434/1/4 427/1/152 303/1/273
f 302/1/1 429/1/152 434/1/4 431/1/4
f 306/1/275 428/1/152 435/1/386 433/1/385
f 439/1/4 441/1/389 435/1/386 428/1/152
f 306/1/275 433/1/385 432/1/384 307/1/276
f 4/8/4 177/8/114 431/1/4 303/1/273
f 427/1/152 434/1/4 441/1/389 439/1/4
f 314/1/282 430/1/282 440/1/388 437/1/157
f 434/1/4 429/1/152 440/1/388 441/1/389
f 303/1/273 427/1/152 439/1/4 436/1/387
f 313/1/16 438/1/16 437/1/157 302/1/1
f 445/1/393 449/1/397 448/1/396 444/1/392
f 430/1/282 443/1/391 442/1/390 440/1/388
f 435/1/386 444/1/392 443/1/391 430/1/282
f 441/1/389 445/1/393 444/1/392 435/1/386
f 447/1/395 451/1/399 450/1/398 446/1/394
f 443/1/391 447/1/395 446/1/394 442/1/390
f 442/1/390 446/1/394 449/1/397 445/1/393
f 444/1/392 448/1/396 447/1/395 443/1/391
f 450/1/398 454/1/402 457/1/405 453/1/401
f 446/1/394 450/1/398 453/1/401 449/1/397
f 448/1/396 452/1/400 451/1/399 447/1/395
f 449/1/397 453/1/401 452/1/400 448/1/396
f 457/1/405 207/1/179 206/1/178 456/1/404
f 452/1/400 456/1/404 455/1/403 451/1/399
f 453/1/401 457/1/405 456/1/404 452/1/400
f 451/1/399 455/1/403 454/1/402 450/1/398
f 455/1/403 205/1/177 204/1/176 454/1/402
f 454/1/402 204/1/176 207/1/179 457/1/405
f 456/1/404 206/1/178 205/1/177 455/1/403
f 510/1/458 511/1/459 459/1/407 458/1/406
f 458/1/406 464/1/412 465/1/413 461/1/409
f 395/1/360 308/1/277 460/1/408 461/1/409
f 464/1/412 468/1/416 469/1/417 465/1/413
f 461/1/409 465/1/413 462/1/410 395/1/360
f 395/1/360 462/1/410 463/1/411 311/1/280
f 311/1/280 463/1/411 464/1/412 458/1/406
f 469/1/417 473/1/421 470/1/418 466/1/414
f 462/1/410 466/1/414 467/1/415 463/1/411
f 465/1/413 469/1/417 466/1/414 462/1/410
f 463/1/411 467/1/415 468/1/416 464/1/412
f 472/1/420 476/1/424 477/1/425 473/1/421
f 467/1/415 471/1/419 472/1/420 468/1/416
f 468/1/416 472/1/420 473/1/421 469/1/417
f 466/1/414 470/1/418 471/1/419 467/1/415
f 477/1/425 481/1/429 478/1/426 474/1/422
f 470/1/418 474/1/422 475/1/423 471/1/419
f 473/1/421 477/1/425 474/1/422 470/1/418
f 471/1/419 475/1/423 476/1/424 472/1/420
f 480/1/428 484/1/432 485/1/433 481/1/429
f 475/1/423 479/1/427 480/1/428 476/1/424
f 476/1/424 480/1/428 481/1/429 477/1/425
f 474/1/422 478/1/426 479/1/427 475/1/423
f 482/1/430 486/1/434 487/1/435 483/1/431
f 478/1/426 482/1/430 483/1/431 479/1/427
f 481/1/429 485/1/433 482/1/430 478/1/426
f 479/1/427 483/1/431 484/1/432 480/1/428
f 489/1/437 493/1/441 490/1/438 486/1/434
f 485/1/433 489/1/437 486/1/434 482/1/430
f 483/1/431 487/1/435 488/1/436 484/1/432
f 484/1/432 488/1/436 489/1/437 485/1/433
f 492/1/440 496/1/444 497/1/445 493/1/441
f 487/1/435 491/1/439 492/1/440 488/1/436
f 488/1/436 492/1/440 493/1/441 489/1/437
f 486/1/434 490/1/438 491/1/439 487/1/435
f 494/1/442 498/1/446 499/1/447 495/1/443
f 490/1/438 494/1/442 495/1/443 491/1/439
f 493/1/441 497/1/445 494/1/442 490/1/438
f 491/1/439 495/1/443 496/1/444 492/1/440
f 500/1/448 504/1/452 505/1/453 501/1/449
f 497/1/445 501/1/449 498/1/446 494/1/442
f 495/1/443 499/1/447 500/1/448 496/1/444
f 496/1/444 500/1/448 501/1/449 497/1/445
f 504/1/452 508/1/456 509/1/457 505/1/453
f 498/1/446 502/1/450 503/1/451 499/1/447
f 501/1/449 505/1/453 502/1/450 498/1/446
f 499/1/447 503/1/451 504/1/452 500/1/448
f 508/1/456 507/1/455 506/1/454 509/1/457
f 502/1/450 506/1/454 507/1/455 503/1/451
f 505/1/453 509/1/457 506/1/454 502/1/450
f 503/1/451 507/1/455 508/1/456 504/1/452
f 512/1/460 513/1/461 511/1/459 510/1/458
f 306/1/275 307/1/276 513/1/461 512/1/460
f 512/1/460 510/1/458 517/1/465 516/1/464
f 516/1/464 517/1/465 515/1/463 514/1/462
f 510/1/458 458/1/406 461/1/409 460/1/408 515/1/463 517/1/465
f 506/1/454 516/1/464 512/1/460 507/1/455
f 509/1/457 517/1/465 510/1/458 508/1/456
f 512/1/460 510/1/458 508/1/456 507/1/455
f 506/1/454 509/1/457 517/1/465 516/1/464
f 518/34/466 53/3/48 272/3/244 526/33/474
f 529/52/477 283/3/254 65/3/60 520/37/468
f 521/2/469 343/2/310 59/3/54 53/3/48 518/34/466
f 521/2/469 342/2/309 332/30/299 519/31/467
f 528/53/476 527/4/475 523/4/471 525/35/473
f 332/30/299 342/2/309 522/32/470 524/36/472
f 528/53/476 525/35/473 524/36/472 531/39/479
f 280/54/247 275/29/247 523/4/471 527/4/475
f 526/33/474 541/55/489 539/32/487 522/32/470
f 346/15/313 530/15/478 529/52/477 520/37/468
f 68/28/63 280/54/247 527/4/475 349/4/316
f 339/41/306 528/53/476 531/39/479 338/40/305
f 339/41/306 349/4/316 527/4/475 528/53/476
f 526/33/474 272/3/244 283/3/254 529/52/477 545/57/493 544/56/492
f 524/36/472 522/32/470 534/32/482 535/15/483 530/15/478 531/39/479
f 530/15/478 536/15/484 543/52/491 529/52/477
f 537/58/485 538/61/486 540/60/488 542/59/490
f 529/52/477 543/64/491 541/33/489 526/33/474 544/56/492 547/63/495 546/62/494 545/57/493
f 537/58/485 536/15/484 539/32/487 538/61/486
f 541/55/489 540/60/488 538/61/486 539/32/487
f 540/60/488 541/33/489 543/64/491 542/59/490
f 542/59/490 543/52/491 536/15/484 537/58/485
f 522/32/470 539/32/487 536/15/484 530/15/478 535/15/483 532/65/480 533/32/481 534/32/482
f 533/32/481 532/65/480 546/62/494 547/63/495
f 534/32/482 533/32/481 547/63/495 544/56/492
f 532/65/480 535/15/483 545/57/493 546/62/494
f 535/15/483 534/32/482 544/56/492 545/57/493
o bedlayer2
v 0.002034 0.345482 -1.777537
v 0.002034 0.675830 -1.511789
v 0.002034 0.082707 -1.373722
v 0.002034 0.078999 -1.458324
v 0.002034 0.434192 -1.201573
v 0.002034 0.348338 -1.191239
v -1.049923 0.654805 -1.528702
v -1.002383 0.690186 -1.500240
v -1.002366 0.345482 -1.777537
v -1.049923 0.380806 -1.749120
v -0.946028 0.082707 -1.373722
v -1.025342 0.123277 -1.385913
v -1.018363 0.123738 -1.375396
v -1.049923 0.145848 -1.467717
v -1.002249 0.078998 -1.458323
v -0.946037 0.348338 -1.191239
v -1.025342 0.353197 -1.233040
v -1.002267 0.434193 -1.201574
v -1.049923 0.432625 -1.267699
v -1.018362 0.342523 -1.231755
v 1.053991 0.654805 -1.528702
v 1.006451 0.690186 -1.500240
v 1.006434 0.345482 -1.777537
v 1.053991 0.380806 -1.749120
v 0.950096 0.082707 -1.373722
v 1.029409 0.123277 -1.385913
v 1.022430 0.123738 -1.375396
v 1.053991 0.145848 -1.467717
v 1.006316 0.078998 -1.458323
v 0.950104 0.348338 -1.191239
v 1.029410 0.353197 -1.233040
v 1.006335 0.434193 -1.201574
v 1.053991 0.432625 -1.267699
v 1.022430 0.342523 -1.231755
v 0.002034 0.683628 -2.120719
v 0.002034 0.600196 -2.106217
v 0.002034 0.927078 -1.814273
v 0.002034 0.918779 -1.900347
v -0.946028 0.683628 -2.120719
v -1.025342 0.680411 -2.078479
v -1.018363 0.690783 -2.080282
v -1.049923 0.605341 -2.038907
v -1.002249 0.600196 -2.106218
v -0.946037 0.918779 -1.900347
v -1.025342 0.878990 -1.886647
v -1.002267 0.927077 -1.814272
v -1.049923 0.862152 -1.801638
v -1.018362 0.877959 -1.897348
v 0.950096 0.683628 -2.120719
v 1.029409 0.680411 -2.078479
v 1.022430 0.690783 -2.080282
v 1.053991 0.605341 -2.038907
v 1.006316 0.600196 -2.106218
v 0.950104 0.918779 -1.900347
v 1.029410 0.878990 -1.886647
v 1.006335 0.927077 -1.814272
v 1.053991 0.862152 -1.801638
v 1.022430 0.877959 -1.897348
vn -0.0000 -0.7792 -0.6268
vn -0.0000 0.7792 0.6268
vn -0.0000 -0.8807 0.4737
vn -0.0000 -0.9446 -0.3283
vn -0.0000 0.4904 0.8715
vn -0.0000 -0.2302 0.9731
vn -0.9159 0.3128 0.2517
vn -0.3630 0.7260 0.5841
vn -0.3743 -0.7225 -0.5812
vn -0.9216 -0.3024 -0.2433
vn -0.1806 -0.8494 0.4960
vn -0.2293 -0.7408 0.6314
vn -0.8652 -0.4922 -0.0958
vn -0.9204 -0.3796 -0.0936
vn -0.4344 -0.8750 -0.2136
vn -0.1776 -0.2640 0.9480
vn -0.2648 -0.4029 0.8761
vn -0.4307 0.3646 0.8256
vn -0.9161 0.1739 0.3613
vn -0.9205 0.1103 0.3748
vn 0.9159 0.3128 0.2517
vn 0.3630 0.7260 0.5841
vn 0.3743 -0.7225 -0.5812
vn 0.9216 -0.3024 -0.2433
vn 0.1806 -0.8494 0.4960
vn 0.2293 -0.7408 0.6314
vn 0.8652 -0.4922 -0.0958
vn 0.9204 -0.3796 -0.0936
vn 0.4344 -0.8750 -0.2136
vn 0.1776 -0.2640 0.9480
vn 0.2648 -0.4029 0.8761
vn 0.4307 0.3646 0.8256
vn 0.9161 0.1739 0.3613
vn 0.9205 0.1103 0.3748
vn -0.0000 0.2741 -0.9617
vn -0.0000 -0.5230 -0.8523
vn -0.0000 0.9563 0.2924
vn -0.0000 0.9012 -0.4334
vn -0.1806 0.3025 -0.9359
vn -0.2293 0.4580 -0.8589
vn -0.8652 -0.1990 -0.4602
vn -0.9204 -0.1728 -0.3508
vn -0.4344 -0.3961 -0.8090
vn -0.1776 0.8695 -0.4610
vn -0.2648 0.7695 -0.5812
vn -0.4307 0.8845 0.1793
vn -0.9161 0.3902 0.0924
vn -0.9205 0.3897 0.0275
vn 0.1806 0.3025 -0.9359
vn 0.2293 0.4580 -0.8589
vn 0.8652 -0.1990 -0.4602
vn 0.9204 -0.1728 -0.3508
vn 0.4344 -0.3961 -0.8090
vn 0.1776 0.8695 -0.4610
vn 0.2648 0.7695 -0.5812
vn 0.4307 0.8845 0.1793
vn 0.9161 0.3902 0.0924
vn 0.9205 0.3897 0.0275
vt 0.130665 0.734095
vt 0.250000 0.734094
vt 0.250000 0.750000
vt 0.137345 0.750000
vt 0.130651 0.625000
vt 0.250000 0.625000
vt 0.625000 0.875000
vt 0.625000 0.994337
vt 0.591379 0.987656
vt 0.591379 0.875000
vt 0.408621 0.875000
vt 0.408621 0.987655
vt 0.422350 0.997079
vt 0.577190 0.997079
vt 0.572991 0.996250
vt 0.426524 0.996250
vt 0.750000 0.625000
vt 0.869351 0.625000
vt 0.869337 0.734304
vt 0.750000 0.734304
vt 0.128750 0.734095
vt 0.125000 0.721374
vt 0.875000 0.722398
vt 0.871250 0.734304
vt 0.130078 0.746201
vt 0.130907 0.748179
vt 0.599638 1.000000
vt 0.401912 1.000000
vt 0.125000 0.721374
vt 0.125000 0.625000
vt 0.875000 0.625744
vt 0.401365 0.028497
vt 0.598620 0.028235
vt 0.599340 0.125000
vt 0.400619 0.125000
s 1
f 562/66/510 551/67/499 550/68/498 558/69/506
f 556/70/504 548/71/496 551/67/499 562/66/510
f 552/72/500 565/73/513 563/74/511 553/75/501
f 550/76/498 553/75/501 563/74/511 558/77/506
f 559/78/507 564/79/512 567/80/515 560/81/508
f 549/82/497 555/83/503 565/84/513 552/85/500
f 560/86/508 561/87/509 562/66/510
f 565/84/513 566/88/514 567/89/515
f 562/66/510 558/69/506 559/90/507 560/91/508
f 558/77/506 563/74/511 564/79/512 559/78/507
f 563/74/511 565/73/513 567/80/515 564/79/512
f 566/92/514 561/93/509 560/81/508 567/80/515
f 556/70/504 562/66/510 561/94/509 557/95/505
f 565/84/513 555/83/503 554/96/502 566/88/514
f 561/97/509 566/98/514 554/99/502 557/100/505
f 576/66/524 572/69/520 550/68/498 551/67/499
f 570/70/518 576/66/524 551/67/499 548/71/496
f 552/72/500 553/75/501 577/74/525 579/73/527
f 550/76/498 572/77/520 577/74/525 553/75/501
f 573/78/521 574/81/522 581/80/529 578/79/526
f 549/82/497 552/85/500 579/84/527 569/83/517
f 574/86/522 576/66/524 575/87/523
f 579/84/527 581/89/529 580/88/528
f 576/66/524 574/91/522 573/90/521 572/69/520
f 572/77/520 573/78/521 578/79/526 577/74/525
f 577/74/525 578/79/526 581/80/529 579/73/527
f 580/92/528 581/80/529 574/81/522 575/93/523
f 570/70/518 571/95/519 575/94/523 576/66/524
f 579/84/527 580/88/528 568/96/516 569/83/517
f 575/97/523 571/100/519 568/99/516 580/98/528
f 590/66/538 586/69/534 582/68/530 583/67/531
f 556/70/504 590/66/538 583/67/531 548/71/496
f 584/72/532 585/75/533 591/74/539 593/73/541
f 582/76/530 586/77/534 591/74/539 585/75/533
f 587/78/535 588/81/536 595/80/543 592/79/540
f 549/82/497 584/85/532 593/84/541 555/83/503
f 588/86/536 590/66/538 589/87/537
f 593/84/541 595/89/543 594/88/542
f 590/66/538 588/91/536 587/90/535 586/69/534
f 586/77/534 587/78/535 592/79/540 591/74/539
f 591/74/539 592/79/540 595/80/543 593/73/541
f 594/92/542 595/80/543 588/81/536 589/93/537
f 556/70/504 557/95/505 589/94/537 590/66/538
f 593/84/541 594/88/542 554/96/502 555/83/503
f 589/97/537 557/100/505 554/99/502 594/98/542
f 600/66/548 583/67/531 582/68/530 596/69/544
f 570/70/518 548/71/496 583/67/531 600/66/548
f 584/72/532 603/73/551 601/74/549 585/75/533
f 582/76/530 585/75/533 601/74/549 596/77/544
f 597/78/545 602/79/550 605/80/553 598/81/546
f 549/82/497 569/83/517 603/84/551 584/85/532
f 598/86/546 599/87/547 600/66/548
f 603/84/551 604/88/552 605/89/553
f 600/66/548 596/69/544 597/90/545 598/91/546
f 596/77/544 601/74/549 602/79/550 597/78/545
f 601/74/549 603/73/551 605/80/553 602/79/550
f 604/92/552 599/93/547 598/81/546 605/80/553
f 570/70/518 600/66/548 599/94/547 571/95/519
f 603/84/551 569/83/517 568/96/516 604/88/552
f 599/97/547 604/98/552 568/99/516 571/100/519
o pillow
v 0.004833 0.912926 -1.759603
v 0.004833 1.056401 -1.647898
v 0.004833 0.401659 -1.172574
v 0.004833 0.567612 -1.071256
v -0.690116 0.401351 -1.172286
v -0.735173 0.430378 -1.246575
v -0.601542 0.598949 -1.065889
v -0.734321 0.555773 -1.160420
v -0.735410 0.875120 -1.757222
v -0.690122 0.913137 -1.759926
v -0.603973 1.088249 -1.643077
v -0.736204 0.983288 -1.666641
v 0.699783 0.401351 -1.172286
v 0.744839 0.430378 -1.246575
v 0.611209 0.598949 -1.065889
v 0.743987 0.555773 -1.160420
v 0.745077 0.875120 -1.757222
v 0.699788 0.913137 -1.759926
v 0.613640 1.088249 -1.643077
v 0.745871 0.983288 -1.666641
vn -0.0000 -0.1172 -0.9931
vn -0.0000 0.9915 -0.1303
vn -0.0000 -0.9859 0.1675
vn -0.0000 0.1544 0.9880
vn -0.3110 -0.8897 0.3342
vn -0.4641 -0.8636 -0.1973
vn -0.2833 0.2190 0.9337
vn -0.8499 0.1273 0.5114
vn -0.4486 -0.2925 -0.8445
vn -0.1031 0.0680 -0.9923
vn -0.2507 0.9650 -0.0770
vn -0.8148 0.5700 -0.1057
vn 0.3110 -0.8897 0.3342
vn 0.4641 -0.8636 -0.1973
vn 0.2833 0.2190 0.9337
vn 0.8499 0.1273 0.5114
vn 0.4486 -0.2925 -0.8445
vn 0.1031 0.0680 -0.9923
vn 0.2507 0.9650 -0.0770
vn 0.8148 0.5700 -0.1057
vt 0.375000 0.875000
vt 0.625000 0.875000
vt 0.625000 0.996121
vt 0.375000 0.996122
vt 0.750000 0.500000
vt 0.871121 0.500000
vt 0.871121 0.750000
vt 0.750000 0.750000
vt 0.375000 0.253878
vt 0.625000 0.253879
vt 0.625000 0.375000
vt 0.375000 0.375000
vt 0.402016 0.006716
vt 0.597936 0.006840
vt 0.599871 0.243356
vt 0.400108 0.243473
vt 0.375000 0.250000
vt 0.375000 0.000000
vt 0.375174 0.000000
vt 0.624745 0.000000
vt 0.625000 0.000000
vt 0.625000 0.250000
vt 0.128878 0.500000
vt 0.250000 0.500000
vt 0.250000 0.750000
vt 0.128878 0.750000
s 1
f 608/101/556 609/102/557 612/103/560 610/104/558
f 607/105/555 616/106/564 612/107/560 609/108/557
f 615/109/563 616/110/564 607/111/555 606/112/554
f 611/113/559 613/114/561 617/115/565 614/116/562
f 615/117/563 610/118/558 611/113/559 614/116/562
f 610/119/558 612/120/560 613/114/561 611/113/559
f 612/121/560 616/122/564 617/115/565 613/114/561
f 616/110/564 615/109/563 614/116/562 617/115/565
f 615/123/563 606/124/554 608/125/556 610/126/558
f 608/101/556 618/104/566 620/103/568 609/102/557
f 607/105/555 609/108/557 620/107/568 624/106/572
f 623/109/571 606/112/554 607/111/555 624/110/572
f 619/113/567 622/116/570 625/115/573 621/114/569
f 623/117/571 622/116/570 619/113/567 618/118/566
f 618/119/566 619/113/567 621/114/569 620/120/568
f 620/121/568 621/114/569 625/115/573 624/122/572
f 624/110/572 625/115/573 622/116/570 623/109/571
f 623/123/571 618/126/566 608/125/556 606/124/554
o wheels
v -1.175724 -1.240147 2.061827
v -1.086351 -1.240147 2.061827
v -1.175724 -1.242105 2.041943
v -1.086351 -1.242105 2.041943
v -1.175724 -1.247905 2.022824
v -1.086351 -1.247905 2.022824
v -1.175724 -1.257324 2.005203
v -1.086351 -1.257324 2.005203
v -1.175724 -1.269999 1.989758
v -1.086351 -1.269999 1.989758
v -1.175724 -1.285444 1.977083
v -1.086351 -1.285444 1.977083
v -1.175724 -1.303064 1.967664
v -1.086351 -1.303064 1.967664
v -1.175724 -1.322184 1.961864
v -1.086351 -1.322184 1.961864
v -1.175724 -1.342068 1.959906
v -1.086351 -1.342068 1.959906
v -1.175724 -1.361952 1.961864
v -1.086351 -1.361952 1.961864
v -1.175724 -1.381072 1.967664
v -1.086351 -1.381072 1.967664
v -1.175724 -1.398692 1.977083
v -1.086351 -1.398692 1.977083
v -1.175724 -1.414137 1.989758
v -1.086351 -1.414137 1.989758
v -1.175724 -1.426813 2.005203
v -1.086351 -1.426813 2.005203
v -1.175724 -1.436231 2.022824
v -1.086351 -1.436231 2.022824
v -1.175724 -1.442031 2.041943
v -1.086351 -1.442031 2.041943
v -1.175724 -1.443989 2.061827
v -1.086351 -1.443989 2.061827
v -1.175724 -1.442031 2.081711
v -1.086351 -1.442031 2.081711
v -1.175724 -1.436231 2.100831
v -1.086351 -1.436231 2.100831
v -1.175724 -1.426813 2.118452
v -1.086351 -1.426813 2.118452
v -1.175724 -1.414137 2.133896
v -1.086351 -1.414137 2.133896
v -1.175724 -1.398692 2.146572
v -1.086351 -1.398692 2.146572
v -1.175724 -1.381072 2.155990
v -1.086351 -1.381072 2.155990
v -1.175724 -1.361952 2.161790
v -1.086351 -1.361952 2.161790
v -1.175724 -1.342068 2.163749
v -1.086351 -1.342068 2.163748
v -1.175724 -1.322184 2.161790
v -1.086351 -1.322184 2.161790
v -1.175724 -1.303064 2.155990
v -1.086351 -1.303064 2.155990
v -1.175724 -1.285444 2.146572
v -1.086351 -1.285444 2.146572
v -1.175724 -1.269999 2.133896
v -1.086351 -1.269999 2.133896
v -1.175724 -1.257324 2.118452
v -1.086351 -1.257324 2.118452
v -1.175724 -1.247905 2.100831
v -1.086351 -1.247905 2.100831
v -1.175724 -1.242105 2.081711
v -1.086351 -1.242105 2.081711
v -1.053576 -1.200451 2.061827
v -1.053576 -1.203172 2.034199
v -1.053576 -1.211231 2.007632
v -1.053576 -1.224318 1.983149
v -1.053576 -1.241930 1.961689
v -1.053576 -1.263390 1.944077
v -1.053576 -1.287874 1.930990
v -1.053576 -1.314440 1.922931
v -1.053576 -1.342068 1.920210
v -1.053576 -1.369696 1.922931
v -1.053576 -1.396263 1.930990
v -1.053576 -1.420746 1.944077
v -1.053576 -1.442207 1.961689
v -1.053576 -1.459818 1.983149
v -1.053576 -1.472905 2.007632
v -1.053576 -1.480964 2.034199
v -1.053576 -1.483685 2.061827
v -1.053576 -1.480964 2.089455
v -1.053576 -1.472905 2.116022
v -1.053576 -1.459818 2.140505
v -1.053576 -1.442207 2.161966
v -1.053576 -1.420746 2.179578
v -1.053576 -1.396263 2.192664
v -1.053576 -1.369696 2.200723
v -1.053576 -1.342068 2.203444
v -1.053576 -1.314440 2.200723
v -1.053576 -1.287874 2.192664
v -1.053576 -1.263390 2.179578
v -1.053576 -1.241930 2.161966
v -1.053576 -1.224318 2.140505
v -1.053576 -1.211231 2.116022
v -1.053576 -1.203172 2.089455
v -0.961806 -1.200451 2.061827
v -0.961806 -1.203172 2.034199
v -0.961806 -1.211231 2.007632
v -0.961806 -1.224318 1.983149
v -0.961806 -1.241930 1.961689
v -0.961806 -1.263390 1.944077
v -0.961806 -1.287874 1.930990
v -0.961806 -1.314440 1.922931
v -0.961806 -1.342068 1.920210
v -0.961806 -1.369696 1.922931
v -0.961806 -1.396263 1.930990
v -0.961806 -1.420746 1.944077
v -0.961806 -1.442207 1.961689
v -0.961806 -1.459818 1.983149
v -0.961806 -1.472905 2.007632
v -0.961806 -1.480964 2.034199
v -0.961806 -1.483685 2.061827
v -0.961806 -1.480964 2.089455
v -0.961806 -1.472905 2.116022
v -0.961806 -1.459818 2.140505
v -0.961806 -1.442207 2.161966
v -0.961806 -1.420746 2.179578
v -0.961806 -1.396263 2.192664
v -0.961806 -1.369696 2.200723
v -0.961806 -1.342068 2.203444
v -0.961806 -1.314440 2.200723
v -0.961806 -1.287874 2.192664
v -0.961806 -1.263390 2.179578
v -0.961806 -1.241930 2.161966
v -0.961806 -1.224318 2.140505
v -0.961806 -1.211231 2.116022
v -0.961806 -1.203172 2.089455
v -1.208499 -1.207316 2.061827
v -1.208499 -1.209905 2.035538
v -1.208499 -1.217573 2.010260
v -1.208499 -1.230026 1.986963
v -1.208499 -1.246784 1.966543
v -1.208499 -1.267204 1.949785
v -1.208499 -1.290501 1.937332
v -1.208499 -1.315779 1.929664
v -1.208499 -1.342068 1.927075
v -1.208499 -1.368357 1.929664
v -1.208499 -1.393636 1.937332
v -1.208499 -1.416932 1.949785
v -1.208499 -1.437352 1.966543
v -1.208499 -1.454111 1.986963
v -1.208499 -1.466563 2.010260
v -1.208499 -1.474231 2.035538
v -1.208499 -1.476820 2.061827
v -1.208499 -1.474231 2.088116
v -1.208499 -1.466563 2.113395
v -1.208499 -1.454111 2.136692
v -1.208499 -1.437352 2.157112
v -1.208499 -1.416932 2.173870
v -1.208499 -1.393636 2.186322
v -1.208499 -1.368357 2.193990
v -1.208499 -1.342068 2.196579
v -1.208499 -1.315779 2.193990
v -1.208499 -1.290501 2.186322
v -1.208499 -1.267204 2.173870
v -1.208499 -1.246784 2.157112
v -1.208499 -1.230026 2.136692
v -1.208499 -1.217573 2.113395
v -1.208499 -1.209905 2.088116
v -1.313379 -1.207316 2.061827
v -1.313379 -1.209905 2.035538
v -1.313379 -1.217573 2.010260
v -1.313379 -1.230026 1.986963
v -1.313379 -1.246784 1.966543
v -1.313379 -1.267204 1.949785
v -1.313379 -1.290501 1.937332
v -1.313379 -1.315779 1.929664
v -1.313379 -1.342068 1.927075
v -1.313379 -1.368357 1.929664
v -1.313379 -1.393636 1.937332
v -1.313379 -1.416932 1.949785
v -1.313379 -1.437352 1.966543
v -1.313379 -1.454111 1.986963
v -1.313379 -1.466563 2.010260
v -1.313379 -1.474231 2.035538
v -1.313379 -1.476820 2.061827
v -1.313379 -1.474231 2.088116
v -1.313379 -1.466563 2.113395
v -1.313379 -1.454111 2.136692
v -1.313379 -1.437352 2.157112
v -1.313379 -1.416932 2.173870
v -1.313379 -1.393636 2.186322
v -1.313379 -1.368357 2.193990
v -1.313379 -1.342068 2.196579
v -1.313379 -1.315779 2.193990
v -1.313379 -1.290501 2.186322
v -1.313379 -1.267204 2.173870
v -1.313379 -1.246784 2.157112
v -1.313379 -1.230026 2.136692
v -1.313379 -1.217573 2.113395
v -1.313379 -1.209905 2.088116
v -1.312337 -1.270957 2.061827
v -1.312337 -1.272323 2.047954
v -1.312337 -1.276370 2.034614
v -1.312337 -1.282941 2.022320
v -1.312337 -1.291785 2.011544
v -1.312337 -1.302561 2.002700
v -1.312337 -1.314855 1.996129
v -1.312337 -1.328195 1.992082
v -1.312337 -1.342068 1.990716
v -1.312337 -1.355941 1.992082
v -1.312337 -1.369281 1.996129
v -1.312337 -1.381575 2.002700
v -1.312337 -1.392351 2.011544
v -1.312337 -1.401195 2.022320
v -1.312337 -1.407766 2.034614
v -1.312337 -1.411813 2.047954
v -1.312337 -1.413179 2.061827
v -1.312337 -1.411813 2.075700
v -1.312337 -1.407766 2.089040
v -1.312337 -1.401195 2.101335
v -1.312337 -1.392351 2.112111
v -1.312337 -1.381575 2.120954
v -1.312337 -1.369281 2.127526
v -1.312337 -1.355941 2.131572
v -1.312337 -1.342068 2.132939
v -1.312337 -1.328195 2.131572
v -1.312337 -1.314855 2.127526
v -1.312337 -1.302561 2.120954
v -1.312337 -1.291785 2.112111
v -1.312337 -1.282941 2.101335
v -1.312337 -1.276370 2.089040
v -1.312337 -1.272323 2.075700
v -1.312338 -1.243433 2.061827
v -1.312338 -1.245329 2.042584
v -1.312338 -1.250942 2.024081
v -1.312338 -1.260056 2.007029
v -1.312338 -1.272323 1.992082
v -1.312338 -1.287270 1.979815
v -1.312338 -1.304322 1.970701
v -1.312338 -1.322825 1.965088
v -1.312338 -1.342068 1.963192
v -1.312338 -1.361311 1.965088
v -1.312338 -1.379814 1.970701
v -1.312338 -1.396867 1.979815
v -1.312338 -1.411813 1.992082
v -1.312338 -1.424080 2.007029
v -1.312338 -1.433195 2.024081
v -1.312338 -1.438807 2.042584
v -1.312338 -1.440703 2.061827
v -1.312338 -1.438807 2.081070
v -1.312338 -1.433195 2.099573
v -1.312338 -1.424080 2.116626
v -1.312338 -1.411813 2.131572
v -1.312338 -1.396867 2.143839
v -1.312338 -1.379814 2.152954
v -1.312338 -1.361311 2.158567
v -1.312338 -1.342068 2.160462
v -1.312338 -1.322825 2.158567
v -1.312338 -1.304322 2.152954
v -1.312338 -1.287270 2.143839
v -1.312338 -1.272323 2.131572
v -1.312338 -1.260056 2.116626
v -1.312338 -1.250942 2.099573
v -1.312338 -1.245329 2.081070
v -1.294460 -1.270957 2.061827
v -1.294460 -1.272323 2.047954
v -1.294460 -1.276370 2.034614
v -1.294460 -1.282941 2.022320
v -1.294460 -1.291785 2.011544
v -1.294460 -1.302561 2.002700
v -1.294460 -1.314855 1.996129
v -1.294460 -1.328195 1.992082
v -1.294460 -1.342068 1.990716
v -1.294460 -1.355941 1.992082
v -1.294460 -1.369281 1.996129
v -1.294460 -1.381575 2.002700
v -1.294460 -1.392351 2.011544
v -1.294460 -1.401195 2.022320
v -1.294460 -1.407766 2.034614
v -1.294460 -1.411813 2.047954
v -1.294460 -1.413179 2.061827
v -1.294460 -1.411813 2.075700
v -1.294460 -1.407766 2.089040
v -1.294460 -1.401195 2.101335
v -1.294460 -1.392351 2.112111
v -1.294460 -1.381575 2.120954
v -1.294460 -1.369281 2.127526
v -1.294460 -1.355941 2.131572
v -1.294460 -1.342068 2.132939
v -1.294460 -1.328195 2.131572
v -1.294460 -1.314855 2.127526
v -1.294460 -1.302561 2.120954
v -1.294460 -1.291785 2.112111
v -1.294460 -1.282941 2.101335
v -1.294460 -1.276370 2.089040
v -1.294460 -1.272323 2.075700
v -0.994568 -1.280970 2.061827
v -0.994568 -1.282144 2.049908
v -0.994568 -1.285621 2.038446
v -0.994568 -1.291267 2.027883
v -0.994568 -1.298865 2.018625
v -0.994568 -1.308124 2.011026
v -0.994568 -1.318687 2.005380
v -0.994568 -1.330148 2.001904
v -0.994568 -1.342068 2.000730
v -0.994568 -1.353988 2.001904
v -0.994568 -1.365449 2.005380
v -0.994568 -1.376012 2.011026
v -0.994568 -1.385271 2.018625
v -0.994568 -1.392869 2.027883
v -0.994568 -1.398515 2.038446
v -0.994568 -1.401992 2.049908
v -0.994568 -1.403166 2.061827
v -0.994568 -1.401992 2.073747
v -0.994568 -1.398515 2.085208
v -0.994568 -1.392869 2.095771
v -0.994568 -1.385271 2.105030
v -0.994568 -1.376012 2.112628
v -0.994568 -1.365449 2.118274
v -0.994568 -1.353988 2.121751
v -0.994568 -1.342068 2.122925
v -0.994568 -1.330148 2.121751
v -0.994568 -1.318687 2.118274
v -0.994568 -1.308124 2.112628
v -0.994568 -1.298865 2.105030
v -0.994568 -1.291267 2.095771
v -0.994568 -1.285621 2.085208
v -0.994568 -1.282144 2.073747
v -0.970491 -1.253857 2.044281
v -0.970491 -1.252129 2.061827
v -0.970491 -1.258975 2.027409
v -0.970491 -1.267286 2.011860
v -0.970491 -1.278471 1.998230
v -0.970491 -1.292101 1.987046
v -0.970491 -1.307650 1.978734
v -0.970491 -1.324522 1.973616
v -0.970491 -1.342068 1.971888
v -0.970491 -1.359614 1.973616
v -0.970491 -1.376486 1.978734
v -0.970491 -1.392036 1.987046
v -0.970491 -1.405665 1.998230
v -0.970491 -1.416850 2.011860
v -0.970491 -1.425161 2.027409
v -0.970491 -1.430279 2.044281
v -0.970491 -1.432007 2.061827
v -0.970491 -1.430279 2.079373
v -0.970491 -1.425161 2.096245
v -0.970491 -1.416850 2.111795
v -0.970491 -1.405665 2.125424
v -0.970491 -1.392036 2.136609
v -0.970491 -1.376486 2.144920
v -0.970491 -1.359614 2.150038
v -0.970491 -1.342068 2.151766
v -0.970491 -1.324522 2.150038
v -0.970491 -1.307650 2.144920
v -0.970491 -1.292101 2.136609
v -0.970491 -1.278471 2.125424
v -0.970491 -1.267286 2.111795
v -0.970491 -1.258975 2.096245
v -0.970491 -1.253857 2.079373
v -1.175725 -1.240147 -1.186566
v -1.086351 -1.240147 -1.186566
v -1.175725 -1.242105 -1.166682
v -1.086351 -1.242105 -1.166682
v -1.175724 -1.247905 -1.147563
v -1.086351 -1.247905 -1.147563
v -1.175724 -1.257324 -1.129942
v -1.086351 -1.257324 -1.129942
v -1.175724 -1.269999 -1.114497
v -1.086351 -1.269999 -1.114497
v -1.175724 -1.285444 -1.101822
v -1.086351 -1.285444 -1.101822
v -1.175724 -1.303064 -1.092403
v -1.086351 -1.303064 -1.092403
v -1.175725 -1.322184 -1.086603
v -1.086351 -1.322184 -1.086603
v -1.175725 -1.342068 -1.084645
v -1.086351 -1.342068 -1.084645
v -1.175725 -1.361952 -1.086603
v -1.086351 -1.361952 -1.086603
v -1.175725 -1.381072 -1.092403
v -1.086351 -1.381072 -1.092403
v -1.175725 -1.398692 -1.101822
v -1.086351 -1.398692 -1.101822
v -1.175725 -1.414137 -1.114497
v -1.086351 -1.414137 -1.114497
v -1.175725 -1.426813 -1.129942
v -1.086351 -1.426813 -1.129942
v -1.175725 -1.436231 -1.147563
v -1.086351 -1.436231 -1.147563
v -1.175725 -1.442031 -1.166682
v -1.086351 -1.442031 -1.166682
v -1.175725 -1.443989 -1.186566
v -1.086351 -1.443989 -1.186566
v -1.175725 -1.442031 -1.206450
v -1.086351 -1.442031 -1.206450
v -1.175725 -1.436231 -1.225570
v -1.086351 -1.436231 -1.225570
v -1.175725 -1.426813 -1.243191
v -1.086351 -1.426813 -1.243191
v -1.175725 -1.414137 -1.258636
v -1.086351 -1.414137 -1.258636
v -1.175725 -1.398692 -1.271311
v -1.086351 -1.398692 -1.271311
v -1.175725 -1.381072 -1.280729
v -1.086351 -1.381072 -1.280729
v -1.175725 -1.361952 -1.286529
v -1.086351 -1.361952 -1.286529
v -1.175725 -1.342068 -1.288487
v -1.086351 -1.342068 -1.288487
v -1.175725 -1.322184 -1.286529
v -1.086351 -1.322184 -1.286529
v -1.175725 -1.303064 -1.280729
v -1.086351 -1.303064 -1.280729
v -1.175725 -1.285444 -1.271311
v -1.086351 -1.285444 -1.271311
v -1.175725 -1.269999 -1.258636
v -1.086351 -1.269999 -1.258636
v -1.175725 -1.257324 -1.243191
v -1.086351 -1.257324 -1.243191
v -1.175725 -1.247905 -1.225570
v -1.086351 -1.247905 -1.225570
v -1.175725 -1.242105 -1.206450
v -1.086351 -1.242105 -1.206450
v -1.053576 -1.200451 -1.186566
v -1.053576 -1.203172 -1.158938
v -1.053576 -1.211231 -1.132372
v -1.053576 -1.224318 -1.107888
v -1.053576 -1.241930 -1.086428
v -1.053576 -1.263390 -1.068816
v -1.053576 -1.287874 -1.055729
v -1.053576 -1.314440 -1.047670
v -1.053576 -1.342068 -1.044949
v -1.053576 -1.369696 -1.047670
v -1.053576 -1.396263 -1.055729
v -1.053576 -1.420746 -1.068816
v -1.053576 -1.442207 -1.086428
v -1.053576 -1.459818 -1.107888
v -1.053576 -1.472905 -1.132372
v -1.053576 -1.480964 -1.158938
v -1.053576 -1.483685 -1.186566
v -1.053576 -1.480964 -1.214194
v -1.053576 -1.472905 -1.240761
v -1.053576 -1.459818 -1.265244
v -1.053576 -1.442207 -1.286705
v -1.053576 -1.420746 -1.304317
v -1.053576 -1.396263 -1.317403
v -1.053576 -1.369696 -1.325462
v -1.053576 -1.342068 -1.328183
v -1.053576 -1.314440 -1.325462
v -1.053576 -1.287874 -1.317403
v -1.053576 -1.263390 -1.304317
v -1.053576 -1.241930 -1.286705
v -1.053576 -1.224318 -1.265244
v -1.053576 -1.211231 -1.240761
v -1.053576 -1.203172 -1.214194
v -0.961806 -1.200451 -1.186566
v -0.961806 -1.203172 -1.158938
v -0.961806 -1.211231 -1.132372
v -0.961806 -1.224318 -1.107888
v -0.961806 -1.241930 -1.086428
v -0.961806 -1.263390 -1.068816
v -0.961806 -1.287874 -1.055729
v -0.961806 -1.314440 -1.047670
v -0.961806 -1.342068 -1.044949
v -0.961806 -1.369696 -1.047670
v -0.961806 -1.396263 -1.055729
v -0.961806 -1.420746 -1.068816
v -0.961806 -1.442207 -1.086428
v -0.961806 -1.459818 -1.107888
v -0.961806 -1.472905 -1.132372
v -0.961806 -1.480964 -1.158938
v -0.961806 -1.483685 -1.186566
v -0.961806 -1.480964 -1.214194
v -0.961806 -1.472905 -1.240761
v -0.961806 -1.459818 -1.265244
v -0.961806 -1.442207 -1.286705
v -0.961806 -1.420746 -1.304317
v -0.961806 -1.396263 -1.317403
v -0.961806 -1.369696 -1.325462
v -0.961806 -1.342068 -1.328183
v -0.961806 -1.314440 -1.325462
v -0.961806 -1.287874 -1.317403
v -0.961806 -1.263390 -1.304317
v -0.961806 -1.241930 -1.286705
v -0.961806 -1.224318 -1.265244
v -0.961806 -1.211231 -1.240761
v -0.961806 -1.203172 -1.214194
v -1.208499 -1.207316 -1.186566
v -1.208499 -1.209905 -1.160277
v -1.208499 -1.217573 -1.134999
v -1.208499 -1.230026 -1.111702
v -1.208499 -1.246784 -1.091282
v -1.208499 -1.267204 -1.074524
v -1.208499 -1.290501 -1.062071
v -1.208499 -1.315779 -1.054403
v -1.208499 -1.342068 -1.051814
v -1.208499 -1.368357 -1.054403
v -1.208499 -1.393636 -1.062071
v -1.208499 -1.416932 -1.074524
v -1.208499 -1.437352 -1.091282
v -1.208499 -1.454111 -1.111702
v -1.208499 -1.466563 -1.134999
v -1.208499 -1.474231 -1.160277
v -1.208499 -1.476820 -1.186566
v -1.208499 -1.474231 -1.212855
v -1.208499 -1.466563 -1.238134
v -1.208499 -1.454111 -1.261431
v -1.208499 -1.437352 -1.281851
v -1.208499 -1.416932 -1.298609
v -1.208499 -1.393636 -1.311061
v -1.208499 -1.368357 -1.318729
v -1.208499 -1.342068 -1.321319
v -1.208499 -1.315779 -1.318729
v -1.208499 -1.290501 -1.311061
v -1.208499 -1.267204 -1.298609
v -1.208499 -1.246784 -1.281851
v -1.208499 -1.230026 -1.261431
v -1.208499 -1.217573 -1.238134
v -1.208499 -1.209905 -1.212855
v -1.313379 -1.207316 -1.186566
v -1.313379 -1.209905 -1.160277
v -1.313379 -1.217573 -1.134999
v -1.313379 -1.230026 -1.111702
v -1.313379 -1.246784 -1.091282
v -1.313379 -1.267204 -1.074524
v -1.313379 -1.290501 -1.062071
v -1.313379 -1.315779 -1.054403
v -1.313379 -1.342068 -1.051814
v -1.313379 -1.368357 -1.054403
v -1.313379 -1.393636 -1.062071
v -1.313379 -1.416932 -1.074524
v -1.313379 -1.437352 -1.091282
v -1.313379 -1.454111 -1.111702
v -1.313379 -1.466563 -1.134999
v -1.313379 -1.474231 -1.160277
v -1.313379 -1.476820 -1.186566
v -1.313379 -1.474231 -1.212855
v -1.313379 -1.466563 -1.238134
v -1.313379 -1.454111 -1.261431
v -1.313379 -1.437352 -1.281851
v -1.313379 -1.416932 -1.298609
v -1.313379 -1.393636 -1.311061
v -1.313379 -1.368357 -1.318729
v -1.313379 -1.342068 -1.321319
v -1.313379 -1.315779 -1.318729
v -1.313379 -1.290501 -1.311061
v -1.313379 -1.267204 -1.298609
v -1.313379 -1.246784 -1.281851
v -1.313379 -1.230026 -1.261431
v -1.313379 -1.217573 -1.238134
v -1.313379 -1.209905 -1.212855
v -1.312338 -1.270957 -1.186566
v -1.312338 -1.272323 -1.172693
v -1.312338 -1.276370 -1.159353
v -1.312338 -1.282941 -1.147059
v -1.312338 -1.291785 -1.136283
v -1.312338 -1.302561 -1.127439
v -1.312338 -1.314855 -1.120868
v -1.312338 -1.328195 -1.116821
v -1.312338 -1.342068 -1.115455
v -1.312338 -1.355941 -1.116821
v -1.312338 -1.369281 -1.120868
v -1.312338 -1.381575 -1.127439
v -1.312338 -1.392351 -1.136283
v -1.312338 -1.401195 -1.147059
v -1.312338 -1.407766 -1.159353
v -1.312338 -1.411813 -1.172693
v -1.312338 -1.413179 -1.186566
v -1.312338 -1.411813 -1.200439
v -1.312338 -1.407766 -1.213779
v -1.312338 -1.401195 -1.226074
v -1.312338 -1.392351 -1.236850
v -1.312338 -1.381575 -1.245693
v -1.312338 -1.369281 -1.252264
v -1.312338 -1.355941 -1.256311
v -1.312338 -1.342068 -1.257678
v -1.312338 -1.328195 -1.256311
v -1.312338 -1.314855 -1.252264
v -1.312338 -1.302561 -1.245693
v -1.312338 -1.291785 -1.236850
v -1.312338 -1.282941 -1.226074
v -1.312338 -1.276370 -1.213779
v -1.312338 -1.272323 -1.200439
v -1.312338 -1.243433 -1.186566
v -1.312338 -1.245329 -1.167324
v -1.312338 -1.250942 -1.148820
v -1.312338 -1.260056 -1.131768
v -1.312338 -1.272323 -1.116821
v -1.312338 -1.287270 -1.104555
v -1.312338 -1.304322 -1.095440
v -1.312338 -1.322825 -1.089827
v -1.312338 -1.342068 -1.087932
v -1.312338 -1.361311 -1.089827
v -1.312338 -1.379814 -1.095440
v -1.312338 -1.396867 -1.104555
v -1.312338 -1.411813 -1.116821
v -1.312338 -1.424080 -1.131768
v -1.312338 -1.433195 -1.148820
v -1.312338 -1.438807 -1.167324
v -1.312338 -1.440703 -1.186566
v -1.312338 -1.438807 -1.205809
v -1.312338 -1.433195 -1.224312
v -1.312338 -1.424080 -1.241365
v -1.312338 -1.411813 -1.256311
v -1.312338 -1.396867 -1.268578
v -1.312338 -1.379814 -1.277693
v -1.312338 -1.361311 -1.283306
v -1.312338 -1.342068 -1.285201
v -1.312338 -1.322825 -1.283306
v -1.312338 -1.304322 -1.277693
v -1.312338 -1.287270 -1.268578
v -1.312338 -1.272323 -1.256311
v -1.312338 -1.260056 -1.241365
v -1.312338 -1.250942 -1.224312
v -1.312338 -1.245329 -1.205809
v -1.294460 -1.270957 -1.186566
v -1.294460 -1.272323 -1.172693
v -1.294460 -1.276370 -1.159353
v -1.294460 -1.282941 -1.147059
v -1.294460 -1.291785 -1.136283
v -1.294460 -1.302561 -1.127439
v -1.294460 -1.314855 -1.120868
v -1.294460 -1.328195 -1.116821
v -1.294460 -1.342068 -1.115455
v -1.294460 -1.355941 -1.116821
v -1.294460 -1.369281 -1.120868
v -1.294460 -1.381575 -1.127439
v -1.294460 -1.392351 -1.136283
v -1.294460 -1.401195 -1.147059
v -1.294460 -1.407766 -1.159353
v -1.294460 -1.411813 -1.172693
v -1.294460 -1.413179 -1.186566
v -1.294460 -1.411813 -1.200439
v -1.294460 -1.407766 -1.213779
v -1.294460 -1.401195 -1.226074
v -1.294460 -1.392351 -1.236850
v -1.294460 -1.381575 -1.245693
v -1.294460 -1.369281 -1.252264
v -1.294460 -1.355941 -1.256311
v -1.294460 -1.342068 -1.257678
v -1.294460 -1.328195 -1.256311
v -1.294460 -1.314855 -1.252264
v -1.294460 -1.302561 -1.245693
v -1.294460 -1.291785 -1.236850
v -1.294460 -1.282941 -1.226074
v -1.294460 -1.276370 -1.213779
v -1.294460 -1.272323 -1.200439
v -0.994568 -1.280970 -1.186566
v -0.994568 -1.282144 -1.174647
v -0.994568 -1.285621 -1.163185
v -0.994568 -1.291267 -1.152622
v -0.994568 -1.298865 -1.143364
v -0.994568 -1.308124 -1.135765
v -0.994568 -1.318687 -1.130119
v -0.994568 -1.330148 -1.126642
v -0.994568 -1.342068 -1.125468
v -0.994568 -1.353988 -1.126642
v -0.994568 -1.365449 -1.130119
v -0.994568 -1.376012 -1.135765
v -0.994568 -1.385271 -1.143364
v -0.994568 -1.392869 -1.152622
v -0.994568 -1.398515 -1.163185
v -0.994568 -1.401992 -1.174647
v -0.994568 -1.403166 -1.186566
v -0.994568 -1.401992 -1.198486
v -0.994568 -1.398515 -1.209947
v -0.994568 -1.392869 -1.220510
v -0.994568 -1.385271 -1.229769
v -0.994568 -1.376012 -1.237367
v -0.994568 -1.365449 -1.243013
v -0.994568 -1.353988 -1.246490
v -0.994568 -1.342068 -1.247664
v -0.994568 -1.330148 -1.246490
v -0.994568 -1.318687 -1.243013
v -0.994568 -1.308124 -1.237367
v -0.994568 -1.298865 -1.229769
v -0.994568 -1.291267 -1.220510
v -0.994568 -1.285621 -1.209947
v -0.994568 -1.282144 -1.198486
v -0.970491 -1.253857 -1.169020
v -0.970491 -1.252129 -1.186566
v -0.970491 -1.258975 -1.152148
v -0.970491 -1.267286 -1.136599
v -0.970491 -1.278471 -1.122970
v -0.970491 -1.292101 -1.111785
v -0.970491 -1.307650 -1.103473
v -0.970491 -1.324522 -1.098355
v -0.970491 -1.342068 -1.096627
v -0.970491 -1.359614 -1.098355
v -0.970491 -1.376486 -1.103473
v -0.970491 -1.392036 -1.111785
v -0.970491 -1.405665 -1.122970
v -0.970491 -1.416850 -1.136599
v -0.970491 -1.425161 -1.152148
v -0.970491 -1.430279 -1.169020
v -0.970491 -1.432007 -1.186566
v -0.970491 -1.430279 -1.204113
v -0.970491 -1.425161 -1.220984
v -0.970491 -1.416850 -1.236534
v -0.970491 -1.405665 -1.250163
v -0.970491 -1.392036 -1.261348
v -0.970491 -1.376486 -1.269659
v -0.970491 -1.359614 -1.274777
v -0.970491 -1.342068 -1.276505
v -0.970491 -1.324522 -1.274777
v -0.970491 -1.307650 -1.269659
v -0.970491 -1.292101 -1.261348
v -0.970491 -1.278471 -1.250163
v -0.970491 -1.267286 -1.236534
v -0.970491 -1.258975 -1.220984
v -0.970491 -1.253857 -1.204113
v 1.178175 -1.240147 2.061827
v 1.088801 -1.240147 2.061827
v 1.178175 -1.242105 2.041943
v 1.088801 -1.242105 2.041943
v 1.178175 -1.247905 2.022824
v 1.088801 -1.247905 2.022824
v 1.178175 -1.257324 2.005203
v 1.088801 -1.257324 2.005203
v 1.178175 -1.269999 1.989758
v 1.088801 -1.269999 1.989758
v 1.178175 -1.285444 1.977083
v 1.088801 -1.285444 1.977083
v 1.178175 -1.303065 1.967664
v 1.088801 -1.303065 1.967664
v 1.178175 -1.322184 1.961864
v 1.088801 -1.322184 1.961864
v 1.178175 -1.342068 1.959906
v 1.088801 -1.342068 1.959906
v 1.178175 -1.361952 1.961864
v 1.088801 -1.361952 1.961864
v 1.178175 -1.381072 1.967664
v 1.088801 -1.381072 1.967664
v 1.178175 -1.398693 1.977083
v 1.088801 -1.398693 1.977083
v 1.178175 -1.414137 1.989758
v 1.088801 -1.414137 1.989758
v 1.178175 -1.426813 2.005203
v 1.088801 -1.426813 2.005203
v 1.178175 -1.436231 2.022824
v 1.088801 -1.436231 2.022824
v 1.178175 -1.442031 2.041943
v 1.088801 -1.442031 2.041943
v 1.178175 -1.443989 2.061827
v 1.088801 -1.443989 2.061827
v 1.178175 -1.442031 2.081711
v 1.088801 -1.442031 2.081711
v 1.178175 -1.436231 2.100831
v 1.088801 -1.436231 2.100831
v 1.178175 -1.426813 2.118452
v 1.088801 -1.426813 2.118452
v 1.178175 -1.414137 2.133896
v 1.088801 -1.414137 2.133896
v 1.178175 -1.398693 2.146572
v 1.088801 -1.398693 2.146572
v 1.178175 -1.381072 2.155990
v 1.088801 -1.381072 2.155990
v 1.178175 -1.361952 2.161790
v 1.088801 -1.361952 2.161790
v 1.178175 -1.342068 2.163749
v 1.088801 -1.342068 2.163748
v 1.178175 -1.322184 2.161790
v 1.088801 -1.322184 2.161790
v 1.178175 -1.303065 2.155990
v 1.088801 -1.303065 2.155990
v 1.178175 -1.285444 2.146572
v 1.088801 -1.285444 2.146572
v 1.178175 -1.269999 2.133896
v 1.088801 -1.269999 2.133896
v 1.178175 -1.257324 2.118452
v 1.088801 -1.257324 2.118452
v 1.178175 -1.247905 2.100831
v 1.088801 -1.247905 2.100831
v 1.178175 -1.242105 2.081711
v 1.088801 -1.242105 2.081711
v 1.056026 -1.200451 2.061827
v 1.056026 -1.203172 2.034199
v 1.056026 -1.211231 2.007632
v 1.056026 -1.224318 1.983149
v 1.056026 -1.241930 1.961689
v 1.056026 -1.263390 1.944077
v 1.056026 -1.287874 1.930990
v 1.056026 -1.314440 1.922931
v 1.056026 -1.342068 1.920210
v 1.056026 -1.369696 1.922931
v 1.056026 -1.396263 1.930990
v 1.056026 -1.420746 1.944077
v 1.056026 -1.442207 1.961689
v 1.056026 -1.459819 1.983149
v 1.056026 -1.472905 2.007632
v 1.056026 -1.480964 2.034199
v 1.056026 -1.483685 2.061827
v 1.056026 -1.480964 2.089455
v 1.056026 -1.472905 2.116022
v 1.056026 -1.459819 2.140505
v 1.056026 -1.442207 2.161966
v 1.056026 -1.420746 2.179578
v 1.056026 -1.396263 2.192664
v 1.056026 -1.369696 2.200723
v 1.056026 -1.342068 2.203444
v 1.056026 -1.314440 2.200723
v 1.056026 -1.287874 2.192664
v 1.056026 -1.263390 2.179578
v 1.056026 -1.241930 2.161966
v 1.056026 -1.224318 2.140505
v 1.056026 -1.211231 2.116022
v 1.056026 -1.203172 2.089455
v 0.964257 -1.200451 2.061827
v 0.964257 -1.203172 2.034199
v 0.964257 -1.211231 2.007632
v 0.964257 -1.224318 1.983149
v 0.964257 -1.241930 1.961689
v 0.964257 -1.263390 1.944077
v 0.964257 -1.287874 1.930990
v 0.964257 -1.314440 1.922931
v 0.964257 -1.342068 1.920210
v 0.964257 -1.369696 1.922931
v 0.964257 -1.396263 1.930990
v 0.964257 -1.420746 1.944077
v 0.964257 -1.442207 1.961689
v 0.964257 -1.459819 1.983149
v 0.964257 -1.472905 2.007632
v 0.964257 -1.480964 2.034199
v 0.964257 -1.483685 2.061827
v 0.964257 -1.480964 2.089455
v 0.964257 -1.472905 2.116022
v 0.964257 -1.459819 2.140505
v 0.964257 -1.442207 2.161966
v 0.964257 -1.420746 2.179578
v 0.964257 -1.396263 2.192664
v 0.964257 -1.369696 2.200723
v 0.964257 -1.342068 2.203444
v 0.964257 -1.314440 2.200723
v 0.964257 -1.287874 2.192664
v 0.964257 -1.263390 2.179578
v 0.964257 -1.241930 2.161966
v 0.964257 -1.224318 2.140505
v 0.964257 -1.211231 2.116022
v 0.964257 -1.203172 2.089455
v 1.210950 -1.207316 2.061827
v 1.210950 -1.209905 2.035538
v 1.210950 -1.217573 2.010260
v 1.210950 -1.230026 1.986963
v 1.210950 -1.246784 1.966543
v 1.210950 -1.267204 1.949785
v 1.210950 -1.290501 1.937332
v 1.210950 -1.315779 1.929664
v 1.210950 -1.342068 1.927075
v 1.210950 -1.368357 1.929664
v 1.210950 -1.393636 1.937332
v 1.210950 -1.416933 1.949785
v 1.210950 -1.437353 1.966543
v 1.210950 -1.454111 1.986963
v 1.210950 -1.466563 2.010260
v 1.210950 -1.474231 2.035538
v 1.210950 -1.476821 2.061827
v 1.210950 -1.474231 2.088116
v 1.210950 -1.466563 2.113395
v 1.210950 -1.454111 2.136692
v 1.210950 -1.437353 2.157112
v 1.210950 -1.416933 2.173870
v 1.210950 -1.393636 2.186322
v 1.210950 -1.368357 2.193990
v 1.210950 -1.342068 2.196579
v 1.210950 -1.315779 2.193990
v 1.210950 -1.290501 2.186322
v 1.210950 -1.267204 2.173870
v 1.210950 -1.246784 2.157112
v 1.210950 -1.230026 2.136692
v 1.210950 -1.217573 2.113395
v 1.210950 -1.209905 2.088116
v 1.315829 -1.207316 2.061827
v 1.315829 -1.209905 2.035538
v 1.315829 -1.217573 2.010260
v 1.315829 -1.230026 1.986963
v 1.315829 -1.246784 1.966543
v 1.315829 -1.267204 1.949785
v 1.315829 -1.290501 1.937332
v 1.315829 -1.315779 1.929664
v 1.315829 -1.342068 1.927075
v 1.315829 -1.368357 1.929664
v 1.315829 -1.393636 1.937332
v 1.315829 -1.416933 1.949785
v 1.315829 -1.437353 1.966543
v 1.315829 -1.454111 1.986963
v 1.315829 -1.466563 2.010260
v 1.315829 -1.474231 2.035538
v 1.315829 -1.476821 2.061827
v 1.315829 -1.474231 2.088116
v 1.315829 -1.466563 2.113395
v 1.315829 -1.454111 2.136692
v 1.315829 -1.437353 2.157112
v 1.315829 -1.416933 2.173870
v 1.315829 -1.393636 2.186322
v 1.315829 -1.368357 2.193990
v 1.315829 -1.342068 2.196579
v 1.315829 -1.315779 2.193990
v 1.315829 -1.290501 2.186322
v 1.315829 -1.267204 2.173870
v 1.315829 -1.246784 2.157112
v 1.315829 -1.230026 2.136692
v 1.315829 -1.217573 2.113395
v 1.315829 -1.209905 2.088116
v 1.314788 -1.270957 2.061827
v 1.314788 -1.272323 2.047954
v 1.314788 -1.276370 2.034614
v 1.314788 -1.282941 2.022320
v 1.314788 -1.291785 2.011544
v 1.314788 -1.302561 2.002700
v 1.314788 -1.314855 1.996129
v 1.314788 -1.328195 1.992082
v 1.314788 -1.342068 1.990716
v 1.314788 -1.355941 1.992082
v 1.314788 -1.369281 1.996129
v 1.314788 -1.381575 2.002700
v 1.314788 -1.392352 2.011544
v 1.314788 -1.401195 2.022320
v 1.314788 -1.407766 2.034614
v 1.314788 -1.411813 2.047954
v 1.314788 -1.413180 2.061827
v 1.314788 -1.411813 2.075700
v 1.314788 -1.407766 2.089040
v 1.314788 -1.401195 2.101335
v 1.314788 -1.392352 2.112111
v 1.314788 -1.381575 2.120954
v 1.314788 -1.369281 2.127526
v 1.314788 -1.355941 2.131572
v 1.314788 -1.342068 2.132939
v 1.314788 -1.328195 2.131572
v 1.314788 -1.314855 2.127526
v 1.314788 -1.302561 2.120954
v 1.314788 -1.291785 2.112111
v 1.314788 -1.282941 2.101335
v 1.314788 -1.276370 2.089040
v 1.314788 -1.272323 2.075700
v 1.314788 -1.243434 2.061827
v 1.314788 -1.245329 2.042584
v 1.314788 -1.250942 2.024081
v 1.314788 -1.260056 2.007029
v 1.314788 -1.272323 1.992082
v 1.314788 -1.287270 1.979815
v 1.314788 -1.304322 1.970701
v 1.314788 -1.322826 1.965088
v 1.314788 -1.342068 1.963192
v 1.314788 -1.361311 1.965088
v 1.314788 -1.379814 1.970701
v 1.314788 -1.396867 1.979815
v 1.314788 -1.411813 1.992082
v 1.314788 -1.424080 2.007029
v 1.314788 -1.433195 2.024081
v 1.314788 -1.438808 2.042584
v 1.314788 -1.440703 2.061827
v 1.314788 -1.438808 2.081070
v 1.314788 -1.433195 2.099573
v 1.314788 -1.424080 2.116626
v 1.314788 -1.411813 2.131572
v 1.314788 -1.396867 2.143839
v 1.314788 -1.379814 2.152954
v 1.314788 -1.361311 2.158567
v 1.314788 -1.342068 2.160462
v 1.314788 -1.322826 2.158567
v 1.314788 -1.304322 2.152954
v 1.314788 -1.287270 2.143839
v 1.314788 -1.272323 2.131572
v 1.314788 -1.260056 2.116626
v 1.314788 -1.250942 2.099573
v 1.314788 -1.245329 2.081070
v 1.296911 -1.270957 2.061827
v 1.296911 -1.272323 2.047954
v 1.296911 -1.276370 2.034614
v 1.296911 -1.282941 2.022320
v 1.296911 -1.291785 2.011544
v 1.296911 -1.302561 2.002700
v 1.296911 -1.314855 1.996129
v 1.296911 -1.328195 1.992082
v 1.296911 -1.342068 1.990716
v 1.296911 -1.355941 1.992082
v 1.296911 -1.369281 1.996129
v 1.296911 -1.381575 2.002700
v 1.296911 -1.392352 2.011544
v 1.296911 -1.401195 2.022320
v 1.296911 -1.407766 2.034614
v 1.296911 -1.411813 2.047954
v 1.296911 -1.413180 2.061827
v 1.296911 -1.411813 2.075700
v 1.296911 -1.407766 2.089040
v 1.296911 -1.401195 2.101335
v 1.296911 -1.392352 2.112111
v 1.296911 -1.381575 2.120954
v 1.296911 -1.369281 2.127526
v 1.296911 -1.355941 2.131572
v 1.296911 -1.342068 2.132939
v 1.296911 -1.328195 2.131572
v 1.296911 -1.314855 2.127526
v 1.296911 -1.302561 2.120954
v 1.296911 -1.291785 2.112111
v 1.296911 -1.282941 2.101335
v 1.296911 -1.276370 2.089040
v 1.296911 -1.272323 2.075700
v 0.997018 -1.280970 2.061827
v 0.997018 -1.282144 2.049908
v 0.997018 -1.285621 2.038446
v 0.997018 -1.291267 2.027883
v 0.997018 -1.298865 2.018625
v 0.997018 -1.308124 2.011026
v 0.997018 -1.318687 2.005380
v 0.997018 -1.330148 2.001904
v 0.997018 -1.342068 2.000730
v 0.997018 -1.353988 2.001904
v 0.997018 -1.365449 2.005380
v 0.997018 -1.376012 2.011026
v 0.997018 -1.385271 2.018625
v 0.997018 -1.392869 2.027883
v 0.997018 -1.398515 2.038446
v 0.997018 -1.401992 2.049908
v 0.997018 -1.403166 2.061827
v 0.997018 -1.401992 2.073747
v 0.997018 -1.398515 2.085208
v 0.997018 -1.392869 2.095771
v 0.997018 -1.385271 2.105030
v 0.997018 -1.376012 2.112628
v 0.997018 -1.365449 2.118274
v 0.997018 -1.353988 2.121751
v 0.997018 -1.342068 2.122925
v 0.997018 -1.330149 2.121751
v 0.997018 -1.318687 2.118274
v 0.997018 -1.308124 2.112628
v 0.997018 -1.298866 2.105030
v 0.997018 -1.291267 2.095771
v 0.997018 -1.285621 2.085208
v 0.997018 -1.282144 2.073747
v 0.972941 -1.253857 2.044281
v 0.972941 -1.252129 2.061827
v 0.972941 -1.258975 2.027409
v 0.972941 -1.267286 2.011860
v 0.972941 -1.278471 1.998230
v 0.972941 -1.292101 1.987046
v 0.972941 -1.307650 1.978734
v 0.972941 -1.324522 1.973616
v 0.972941 -1.342068 1.971888
v 0.972941 -1.359614 1.973616
v 0.972941 -1.376486 1.978734
v 0.972941 -1.392036 1.987046
v 0.972941 -1.405665 1.998230
v 0.972941 -1.416850 2.011860
v 0.972941 -1.425161 2.027409
v 0.972941 -1.430279 2.044281
v 0.972941 -1.432007 2.061827
v 0.972941 -1.430279 2.079373
v 0.972941 -1.425161 2.096245
v 0.972941 -1.416850 2.111795
v 0.972941 -1.405665 2.125424
v 0.972941 -1.392036 2.136609
v 0.972941 -1.376486 2.144920
v 0.972941 -1.359614 2.150038
v 0.972941 -1.342068 2.151766
v 0.972941 -1.324522 2.150038
v 0.972941 -1.307650 2.144920
v 0.972941 -1.292101 2.136609
v 0.972941 -1.278471 2.125424
v 0.972941 -1.267286 2.111795
v 0.972941 -1.258975 2.096245
v 0.972941 -1.253857 2.079373
v 1.178174 -1.240147 -1.186566
v 1.088801 -1.240147 -1.186566
v 1.178174 -1.242105 -1.166682
v 1.088801 -1.242105 -1.166682
v 1.178175 -1.247905 -1.147563
v 1.088801 -1.247905 -1.147563
v 1.178175 -1.257324 -1.129942
v 1.088801 -1.257324 -1.129942
v 1.178175 -1.269999 -1.114497
v 1.088801 -1.269999 -1.114497
v 1.178175 -1.285444 -1.101822
v 1.088801 -1.285444 -1.101822
v 1.178175 -1.303065 -1.092403
v 1.088801 -1.303065 -1.092403
v 1.178174 -1.322184 -1.086603
v 1.088801 -1.322184 -1.086603
v 1.178174 -1.342068 -1.084645
v 1.088801 -1.342068 -1.084645
v 1.178174 -1.361952 -1.086603
v 1.088801 -1.361952 -1.086603
v 1.178174 -1.381072 -1.092403
v 1.088801 -1.381072 -1.092403
v 1.178174 -1.398693 -1.101822
v 1.088801 -1.398693 -1.101822
v 1.178174 -1.414137 -1.114497
v 1.088801 -1.414137 -1.114497
v 1.178174 -1.426813 -1.129942
v 1.088801 -1.426813 -1.129942
v 1.178174 -1.436231 -1.147563
v 1.088801 -1.436231 -1.147563
v 1.178174 -1.442031 -1.166682
v 1.088801 -1.442031 -1.166682
v 1.178174 -1.443989 -1.186566
v 1.088801 -1.443989 -1.186566
v 1.178174 -1.442031 -1.206450
v 1.088801 -1.442031 -1.206450
v 1.178174 -1.436231 -1.225570
v 1.088801 -1.436231 -1.225570
v 1.178174 -1.426813 -1.243191
v 1.088801 -1.426813 -1.243191
v 1.178174 -1.414137 -1.258636
v 1.088801 -1.414137 -1.258636
v 1.178174 -1.398693 -1.271311
v 1.088801 -1.398693 -1.271311
v 1.178174 -1.381072 -1.280729
v 1.088801 -1.381072 -1.280729
v 1.178174 -1.361952 -1.286529
v 1.088801 -1.361952 -1.286529
v 1.178174 -1.342068 -1.288487
v 1.088801 -1.342068 -1.288487
v 1.178174 -1.322184 -1.286529
v 1.088801 -1.322184 -1.286529
v 1.178174 -1.303065 -1.280729
v 1.088801 -1.303065 -1.280729
v 1.178174 -1.285444 -1.271311
v 1.088801 -1.285444 -1.271311
v 1.178174 -1.269999 -1.258636
v 1.088801 -1.269999 -1.258636
v 1.178174 -1.257324 -1.243191
v 1.088801 -1.257324 -1.243191
v 1.178174 -1.247905 -1.225570
v 1.088801 -1.247905 -1.225570
v 1.178174 -1.242105 -1.206450
v 1.088801 -1.242105 -1.206450
v 1.056026 -1.200451 -1.186566
v 1.056026 -1.203172 -1.158938
v 1.056026 -1.211231 -1.132372
v 1.056026 -1.224318 -1.107888
v 1.056026 -1.241930 -1.086428
v 1.056026 -1.263390 -1.068816
v 1.056026 -1.287874 -1.055729
v 1.056026 -1.314440 -1.047670
v 1.056026 -1.342068 -1.044949
v 1.056026 -1.369696 -1.047670
v 1.056026 -1.396263 -1.055729
v 1.056026 -1.420746 -1.068816
v 1.056026 -1.442207 -1.086428
v 1.056026 -1.459819 -1.107888
v 1.056026 -1.472905 -1.132372
v 1.056026 -1.480964 -1.158938
v 1.056026 -1.483685 -1.186566
v 1.056026 -1.480964 -1.214194
v 1.056026 -1.472905 -1.240761
v 1.056026 -1.459819 -1.265244
v 1.056026 -1.442207 -1.286705
v 1.056026 -1.420746 -1.304317
v 1.056026 -1.396263 -1.317403
v 1.056026 -1.369696 -1.325462
v 1.056026 -1.342068 -1.328183
v 1.056026 -1.314440 -1.325462
v 1.056026 -1.287874 -1.317403
v 1.056026 -1.263390 -1.304317
v 1.056026 -1.241930 -1.286705
v 1.056026 -1.224318 -1.265244
v 1.056026 -1.211231 -1.240761
v 1.056026 -1.203172 -1.214194
v 0.964256 -1.200451 -1.186566
v 0.964256 -1.203172 -1.158938
v 0.964256 -1.211231 -1.132372
v 0.964256 -1.224318 -1.107888
v 0.964256 -1.241930 -1.086428
v 0.964256 -1.263390 -1.068816
v 0.964256 -1.287874 -1.055729
v 0.964256 -1.314440 -1.047670
v 0.964256 -1.342068 -1.044949
v 0.964256 -1.369696 -1.047670
v 0.964256 -1.396263 -1.055729
v 0.964256 -1.420746 -1.068816
v 0.964256 -1.442207 -1.086428
v 0.964256 -1.459819 -1.107888
v 0.964256 -1.472905 -1.132372
v 0.964256 -1.480964 -1.158938
v 0.964256 -1.483685 -1.186566
v 0.964256 -1.480964 -1.214194
v 0.964256 -1.472905 -1.240761
v 0.964256 -1.459819 -1.265244
v 0.964256 -1.442207 -1.286705
v 0.964256 -1.420746 -1.304317
v 0.964256 -1.396263 -1.317403
v 0.964256 -1.369696 -1.325462
v 0.964256 -1.342068 -1.328183
v 0.964256 -1.314440 -1.325462
v 0.964256 -1.287874 -1.317403
v 0.964256 -1.263390 -1.304317
v 0.964256 -1.241930 -1.286705
v 0.964256 -1.224318 -1.265244
v 0.964256 -1.211231 -1.240761
v 0.964256 -1.203172 -1.214194
v 1.210949 -1.207316 -1.186566
v 1.210949 -1.209905 -1.160277
v 1.210949 -1.217573 -1.134999
v 1.210949 -1.230026 -1.111702
v 1.210949 -1.246784 -1.091282
v 1.210949 -1.267204 -1.074524
v 1.210949 -1.290501 -1.062071
v 1.210949 -1.315779 -1.054403
v 1.210949 -1.342068 -1.051814
v 1.210949 -1.368357 -1.054403
v 1.210949 -1.393636 -1.062071
v 1.210949 -1.416933 -1.074524
v 1.210949 -1.437353 -1.091282
v 1.210949 -1.454111 -1.111702
v 1.210949 -1.466563 -1.134999
v 1.210949 -1.474231 -1.160277
v 1.210949 -1.476821 -1.186566
v 1.210949 -1.474231 -1.212855
v 1.210949 -1.466563 -1.238134
v 1.210949 -1.454111 -1.261431
v 1.210949 -1.437353 -1.281851
v 1.210949 -1.416933 -1.298609
v 1.210949 -1.393636 -1.311061
v 1.210949 -1.368357 -1.318729
v 1.210949 -1.342068 -1.321319
v 1.210949 -1.315779 -1.318729
v 1.210949 -1.290501 -1.311061
v 1.210949 -1.267204 -1.298609
v 1.210949 -1.246784 -1.281851
v 1.210949 -1.230026 -1.261431
v 1.210949 -1.217573 -1.238134
v 1.210949 -1.209905 -1.212855
v 1.315829 -1.207316 -1.186566
v 1.315829 -1.209905 -1.160277
v 1.315829 -1.217573 -1.134999
v 1.315829 -1.230026 -1.111702
v 1.315829 -1.246784 -1.091282
v 1.315829 -1.267204 -1.074524
v 1.315829 -1.290501 -1.062071
v 1.315829 -1.315779 -1.054403
v 1.315829 -1.342068 -1.051814
v 1.315829 -1.368357 -1.054403
v 1.315829 -1.393636 -1.062071
v 1.315829 -1.416933 -1.074524
v 1.315829 -1.437353 -1.091282
v 1.315829 -1.454111 -1.111702
v 1.315829 -1.466563 -1.134999
v 1.315829 -1.474231 -1.160277
v 1.315829 -1.476821 -1.186566
v 1.315829 -1.474231 -1.212855
v 1.315829 -1.466563 -1.238134
v 1.315829 -1.454111 -1.261431
v 1.315829 -1.437353 -1.281851
v 1.315829 -1.416933 -1.298609
v 1.315829 -1.393636 -1.311061
v 1.315829 -1.368357 -1.318729
v 1.315829 -1.342068 -1.321319
v 1.315829 -1.315779 -1.318729
v 1.315829 -1.290501 -1.311061
v 1.315829 -1.267204 -1.298609
v 1.315829 -1.246784 -1.281851
v 1.315829 -1.230026 -1.261431
v 1.315829 -1.217573 -1.238134
v 1.315829 -1.209905 -1.212855
v 1.314788 -1.270957 -1.186566
v 1.314788 -1.272323 -1.172693
v 1.314788 -1.276370 -1.159353
v 1.314788 -1.282941 -1.147059
v 1.314788 -1.291785 -1.136283
v 1.314788 -1.302561 -1.127439
v 1.314788 -1.314855 -1.120868
v 1.314788 -1.328195 -1.116821
v 1.314788 -1.342068 -1.115455
v 1.314788 -1.355941 -1.116821
v 1.314788 -1.369281 -1.120868
v 1.314788 -1.381575 -1.127439
v 1.314788 -1.392352 -1.136283
v 1.314788 -1.401195 -1.147059
v 1.314788 -1.407766 -1.159353
v 1.314788 -1.411813 -1.172693
v 1.314788 -1.413180 -1.186566
v 1.314788 -1.411813 -1.200439
v 1.314788 -1.407766 -1.213779
v 1.314788 -1.401195 -1.226074
v 1.314788 -1.392352 -1.236850
v 1.314788 -1.381575 -1.245693
v 1.314788 -1.369281 -1.252264
v 1.314788 -1.355941 -1.256311
v 1.314788 -1.342068 -1.257678
v 1.314788 -1.328195 -1.256311
v 1.314788 -1.314855 -1.252264
v 1.314788 -1.302561 -1.245693
v 1.314788 -1.291785 -1.236850
v 1.314788 -1.282941 -1.226074
v 1.314788 -1.276370 -1.213779
v 1.314788 -1.272323 -1.200439
v 1.314788 -1.243434 -1.186566
v 1.314788 -1.245329 -1.167324
v 1.314788 -1.250942 -1.148820
v 1.314788 -1.260056 -1.131768
v 1.314788 -1.272323 -1.116821
v 1.314788 -1.287270 -1.104555
v 1.314788 -1.304322 -1.095440
v 1.314788 -1.322826 -1.089827
v 1.314788 -1.342068 -1.087932
v 1.314788 -1.361311 -1.089827
v 1.314788 -1.379814 -1.095440
v 1.314788 -1.396867 -1.104555
v 1.314788 -1.411813 -1.116821
v 1.314788 -1.424080 -1.131768
v 1.314788 -1.433195 -1.148820
v 1.314788 -1.438808 -1.167324
v 1.314788 -1.440703 -1.186566
v 1.314788 -1.438808 -1.205809
v 1.314788 -1.433195 -1.224312
v 1.314788 -1.424080 -1.241365
v 1.314788 -1.411813 -1.256311
v 1.314788 -1.396867 -1.268578
v 1.314788 -1.379814 -1.277693
v 1.314788 -1.361311 -1.283306
v 1.314788 -1.342068 -1.285201
v 1.314788 -1.322826 -1.283306
v 1.314788 -1.304322 -1.277693
v 1.314788 -1.287270 -1.268578
v 1.314788 -1.272323 -1.256311
v 1.314788 -1.260056 -1.241365
v 1.314788 -1.250942 -1.224312
v 1.314788 -1.245329 -1.205809
v 1.296910 -1.270957 -1.186566
v 1.296910 -1.272323 -1.172693
v 1.296910 -1.276370 -1.159353
v 1.296910 -1.282941 -1.147059
v 1.296910 -1.291785 -1.136283
v 1.296910 -1.302561 -1.127439
v 1.296910 -1.314855 -1.120868
v 1.296910 -1.328195 -1.116821
v 1.296910 -1.342068 -1.115455
v 1.296910 -1.355941 -1.116821
v 1.296910 -1.369281 -1.120868
v 1.296910 -1.381575 -1.127439
v 1.296910 -1.392352 -1.136283
v 1.296910 -1.401195 -1.147059
v 1.296910 -1.407766 -1.159353
v 1.296910 -1.411813 -1.172693
v 1.296910 -1.413180 -1.186566
v 1.296910 -1.411813 -1.200439
v 1.296910 -1.407766 -1.213779
v 1.296910 -1.401195 -1.226074
v 1.296910 -1.392352 -1.236850
v 1.296910 -1.381575 -1.245693
v 1.296910 -1.369281 -1.252264
v 1.296910 -1.355941 -1.256311
v 1.296910 -1.342068 -1.257678
v 1.296910 -1.328195 -1.256311
v 1.296910 -1.314855 -1.252264
v 1.296910 -1.302561 -1.245693
v 1.296910 -1.291785 -1.236850
v 1.296910 -1.282941 -1.226074
v 1.296910 -1.276370 -1.213779
v 1.296910 -1.272323 -1.200439
v 0.997018 -1.280970 -1.186566
v 0.997018 -1.282144 -1.174647
v 0.997018 -1.285621 -1.163185
v 0.997018 -1.291267 -1.152622
v 0.997018 -1.298865 -1.143364
v 0.997018 -1.308124 -1.135765
v 0.997018 -1.318687 -1.130119
v 0.997018 -1.330148 -1.126642
v 0.997018 -1.342068 -1.125468
v 0.997018 -1.353988 -1.126642
v 0.997018 -1.365449 -1.130119
v 0.997018 -1.376012 -1.135765
v 0.997018 -1.385271 -1.143364
v 0.997018 -1.392869 -1.152622
v 0.997018 -1.398515 -1.163185
v 0.997018 -1.401992 -1.174647
v 0.997018 -1.403166 -1.186566
v 0.997018 -1.401992 -1.198486
v 0.997018 -1.398515 -1.209947
v 0.997018 -1.392869 -1.220510
v 0.997018 -1.385271 -1.229769
v 0.997018 -1.376012 -1.237367
v 0.997018 -1.365449 -1.243013
v 0.997018 -1.353988 -1.246490
v 0.997018 -1.342068 -1.247664
v 0.997018 -1.330149 -1.246490
v 0.997018 -1.318687 -1.243013
v 0.997018 -1.308124 -1.237367
v 0.997018 -1.298866 -1.229769
v 0.997018 -1.291267 -1.220510
v 0.997018 -1.285621 -1.209947
v 0.997018 -1.282144 -1.198486
v 0.972941 -1.253857 -1.169020
v 0.972941 -1.252129 -1.186566
v 0.972941 -1.258975 -1.152148
v 0.972941 -1.267286 -1.136599
v 0.972941 -1.278471 -1.122970
v 0.972941 -1.292101 -1.111785
v 0.972941 -1.307650 -1.103473
v 0.972941 -1.324522 -1.098355
v 0.972941 -1.342068 -1.096627
v 0.972941 -1.359614 -1.098355
v 0.972941 -1.376486 -1.103473
v 0.972941 -1.392036 -1.111785
v 0.972941 -1.405665 -1.122970
v 0.972941 -1.416850 -1.136599
v 0.972941 -1.425161 -1.152148
v 0.972941 -1.430279 -1.169020
v 0.972941 -1.432007 -1.186566
v 0.972941 -1.430279 -1.204113
v 0.972941 -1.425161 -1.220984
v 0.972941 -1.416850 -1.236534
v 0.972941 -1.405665 -1.250163
v 0.972941 -1.392036 -1.261348
v 0.972941 -1.376486 -1.269659
v 0.972941 -1.359614 -1.274777
v 0.972941 -1.342068 -1.276505
v 0.972941 -1.324522 -1.274777
v 0.972941 -1.307650 -1.269659
v 0.972941 -1.292101 -1.261348
v 0.972941 -1.278471 -1.250163
v 0.972941 -1.267286 -1.236534
v 0.972941 -1.258975 -1.220984
v 0.972941 -1.253857 -1.204113
vn 0.3918 0.9201 -0.0000
vn -0.4368 0.8996 -0.0000
vn 0.3918 0.9024 -0.1795
vn -0.4368 0.8823 -0.1755
vn 0.3918 0.8500 -0.3521
vn -0.4368 0.8311 -0.3442
vn 0.3918 0.7650 -0.5112
vn -0.4368 0.7480 -0.4998
vn 0.3918 0.6506 -0.6506
vn -0.4368 0.6361 -0.6361
vn 0.3918 0.5112 -0.7650
vn -0.4368 0.4998 -0.7480
vn 0.3918 0.3521 -0.8500
vn -0.4368 0.3442 -0.8311
vn 0.3918 0.1795 -0.9024
vn -0.4368 0.1755 -0.8823
vn 0.3918 -0.0000 -0.9200
vn -0.4368 -0.0000 -0.8996
vn 0.3918 -0.1795 -0.9024
vn -0.4368 -0.1755 -0.8823
vn 0.3918 -0.3521 -0.8500
vn -0.4368 -0.3442 -0.8311
vn 0.3918 -0.5112 -0.7650
vn -0.4368 -0.4998 -0.7480
vn 0.3918 -0.6506 -0.6506
vn -0.4368 -0.6361 -0.6361
vn 0.3918 -0.7650 -0.5112
vn -0.4368 -0.7480 -0.4998
vn 0.3918 -0.8500 -0.3521
vn -0.4368 -0.8311 -0.3442
vn 0.3918 -0.9024 -0.1795
vn -0.4368 -0.8823 -0.1755
vn 0.3918 -0.9201 -0.0000
vn -0.4368 -0.8996 -0.0000
vn 0.3918 -0.9024 0.1795
vn -0.4368 -0.8823 0.1755
vn 0.3918 -0.8500 0.3521
vn -0.4368 -0.8311 0.3442
vn 0.3918 -0.7650 0.5112
vn -0.4368 -0.7480 0.4998
vn 0.3918 -0.6506 0.6506
vn -0.4368 -0.6361 0.6361
vn 0.3918 -0.5111 0.7650
vn -0.4368 -0.4998 0.7480
vn 0.3918 -0.3521 0.8500
vn -0.4368 -0.3442 0.8311
vn 0.3918 -0.1795 0.9024
vn -0.4368 -0.1755 0.8823
vn 0.3918 -0.0000 0.9200
vn -0.4368 -0.0000 0.8996
vn 0.3918 0.1795 0.9024
vn -0.4368 0.1755 0.8823
vn 0.3918 0.3521 0.8500
vn -0.4368 0.3442 0.8311
vn 0.3918 0.5111 0.7650
vn -0.4368 0.4998 0.7480
vn 0.3918 0.6506 0.6506
vn -0.4368 0.6361 0.6361
vn 0.3918 0.7650 0.5112
vn -0.4368 0.7480 0.4998
vn 0.3918 0.8500 0.3521
vn -0.4368 0.8311 0.3442
vn 0.3918 0.9024 0.1795
vn -0.4368 0.8823 0.1755
vn -0.4163 0.9092 -0.0000
vn -0.4163 0.8918 -0.1774
vn -0.4163 0.8400 -0.3479
vn -0.4163 0.7560 -0.5051
vn -0.4163 0.6429 -0.6429
vn -0.4163 0.5051 -0.7560
vn -0.4163 0.3479 -0.8400
vn -0.4163 0.1774 -0.8918
vn -0.4163 -0.0000 -0.9092
vn -0.4163 -0.1774 -0.8918
vn -0.4163 -0.3479 -0.8400
vn -0.4163 -0.5051 -0.7560
vn -0.4163 -0.6429 -0.6429
vn -0.4163 -0.7560 -0.5051
vn -0.4163 -0.8400 -0.3479
vn -0.4163 -0.8918 -0.1774
vn -0.4163 -0.9092 -0.0000
vn -0.4163 -0.8918 0.1774
vn -0.4163 -0.8400 0.3479
vn -0.4163 -0.7560 0.5051
vn -0.4163 -0.6429 0.6429
vn -0.4163 -0.5051 0.7560
vn -0.4163 -0.3479 0.8400
vn -0.4163 -0.1774 0.8918
vn -0.4163 -0.0000 0.9092
vn -0.4163 0.1774 0.8918
vn -0.4163 0.3479 0.8400
vn -0.4163 0.5051 0.7560
vn -0.4163 0.6429 0.6429
vn -0.4163 0.7560 0.5051
vn -0.4163 0.8400 0.3479
vn -0.4163 0.8918 0.1774
vn 0.7405 0.6720 -0.0000
vn 0.7405 0.6591 -0.1311
vn 0.7405 0.6209 -0.2572
vn 0.7405 0.5588 -0.3734
vn 0.7405 0.4752 -0.4752
vn 0.7405 0.3734 -0.5588
vn 0.7405 0.2572 -0.6209
vn 0.7405 0.1311 -0.6591
vn 0.7405 -0.0000 -0.6720
vn 0.7405 -0.1311 -0.6591
vn 0.7405 -0.2572 -0.6209
vn 0.7405 -0.3734 -0.5588
vn 0.7405 -0.4752 -0.4752
vn 0.7405 -0.5588 -0.3734
vn 0.7405 -0.6209 -0.2572
vn 0.7405 -0.6591 -0.1311
vn 0.7405 -0.6720 -0.0000
vn 0.7405 -0.6591 0.1311
vn 0.7405 -0.6209 0.2572
vn 0.7405 -0.5588 0.3733
vn 0.7405 -0.4752 0.4752
vn 0.7405 -0.3734 0.5588
vn 0.7405 -0.2572 0.6209
vn 0.7405 -0.1311 0.6591
vn 0.7405 -0.0000 0.6720
vn 0.7405 0.1311 0.6591
vn 0.7405 0.2572 0.6209
vn 0.7405 0.3734 0.5588
vn 0.7405 0.4752 0.4752
vn 0.7405 0.5588 0.3734
vn 0.7405 0.6209 0.2572
vn 0.7405 0.6591 0.1311
vn 0.3749 0.9271 -0.0000
vn 0.3749 0.9093 -0.1809
vn 0.3749 0.8565 -0.3548
vn 0.3749 0.7708 -0.5151
vn 0.3749 0.6555 -0.6555
vn 0.3749 0.5151 -0.7708
vn 0.3749 0.3548 -0.8565
vn 0.3749 0.1809 -0.9093
vn 0.3749 -0.0000 -0.9271
vn 0.3749 -0.1809 -0.9093
vn 0.3749 -0.3548 -0.8565
vn 0.3749 -0.5151 -0.7708
vn 0.3749 -0.6555 -0.6555
vn 0.3749 -0.7708 -0.5151
vn 0.3749 -0.8565 -0.3548
vn 0.3749 -0.9093 -0.1809
vn 0.3749 -0.9271 -0.0000
vn 0.3749 -0.9093 0.1809
vn 0.3749 -0.8565 0.3548
vn 0.3749 -0.7708 0.5151
vn 0.3749 -0.6555 0.6555
vn 0.3749 -0.5151 0.7708
vn 0.3749 -0.3548 0.8565
vn 0.3749 -0.1809 0.9093
vn 0.3749 -0.0000 0.9271
vn 0.3749 0.1809 0.9093
vn 0.3749 0.3548 0.8565
vn 0.3749 0.5151 0.7708
vn 0.3749 0.6555 0.6555
vn 0.3749 0.7708 0.5151
vn 0.3749 0.8565 0.3548
vn 0.3749 0.9093 0.1809
vn -0.6955 0.7185 -0.0000
vn -0.6955 0.7047 -0.1402
vn -0.6955 0.6638 -0.2750
vn -0.6955 0.5974 -0.3992
vn -0.6955 0.5081 -0.5081
vn -0.6955 0.3992 -0.5974
vn -0.6955 0.2750 -0.6638
vn -0.6955 0.1402 -0.7047
vn -0.6955 -0.0000 -0.7185
vn -0.6955 -0.1402 -0.7047
vn -0.6955 -0.2750 -0.6638
vn -0.6955 -0.3992 -0.5974
vn -0.6955 -0.5081 -0.5081
vn -0.6955 -0.5974 -0.3992
vn -0.6955 -0.6638 -0.2750
vn -0.6955 -0.7047 -0.1402
vn -0.6955 -0.7185 -0.0000
vn -0.6955 -0.7047 0.1402
vn -0.6955 -0.6638 0.2750
vn -0.6955 -0.5974 0.3992
vn -0.6955 -0.5081 0.5081
vn -0.6955 -0.3992 0.5974
vn -0.6955 -0.2750 0.6638
vn -0.6955 -0.1402 0.7047
vn -0.6955 -0.0000 0.7185
vn -0.6955 0.1402 0.7047
vn -0.6955 0.2750 0.6638
vn -0.6955 0.3992 0.5974
vn -0.6955 0.5081 0.5081
vn -0.6955 0.5974 0.3992
vn -0.6955 0.6638 0.2750
vn -0.6955 0.7047 0.1402
vn -0.7298 -0.6836 -0.0000
vn -0.7298 -0.6705 0.1334
vn -0.7298 -0.6316 0.2616
vn -0.7298 -0.5684 0.3798
vn -0.7298 -0.4834 0.4834
vn -0.7298 -0.3798 0.5684
vn -0.7298 -0.2616 0.6316
vn -0.7298 -0.1334 0.6705
vn -0.7298 -0.0000 0.6836
vn -0.7298 0.1334 0.6705
vn -0.7298 0.2616 0.6316
vn -0.7298 0.3798 0.5684
vn -0.7298 0.4834 0.4834
vn -0.7298 0.5684 0.3798
vn -0.7298 0.6316 0.2616
vn -0.7298 0.6705 0.1334
vn -0.7298 0.6836 -0.0000
vn -0.7298 0.6705 -0.1334
vn -0.7298 0.6316 -0.2616
vn -0.7298 0.5684 -0.3798
vn -0.7298 0.4834 -0.4834
vn -0.7298 0.3798 -0.5684
vn -0.7298 0.2616 -0.6316
vn -0.7298 0.1334 -0.6705
vn -0.7298 -0.0000 -0.6836
vn -0.7298 -0.1334 -0.6705
vn -0.7298 -0.2616 -0.6316
vn -0.7298 -0.3798 -0.5684
vn -0.7298 -0.4834 -0.4834
vn -0.7298 -0.5684 -0.3798
vn -0.7298 -0.6316 -0.2616
vn -0.7298 -0.6705 -0.1334
vn -0.9999 -0.0153 -0.0000
vn -0.9999 -0.0150 0.0030
vn -0.9999 -0.0141 0.0059
vn -0.9999 -0.0127 0.0085
vn -0.9999 -0.0108 0.0108
vn -0.9999 -0.0085 0.0127
vn -0.9999 -0.0059 0.0141
vn -0.9999 -0.0030 0.0150
vn -0.9999 -0.0000 0.0153
vn -0.9999 0.0030 0.0150
vn -0.9999 0.0059 0.0141
vn -0.9999 0.0085 0.0127
vn -0.9999 0.0108 0.0108
vn -0.9999 0.0127 0.0085
vn -0.9999 0.0141 0.0059
vn -0.9999 0.0150 0.0030
vn -0.9999 0.0153 -0.0000
vn -0.9999 0.0150 -0.0030
vn -0.9999 0.0141 -0.0059
vn -0.9999 0.0127 -0.0085
vn -0.9999 0.0108 -0.0108
vn -0.9999 0.0085 -0.0127
vn -0.9999 0.0059 -0.0141
vn -0.9999 0.0030 -0.0150
vn -0.9999 -0.0000 -0.0153
vn -0.9999 -0.0030 -0.0150
vn -0.9999 -0.0059 -0.0141
vn -0.9999 -0.0085 -0.0127
vn -0.9999 -0.0108 -0.0108
vn -0.9999 -0.0127 -0.0085
vn -0.9999 -0.0141 -0.0059
vn -0.9999 -0.0150 -0.0030
vn -0.6857 -0.7279 -0.0000
vn -0.6857 -0.7139 0.1420
vn -0.6857 -0.6725 0.2785
vn -0.6857 -0.6052 0.4044
vn -0.6857 -0.5147 0.5147
vn -0.6857 -0.4044 0.6052
vn -0.6857 -0.2785 0.6725
vn -0.6857 -0.1420 0.7139
vn -0.6857 -0.0000 0.7279
vn -0.6857 0.1420 0.7139
vn -0.6857 0.2785 0.6725
vn -0.6857 0.4044 0.6052
vn -0.6857 0.5147 0.5147
vn -0.6857 0.6052 0.4044
vn -0.6857 0.6725 0.2785
vn -0.6857 0.7139 0.1420
vn -0.6857 0.7279 -0.0000
vn -0.6857 0.7139 -0.1420
vn -0.6857 0.6725 -0.2785
vn -0.6857 0.6052 -0.4044
vn -0.6857 0.5147 -0.5147
vn -0.6857 0.4044 -0.6052
vn -0.6857 0.2786 -0.6725
vn -0.6857 0.1420 -0.7139
vn -0.6857 -0.0000 -0.7279
vn -0.6857 -0.1420 -0.7139
vn -0.6857 -0.2786 -0.6725
vn -0.6857 -0.4044 -0.6052
vn -0.6857 -0.5147 -0.5147
vn -0.6857 -0.6052 -0.4044
vn -0.6857 -0.6725 -0.2785
vn -0.6857 -0.7139 -0.1420
vn 0.9332 -0.3594 -0.0000
vn 0.9332 -0.3525 0.0701
vn 0.9332 -0.3320 0.1375
vn 0.9332 -0.2988 0.1997
vn 0.9332 -0.2541 0.2541
vn 0.9332 -0.1997 0.2988
vn 0.9332 -0.1375 0.3320
vn 0.9332 -0.0701 0.3525
vn 0.9332 -0.0000 0.3594
vn 0.9332 0.0701 0.3525
vn 0.9332 0.1375 0.3320
vn 0.9332 0.1997 0.2988
vn 0.9332 0.2541 0.2541
vn 0.9332 0.2988 0.1997
vn 0.9332 0.3320 0.1375
vn 0.9332 0.3525 0.0701
vn 0.9332 0.3594 -0.0000
vn 0.9332 0.3525 -0.0701
vn 0.9332 0.3320 -0.1375
vn 0.9332 0.2988 -0.1997
vn 0.9332 0.2541 -0.2541
vn 0.9332 0.1997 -0.2988
vn 0.9332 0.1375 -0.3320
vn 0.9332 0.0701 -0.3525
vn 0.9332 -0.0000 -0.3594
vn 0.9332 -0.0701 -0.3525
vn 0.9332 -0.1375 -0.3320
vn 0.9332 -0.1997 -0.2988
vn 0.9332 -0.2541 -0.2541
vn 0.9332 -0.2988 -0.1997
vn 0.9332 -0.3320 -0.1375
vn 0.9332 -0.3525 -0.0701
vn 0.9147 -0.3964 0.0788
vn 0.9147 -0.4042 -0.0000
vn 0.9147 -0.3734 0.1547
vn 0.9147 -0.3361 0.2245
vn 0.9147 -0.2858 0.2858
vn 0.9147 -0.2245 0.3361
vn 0.9147 -0.1547 0.3734
vn 0.9147 -0.0788 0.3964
vn 0.9147 -0.0000 0.4042
vn 0.9147 0.0788 0.3964
vn 0.9147 0.1547 0.3734
vn 0.9147 0.2245 0.3361
vn 0.9147 0.2858 0.2858
vn 0.9147 0.3361 0.2245
vn 0.9147 0.3734 0.1547
vn 0.9147 0.3964 0.0788
vn 0.9147 0.4042 -0.0000
vn 0.9147 0.3964 -0.0788
vn 0.9147 0.3734 -0.1547
vn 0.9147 0.3361 -0.2245
vn 0.9147 0.2858 -0.2858
vn 0.9147 0.2245 -0.3361
vn 0.9147 0.1547 -0.3734
vn 0.9147 0.0788 -0.3964
vn 0.9147 -0.0000 -0.4042
vn 0.9147 -0.0788 -0.3964
vn 0.9147 -0.1547 -0.3734
vn 0.9147 -0.2245 -0.3361
vn 0.9147 -0.2858 -0.2858
vn 0.9147 -0.3361 -0.2245
vn 0.9147 -0.3734 -0.1547
vn 0.9147 -0.3964 -0.0788
vn 0.3918 0.5112 0.7650
vn 0.3918 -0.5112 0.7650
vn 0.3918 -0.5111 -0.7650
vn 0.3918 0.5111 -0.7650
vn 0.7405 -0.5588 0.3734
vn -0.6857 -0.2785 -0.6725
vn -0.6857 0.2785 -0.6725
vn -0.6857 0.2786 0.6725
vn -0.6857 -0.2786 0.6725
vn -0.3918 0.9201 -0.0000
vn 0.4368 0.8996 -0.0000
vn -0.3918 0.9024 -0.1795
vn 0.4368 0.8823 -0.1755
vn -0.3918 0.8500 -0.3521
vn 0.4368 0.8311 -0.3442
vn -0.3918 0.7650 -0.5112
vn 0.4368 0.7480 -0.4998
vn -0.3918 0.6506 -0.6506
vn 0.4368 0.6361 -0.6361
vn -0.3918 0.5112 -0.7650
vn 0.4368 0.4998 -0.7480
vn -0.3918 0.3521 -0.8500
vn 0.4368 0.3442 -0.8311
vn -0.3918 0.1795 -0.9024
vn 0.4368 0.1755 -0.8823
vn -0.3918 -0.0000 -0.9200
vn 0.4368 -0.0000 -0.8996
vn -0.3918 -0.1795 -0.9024
vn 0.4368 -0.1755 -0.8823
vn -0.3918 -0.3521 -0.8500
vn 0.4368 -0.3442 -0.8311
vn -0.3918 -0.5112 -0.7650
vn 0.4368 -0.4998 -0.7480
vn -0.3918 -0.6506 -0.6506
vn 0.4368 -0.6361 -0.6361
vn -0.3918 -0.7650 -0.5112
vn 0.4368 -0.7480 -0.4998
vn -0.3918 -0.8500 -0.3521
vn 0.4368 -0.8311 -0.3442
vn -0.3918 -0.9024 -0.1795
vn 0.4368 -0.8823 -0.1755
vn -0.3918 -0.9201 -0.0000
vn 0.4368 -0.8996 -0.0000
vn -0.3918 -0.9024 0.1795
vn 0.4368 -0.8823 0.1755
vn -0.3918 -0.8500 0.3521
vn 0.4368 -0.8311 0.3442
vn -0.3918 -0.7650 0.5112
vn 0.4368 -0.7480 0.4998
vn -0.3918 -0.6506 0.6506
vn 0.4368 -0.6361 0.6361
vn -0.3918 -0.5111 0.7650
vn 0.4368 -0.4998 0.7480
vn -0.3918 -0.3521 0.8500
vn 0.4368 -0.3442 0.8311
vn -0.3918 -0.1795 0.9024
vn 0.4368 -0.1755 0.8823
vn -0.3918 -0.0000 0.9200
vn 0.4368 -0.0000 0.8996
vn -0.3918 0.1795 0.9024
vn 0.4368 0.1755 0.8823
vn -0.3918 0.3521 0.8500
vn 0.4368 0.3442 0.8311
vn -0.3918 0.5111 0.7650
vn 0.4368 0.4998 0.7480
vn -0.3918 0.6506 0.6506
vn 0.4368 0.6361 0.6361
vn -0.3918 0.7650 0.5112
vn 0.4368 0.7480 0.4998
vn -0.3918 0.8500 0.3521
vn 0.4368 0.8311 0.3442
vn -0.3918 0.9024 0.1795
vn 0.4368 0.8823 0.1755
vn 0.4163 0.9092 -0.0000
vn 0.4163 0.8918 -0.1774
vn 0.4163 0.8400 -0.3479
vn 0.4163 0.7560 -0.5051
vn 0.4163 0.6429 -0.6429
vn 0.4163 0.5051 -0.7560
vn 0.4163 0.3479 -0.8400
vn 0.4163 0.1774 -0.8918
vn 0.4163 -0.0000 -0.9092
vn 0.4163 -0.1774 -0.8918
vn 0.4163 -0.3479 -0.8400
vn 0.4163 -0.5051 -0.7560
vn 0.4163 -0.6429 -0.6429
vn 0.4163 -0.7560 -0.5051
vn 0.4163 -0.8400 -0.3479
vn 0.4163 -0.8918 -0.1774
vn 0.4163 -0.9092 -0.0000
vn 0.4163 -0.8918 0.1774
vn 0.4163 -0.8400 0.3479
vn 0.4163 -0.7560 0.5051
vn 0.4163 -0.6429 0.6429
vn 0.4163 -0.5051 0.7560
vn 0.4163 -0.3479 0.8400
vn 0.4163 -0.1774 0.8918
vn 0.4163 -0.0000 0.9092
vn 0.4163 0.1774 0.8918
vn 0.4163 0.3479 0.8400
vn 0.4163 0.5051 0.7560
vn 0.4163 0.6429 0.6429
vn 0.4163 0.7560 0.5051
vn 0.4163 0.8400 0.3479
vn 0.4163 0.8918 0.1774
vn -0.7405 0.6720 -0.0000
vn -0.7405 0.6591 -0.1311
vn -0.7405 0.6209 -0.2572
vn -0.7405 0.5588 -0.3734
vn -0.7405 0.4752 -0.4752
vn -0.7405 0.3734 -0.5588
vn -0.7405 0.2572 -0.6209
vn -0.7405 0.1311 -0.6591
vn -0.7405 -0.0000 -0.6720
vn -0.7405 -0.1311 -0.6591
vn -0.7405 -0.2572 -0.6209
vn -0.7405 -0.3734 -0.5588
vn -0.7405 -0.4752 -0.4752
vn -0.7405 -0.5588 -0.3734
vn -0.7405 -0.6209 -0.2572
vn -0.7405 -0.6591 -0.1311
vn -0.7405 -0.6720 -0.0000
vn -0.7405 -0.6591 0.1311
vn -0.7405 -0.6209 0.2572
vn -0.7405 -0.5588 0.3734
vn -0.7405 -0.4752 0.4752
vn -0.7405 -0.3733 0.5588
vn -0.7405 -0.2572 0.6209
vn -0.7405 -0.1311 0.6591
vn -0.7405 -0.0000 0.6720
vn -0.7405 0.1311 0.6591
vn -0.7405 0.2572 0.6209
vn -0.7405 0.3734 0.5588
vn -0.7405 0.4752 0.4752
vn -0.7405 0.5588 0.3734
vn -0.7405 0.6209 0.2572
vn -0.7405 0.6591 0.1311
vn -0.3749 0.9271 -0.0000
vn -0.3749 0.9093 -0.1809
vn -0.3749 0.8565 -0.3548
vn -0.3749 0.7708 -0.5151
vn -0.3749 0.6555 -0.6555
vn -0.3749 0.5151 -0.7708
vn -0.3749 0.3548 -0.8565
vn -0.3749 0.1809 -0.9093
vn -0.3749 -0.0000 -0.9271
vn -0.3749 -0.1809 -0.9093
vn -0.3749 -0.3548 -0.8565
vn -0.3749 -0.5151 -0.7708
vn -0.3749 -0.6555 -0.6555
vn -0.3749 -0.7708 -0.5151
vn -0.3749 -0.8565 -0.3548
vn -0.3749 -0.9093 -0.1809
vn -0.3749 -0.9271 -0.0000
vn -0.3749 -0.9093 0.1809
vn -0.3749 -0.8565 0.3548
vn -0.3749 -0.7708 0.5151
vn -0.3749 -0.6555 0.6555
vn -0.3749 -0.5151 0.7708
vn -0.3749 -0.3548 0.8565
vn -0.3749 -0.1809 0.9093
vn -0.3749 -0.0000 0.9271
vn -0.3749 0.1809 0.9093
vn -0.3749 0.3548 0.8565
vn -0.3749 0.5151 0.7708
vn -0.3749 0.6555 0.6555
vn -0.3749 0.7708 0.5151
vn -0.3749 0.8565 0.3548
vn -0.3749 0.9093 0.1809
vn 0.6955 0.7185 -0.0000
vn 0.6955 0.7047 -0.1402
vn 0.6955 0.6638 -0.2750
vn 0.6955 0.5974 -0.3992
vn 0.6955 0.5081 -0.5081
vn 0.6955 0.3992 -0.5974
vn 0.6955 0.2750 -0.6638
vn 0.6955 0.1402 -0.7047
vn 0.6955 -0.0000 -0.7185
vn 0.6955 -0.1402 -0.7047
vn 0.6955 -0.2750 -0.6638
vn 0.6955 -0.3992 -0.5974
vn 0.6955 -0.5081 -0.5081
vn 0.6955 -0.5974 -0.3992
vn 0.6955 -0.6638 -0.2750
vn 0.6955 -0.7047 -0.1402
vn 0.6955 -0.7185 -0.0000
vn 0.6955 -0.7047 0.1402
vn 0.6955 -0.6638 0.2750
vn 0.6955 -0.5974 0.3992
vn 0.6955 -0.5081 0.5081
vn 0.6955 -0.3992 0.5974
vn 0.6955 -0.2750 0.6638
vn 0.6955 -0.1402 0.7047
vn 0.6955 -0.0000 0.7185
vn 0.6955 0.1402 0.7047
vn 0.6955 0.2750 0.6638
vn 0.6955 0.3992 0.5974
vn 0.6955 0.5081 0.5081
vn 0.6955 0.5974 0.3992
vn 0.6955 0.6638 0.2750
vn 0.6955 0.7047 0.1402
vn 0.7298 -0.6836 -0.0000
vn 0.7298 -0.6705 0.1334
vn 0.7298 -0.6316 0.2616
vn 0.7298 -0.5684 0.3798
vn 0.7298 -0.4834 0.4834
vn 0.7298 -0.3798 0.5684
vn 0.7298 -0.2616 0.6316
vn 0.7298 -0.1334 0.6705
vn 0.7298 -0.0000 0.6836
vn 0.7298 0.1334 0.6705
vn 0.7298 0.2616 0.6316
vn 0.7298 0.3798 0.5684
vn 0.7298 0.4834 0.4834
vn 0.7298 0.5684 0.3798
vn 0.7298 0.6316 0.2616
vn 0.7298 0.6705 0.1334
vn 0.7298 0.6836 -0.0000
vn 0.7298 0.6705 -0.1334
vn 0.7298 0.6316 -0.2616
vn 0.7298 0.5684 -0.3798
vn 0.7298 0.4834 -0.4834
vn 0.7298 0.3798 -0.5684
vn 0.7298 0.2616 -0.6316
vn 0.7298 0.1334 -0.6705
vn 0.7298 -0.0000 -0.6836
vn 0.7298 -0.1334 -0.6705
vn 0.7298 -0.2616 -0.6316
vn 0.7298 -0.3798 -0.5684
vn 0.7298 -0.4834 -0.4834
vn 0.7298 -0.5684 -0.3798
vn 0.7298 -0.6316 -0.2616
vn 0.7298 -0.6705 -0.1334
vn 0.9999 -0.0153 -0.0000
vn 0.9999 -0.0150 0.0030
vn 0.9999 -0.0141 0.0059
vn 0.9999 -0.0127 0.0085
vn 0.9999 -0.0108 0.0108
vn 0.9999 -0.0085 0.0127
vn 0.9999 -0.0059 0.0141
vn 0.9999 -0.0030 0.0150
vn 0.9999 -0.0000 0.0153
vn 0.9999 0.0030 0.0150
vn 0.9999 0.0059 0.0141
vn 0.9999 0.0085 0.0127
vn 0.9999 0.0108 0.0108
vn 0.9999 0.0127 0.0085
vn 0.9999 0.0141 0.0059
vn 0.9999 0.0150 0.0030
vn 0.9999 0.0153 -0.0000
vn 0.9999 0.0150 -0.0030
vn 0.9999 0.0141 -0.0059
vn 0.9999 0.0127 -0.0085
vn 0.9999 0.0108 -0.0108
vn 0.9999 0.0085 -0.0127
vn 0.9999 0.0059 -0.0141
vn 0.9999 0.0030 -0.0150
vn 0.9999 -0.0000 -0.0153
vn 0.9999 -0.0030 -0.0150
vn 0.9999 -0.0059 -0.0141
vn 0.9999 -0.0085 -0.0127
vn 0.9999 -0.0108 -0.0108
vn 0.9999 -0.0127 -0.0085
vn 0.9999 -0.0141 -0.0059
vn 0.9999 -0.0150 -0.0030
vn 0.6857 -0.7279 -0.0000
vn 0.6857 -0.7139 0.1420
vn 0.6857 -0.6725 0.2785
vn 0.6857 -0.6052 0.4044
vn 0.6857 -0.5147 0.5147
vn 0.6857 -0.4044 0.6052
vn 0.6857 -0.2785 0.6725
vn 0.6857 -0.1420 0.7139
vn 0.6857 -0.0000 0.7279
vn 0.6857 0.1420 0.7139
vn 0.6857 0.2785 0.6725
vn 0.6857 0.4044 0.6052
vn 0.6857 0.5147 0.5147
vn 0.6857 0.6052 0.4044
vn 0.6857 0.6725 0.2785
vn 0.6857 0.7139 0.1420
vn 0.6857 0.7279 -0.0000
vn 0.6857 0.7139 -0.1420
vn 0.6857 0.6725 -0.2785
vn 0.6857 0.6052 -0.4044
vn 0.6857 0.5147 -0.5147
vn 0.6857 0.4044 -0.6052
vn 0.6857 0.2786 -0.6725
vn 0.6857 0.1420 -0.7139
vn 0.6857 -0.0000 -0.7279
vn 0.6857 -0.1420 -0.7139
vn 0.6857 -0.2786 -0.6725
vn 0.6857 -0.4044 -0.6052
vn 0.6857 -0.5147 -0.5147
vn 0.6857 -0.6052 -0.4044
vn 0.6857 -0.6725 -0.2785
vn 0.6857 -0.7139 -0.1420
vn -0.9332 -0.3594 -0.0000
vn -0.9332 -0.3525 0.0701
vn -0.9332 -0.3320 0.1375
vn -0.9332 -0.2988 0.1997
vn -0.9332 -0.2541 0.2541
vn -0.9332 -0.1997 0.2988
vn -0.9332 -0.1375 0.3320
vn -0.9332 -0.0701 0.3525
vn -0.9332 -0.0000 0.3594
vn -0.9332 0.0701 0.3525
vn -0.9332 0.1375 0.3320
vn -0.9332 0.1997 0.2988
vn -0.9332 0.2541 0.2541
vn -0.9332 0.2988 0.1997
vn -0.9332 0.3320 0.1375
vn -0.9332 0.3525 0.0701
vn -0.9332 0.3594 -0.0000
vn -0.9332 0.3525 -0.0701
vn -0.9332 0.3320 -0.1375
vn -0.9332 0.2988 -0.1997
vn -0.9332 0.2541 -0.2541
vn -0.9332 0.1997 -0.2988
vn -0.9332 0.1375 -0.3320
vn -0.9332 0.0701 -0.3525
vn -0.9332 -0.0000 -0.3594
vn -0.9332 -0.0701 -0.3525
vn -0.9332 -0.1375 -0.3320
vn -0.9332 -0.1997 -0.2988
vn -0.9332 -0.2541 -0.2541
vn -0.9332 -0.2988 -0.1997
vn -0.9332 -0.3320 -0.1375
vn -0.9332 -0.3525 -0.0701
vn -0.9147 -0.3964 0.0788
vn -0.9147 -0.4042 -0.0000
vn -0.9147 -0.3734 0.1547
vn -0.9147 -0.3361 0.2245
vn -0.9147 -0.2858 0.2858
vn -0.9147 -0.2245 0.3361
vn -0.9147 -0.1547 0.3734
vn -0.9147 -0.0788 0.3964
vn -0.9147 -0.0000 0.4042
vn -0.9147 0.0788 0.3964
vn -0.9147 0.1547 0.3734
vn -0.9147 0.2245 0.3361
vn -0.9147 0.2858 0.2858
vn -0.9147 0.3361 0.2245
vn -0.9147 0.3734 0.1547
vn -0.9147 0.3964 0.0788
vn -0.9147 0.4042 -0.0000
vn -0.9147 0.3964 -0.0788
vn -0.9147 0.3734 -0.1547
vn -0.9147 0.3361 -0.2245
vn -0.9147 0.2858 -0.2858
vn -0.9147 0.2245 -0.3361
vn -0.9147 0.1547 -0.3734
vn -0.9147 0.0788 -0.3964
vn -0.9147 -0.0000 -0.4042
vn -0.9147 -0.0788 -0.3964
vn -0.9147 -0.1547 -0.3734
vn -0.9147 -0.2245 -0.3361
vn -0.9147 -0.2858 -0.2858
vn -0.9147 -0.3361 -0.2245
vn -0.9147 -0.3734 -0.1547
vn -0.9147 -0.3964 -0.0788
vn -0.3918 0.5112 0.7650
vn -0.3918 -0.5112 0.7650
vn -0.3918 -0.5111 -0.7650
vn -0.3918 0.5111 -0.7650
vn -0.7405 -0.3734 0.5588
vn 0.6857 -0.2785 -0.6725
vn 0.6857 0.2785 -0.6725
vn 0.6857 0.2786 0.6725
vn 0.6857 -0.2786 0.6725
vt 1.000000 0.500000
vt 1.000000 1.000000
vt 0.968750 1.000000
vt 0.968750 0.500000
vt 0.937500 1.000000
vt 0.937500 0.500000
vt 0.906250 1.000000
vt 0.906250 0.500000
vt 0.875000 1.000000
vt 0.875000 0.500000
vt 0.843750 1.000000
vt 0.843750 0.500000
vt 0.812500 1.000000
vt 0.812500 0.500000
vt 0.781250 1.000000
vt 0.781250 0.500000
vt 0.750000 1.000000
vt 0.750000 0.500000
vt 0.718750 1.000000
vt 0.718750 0.500000
vt 0.687500 1.000000
vt 0.687500 0.500000
vt 0.656250 1.000000
vt 0.656250 0.500000
vt 0.625000 1.000000
vt 0.625000 0.500000
vt 0.593750 1.000000
vt 0.593750 0.500000
vt 0.562500 1.000000
vt 0.562500 0.500000
vt 0.531250 1.000000
vt 0.531250 0.500000
vt 0.500000 1.000000
vt 0.500000 0.500000
vt 0.468750 1.000000
vt 0.468750 0.500000
vt 0.437500 1.000000
vt 0.437500 0.500000
vt 0.406250 1.000000
vt 0.406250 0.500000
vt 0.375000 1.000000
vt 0.375000 0.500000
vt 0.343750 1.000000
vt 0.343750 0.500000
vt 0.312500 1.000000
vt 0.312500 0.500000
vt 0.281250 1.000000
vt 0.281250 0.500000
vt 0.250000 1.000000
vt 0.250000 0.500000
vt 0.218750 1.000000
vt 0.218750 0.500000
vt 0.187500 1.000000
vt 0.187500 0.500000
vt 0.156250 1.000000
vt 0.156250 0.500000
vt 0.125000 1.000000
vt 0.125000 0.500000
vt 0.093750 1.000000
vt 0.093750 0.500000
vt 0.062500 1.000000
vt 0.062500 0.500000
vt 0.031250 1.000000
vt 0.031250 0.500000
vt 0.000000 1.000000
vt 0.000000 0.500000
vt 0.580294 0.080294
vt 0.550447 0.116663
vt 0.796822 0.485388
vt 0.750000 0.490000
vt 0.841844 0.471731
vt 0.883337 0.449553
vt 0.919706 0.419706
vt 0.949553 0.383337
vt 0.971731 0.341844
vt 0.985388 0.296822
vt 0.990000 0.250000
vt 0.985388 0.203178
vt 0.971731 0.158156
vt 0.949553 0.116663
vt 0.919706 0.080294
vt 0.883337 0.050447
vt 0.841844 0.028269
vt 0.796822 0.014612
vt 0.750000 0.010000
vt 0.703178 0.014612
vt 0.658156 0.028269
vt 0.616663 0.050447
vt 0.528269 0.158156
vt 0.514612 0.203178
vt 0.510000 0.250000
vt 0.514612 0.296822
vt 0.528269 0.341844
vt 0.550447 0.383337
vt 0.580294 0.419706
vt 0.616663 0.449553
vt 0.658156 0.471731
vt 0.703178 0.485388
vt 0.281807 0.409905
vt 0.250000 0.413037
vt 0.218193 0.409905
vt 0.187608 0.400627
vt 0.159421 0.385561
vt 0.134715 0.365285
vt 0.114440 0.340579
vt 0.099373 0.312391
vt 0.090095 0.281807
vt 0.086963 0.250000
vt 0.090095 0.218193
vt 0.099373 0.187609
vt 0.114440 0.159421
vt 0.134715 0.134715
vt 0.159421 0.114439
vt 0.187609 0.099373
vt 0.218193 0.090095
vt 0.250000 0.086963
vt 0.281807 0.090095
vt 0.312392 0.099373
vt 0.340579 0.114439
vt 0.365285 0.134715
vt 0.385561 0.159421
vt 0.400627 0.187608
vt 0.409905 0.218193
vt 0.413037 0.250000
vt 0.409905 0.281807
vt 0.400627 0.312391
vt 0.385561 0.340579
vt 0.365285 0.365285
vt 0.340579 0.385561
vt 0.312392 0.400627
vt 0.296822 0.485388
vt 0.250000 0.490000
vt 0.341844 0.471731
vt 0.383337 0.449553
vt 0.419706 0.419706
vt 0.449553 0.383337
vt 0.471731 0.341844
vt 0.485388 0.296822
vt 0.490000 0.250000
vt 0.485388 0.203178
vt 0.471731 0.158156
vt 0.449553 0.116663
vt 0.419706 0.080294
vt 0.383337 0.050447
vt 0.341844 0.028269
vt 0.296822 0.014612
vt 0.250000 0.010000
vt 0.203178 0.014612
vt 0.158156 0.028269
vt 0.116663 0.050447
vt 0.080294 0.080294
vt 0.050447 0.116663
vt 0.028269 0.158156
vt 0.014612 0.203178
vt 0.010000 0.250000
vt 0.014612 0.296822
vt 0.028269 0.341844
vt 0.050447 0.383337
vt 0.080294 0.419706
vt 0.116663 0.449553
vt 0.158156 0.471731
vt 0.203178 0.485388
s 1
f 626/127/574 627/128/575 629/129/577 628/130/576
f 628/130/576 629/129/577 631/131/579 630/132/578
f 630/132/578 631/131/579 633/133/581 632/134/580
f 632/134/580 633/133/581 635/135/583 634/136/582
f 634/136/582 635/135/583 637/137/585 636/138/584
f 636/138/584 637/137/585 639/139/587 638/140/586
f 638/140/586 639/139/587 641/141/589 640/142/588
f 640/142/588 641/141/589 643/143/591 642/144/590
f 642/144/590 643/143/591 645/145/593 644/146/592
f 644/146/592 645/145/593 647/147/595 646/148/594
f 646/148/594 647/147/595 649/149/597 648/150/596
f 648/150/596 649/149/597 651/151/599 650/152/598
f 650/152/598 651/151/599 653/153/601 652/154/600
f 652/154/600 653/153/601 655/155/603 654/156/602
f 654/156/602 655/155/603 657/157/605 656/158/604
f 656/158/604 657/157/605 659/159/607 658/160/606
f 658/160/606 659/159/607 661/161/609 660/162/608
f 660/162/608 661/161/609 663/163/611 662/164/610
f 662/164/610 663/163/611 665/165/613 664/166/612
f 664/166/612 665/165/613 667/167/615 666/168/614
f 666/168/614 667/167/615 669/169/617 668/170/616
f 668/170/616 669/169/617 671/171/619 670/172/618
f 670/172/618 671/171/619 673/173/621 672/174/620
f 672/174/620 673/173/621 675/175/623 674/176/622
f 674/176/622 675/175/623 677/177/625 676/178/624
f 676/178/624 677/177/625 679/179/627 678/180/626
f 678/180/626 679/179/627 681/181/629 680/182/628
f 680/182/628 681/181/629 683/183/631 682/184/630
f 682/184/630 683/183/631 685/185/633 684/186/632
f 684/186/632 685/185/633 687/187/635 686/188/634
f 673/173/621 671/171/619 712/171/660 713/173/661
f 686/188/634 687/187/635 689/189/637 688/190/636
f 688/190/636 689/189/637 627/191/575 626/192/574
f 644/146/592 646/148/594 764/148/712 763/146/711
f 717/181/665 716/179/664 748/179/696 749/181/697
f 629/129/577 627/128/575 690/128/638 691/129/639
f 627/191/575 689/189/637 721/189/669 690/191/638
f 647/147/595 645/145/593 699/145/647 700/147/648
f 665/165/613 663/163/611 708/163/656 709/165/657
f 683/183/631 681/181/629 717/181/665 718/183/666
f 639/139/587 637/137/585 695/137/643 696/139/644
f 657/157/605 655/155/603 704/155/652 705/157/653
f 675/175/623 673/173/621 713/173/661 714/175/662
f 631/131/579 629/129/577 691/129/639 692/131/640
f 649/149/597 647/147/595 700/147/648 701/149/649
f 667/167/615 665/165/613 709/165/657 710/167/658
f 685/185/633 683/183/631 718/183/666 719/185/667
f 641/141/589 639/139/587 696/139/644 697/141/645
f 659/159/607 657/157/605 705/157/653 706/159/654
f 677/177/625 675/175/623 714/175/662 715/177/663
f 633/133/581 631/131/579 692/131/640 693/133/641
f 651/151/599 649/149/597 701/149/649 702/151/650
f 669/169/617 667/167/615 710/167/658 711/169/659
f 687/187/635 685/185/633 719/185/667 720/187/668
f 643/143/591 641/141/589 697/141/645 698/143/646
f 661/161/609 659/159/607 706/159/654 707/161/655
f 679/179/627 677/177/625 715/177/663 716/179/664
f 635/135/583 633/133/581 693/133/641 694/135/642
f 653/153/601 651/151/599 702/151/650 703/153/651
f 671/171/619 669/169/617 711/169/659 712/171/660
f 689/189/637 687/187/635 720/187/668 721/189/669
f 645/145/593 643/143/591 698/143/646 699/145/647
f 663/163/611 661/161/609 707/161/655 708/163/656
f 681/181/629 679/179/627 716/179/664 717/181/665
f 637/137/585 635/135/583 694/135/642 695/137/643
f 655/155/603 653/153/601 703/153/651 704/155/652
f 744/171/692 743/169/691 967/169/915 968/171/916
f 704/155/652 703/153/651 735/153/683 736/155/684
f 691/129/639 690/128/638 722/128/670 723/129/671
f 718/183/666 717/181/665 749/181/697 750/183/698
f 705/157/653 704/155/652 736/155/684 737/157/685
f 692/131/640 691/129/639 723/129/671 724/131/672
f 719/185/667 718/183/666 750/183/698 751/185/699
f 706/159/654 705/157/653 737/157/685 738/159/686
f 693/133/641 692/131/640 724/131/672 725/133/673
f 720/187/668 719/185/667 751/185/699 752/187/700
f 707/161/655 706/159/654 738/159/686 739/161/687
f 694/135/642 693/133/641 725/133/673 726/135/674
f 721/189/669 720/187/668 752/187/700 753/189/701
f 708/163/656 707/161/655 739/161/687 740/163/688
f 695/137/643 694/135/642 726/135/674 727/137/675
f 690/191/638 721/189/669 753/189/701 722/191/670
f 709/165/657 708/163/656 740/163/688 741/165/689
f 696/139/644 695/137/643 727/137/675 728/139/676
f 710/167/658 709/165/657 741/165/689 742/167/690
f 697/141/645 696/139/644 728/139/676 729/141/677
f 711/169/659 710/167/658 742/167/690 743/169/691
f 698/143/646 697/141/645 729/141/677 730/143/678
f 712/171/660 711/169/659 743/169/691 744/171/692
f 699/145/647 698/143/646 730/143/678 731/145/679
f 713/173/661 712/171/660 744/171/692 745/173/693
f 700/147/648 699/145/647 731/145/679 732/147/680
f 714/175/662 713/173/661 745/173/693 746/175/694
f 701/149/649 700/147/648 732/147/680 733/149/681
f 715/177/663 714/175/662 746/175/694 747/177/695
f 702/151/650 701/149/649 733/149/681 734/151/682
f 716/179/664 715/177/663 747/177/695 748/179/696
f 703/153/651 702/151/650 734/151/682 735/153/683
f 759/138/707 760/140/708 792/140/740 791/138/739
f 662/164/610 664/166/612 773/166/721 772/164/720
f 680/182/628 682/184/630 782/184/730 781/182/729
f 636/138/584 638/140/586 760/140/708 759/138/707
f 654/156/602 656/158/604 769/158/717 768/156/716
f 672/174/620 674/176/622 778/176/726 777/174/725
f 628/130/576 630/132/578 756/132/704 755/130/703
f 646/148/594 648/150/596 765/150/713 764/148/712
f 664/166/612 666/168/614 774/168/722 773/166/721
f 682/184/630 684/186/632 783/186/731 782/184/730
f 638/140/586 640/142/588 761/142/709 760/140/708
f 656/158/604 658/160/606 770/160/718 769/158/717
f 674/176/622 676/178/624 779/178/727 778/176/726
f 630/132/578 632/134/580 757/134/705 756/132/704
f 648/150/596 650/152/598 766/152/714 765/150/713
f 666/168/614 668/170/616 775/170/723 774/168/722
f 684/186/632 686/188/634 784/188/732 783/186/731
f 640/142/588 642/144/590 762/144/710 761/142/709
f 658/160/606 660/162/608 771/162/719 770/160/718
f 676/178/624 678/180/626 780/180/728 779/178/727
f 632/134/580 634/136/582 758/136/706 757/134/705
f 650/152/598 652/154/600 767/154/715 766/152/714
f 668/170/616 670/172/618 776/172/724 775/170/723
f 686/188/634 688/190/636 785/190/733 784/188/732
f 642/144/590 644/146/592 763/146/711 762/144/710
f 660/162/608 662/164/610 772/164/720 771/162/719
f 678/180/626 680/182/628 781/182/729 780/180/728
f 634/136/582 636/138/584 759/138/707 758/136/706
f 652/154/600 654/156/602 768/156/716 767/154/715
f 670/172/618 672/174/620 777/174/725 776/172/724
f 626/127/574 628/130/576 755/130/703 754/127/702
f 688/190/636 626/192/574 754/192/702 785/190/733
f 810/176/758 811/178/759 875/178/823 874/176/822
f 773/166/721 774/168/722 806/168/754 805/166/753
f 760/140/708 761/142/709 793/142/741 792/140/740
f 774/168/722 775/170/723 807/170/755 806/168/754
f 761/142/709 762/144/710 794/144/742 793/142/741
f 775/170/723 776/172/724 808/172/756 807/170/755
f 762/144/710 763/146/711 795/146/743 794/144/742
f 776/172/724 777/174/725 809/174/757 808/172/756
f 763/146/711 764/148/712 796/148/744 795/146/743
f 777/174/725 778/176/726 810/176/758 809/174/757
f 764/148/712 765/150/713 797/150/745 796/148/744
f 778/176/726 779/178/727 811/178/759 810/176/758
f 765/150/713 766/152/714 798/152/746 797/150/745
f 779/178/727 780/180/728 812/180/760 811/178/759
f 766/152/714 767/154/715 799/154/747 798/152/746
f 780/180/728 781/182/729 813/182/761 812/180/760
f 767/154/715 768/156/716 800/156/748 799/154/747
f 754/127/702 755/130/703 787/130/735 786/127/734
f 781/182/729 782/184/730 814/184/762 813/182/761
f 768/156/716 769/158/717 801/158/749 800/156/748
f 755/130/703 756/132/704 788/132/736 787/130/735
f 782/184/730 783/186/731 815/186/763 814/184/762
f 769/158/717 770/160/718 802/160/750 801/158/749
f 756/132/704 757/134/705 789/134/737 788/132/736
f 783/186/731 784/188/732 816/188/764 815/186/763
f 770/160/718 771/162/719 803/162/751 802/160/750
f 757/134/705 758/136/706 790/136/738 789/134/737
f 784/188/732 785/190/733 817/190/765 816/188/764
f 771/162/719 772/164/720 804/164/752 803/162/751
f 758/136/706 759/138/707 791/138/739 790/136/738
f 785/190/733 754/192/702 786/192/734 817/190/765
f 772/164/720 773/166/721 805/166/753 804/164/752
f 838/193/786 839/194/787 903/194/851 902/193/850
f 797/150/745 798/152/746 862/152/810 861/150/809
f 811/178/759 812/180/760 876/180/824 875/178/823
f 798/152/746 799/154/747 863/154/811 862/152/810
f 812/180/760 813/182/761 877/182/825 876/180/824
f 799/154/747 800/156/748 864/156/812 863/154/811
f 786/127/734 787/130/735 851/130/799 850/127/798
f 813/182/761 814/184/762 878/184/826 877/182/825
f 800/156/748 801/158/749 865/158/813 864/156/812
f 787/130/735 788/132/736 852/132/800 851/130/799
f 814/184/762 815/186/763 879/186/827 878/184/826
f 801/158/749 802/160/750 866/160/814 865/158/813
f 788/132/736 789/134/737 853/134/801 852/132/800
f 815/186/763 816/188/764 880/188/828 879/186/827
f 802/160/750 803/162/751 867/162/815 866/160/814
f 789/134/737 790/136/738 854/136/802 853/134/801
f 816/188/764 817/190/765 881/190/829 880/188/828
f 803/162/751 804/164/752 868/164/816 867/162/815
f 790/136/738 791/138/739 855/138/803 854/136/802
f 817/190/765 786/192/734 850/192/798 881/190/829
f 804/164/752 805/166/753 869/166/817 868/164/816
f 791/138/739 792/140/740 856/140/804 855/138/803
f 805/166/753 806/168/754 870/168/818 869/166/817
f 792/140/740 793/142/741 857/142/805 856/140/804
f 806/168/754 807/170/755 871/170/819 870/168/818
f 793/142/741 794/144/742 858/144/806 857/142/805
f 807/170/755 808/172/756 872/172/820 871/170/819
f 794/144/742 795/146/743 859/146/807 858/144/806
f 808/172/756 809/174/757 873/174/821 872/172/820
f 795/146/743 796/148/744 860/148/808 859/146/807
f 809/174/757 810/176/758 874/176/822 873/174/821
f 796/148/744 797/150/745 861/150/809 860/148/808
f 819/195/767 818/196/766 850/196/798 851/195/799
f 820/197/768 819/195/767 851/195/799 852/197/800
f 821/198/769 820/197/768 852/197/800 853/198/801
f 822/199/770 821/198/769 853/198/801 854/199/802
f 823/200/771 822/199/770 854/199/802 855/200/803
f 824/201/772 823/200/771 855/200/803 856/201/804
f 825/202/773 824/201/772 856/201/804 857/202/805
f 826/203/774 825/202/773 857/202/805 858/203/806
f 827/204/775 826/203/774 858/203/806 859/204/807
f 828/205/776 827/204/775 859/204/807 860/205/808
f 829/206/777 828/205/776 860/205/808 861/206/809
f 830/207/778 829/206/777 861/206/809 862/207/810
f 831/208/779 830/207/778 862/207/810 863/208/811
f 832/209/780 831/208/779 863/208/811 864/209/812
f 833/210/781 832/209/780 864/209/812 865/210/813
f 834/211/782 833/210/781 865/210/813 866/211/814
f 835/212/783 834/211/782 866/211/814 867/212/815
f 836/213/784 835/212/783 867/212/815 868/213/816
f 837/214/785 836/213/784 868/213/816 869/214/817
f 838/193/786 837/214/785 869/214/817 870/193/818
f 839/194/787 838/193/786 870/193/818 871/194/819
f 840/215/788 839/194/787 871/194/819 872/215/820
f 841/216/789 840/215/788 872/215/820 873/216/821
f 842/217/790 841/216/789 873/216/821 874/217/822
f 843/218/791 842/217/790 874/217/822 875/218/823
f 844/219/792 843/218/791 875/218/823 876/219/824
f 845/220/793 844/219/792 876/219/824 877/220/825
f 846/221/794 845/220/793 877/220/825 878/221/826
f 847/222/795 846/221/794 878/221/826 879/222/827
f 848/223/796 847/222/795 879/222/827 880/223/828
f 849/224/797 848/223/796 880/223/828 881/224/829
f 818/196/766 849/224/797 881/224/829 850/196/798
f 882/196/830 883/195/831 884/197/832 885/198/833 886/199/834 887/200/835 888/201/836 889/202/837 890/203/838 891/204/839 892/205/840 893/206/841 894/207/842 895/208/843 896/209/844 897/210/845 898/211/846 899/212/847 900/213/848 901/214/849 902/193/850 903/194/851 904/215/852 905/216/853 906/217/854 907/218/855 908/219/856 909/220/857 910/221/858 911/222/859 912/223/860 913/224/861
f 825/202/773 826/203/774 890/203/838 889/202/837
f 839/194/787 840/215/788 904/215/852 903/194/851
f 826/203/774 827/204/775 891/204/839 890/203/838
f 840/215/788 841/216/789 905/216/853 904/215/852
f 827/204/775 828/205/776 892/205/840 891/204/839
f 841/216/789 842/217/790 906/217/854 905/216/853
f 828/205/776 829/206/777 893/206/841 892/205/840
f 842/217/790 843/218/791 907/218/855 906/217/854
f 829/206/777 830/207/778 894/207/842 893/206/841
f 843/218/791 844/219/792 908/219/856 907/218/855
f 830/207/778 831/208/779 895/208/843 894/207/842
f 844/219/792 845/220/793 909/220/857 908/219/856
f 831/208/779 832/209/780 896/209/844 895/208/843
f 818/196/766 819/195/767 883/195/831 882/196/830
f 845/220/793 846/221/794 910/221/858 909/220/857
f 832/209/780 833/210/781 897/210/845 896/209/844
f 819/195/767 820/197/768 884/197/832 883/195/831
f 846/221/794 847/222/795 911/222/859 910/221/858
f 833/210/781 834/211/782 898/211/846 897/210/845
f 820/197/768 821/198/769 885/198/833 884/197/832
f 847/222/795 848/223/796 912/223/860 911/222/859
f 834/211/782 835/212/783 899/212/847 898/211/846
f 821/198/769 822/199/770 886/199/834 885/198/833
f 848/223/796 849/224/797 913/224/861 912/223/860
f 835/212/783 836/213/784 900/213/848 899/212/847
f 822/199/770 823/200/771 887/200/835 886/199/834
f 849/224/797 818/196/766 882/196/830 913/224/861
f 836/213/784 837/214/785 901/214/849 900/213/848
f 823/200/771 824/201/772 888/201/836 887/200/835
f 837/214/785 838/193/786 902/193/850 901/214/849
f 824/201/772 825/202/773 889/202/837 888/201/836
f 915/225/863 914/226/862 945/227/893 944/228/892 943/229/891 942/230/890 941/231/889 940/232/888 939/233/887 938/234/886 937/235/885 936/236/884 935/237/883 934/238/882 933/239/881 932/240/880 931/241/879 930/242/878 929/243/877 928/244/876 927/245/875 926/246/874 925/247/873 924/248/872 923/249/871 922/250/870 921/251/869 920/252/868 919/253/867 918/254/866 917/255/865 916/256/864
f 731/145/679 730/143/678 954/143/902 955/145/903
f 745/173/693 744/171/692 968/171/916 969/173/917
f 732/147/680 731/145/679 955/145/903 956/147/904
f 746/175/694 745/173/693 969/173/917 970/175/918
f 733/149/681 732/147/680 956/147/904 957/149/905
f 747/177/695 746/175/694 970/175/918 971/177/919
f 734/151/682 733/149/681 957/149/905 958/151/906
f 748/179/696 747/177/695 971/177/919 972/179/920
f 735/153/683 734/151/682 958/151/906 959/153/907
f 749/181/697 748/179/696 972/179/920 973/181/921
f 736/155/684 735/153/683 959/153/907 960/155/908
f 723/129/671 722/128/670 947/128/895 946/129/894
f 750/183/698 749/181/697 973/181/921 974/183/922
f 737/157/685 736/155/684 960/155/908 961/157/909
f 724/131/672 723/129/671 946/129/894 948/131/896
f 751/185/699 750/183/698 974/183/922 975/185/923
f 738/159/686 737/157/685 961/157/909 962/159/910
f 725/133/673 724/131/672 948/131/896 949/133/897
f 752/187/700 751/185/699 975/185/923 976/187/924
f 739/161/687 738/159/686 962/159/910 963/161/911
f 726/135/674 725/133/673 949/133/897 950/135/898
f 753/189/701 752/187/700 976/187/924 977/189/925
f 740/163/688 739/161/687 963/161/911 964/163/912
f 727/137/675 726/135/674 950/135/898 951/137/899
f 722/191/670 753/189/701 977/189/925 947/191/895
f 741/165/689 740/163/688 964/163/912 965/165/913
f 728/139/676 727/137/675 951/137/899 952/139/900
f 742/167/690 741/165/689 965/165/913 966/167/914
f 729/141/677 728/139/676 952/139/900 953/141/901
f 743/169/691 742/167/690 966/167/914 967/169/915
f 730/143/678 729/141/677 953/141/901 954/143/902
f 914/226/862 915/225/863 946/257/894 947/258/895
f 915/225/863 916/256/864 948/259/896 946/257/894
f 916/256/864 917/255/865 949/260/897 948/259/896
f 917/255/865 918/254/866 950/261/898 949/260/897
f 918/254/866 919/253/867 951/262/899 950/261/898
f 919/253/867 920/252/868 952/263/900 951/262/899
f 920/252/868 921/251/869 953/264/901 952/263/900
f 921/251/869 922/250/870 954/265/902 953/264/901
f 922/250/870 923/249/871 955/266/903 954/265/902
f 923/249/871 924/248/872 956/267/904 955/266/903
f 924/248/872 925/247/873 957/268/905 956/267/904
f 925/247/873 926/246/874 958/269/906 957/268/905
f 926/246/874 927/245/875 959/270/907 958/269/906
f 927/245/875 928/244/876 960/271/908 959/270/907
f 928/244/876 929/243/877 961/272/909 960/271/908
f 929/243/877 930/242/878 962/273/910 961/272/909
f 930/242/878 931/241/879 963/274/911 962/273/910
f 931/241/879 932/240/880 964/275/912 963/274/911
f 932/240/880 933/239/881 965/276/913 964/275/912
f 933/239/881 934/238/882 966/277/914 965/276/913
f 934/238/882 935/237/883 967/278/915 966/277/914
f 935/237/883 936/236/884 968/279/916 967/278/915
f 936/236/884 937/235/885 969/280/917 968/279/916
f 937/235/885 938/234/886 970/281/918 969/280/917
f 938/234/886 939/233/887 971/282/919 970/281/918
f 939/233/887 940/232/888 972/283/920 971/282/919
f 940/232/888 941/231/889 973/284/921 972/283/920
f 941/231/889 942/230/890 974/285/922 973/284/921
f 942/230/890 943/229/891 975/286/923 974/285/922
f 943/229/891 944/228/892 976/287/924 975/286/923
f 944/228/892 945/227/893 977/288/925 976/287/924
f 945/227/893 914/226/862 947/258/895 977/288/925
f 978/127/574 980/130/636 981/129/637 979/128/575
f 980/130/636 982/132/634 983/131/635 981/129/637
f 982/132/634 984/134/632 985/133/633 983/131/635
f 984/134/632 986/136/630 987/135/631 985/133/633
f 986/136/630 988/138/926 989/137/629 987/135/631
f 988/138/926 990/140/626 991/139/627 989/137/629
f 990/140/626 992/142/624 993/141/625 991/139/627
f 992/142/624 994/144/622 995/143/623 993/141/625
f 994/144/622 996/146/620 997/145/621 995/143/623
f 996/146/620 998/148/618 999/147/619 997/145/621
f 998/148/618 1000/150/927 1001/149/617 999/147/619
f 1000/150/927 1002/152/614 1003/151/615 1001/149/617
f 1002/152/614 1004/154/612 1005/153/613 1003/151/615
f 1004/154/612 1006/156/610 1007/155/611 1005/153/613
f 1006/156/610 1008/158/608 1009/157/609 1007/155/611
f 1008/158/608 1010/160/606 1011/159/607 1009/157/609
f 1010/160/606 1012/162/604 1013/161/605 1011/159/607
f 1012/162/604 1014/164/602 1015/163/603 1013/161/605
f 1014/164/602 1016/166/600 1017/165/601 1015/163/603
f 1016/166/600 1018/168/598 1019/167/599 1017/165/601
f 1018/168/598 1020/170/928 1021/169/597 1019/167/599
f 1020/170/928 1022/172/594 1023/171/595 1021/169/597
f 1022/172/594 1024/174/592 1025/173/593 1023/171/595
f 1024/174/592 1026/176/590 1027/175/591 1025/173/593
f 1026/176/590 1028/178/588 1029/177/589 1027/175/591
f 1028/178/588 1030/180/586 1031/179/587 1029/177/589
f 1030/180/586 1032/182/929 1033/181/585 1031/179/587
f 1032/182/929 1034/184/582 1035/183/583 1033/181/585
f 1034/184/582 1036/186/580 1037/185/581 1035/183/583
f 1036/186/580 1038/188/578 1039/187/579 1037/185/581
f 1025/173/593 1065/173/647 1064/171/648 1023/171/595
f 1038/188/578 1040/190/576 1041/189/577 1039/187/579
f 1040/190/576 978/192/574 979/191/575 1041/189/577
f 996/146/620 1115/146/725 1116/148/724 998/148/618
f 1069/181/643 1101/181/675 1100/179/676 1068/179/644
f 981/129/637 1043/129/669 1042/128/638 979/128/575
f 979/191/575 1042/191/638 1073/189/639 1041/189/577
f 999/147/619 1052/147/660 1051/145/661 997/145/621
f 1017/165/601 1061/165/651 1060/163/652 1015/163/603
f 1035/183/583 1070/183/642 1069/181/643 1033/181/585
f 991/139/627 1048/139/664 1047/137/665 989/137/629
f 1009/157/609 1057/157/655 1056/155/656 1007/155/611
f 1027/175/591 1066/175/646 1065/173/647 1025/173/593
f 983/131/635 1044/131/668 1043/129/669 981/129/637
f 1001/149/617 1053/149/659 1052/147/660 999/147/619
f 1019/167/599 1062/167/650 1061/165/651 1017/165/601
f 1037/185/581 1071/185/641 1070/183/642 1035/183/583
f 993/141/625 1049/141/663 1048/139/664 991/139/627
f 1011/159/607 1058/159/654 1057/157/655 1009/157/609
f 1029/177/589 1067/177/645 1066/175/646 1027/175/591
f 985/133/633 1045/133/667 1044/131/668 983/131/635
f 1003/151/615 1054/151/658 1053/149/659 1001/149/617
f 1021/169/597 1063/169/649 1062/167/650 1019/167/599
f 1039/187/579 1072/187/640 1071/185/641 1037/185/581
f 995/143/623 1050/143/662 1049/141/663 993/141/625
f 1013/161/605 1059/161/653 1058/159/654 1011/159/607
f 1031/179/587 1068/179/644 1067/177/645 1029/177/589
f 987/135/631 1046/135/666 1045/133/667 985/133/633
f 1005/153/613 1055/153/657 1054/151/658 1003/151/615
f 1023/171/595 1064/171/648 1063/169/649 1021/169/597
f 1041/189/577 1073/189/639 1072/187/640 1039/187/579
f 997/145/621 1051/145/661 1050/143/662 995/143/623
f 1015/163/603 1060/163/652 1059/161/653 1013/161/605
f 1033/181/585 1069/181/643 1068/179/644 1031/179/587
f 989/137/629 1047/137/665 1046/135/666 987/135/631
f 1007/155/611 1056/155/656 1055/153/657 1005/153/613
f 1096/171/680 1320/171/904 1319/169/905 1095/169/681
f 1056/155/656 1088/155/688 1087/153/930 1055/153/657
f 1043/129/669 1075/129/701 1074/128/670 1042/128/638
f 1070/183/642 1102/183/674 1101/181/675 1069/181/643
f 1057/157/655 1089/157/687 1088/155/688 1056/155/656
f 1044/131/668 1076/131/700 1075/129/701 1043/129/669
f 1071/185/641 1103/185/673 1102/183/674 1070/183/642
f 1058/159/654 1090/159/686 1089/157/687 1057/157/655
f 1045/133/667 1077/133/699 1076/131/700 1044/131/668
f 1072/187/640 1104/187/672 1103/185/673 1071/185/641
f 1059/161/653 1091/161/685 1090/159/686 1058/159/654
f 1046/135/666 1078/135/698 1077/133/699 1045/133/667
f 1073/189/639 1105/189/671 1104/187/672 1072/187/640
f 1060/163/652 1092/163/684 1091/161/685 1059/161/653
f 1047/137/665 1079/137/697 1078/135/698 1046/135/666
f 1042/191/638 1074/191/670 1105/189/671 1073/189/639
f 1061/165/651 1093/165/683 1092/163/684 1060/163/652
f 1048/139/664 1080/139/696 1079/137/697 1047/137/665
f 1062/167/650 1094/167/682 1093/165/683 1061/165/651
f 1049/141/663 1081/141/695 1080/139/696 1048/139/664
f 1063/169/649 1095/169/681 1094/167/682 1062/167/650
f 1050/143/662 1082/143/694 1081/141/695 1049/141/663
f 1064/171/648 1096/171/680 1095/169/681 1063/169/649
f 1051/145/661 1083/145/693 1082/143/694 1050/143/662
f 1065/173/647 1097/173/679 1096/171/680 1064/171/648
f 1052/147/660 1084/147/692 1083/145/693 1051/145/661
f 1066/175/646 1098/175/678 1097/173/679 1065/173/647
f 1053/149/659 1085/149/691 1084/147/692 1052/147/660
f 1067/177/645 1099/177/677 1098/175/678 1066/175/646
f 1054/151/658 1086/151/690 1085/149/691 1053/149/659
f 1068/179/644 1100/179/676 1099/177/677 1067/177/645
f 1055/153/657 1087/153/930 1086/151/690 1054/151/658
f 1111/138/729 1143/138/761 1144/140/760 1112/140/728
f 1014/164/602 1124/164/716 1125/166/715 1016/166/600
f 1032/182/929 1133/182/707 1134/184/706 1034/184/582
f 988/138/926 1111/138/729 1112/140/728 990/140/626
f 1006/156/610 1120/156/720 1121/158/719 1008/158/608
f 1024/174/592 1129/174/711 1130/176/710 1026/176/590
f 980/130/636 1107/130/733 1108/132/732 982/132/634
f 998/148/618 1116/148/724 1117/150/723 1000/150/927
f 1016/166/600 1125/166/715 1126/168/714 1018/168/598
f 1034/184/582 1134/184/706 1135/186/705 1036/186/580
f 990/140/626 1112/140/728 1113/142/727 992/142/624
f 1008/158/608 1121/158/719 1122/160/718 1010/160/606
f 1026/176/590 1130/176/710 1131/178/709 1028/178/588
f 982/132/634 1108/132/732 1109/134/731 984/134/632
f 1000/150/927 1117/150/723 1118/152/722 1002/152/614
f 1018/168/598 1126/168/714 1127/170/713 1020/170/928
f 1036/186/580 1135/186/705 1136/188/704 1038/188/578
f 992/142/624 1113/142/727 1114/144/726 994/144/622
f 1010/160/606 1122/160/718 1123/162/717 1012/162/604
f 1028/178/588 1131/178/709 1132/180/708 1030/180/586
f 984/134/632 1109/134/731 1110/136/730 986/136/630
f 1002/152/614 1118/152/722 1119/154/721 1004/154/612
f 1020/170/928 1127/170/713 1128/172/712 1022/172/594
f 1038/188/578 1136/188/704 1137/190/703 1040/190/576
f 994/144/622 1114/144/726 1115/146/725 996/146/620
f 1012/162/604 1123/162/717 1124/164/716 1014/164/602
f 1030/180/586 1132/180/708 1133/182/707 1032/182/929
f 986/136/630 1110/136/730 1111/138/729 988/138/926
f 1004/154/612 1119/154/721 1120/156/720 1006/156/610
f 1022/172/594 1128/172/712 1129/174/711 1024/174/592
f 978/127/574 1106/127/702 1107/130/733 980/130/636
f 1040/190/576 1137/190/703 1106/192/702 978/192/574
f 1162/176/742 1226/176/806 1227/178/805 1163/178/741
f 1125/166/715 1157/166/747 1158/168/746 1126/168/714
f 1112/140/728 1144/140/760 1145/142/759 1113/142/727
f 1126/168/714 1158/168/746 1159/170/745 1127/170/713
f 1113/142/727 1145/142/759 1146/144/758 1114/144/726
f 1127/170/713 1159/170/745 1160/172/744 1128/172/712
f 1114/144/726 1146/144/758 1147/146/757 1115/146/725
f 1128/172/712 1160/172/744 1161/174/743 1129/174/711
f 1115/146/725 1147/146/757 1148/148/756 1116/148/724
f 1129/174/711 1161/174/743 1162/176/742 1130/176/710
f 1116/148/724 1148/148/756 1149/150/755 1117/150/723
f 1130/176/710 1162/176/742 1163/178/741 1131/178/709
f 1117/150/723 1149/150/755 1150/152/754 1118/152/722
f 1131/178/709 1163/178/741 1164/180/740 1132/180/708
f 1118/152/722 1150/152/754 1151/154/753 1119/154/721
f 1132/180/708 1164/180/740 1165/182/739 1133/182/707
f 1119/154/721 1151/154/753 1152/156/752 1120/156/720
f 1106/127/702 1138/127/734 1139/130/765 1107/130/733
f 1133/182/707 1165/182/739 1166/184/738 1134/184/706
f 1120/156/720 1152/156/752 1153/158/751 1121/158/719
f 1107/130/733 1139/130/765 1140/132/764 1108/132/732
f 1134/184/706 1166/184/738 1167/186/737 1135/186/705
f 1121/158/719 1153/158/751 1154/160/750 1122/160/718
f 1108/132/732 1140/132/764 1141/134/763 1109/134/731
f 1135/186/705 1167/186/737 1168/188/736 1136/188/704
f 1122/160/718 1154/160/750 1155/162/749 1123/162/717
f 1109/134/731 1141/134/763 1142/136/762 1110/136/730
f 1136/188/704 1168/188/736 1169/190/735 1137/190/703
f 1123/162/717 1155/162/749 1156/164/748 1124/164/716
f 1110/136/730 1142/136/762 1143/138/761 1111/138/729
f 1137/190/703 1169/190/735 1138/192/734 1106/192/702
f 1124/164/716 1156/164/748 1157/166/747 1125/166/715
f 1190/193/778 1254/193/842 1255/194/841 1191/194/777
f 1149/150/755 1213/150/819 1214/152/818 1150/152/754
f 1163/178/741 1227/178/805 1228/180/804 1164/180/740
f 1150/152/754 1214/152/818 1215/154/817 1151/154/753
f 1164/180/740 1228/180/804 1229/182/803 1165/182/739
f 1151/154/753 1215/154/817 1216/156/816 1152/156/752
f 1138/127/734 1202/127/798 1203/130/829 1139/130/765
f 1165/182/739 1229/182/803 1230/184/802 1166/184/738
f 1152/156/752 1216/156/816 1217/158/815 1153/158/751
f 1139/130/765 1203/130/829 1204/132/828 1140/132/764
f 1166/184/738 1230/184/802 1231/186/801 1167/186/737
f 1153/158/751 1217/158/815 1218/160/814 1154/160/750
f 1140/132/764 1204/132/828 1205/134/827 1141/134/763
f 1167/186/737 1231/186/801 1232/188/800 1168/188/736
f 1154/160/750 1218/160/814 1219/162/813 1155/162/749
f 1141/134/763 1205/134/827 1206/136/826 1142/136/762
f 1168/188/736 1232/188/800 1233/190/799 1169/190/735
f 1155/162/749 1219/162/813 1220/164/812 1156/164/748
f 1142/136/762 1206/136/826 1207/138/825 1143/138/761
f 1169/190/735 1233/190/799 1202/192/798 1138/192/734
f 1156/164/748 1220/164/812 1221/166/811 1157/166/747
f 1143/138/761 1207/138/825 1208/140/824 1144/140/760
f 1157/166/747 1221/166/811 1222/168/810 1158/168/746
f 1144/140/760 1208/140/824 1209/142/823 1145/142/759
f 1158/168/746 1222/168/810 1223/170/809 1159/170/745
f 1145/142/759 1209/142/823 1210/144/822 1146/144/758
f 1159/170/745 1223/170/809 1224/172/808 1160/172/744
f 1146/144/758 1210/144/822 1211/146/821 1147/146/757
f 1160/172/744 1224/172/808 1225/174/807 1161/174/743
f 1147/146/757 1211/146/821 1212/148/820 1148/148/756
f 1161/174/743 1225/174/807 1226/176/806 1162/176/742
f 1148/148/756 1212/148/820 1213/150/819 1149/150/755
f 1171/195/797 1203/195/829 1202/196/798 1170/196/766
f 1172/197/796 1204/197/828 1203/195/829 1171/195/797
f 1173/198/795 1205/198/827 1204/197/828 1172/197/796
f 1174/199/794 1206/199/826 1205/198/827 1173/198/795
f 1175/200/793 1207/200/825 1206/199/826 1174/199/794
f 1176/201/792 1208/201/824 1207/200/825 1175/200/793
f 1177/202/791 1209/202/823 1208/201/824 1176/201/792
f 1178/203/790 1210/203/822 1209/202/823 1177/202/791
f 1179/204/789 1211/204/821 1210/203/822 1178/203/790
f 1180/205/788 1212/205/820 1211/204/821 1179/204/789
f 1181/206/787 1213/206/819 1212/205/820 1180/205/788
f 1182/207/786 1214/207/818 1213/206/819 1181/206/787
f 1183/208/785 1215/208/817 1214/207/818 1182/207/786
f 1184/209/784 1216/209/816 1215/208/817 1183/208/785
f 1185/210/783 1217/210/815 1216/209/816 1184/209/784
f 1186/211/782 1218/211/814 1217/210/815 1185/210/783
f 1187/212/781 1219/212/813 1218/211/814 1186/211/782
f 1188/213/780 1220/213/812 1219/212/813 1187/212/781
f 1189/214/779 1221/214/811 1220/213/812 1188/213/780
f 1190/193/778 1222/193/810 1221/214/811 1189/214/779
f 1191/194/777 1223/194/809 1222/193/810 1190/193/778
f 1192/215/776 1224/215/808 1223/194/809 1191/194/777
f 1193/216/775 1225/216/807 1224/215/808 1192/215/776
f 1194/217/774 1226/217/806 1225/216/807 1193/216/775
f 1195/218/773 1227/218/805 1226/217/806 1194/217/774
f 1196/219/772 1228/219/804 1227/218/805 1195/218/773
f 1197/220/771 1229/220/803 1228/219/804 1196/219/772
f 1198/221/770 1230/221/802 1229/220/803 1197/220/771
f 1199/222/769 1231/222/801 1230/221/802 1198/221/770
f 1200/223/768 1232/223/800 1231/222/801 1199/222/769
f 1201/224/767 1233/224/799 1232/223/800 1200/223/768
f 1170/196/766 1202/196/798 1233/224/799 1201/224/767
f 1234/196/830 1265/224/831 1264/223/832 1263/222/833 1262/221/834 1261/220/835 1260/219/934 1259/218/837 1258/217/838 1257/216/839 1256/215/933 1255/194/841 1254/193/842 1253/214/843 1252/213/844 1251/212/845 1250/211/846 1249/210/847 1248/209/848 1247/208/849 1246/207/850 1245/206/851 1244/205/932 1243/204/853 1242/203/854 1241/202/855 1240/201/931 1239/200/857 1238/199/858 1237/198/859 1236/197/860 1235/195/861
f 1177/202/791 1241/202/855 1242/203/854 1178/203/790
f 1191/194/777 1255/194/841 1256/215/933 1192/215/776
f 1178/203/790 1242/203/854 1243/204/853 1179/204/789
f 1192/215/776 1256/215/933 1257/216/839 1193/216/775
f 1179/204/789 1243/204/853 1244/205/932 1180/205/788
f 1193/216/775 1257/216/839 1258/217/838 1194/217/774
f 1180/205/788 1244/205/932 1245/206/851 1181/206/787
f 1194/217/774 1258/217/838 1259/218/837 1195/218/773
f 1181/206/787 1245/206/851 1246/207/850 1182/207/786
f 1195/218/773 1259/218/837 1260/219/934 1196/219/772
f 1182/207/786 1246/207/850 1247/208/849 1183/208/785
f 1196/219/772 1260/219/934 1261/220/835 1197/220/771
f 1183/208/785 1247/208/849 1248/209/848 1184/209/784
f 1170/196/766 1234/196/830 1235/195/861 1171/195/797
f 1197/220/771 1261/220/835 1262/221/834 1198/221/770
f 1184/209/784 1248/209/848 1249/210/847 1185/210/783
f 1171/195/797 1235/195/861 1236/197/860 1172/197/796
f 1198/221/770 1262/221/834 1263/222/833 1199/222/769
f 1185/210/783 1249/210/847 1250/211/846 1186/211/782
f 1172/197/796 1236/197/860 1237/198/859 1173/198/795
f 1199/222/769 1263/222/833 1264/223/832 1200/223/768
f 1186/211/782 1250/211/846 1251/212/845 1187/212/781
f 1173/198/795 1237/198/859 1238/199/858 1174/199/794
f 1200/223/768 1264/223/832 1265/224/831 1201/224/767
f 1187/212/781 1251/212/845 1252/213/844 1188/213/780
f 1174/199/794 1238/199/858 1239/200/857 1175/200/793
f 1201/224/767 1265/224/831 1234/196/830 1170/196/766
f 1188/213/780 1252/213/844 1253/214/843 1189/214/779
f 1175/200/793 1239/200/857 1240/201/931 1176/201/792
f 1189/214/779 1253/214/843 1254/193/842 1190/193/778
f 1176/201/792 1240/201/931 1241/202/855 1177/202/791
f 1267/225/893 1268/256/892 1269/255/891 1270/254/890 1271/253/889 1272/252/888 1273/251/887 1274/250/886 1275/249/885 1276/248/884 1277/247/883 1278/246/882 1279/245/881 1280/244/880 1281/243/879 1282/242/878 1283/241/877 1284/240/876 1285/239/875 1286/238/874 1287/237/873 1288/236/872 1289/235/871 1290/234/870 1291/233/869 1292/232/868 1293/231/867 1294/230/866 1295/229/865 1296/228/864 1297/227/863 1266/226/862
f 1083/145/693 1307/145/917 1306/143/918 1082/143/694
f 1097/173/679 1321/173/903 1320/171/904 1096/171/680
f 1084/147/692 1308/147/916 1307/145/917 1083/145/693
f 1098/175/678 1322/175/902 1321/173/903 1097/173/679
f 1085/149/691 1309/149/915 1308/147/916 1084/147/692
f 1099/177/677 1323/177/901 1322/175/902 1098/175/678
f 1086/151/690 1310/151/914 1309/149/915 1085/149/691
f 1100/179/676 1324/179/900 1323/177/901 1099/177/677
f 1087/153/930 1311/153/913 1310/151/914 1086/151/690
f 1101/181/675 1325/181/899 1324/179/900 1100/179/676
f 1088/155/688 1312/155/912 1311/153/913 1087/153/930
f 1075/129/701 1298/129/925 1299/128/895 1074/128/670
f 1102/183/674 1326/183/898 1325/181/899 1101/181/675
f 1089/157/687 1313/157/911 1312/155/912 1088/155/688
f 1076/131/700 1300/131/924 1298/129/925 1075/129/701
f 1103/185/673 1327/185/897 1326/183/898 1102/183/674
f 1090/159/686 1314/159/910 1313/157/911 1089/157/687
f 1077/133/699 1301/133/923 1300/131/924 1076/131/700
f 1104/187/672 1328/187/896 1327/185/897 1103/185/673
f 1091/161/685 1315/161/909 1314/159/910 1090/159/686
f 1078/135/698 1302/135/922 1301/133/923 1077/133/699
f 1105/189/671 1329/189/894 1328/187/896 1104/187/672
f 1092/163/684 1316/163/908 1315/161/909 1091/161/685
f 1079/137/697 1303/137/921 1302/135/922 1078/135/698
f 1074/191/670 1299/191/895 1329/189/894 1105/189/671
f 1093/165/683 1317/165/907 1316/163/908 1092/163/684
f 1080/139/696 1304/139/920 1303/137/921 1079/137/697
f 1094/167/682 1318/167/906 1317/165/907 1093/165/683
f 1081/141/695 1305/141/919 1304/139/920 1080/139/696
f 1095/169/681 1319/169/905 1318/167/906 1094/167/682
f 1082/143/694 1306/143/918 1305/141/919 1081/141/695
f 1266/226/862 1299/258/895 1298/257/925 1267/225/893
f 1267/225/893 1298/257/925 1300/259/924 1268/256/892
f 1268/256/892 1300/259/924 1301/260/923 1269/255/891
f 1269/255/891 1301/260/923 1302/261/922 1270/254/890
f 1270/254/890 1302/261/922 1303/262/921 1271/253/889
f 1271/253/889 1303/262/921 1304/263/920 1272/252/888
f 1272/252/888 1304/263/920 1305/264/919 1273/251/887
f 1273/251/887 1305/264/919 1306/265/918 1274/250/886
f 1274/250/886 1306/265/918 1307/266/917 1275/249/885
f 1275/249/885 1307/266/917 1308/267/916 1276/248/884
f 1276/248/884 1308/267/916 1309/268/915 1277/247/883
f 1277/247/883 1309/268/915 1310/269/914 1278/246/882
f 1278/246/882 1310/269/914 1311/270/913 1279/245/881
f 1279/245/881 1311/270/913 1312/271/912 1280/244/880
f 1280/244/880 1312/271/912 1313/272/911 1281/243/879
f 1281/243/879 1313/272/911 1314/273/910 1282/242/878
f 1282/242/878 1314/273/910 1315/274/909 1283/241/877
f 1283/241/877 1315/274/909 1316/275/908 1284/240/876
f 1284/240/876 1316/275/908 1317/276/907 1285/239/875
f 1285/239/875 1317/276/907 1318/277/906 1286/238/874
f 1286/238/874 1318/277/906 1319/278/905 1287/237/873
f 1287/237/873 1319/278/905 1320/279/904 1288/236/872
f 1288/236/872 1320/279/904 1321/280/903 1289/235/871
f 1289/235/871 1321/280/903 1322/281/902 1290/234/870
f 1290/234/870 1322/281/902 1323/282/901 1291/233/869
f 1291/233/869 1323/282/901 1324/283/900 1292/232/868
f 1292/232/868 1324/283/900 1325/284/899 1293/231/867
f 1293/231/867 1325/284/899 1326/285/898 1294/230/866
f 1294/230/866 1326/285/898 1327/286/897 1295/229/865
f 1295/229/865 1327/286/897 1328/287/896 1296/228/864
f 1296/228/864 1328/287/896 1329/288/894 1297/227/863
f 1297/227/863 1329/288/894 1299/258/895 1266/226/862
f 1330/127/935 1332/130/937 1333/129/938 1331/128/936
f 1332/130/937 1334/132/939 1335/131/940 1333/129/938
f 1334/132/939 1336/134/941 1337/133/942 1335/131/940
f 1336/134/941 1338/136/943 1339/135/944 1337/133/942
f 1338/136/943 1340/138/945 1341/137/946 1339/135/944
f 1340/138/945 1342/140/947 1343/139/948 1341/137/946
f 1342/140/947 1344/142/949 1345/141/950 1343/139/948
f 1344/142/949 1346/144/951 1347/143/952 1345/141/950
f 1346/144/951 1348/146/953 1349/145/954 1347/143/952
f 1348/146/953 1350/148/955 1351/147/956 1349/145/954
f 1350/148/955 1352/150/957 1353/149/958 1351/147/956
f 1352/150/957 1354/152/959 1355/151/960 1353/149/958
f 1354/152/959 1356/154/961 1357/153/962 1355/151/960
f 1356/154/961 1358/156/963 1359/155/964 1357/153/962
f 1358/156/963 1360/158/965 1361/157/966 1359/155/964
f 1360/158/965 1362/160/967 1363/159/968 1361/157/966
f 1362/160/967 1364/162/969 1365/161/970 1363/159/968
f 1364/162/969 1366/164/971 1367/163/972 1365/161/970
f 1366/164/971 1368/166/973 1369/165/974 1367/163/972
f 1368/166/973 1370/168/975 1371/167/976 1369/165/974
f 1370/168/975 1372/170/977 1373/169/978 1371/167/976
f 1372/170/977 1374/172/979 1375/171/980 1373/169/978
f 1374/172/979 1376/174/981 1377/173/982 1375/171/980
f 1376/174/981 1378/176/983 1379/175/984 1377/173/982
f 1378/176/983 1380/178/985 1381/177/986 1379/175/984
f 1380/178/985 1382/180/987 1383/179/988 1381/177/986
f 1382/180/987 1384/182/989 1385/181/990 1383/179/988
f 1384/182/989 1386/184/991 1387/183/992 1385/181/990
f 1386/184/991 1388/186/993 1389/185/994 1387/183/992
f 1388/186/993 1390/188/995 1391/187/996 1389/185/994
f 1377/173/982 1417/173/1022 1416/171/1021 1375/171/980
f 1390/188/995 1392/190/997 1393/189/998 1391/187/996
f 1392/190/997 1330/192/935 1331/191/936 1393/189/998
f 1348/146/953 1467/146/1072 1468/148/1073 1350/148/955
f 1421/181/1026 1453/181/1058 1452/179/1057 1420/179/1025
f 1333/129/938 1395/129/1000 1394/128/999 1331/128/936
f 1331/191/936 1394/191/999 1425/189/1030 1393/189/998
f 1351/147/956 1404/147/1009 1403/145/1008 1349/145/954
f 1369/165/974 1413/165/1018 1412/163/1017 1367/163/972
f 1387/183/992 1422/183/1027 1421/181/1026 1385/181/990
f 1343/139/948 1400/139/1005 1399/137/1004 1341/137/946
f 1361/157/966 1409/157/1014 1408/155/1013 1359/155/964
f 1379/175/984 1418/175/1023 1417/173/1022 1377/173/982
f 1335/131/940 1396/131/1001 1395/129/1000 1333/129/938
f 1353/149/958 1405/149/1010 1404/147/1009 1351/147/956
f 1371/167/976 1414/167/1019 1413/165/1018 1369/165/974
f 1389/185/994 1423/185/1028 1422/183/1027 1387/183/992
f 1345/141/950 1401/141/1006 1400/139/1005 1343/139/948
f 1363/159/968 1410/159/1015 1409/157/1014 1361/157/966
f 1381/177/986 1419/177/1024 1418/175/1023 1379/175/984
f 1337/133/942 1397/133/1002 1396/131/1001 1335/131/940
f 1355/151/960 1406/151/1011 1405/149/1010 1353/149/958
f 1373/169/978 1415/169/1020 1414/167/1019 1371/167/976
f 1391/187/996 1424/187/1029 1423/185/1028 1389/185/994
f 1347/143/952 1402/143/1007 1401/141/1006 1345/141/950
f 1365/161/970 1411/161/1016 1410/159/1015 1363/159/968
f 1383/179/988 1420/179/1025 1419/177/1024 1381/177/986
f 1339/135/944 1398/135/1003 1397/133/1002 1337/133/942
f 1357/153/962 1407/153/1012 1406/151/1011 1355/151/960
f 1375/171/980 1416/171/1021 1415/169/1020 1373/169/978
f 1393/189/998 1425/189/1030 1424/187/1029 1391/187/996
f 1349/145/954 1403/145/1008 1402/143/1007 1347/143/952
f 1367/163/972 1412/163/1017 1411/161/1016 1365/161/970
f 1385/181/990 1421/181/1026 1420/179/1025 1383/179/988
f 1341/137/946 1399/137/1004 1398/135/1003 1339/135/944
f 1359/155/964 1408/155/1013 1407/153/1012 1357/153/962
f 1448/171/1053 1672/171/1277 1671/169/1276 1447/169/1052
f 1408/155/1013 1440/155/1045 1439/153/1044 1407/153/1012
f 1395/129/1000 1427/129/1032 1426/128/1031 1394/128/999
f 1422/183/1027 1454/183/1059 1453/181/1058 1421/181/1026
f 1409/157/1014 1441/157/1046 1440/155/1045 1408/155/1013
f 1396/131/1001 1428/131/1033 1427/129/1032 1395/129/1000
f 1423/185/1028 1455/185/1060 1454/183/1059 1422/183/1027
f 1410/159/1015 1442/159/1047 1441/157/1046 1409/157/1014
f 1397/133/1002 1429/133/1034 1428/131/1033 1396/131/1001
f 1424/187/1029 1456/187/1061 1455/185/1060 1423/185/1028
f 1411/161/1016 1443/161/1048 1442/159/1047 1410/159/1015
f 1398/135/1003 1430/135/1035 1429/133/1034 1397/133/1002
f 1425/189/1030 1457/189/1062 1456/187/1061 1424/187/1029
f 1412/163/1017 1444/163/1049 1443/161/1048 1411/161/1016
f 1399/137/1004 1431/137/1036 1430/135/1035 1398/135/1003
f 1394/191/999 1426/191/1031 1457/189/1062 1425/189/1030
f 1413/165/1018 1445/165/1050 1444/163/1049 1412/163/1017
f 1400/139/1005 1432/139/1037 1431/137/1036 1399/137/1004
f 1414/167/1019 1446/167/1051 1445/165/1050 1413/165/1018
f 1401/141/1006 1433/141/1038 1432/139/1037 1400/139/1005
f 1415/169/1020 1447/169/1052 1446/167/1051 1414/167/1019
f 1402/143/1007 1434/143/1039 1433/141/1038 1401/141/1006
f 1416/171/1021 1448/171/1053 1447/169/1052 1415/169/1020
f 1403/145/1008 1435/145/1040 1434/143/1039 1402/143/1007
f 1417/173/1022 1449/173/1054 1448/171/1053 1416/171/1021
f 1404/147/1009 1436/147/1041 1435/145/1040 1403/145/1008
f 1418/175/1023 1450/175/1055 1449/173/1054 1417/173/1022
f 1405/149/1010 1437/149/1042 1436/147/1041 1404/147/1009
f 1419/177/1024 1451/177/1056 1450/175/1055 1418/175/1023
f 1406/151/1011 1438/151/1043 1437/149/1042 1405/149/1010
f 1420/179/1025 1452/179/1057 1451/177/1056 1419/177/1024
f 1407/153/1012 1439/153/1044 1438/151/1043 1406/151/1011
f 1463/138/1068 1495/138/1100 1496/140/1101 1464/140/1069
f 1366/164/971 1476/164/1081 1477/166/1082 1368/166/973
f 1384/182/989 1485/182/1090 1486/184/1091 1386/184/991
f 1340/138/945 1463/138/1068 1464/140/1069 1342/140/947
f 1358/156/963 1472/156/1077 1473/158/1078 1360/158/965
f 1376/174/981 1481/174/1086 1482/176/1087 1378/176/983
f 1332/130/937 1459/130/1064 1460/132/1065 1334/132/939
f 1350/148/955 1468/148/1073 1469/150/1074 1352/150/957
f 1368/166/973 1477/166/1082 1478/168/1083 1370/168/975
f 1386/184/991 1486/184/1091 1487/186/1092 1388/186/993
f 1342/140/947 1464/140/1069 1465/142/1070 1344/142/949
f 1360/158/965 1473/158/1078 1474/160/1079 1362/160/967
f 1378/176/983 1482/176/1087 1483/178/1088 1380/178/985
f 1334/132/939 1460/132/1065 1461/134/1066 1336/134/941
f 1352/150/957 1469/150/1074 1470/152/1075 1354/152/959
f 1370/168/975 1478/168/1083 1479/170/1084 1372/170/977
f 1388/186/993 1487/186/1092 1488/188/1093 1390/188/995
f 1344/142/949 1465/142/1070 1466/144/1071 1346/144/951
f 1362/160/967 1474/160/1079 1475/162/1080 1364/162/969
f 1380/178/985 1483/178/1088 1484/180/1089 1382/180/987
f 1336/134/941 1461/134/1066 1462/136/1067 1338/136/943
f 1354/152/959 1470/152/1075 1471/154/1076 1356/154/961
f 1372/170/977 1479/170/1084 1480/172/1085 1374/172/979
f 1390/188/995 1488/188/1093 1489/190/1094 1392/190/997
f 1346/144/951 1466/144/1071 1467/146/1072 1348/146/953
f 1364/162/969 1475/162/1080 1476/164/1081 1366/164/971
f 1382/180/987 1484/180/1089 1485/182/1090 1384/182/989
f 1338/136/943 1462/136/1067 1463/138/1068 1340/138/945
f 1356/154/961 1471/154/1076 1472/156/1077 1358/156/963
f 1374/172/979 1480/172/1085 1481/174/1086 1376/174/981
f 1330/127/935 1458/127/1063 1459/130/1064 1332/130/937
f 1392/190/997 1489/190/1094 1458/192/1063 1330/192/935
f 1514/176/1119 1578/176/1183 1579/178/1184 1515/178/1120
f 1477/166/1082 1509/166/1114 1510/168/1115 1478/168/1083
f 1464/140/1069 1496/140/1101 1497/142/1102 1465/142/1070
f 1478/168/1083 1510/168/1115 1511/170/1116 1479/170/1084
f 1465/142/1070 1497/142/1102 1498/144/1103 1466/144/1071
f 1479/170/1084 1511/170/1116 1512/172/1117 1480/172/1085
f 1466/144/1071 1498/144/1103 1499/146/1104 1467/146/1072
f 1480/172/1085 1512/172/1117 1513/174/1118 1481/174/1086
f 1467/146/1072 1499/146/1104 1500/148/1105 1468/148/1073
f 1481/174/1086 1513/174/1118 1514/176/1119 1482/176/1087
f 1468/148/1073 1500/148/1105 1501/150/1106 1469/150/1074
f 1482/176/1087 1514/176/1119 1515/178/1120 1483/178/1088
f 1469/150/1074 1501/150/1106 1502/152/1107 1470/152/1075
f 1483/178/1088 1515/178/1120 1516/180/1121 1484/180/1089
f 1470/152/1075 1502/152/1107 1503/154/1108 1471/154/1076
f 1484/180/1089 1516/180/1121 1517/182/1122 1485/182/1090
f 1471/154/1076 1503/154/1108 1504/156/1109 1472/156/1077
f 1458/127/1063 1490/127/1095 1491/130/1096 1459/130/1064
f 1485/182/1090 1517/182/1122 1518/184/1123 1486/184/1091
f 1472/156/1077 1504/156/1109 1505/158/1110 1473/158/1078
f 1459/130/1064 1491/130/1096 1492/132/1097 1460/132/1065
f 1486/184/1091 1518/184/1123 1519/186/1124 1487/186/1092
f 1473/158/1078 1505/158/1110 1506/160/1111 1474/160/1079
f 1460/132/1065 1492/132/1097 1493/134/1098 1461/134/1066
f 1487/186/1092 1519/186/1124 1520/188/1125 1488/188/1093
f 1474/160/1079 1506/160/1111 1507/162/1112 1475/162/1080
f 1461/134/1066 1493/134/1098 1494/136/1099 1462/136/1067
f 1488/188/1093 1520/188/1125 1521/190/1126 1489/190/1094
f 1475/162/1080 1507/162/1112 1508/164/1113 1476/164/1081
f 1462/136/1067 1494/136/1099 1495/138/1100 1463/138/1068
f 1489/190/1094 1521/190/1126 1490/192/1095 1458/192/1063
f 1476/164/1081 1508/164/1113 1509/166/1114 1477/166/1082
f 1542/193/1147 1606/193/1211 1607/194/1212 1543/194/1148
f 1501/150/1106 1565/150/1170 1566/152/1171 1502/152/1107
f 1515/178/1120 1579/178/1184 1580/180/1185 1516/180/1121
f 1502/152/1107 1566/152/1171 1567/154/1172 1503/154/1108
f 1516/180/1121 1580/180/1185 1581/182/1186 1517/182/1122
f 1503/154/1108 1567/154/1172 1568/156/1173 1504/156/1109
f 1490/127/1095 1554/127/1159 1555/130/1160 1491/130/1096
f 1517/182/1122 1581/182/1186 1582/184/1187 1518/184/1123
f 1504/156/1109 1568/156/1173 1569/158/1174 1505/158/1110
f 1491/130/1096 1555/130/1160 1556/132/1161 1492/132/1097
f 1518/184/1123 1582/184/1187 1583/186/1188 1519/186/1124
f 1505/158/1110 1569/158/1174 1570/160/1175 1506/160/1111
f 1492/132/1097 1556/132/1161 1557/134/1162 1493/134/1098
f 1519/186/1124 1583/186/1188 1584/188/1189 1520/188/1125
f 1506/160/1111 1570/160/1175 1571/162/1176 1507/162/1112
f 1493/134/1098 1557/134/1162 1558/136/1163 1494/136/1099
f 1520/188/1125 1584/188/1189 1585/190/1190 1521/190/1126
f 1507/162/1112 1571/162/1176 1572/164/1177 1508/164/1113
f 1494/136/1099 1558/136/1163 1559/138/1164 1495/138/1100
f 1521/190/1126 1585/190/1190 1554/192/1159 1490/192/1095
f 1508/164/1113 1572/164/1177 1573/166/1178 1509/166/1114
f 1495/138/1100 1559/138/1164 1560/140/1165 1496/140/1101
f 1509/166/1114 1573/166/1178 1574/168/1179 1510/168/1115
f 1496/140/1101 1560/140/1165 1561/142/1166 1497/142/1102
f 1510/168/1115 1574/168/1179 1575/170/1180 1511/170/1116
f 1497/142/1102 1561/142/1166 1562/144/1167 1498/144/1103
f 1511/170/1116 1575/170/1180 1576/172/1181 1512/172/1117
f 1498/144/1103 1562/144/1167 1563/146/1168 1499/146/1104
f 1512/172/1117 1576/172/1181 1577/174/1182 1513/174/1118
f 1499/146/1104 1563/146/1168 1564/148/1169 1500/148/1105
f 1513/174/1118 1577/174/1182 1578/176/1183 1514/176/1119
f 1500/148/1105 1564/148/1169 1565/150/1170 1501/150/1106
f 1523/195/1128 1555/195/1160 1554/196/1159 1522/196/1127
f 1524/197/1129 1556/197/1161 1555/195/1160 1523/195/1128
f 1525/198/1130 1557/198/1162 1556/197/1161 1524/197/1129
f 1526/199/1131 1558/199/1163 1557/198/1162 1525/198/1130
f 1527/200/1132 1559/200/1164 1558/199/1163 1526/199/1131
f 1528/201/1133 1560/201/1165 1559/200/1164 1527/200/1132
f 1529/202/1134 1561/202/1166 1560/201/1165 1528/201/1133
f 1530/203/1135 1562/203/1167 1561/202/1166 1529/202/1134
f 1531/204/1136 1563/204/1168 1562/203/1167 1530/203/1135
f 1532/205/1137 1564/205/1169 1563/204/1168 1531/204/1136
f 1533/206/1138 1565/206/1170 1564/205/1169 1532/205/1137
f 1534/207/1139 1566/207/1171 1565/206/1170 1533/206/1138
f 1535/208/1140 1567/208/1172 1566/207/1171 1534/207/1139
f 1536/209/1141 1568/209/1173 1567/208/1172 1535/208/1140
f 1537/210/1142 1569/210/1174 1568/209/1173 1536/209/1141
f 1538/211/1143 1570/211/1175 1569/210/1174 1537/210/1142
f 1539/212/1144 1571/212/1176 1570/211/1175 1538/211/1143
f 1540/213/1145 1572/213/1177 1571/212/1176 1539/212/1144
f 1541/214/1146 1573/214/1178 1572/213/1177 1540/213/1145
f 1542/193/1147 1574/193/1179 1573/214/1178 1541/214/1146
f 1543/194/1148 1575/194/1180 1574/193/1179 1542/193/1147
f 1544/215/1149 1576/215/1181 1575/194/1180 1543/194/1148
f 1545/216/1150 1577/216/1182 1576/215/1181 1544/215/1149
f 1546/217/1151 1578/217/1183 1577/216/1182 1545/216/1150
f 1547/218/1152 1579/218/1184 1578/217/1183 1546/217/1151
f 1548/219/1153 1580/219/1185 1579/218/1184 1547/218/1152
f 1549/220/1154 1581/220/1186 1580/219/1185 1548/219/1153
f 1550/221/1155 1582/221/1187 1581/220/1186 1549/220/1154
f 1551/222/1156 1583/222/1188 1582/221/1187 1550/221/1155
f 1552/223/1157 1584/223/1189 1583/222/1188 1551/222/1156
f 1553/224/1158 1585/224/1190 1584/223/1189 1552/223/1157
f 1522/196/1127 1554/196/1159 1585/224/1190 1553/224/1158
f 1586/196/1191 1617/224/1222 1616/223/1221 1615/222/1220 1614/221/1219 1613/220/1218 1612/219/1217 1611/218/1216 1610/217/1215 1609/216/1214 1608/215/1213 1607/194/1212 1606/193/1211 1605/214/1210 1604/213/1209 1603/212/1208 1602/211/1207 1601/210/1206 1600/209/1205 1599/208/1204 1598/207/1203 1597/206/1202 1596/205/1201 1595/204/1200 1594/203/1199 1593/202/1198 1592/201/1197 1591/200/1196 1590/199/1195 1589/198/1194 1588/197/1193 1587/195/1192
f 1529/202/1134 1593/202/1198 1594/203/1199 1530/203/1135
f 1543/194/1148 1607/194/1212 1608/215/1213 1544/215/1149
f 1530/203/1135 1594/203/1199 1595/204/1200 1531/204/1136
f 1544/215/1149 1608/215/1213 1609/216/1214 1545/216/1150
f 1531/204/1136 1595/204/1200 1596/205/1201 1532/205/1137
f 1545/216/1150 1609/216/1214 1610/217/1215 1546/217/1151
f 1532/205/1137 1596/205/1201 1597/206/1202 1533/206/1138
f 1546/217/1151 1610/217/1215 1611/218/1216 1547/218/1152
f 1533/206/1138 1597/206/1202 1598/207/1203 1534/207/1139
f 1547/218/1152 1611/218/1216 1612/219/1217 1548/219/1153
f 1534/207/1139 1598/207/1203 1599/208/1204 1535/208/1140
f 1548/219/1153 1612/219/1217 1613/220/1218 1549/220/1154
f 1535/208/1140 1599/208/1204 1600/209/1205 1536/209/1141
f 1522/196/1127 1586/196/1191 1587/195/1192 1523/195/1128
f 1549/220/1154 1613/220/1218 1614/221/1219 1550/221/1155
f 1536/209/1141 1600/209/1205 1601/210/1206 1537/210/1142
f 1523/195/1128 1587/195/1192 1588/197/1193 1524/197/1129
f 1550/221/1155 1614/221/1219 1615/222/1220 1551/222/1156
f 1537/210/1142 1601/210/1206 1602/211/1207 1538/211/1143
f 1524/197/1129 1588/197/1193 1589/198/1194 1525/198/1130
f 1551/222/1156 1615/222/1220 1616/223/1221 1552/223/1157
f 1538/211/1143 1602/211/1207 1603/212/1208 1539/212/1144
f 1525/198/1130 1589/198/1194 1590/199/1195 1526/199/1131
f 1552/223/1157 1616/223/1221 1617/224/1222 1553/224/1158
f 1539/212/1144 1603/212/1208 1604/213/1209 1540/213/1145
f 1526/199/1131 1590/199/1195 1591/200/1196 1527/200/1132
f 1553/224/1158 1617/224/1222 1586/196/1191 1522/196/1127
f 1540/213/1145 1604/213/1209 1605/214/1210 1541/214/1146
f 1527/200/1132 1591/200/1196 1592/201/1197 1528/201/1133
f 1541/214/1146 1605/214/1210 1606/193/1211 1542/193/1147
f 1528/201/1133 1592/201/1197 1593/202/1198 1529/202/1134
f 1619/225/1224 1620/256/1225 1621/255/1226 1622/254/1227 1623/253/1228 1624/252/1229 1625/251/1230 1626/250/1231 1627/249/1232 1628/248/1233 1629/247/1234 1630/246/1235 1631/245/1236 1632/244/1237 1633/243/1238 1634/242/1239 1635/241/1240 1636/240/1241 1637/239/1242 1638/238/1243 1639/237/1244 1640/236/1245 1641/235/1246 1642/234/1247 1643/233/1248 1644/232/1249 1645/231/1250 1646/230/1251 1647/229/1252 1648/228/1253 1649/227/1254 1618/226/1223
f 1435/145/1040 1659/145/1264 1658/143/1263 1434/143/1039
f 1449/173/1054 1673/173/1278 1672/171/1277 1448/171/1053
f 1436/147/1041 1660/147/1265 1659/145/1264 1435/145/1040
f 1450/175/1055 1674/175/1279 1673/173/1278 1449/173/1054
f 1437/149/1042 1661/149/1266 1660/147/1265 1436/147/1041
f 1451/177/1056 1675/177/1280 1674/175/1279 1450/175/1055
f 1438/151/1043 1662/151/1267 1661/149/1266 1437/149/1042
f 1452/179/1057 1676/179/1281 1675/177/1280 1451/177/1056
f 1439/153/1044 1663/153/1268 1662/151/1267 1438/151/1043
f 1453/181/1058 1677/181/1282 1676/179/1281 1452/179/1057
f 1440/155/1045 1664/155/1269 1663/153/1268 1439/153/1044
f 1427/129/1032 1650/129/1255 1651/128/1256 1426/128/1031
f 1454/183/1059 1678/183/1283 1677/181/1282 1453/181/1058
f 1441/157/1046 1665/157/1270 1664/155/1269 1440/155/1045
f 1428/131/1033 1652/131/1257 1650/129/1255 1427/129/1032
f 1455/185/1060 1679/185/1284 1678/183/1283 1454/183/1059
f 1442/159/1047 1666/159/1271 1665/157/1270 1441/157/1046
f 1429/133/1034 1653/133/1258 1652/131/1257 1428/131/1033
f 1456/187/1061 1680/187/1285 1679/185/1284 1455/185/1060
f 1443/161/1048 1667/161/1272 1666/159/1271 1442/159/1047
f 1430/135/1035 1654/135/1259 1653/133/1258 1429/133/1034
f 1457/189/1062 1681/189/1286 1680/187/1285 1456/187/1061
f 1444/163/1049 1668/163/1273 1667/161/1272 1443/161/1048
f 1431/137/1036 1655/137/1260 1654/135/1259 1430/135/1035
f 1426/191/1031 1651/191/1256 1681/189/1286 1457/189/1062
f 1445/165/1050 1669/165/1274 1668/163/1273 1444/163/1049
f 1432/139/1037 1656/139/1261 1655/137/1260 1431/137/1036
f 1446/167/1051 1670/167/1275 1669/165/1274 1445/165/1050
f 1433/141/1038 1657/141/1262 1656/139/1261 1432/139/1037
f 1447/169/1052 1671/169/1276 1670/167/1275 1446/167/1051
f 1434/143/1039 1658/143/1263 1657/141/1262 1433/141/1038
f 1618/226/1223 1651/258/1256 1650/257/1255 1619/225/1224
f 1619/225/1224 1650/257/1255 1652/259/1257 1620/256/1225
f 1620/256/1225 1652/259/1257 1653/260/1258 1621/255/1226
f 1621/255/1226 1653/260/1258 1654/261/1259 1622/254/1227
f 1622/254/1227 1654/261/1259 1655/262/1260 1623/253/1228
f 1623/253/1228 1655/262/1260 1656/263/1261 1624/252/1229
f 1624/252/1229 1656/263/1261 1657/264/1262 1625/251/1230
f 1625/251/1230 1657/264/1262 1658/265/1263 1626/250/1231
f 1626/250/1231 1658/265/1263 1659/266/1264 1627/249/1232
f 1627/249/1232 1659/266/1264 1660/267/1265 1628/248/1233
f 1628/248/1233 1660/267/1265 1661/268/1266 1629/247/1234
f 1629/247/1234 1661/268/1266 1662/269/1267 1630/246/1235
f 1630/246/1235 1662/269/1267 1663/270/1268 1631/245/1236
f 1631/245/1236 1663/270/1268 1664/271/1269 1632/244/1237
f 1632/244/1237 1664/271/1269 1665/272/1270 1633/243/1238
f 1633/243/1238 1665/272/1270 1666/273/1271 1634/242/1239
f 1634/242/1239 1666/273/1271 1667/274/1272 1635/241/1240
f 1635/241/1240 1667/274/1272 1668/275/1273 1636/240/1241
f 1636/240/1241 1668/275/1273 1669/276/1274 1637/239/1242
f 1637/239/1242 1669/276/1274 1670/277/1275 1638/238/1243
f 1638/238/1243 1670/277/1275 1671/278/1276 1639/237/1244
f 1639/237/1244 1671/278/1276 1672/279/1277 1640/236/1245
f 1640/236/1245 1672/279/1277 1673/280/1278 1641/235/1246
f 1641/235/1246 1673/280/1278 1674/281/1279 1642/234/1247
f 1642/234/1247 1674/281/1279 1675/282/1280 1643/233/1248
f 1643/233/1248 1675/282/1280 1676/283/1281 1644/232/1249
f 1644/232/1249 1676/283/1281 1677/284/1282 1645/231/1250
f 1645/231/1250 1677/284/1282 1678/285/1283 1646/230/1251
f 1646/230/1251 1678/285/1283 1679/286/1284 1647/229/1252
f 1647/229/1252 1679/286/1284 1680/287/1285 1648/228/1253
f 1648/228/1253 1680/287/1285 1681/288/1286 1649/227/1254
f 1649/227/1254 1681/288/1286 1651/258/1256 1618/226/1223
f 1682/127/935 1683/128/936 1685/129/998 1684/130/997
f 1684/130/997 1685/129/998 1687/131/996 1686/132/995
f 1686/132/995 1687/131/996 1689/133/994 1688/134/993
f 1688/134/993 1689/133/994 1691/135/992 1690/136/991
f 1690/136/991 1691/135/992 1693/137/990 1692/138/1287
f 1692/138/1287 1693/137/990 1695/139/988 1694/140/987
f 1694/140/987 1695/139/988 1697/141/986 1696/142/985
f 1696/142/985 1697/141/986 1699/143/984 1698/144/983
f 1698/144/983 1699/143/984 1701/145/982 1700/146/981
f 1700/146/981 1701/145/982 1703/147/980 1702/148/979
f 1702/148/979 1703/147/980 1705/149/978 1704/150/1288
f 1704/150/1288 1705/149/978 1707/151/976 1706/152/975
f 1706/152/975 1707/151/976 1709/153/974 1708/154/973
f 1708/154/973 1709/153/974 1711/155/972 1710/156/971
f 1710/156/971 1711/155/972 1713/157/970 1712/158/969
f 1712/158/969 1713/157/970 1715/159/968 1714/160/967
f 1714/160/967 1715/159/968 1717/161/966 1716/162/965
f 1716/162/965 1717/161/966 1719/163/964 1718/164/963
f 1718/164/963 1719/163/964 1721/165/962 1720/166/961
f 1720/166/961 1721/165/962 1723/167/960 1722/168/959
f 1722/168/959 1723/167/960 1725/169/958 1724/170/1289
f 1724/170/1289 1725/169/958 1727/171/956 1726/172/955
f 1726/172/955 1727/171/956 1729/173/954 1728/174/953
f 1728/174/953 1729/173/954 1731/175/952 1730/176/951
f 1730/176/951 1731/175/952 1733/177/950 1732/178/949
f 1732/178/949 1733/177/950 1735/179/948 1734/180/947
f 1734/180/947 1735/179/948 1737/181/946 1736/182/1290
f 1736/182/1290 1737/181/946 1739/183/944 1738/184/943
f 1738/184/943 1739/183/944 1741/185/942 1740/186/941
f 1740/186/941 1741/185/942 1743/187/940 1742/188/939
f 1729/173/954 1727/171/956 1768/171/1009 1769/173/1008
f 1742/188/939 1743/187/940 1745/189/938 1744/190/937
f 1744/190/937 1745/189/938 1683/191/936 1682/192/935
f 1700/146/981 1702/148/979 1820/148/1085 1819/146/1086
f 1773/181/1004 1772/179/1005 1804/179/1037 1805/181/1036
f 1685/129/998 1683/128/936 1746/128/999 1747/129/1030
f 1683/191/936 1745/189/938 1777/189/1000 1746/191/999
f 1703/147/980 1701/145/982 1755/145/1022 1756/147/1021
f 1721/165/962 1719/163/964 1764/163/1013 1765/165/1012
f 1739/183/944 1737/181/946 1773/181/1004 1774/183/1003
f 1695/139/988 1693/137/990 1751/137/1026 1752/139/1025
f 1713/157/970 1711/155/972 1760/155/1017 1761/157/1016
f 1731/175/952 1729/173/954 1769/173/1008 1770/175/1007
f 1687/131/996 1685/129/998 1747/129/1030 1748/131/1029
f 1705/149/978 1703/147/980 1756/147/1021 1757/149/1020
f 1723/167/960 1721/165/962 1765/165/1012 1766/167/1011
f 1741/185/942 1739/183/944 1774/183/1003 1775/185/1002
f 1697/141/986 1695/139/988 1752/139/1025 1753/141/1024
f 1715/159/968 1713/157/970 1761/157/1016 1762/159/1015
f 1733/177/950 1731/175/952 1770/175/1007 1771/177/1006
f 1689/133/994 1687/131/996 1748/131/1029 1749/133/1028
f 1707/151/976 1705/149/978 1757/149/1020 1758/151/1019
f 1725/169/958 1723/167/960 1766/167/1011 1767/169/1010
f 1743/187/940 1741/185/942 1775/185/1002 1776/187/1001
f 1699/143/984 1697/141/986 1753/141/1024 1754/143/1023
f 1717/161/966 1715/159/968 1762/159/1015 1763/161/1014
f 1735/179/948 1733/177/950 1771/177/1006 1772/179/1005
f 1691/135/992 1689/133/994 1749/133/1028 1750/135/1027
f 1709/153/974 1707/151/976 1758/151/1019 1759/153/1018
f 1727/171/956 1725/169/958 1767/169/1010 1768/171/1009
f 1745/189/938 1743/187/940 1776/187/1001 1777/189/1000
f 1701/145/982 1699/143/984 1754/143/1023 1755/145/1022
f 1719/163/964 1717/161/966 1763/161/1014 1764/163/1013
f 1737/181/946 1735/179/948 1772/179/1005 1773/181/1004
f 1693/137/990 1691/135/992 1750/135/1027 1751/137/1026
f 1711/155/972 1709/153/974 1759/153/1018 1760/155/1017
f 1800/171/1041 1799/169/1042 2023/169/1266 2024/171/1265
f 1760/155/1017 1759/153/1018 1791/153/1050 1792/155/1049
f 1747/129/1030 1746/128/999 1778/128/1031 1779/129/1062
f 1774/183/1003 1773/181/1004 1805/181/1036 1806/183/1035
f 1761/157/1016 1760/155/1017 1792/155/1049 1793/157/1048
f 1748/131/1029 1747/129/1030 1779/129/1062 1780/131/1061
f 1775/185/1002 1774/183/1003 1806/183/1035 1807/185/1034
f 1762/159/1015 1761/157/1016 1793/157/1048 1794/159/1047
f 1749/133/1028 1748/131/1029 1780/131/1061 1781/133/1060
f 1776/187/1001 1775/185/1002 1807/185/1034 1808/187/1033
f 1763/161/1014 1762/159/1015 1794/159/1047 1795/161/1046
f 1750/135/1027 1749/133/1028 1781/133/1060 1782/135/1059
f 1777/189/1000 1776/187/1001 1808/187/1033 1809/189/1032
f 1764/163/1013 1763/161/1014 1795/161/1046 1796/163/1045
f 1751/137/1026 1750/135/1027 1782/135/1059 1783/137/1058
f 1746/191/999 1777/189/1000 1809/189/1032 1778/191/1031
f 1765/165/1012 1764/163/1013 1796/163/1045 1797/165/1044
f 1752/139/1025 1751/137/1026 1783/137/1058 1784/139/1057
f 1766/167/1011 1765/165/1012 1797/165/1044 1798/167/1043
f 1753/141/1024 1752/139/1025 1784/139/1057 1785/141/1056
f 1767/169/1010 1766/167/1011 1798/167/1043 1799/169/1042
f 1754/143/1023 1753/141/1024 1785/141/1056 1786/143/1055
f 1768/171/1009 1767/169/1010 1799/169/1042 1800/171/1041
f 1755/145/1022 1754/143/1023 1786/143/1055 1787/145/1054
f 1769/173/1008 1768/171/1009 1800/171/1041 1801/173/1040
f 1756/147/1021 1755/145/1022 1787/145/1054 1788/147/1053
f 1770/175/1007 1769/173/1008 1801/173/1040 1802/175/1039
f 1757/149/1020 1756/147/1021 1788/147/1053 1789/149/1291
f 1771/177/1006 1770/175/1007 1802/175/1039 1803/177/1038
f 1758/151/1019 1757/149/1020 1789/149/1291 1790/151/1051
f 1772/179/1005 1771/177/1006 1803/177/1038 1804/179/1037
f 1759/153/1018 1758/151/1019 1790/151/1051 1791/153/1050
f 1815/138/1090 1816/140/1089 1848/140/1121 1847/138/1122
f 1718/164/963 1720/166/961 1829/166/1076 1828/164/1077
f 1736/182/1290 1738/184/943 1838/184/1067 1837/182/1068
f 1692/138/1287 1694/140/987 1816/140/1089 1815/138/1090
f 1710/156/971 1712/158/969 1825/158/1080 1824/156/1081
f 1728/174/953 1730/176/951 1834/176/1071 1833/174/1072
f 1684/130/997 1686/132/995 1812/132/1093 1811/130/1094
f 1702/148/979 1704/150/1288 1821/150/1084 1820/148/1085
f 1720/166/961 1722/168/959 1830/168/1075 1829/166/1076
f 1738/184/943 1740/186/941 1839/186/1066 1838/184/1067
f 1694/140/987 1696/142/985 1817/142/1088 1816/140/1089
f 1712/158/969 1714/160/967 1826/160/1079 1825/158/1080
f 1730/176/951 1732/178/949 1835/178/1070 1834/176/1071
f 1686/132/995 1688/134/993 1813/134/1092 1812/132/1093
f 1704/150/1288 1706/152/975 1822/152/1083 1821/150/1084
f 1722/168/959 1724/170/1289 1831/170/1074 1830/168/1075
f 1740/186/941 1742/188/939 1840/188/1065 1839/186/1066
f 1696/142/985 1698/144/983 1818/144/1087 1817/142/1088
f 1714/160/967 1716/162/965 1827/162/1078 1826/160/1079
f 1732/178/949 1734/180/947 1836/180/1069 1835/178/1070
f 1688/134/993 1690/136/991 1814/136/1091 1813/134/1092
f 1706/152/975 1708/154/973 1823/154/1082 1822/152/1083
f 1724/170/1289 1726/172/955 1832/172/1073 1831/170/1074
f 1742/188/939 1744/190/937 1841/190/1064 1840/188/1065
f 1698/144/983 1700/146/981 1819/146/1086 1818/144/1087
f 1716/162/965 1718/164/963 1828/164/1077 1827/162/1078
f 1734/180/947 1736/182/1290 1837/182/1068 1836/180/1069
f 1690/136/991 1692/138/1287 1815/138/1090 1814/136/1091
f 1708/154/973 1710/156/971 1824/156/1081 1823/154/1082
f 1726/172/955 1728/174/953 1833/174/1072 1832/172/1073
f 1682/127/935 1684/130/997 1811/130/1094 1810/127/1063
f 1744/190/937 1682/192/935 1810/192/1063 1841/190/1064
f 1866/176/1103 1867/178/1102 1931/178/1166 1930/176/1167
f 1829/166/1076 1830/168/1075 1862/168/1107 1861/166/1108
f 1816/140/1089 1817/142/1088 1849/142/1120 1848/140/1121
f 1830/168/1075 1831/170/1074 1863/170/1106 1862/168/1107
f 1817/142/1088 1818/144/1087 1850/144/1119 1849/142/1120
f 1831/170/1074 1832/172/1073 1864/172/1105 1863/170/1106
f 1818/144/1087 1819/146/1086 1851/146/1118 1850/144/1119
f 1832/172/1073 1833/174/1072 1865/174/1104 1864/172/1105
f 1819/146/1086 1820/148/1085 1852/148/1117 1851/146/1118
f 1833/174/1072 1834/176/1071 1866/176/1103 1865/174/1104
f 1820/148/1085 1821/150/1084 1853/150/1116 1852/148/1117
f 1834/176/1071 1835/178/1070 1867/178/1102 1866/176/1103
f 1821/150/1084 1822/152/1083 1854/152/1115 1853/150/1116
f 1835/178/1070 1836/180/1069 1868/180/1101 1867/178/1102
f 1822/152/1083 1823/154/1082 1855/154/1114 1854/152/1115
f 1836/180/1069 1837/182/1068 1869/182/1100 1868/180/1101
f 1823/154/1082 1824/156/1081 1856/156/1113 1855/154/1114
f 1810/127/1063 1811/130/1094 1843/130/1126 1842/127/1095
f 1837/182/1068 1838/184/1067 1870/184/1099 1869/182/1100
f 1824/156/1081 1825/158/1080 1857/158/1112 1856/156/1113
f 1811/130/1094 1812/132/1093 1844/132/1125 1843/130/1126
f 1838/184/1067 1839/186/1066 1871/186/1098 1870/184/1099
f 1825/158/1080 1826/160/1079 1858/160/1111 1857/158/1112
f 1812/132/1093 1813/134/1092 1845/134/1124 1844/132/1125
f 1839/186/1066 1840/188/1065 1872/188/1097 1871/186/1098
f 1826/160/1079 1827/162/1078 1859/162/1110 1858/160/1111
f 1813/134/1092 1814/136/1091 1846/136/1123 1845/134/1124
f 1840/188/1065 1841/190/1064 1873/190/1096 1872/188/1097
f 1827/162/1078 1828/164/1077 1860/164/1109 1859/162/1110
f 1814/136/1091 1815/138/1090 1847/138/1122 1846/136/1123
f 1841/190/1064 1810/192/1063 1842/192/1095 1873/190/1096
f 1828/164/1077 1829/166/1076 1861/166/1108 1860/164/1109
f 1894/193/1139 1895/194/1138 1959/194/1202 1958/193/1203
f 1853/150/1116 1854/152/1115 1918/152/1179 1917/150/1180
f 1867/178/1102 1868/180/1101 1932/180/1165 1931/178/1166
f 1854/152/1115 1855/154/1114 1919/154/1178 1918/152/1179
f 1868/180/1101 1869/182/1100 1933/182/1164 1932/180/1165
f 1855/154/1114 1856/156/1113 1920/156/1177 1919/154/1178
f 1842/127/1095 1843/130/1126 1907/130/1190 1906/127/1159
f 1869/182/1100 1870/184/1099 1934/184/1163 1933/182/1164
f 1856/156/1113 1857/158/1112 1921/158/1176 1920/156/1177
f 1843/130/1126 1844/132/1125 1908/132/1189 1907/130/1190
f 1870/184/1099 1871/186/1098 1935/186/1162 1934/184/1163
f 1857/158/1112 1858/160/1111 1922/160/1175 1921/158/1176
f 1844/132/1125 1845/134/1124 1909/134/1188 1908/132/1189
f 1871/186/1098 1872/188/1097 1936/188/1161 1935/186/1162
f 1858/160/1111 1859/162/1110 1923/162/1174 1922/160/1175
f 1845/134/1124 1846/136/1123 1910/136/1187 1909/134/1188
f 1872/188/1097 1873/190/1096 1937/190/1160 1936/188/1161
f 1859/162/1110 1860/164/1109 1924/164/1173 1923/162/1174
f 1846/136/1123 1847/138/1122 1911/138/1186 1910/136/1187
f 1873/190/1096 1842/192/1095 1906/192/1159 1937/190/1160
f 1860/164/1109 1861/166/1108 1925/166/1172 1924/164/1173
f 1847/138/1122 1848/140/1121 1912/140/1185 1911/138/1186
f 1861/166/1108 1862/168/1107 1926/168/1171 1925/166/1172
f 1848/140/1121 1849/142/1120 1913/142/1184 1912/140/1185
f 1862/168/1107 1863/170/1106 1927/170/1170 1926/168/1171
f 1849/142/1120 1850/144/1119 1914/144/1183 1913/142/1184
f 1863/170/1106 1864/172/1105 1928/172/1169 1927/170/1170
f 1850/144/1119 1851/146/1118 1915/146/1182 1914/144/1183
f 1864/172/1105 1865/174/1104 1929/174/1168 1928/172/1169
f 1851/146/1118 1852/148/1117 1916/148/1181 1915/146/1182
f 1865/174/1104 1866/176/1103 1930/176/1167 1929/174/1168
f 1852/148/1117 1853/150/1116 1917/150/1180 1916/148/1181
f 1875/195/1158 1874/196/1127 1906/196/1159 1907/195/1190
f 1876/197/1157 1875/195/1158 1907/195/1190 1908/197/1189
f 1877/198/1156 1876/197/1157 1908/197/1189 1909/198/1188
f 1878/199/1155 1877/198/1156 1909/198/1188 1910/199/1187
f 1879/200/1154 1878/199/1155 1910/199/1187 1911/200/1186
f 1880/201/1153 1879/200/1154 1911/200/1186 1912/201/1185
f 1881/202/1152 1880/201/1153 1912/201/1185 1913/202/1184
f 1882/203/1151 1881/202/1152 1913/202/1184 1914/203/1183
f 1883/204/1150 1882/203/1151 1914/203/1183 1915/204/1182
f 1884/205/1149 1883/204/1150 1915/204/1182 1916/205/1181
f 1885/206/1148 1884/205/1149 1916/205/1181 1917/206/1180
f 1886/207/1147 1885/206/1148 1917/206/1180 1918/207/1179
f 1887/208/1146 1886/207/1147 1918/207/1179 1919/208/1178
f 1888/209/1145 1887/208/1146 1919/208/1178 1920/209/1177
f 1889/210/1144 1888/209/1145 1920/209/1177 1921/210/1176
f 1890/211/1143 1889/210/1144 1921/210/1176 1922/211/1175
f 1891/212/1142 1890/211/1143 1922/211/1175 1923/212/1174
f 1892/213/1141 1891/212/1142 1923/212/1174 1924/213/1173
f 1893/214/1140 1892/213/1141 1924/213/1173 1925/214/1172
f 1894/193/1139 1893/214/1140 1925/214/1172 1926/193/1171
f 1895/194/1138 1894/193/1139 1926/193/1171 1927/194/1170
f 1896/215/1137 1895/194/1138 1927/194/1170 1928/215/1169
f 1897/216/1136 1896/215/1137 1928/215/1169 1929/216/1168
f 1898/217/1135 1897/216/1136 1929/216/1168 1930/217/1167
f 1899/218/1134 1898/217/1135 1930/217/1167 1931/218/1166
f 1900/219/1133 1899/218/1134 1931/218/1166 1932/219/1165
f 1901/220/1132 1900/219/1133 1932/219/1165 1933/220/1164
f 1902/221/1131 1901/220/1132 1933/220/1164 1934/221/1163
f 1903/222/1130 1902/221/1131 1934/221/1163 1935/222/1162
f 1904/223/1129 1903/222/1130 1935/222/1162 1936/223/1161
f 1905/224/1128 1904/223/1129 1936/223/1161 1937/224/1160
f 1874/196/1127 1905/224/1128 1937/224/1160 1906/196/1159
f 1938/196/1191 1939/195/1222 1940/197/1221 1941/198/1220 1942/199/1219 1943/200/1218 1944/201/1292 1945/202/1216 1946/203/1215 1947/204/1214 1948/205/1293 1949/206/1212 1950/207/1211 1951/208/1210 1952/209/1209 1953/210/1208 1954/211/1207 1955/212/1206 1956/213/1205 1957/214/1204 1958/193/1203 1959/194/1202 1960/215/1294 1961/216/1200 1962/217/1199 1963/218/1198 1964/219/1295 1965/220/1196 1966/221/1195 1967/222/1194 1968/223/1193 1969/224/1192
f 1881/202/1152 1882/203/1151 1946/203/1215 1945/202/1216
f 1895/194/1138 1896/215/1137 1960/215/1294 1959/194/1202
f 1882/203/1151 1883/204/1150 1947/204/1214 1946/203/1215
f 1896/215/1137 1897/216/1136 1961/216/1200 1960/215/1294
f 1883/204/1150 1884/205/1149 1948/205/1293 1947/204/1214
f 1897/216/1136 1898/217/1135 1962/217/1199 1961/216/1200
f 1884/205/1149 1885/206/1148 1949/206/1212 1948/205/1293
f 1898/217/1135 1899/218/1134 1963/218/1198 1962/217/1199
f 1885/206/1148 1886/207/1147 1950/207/1211 1949/206/1212
f 1899/218/1134 1900/219/1133 1964/219/1295 1963/218/1198
f 1886/207/1147 1887/208/1146 1951/208/1210 1950/207/1211
f 1900/219/1133 1901/220/1132 1965/220/1196 1964/219/1295
f 1887/208/1146 1888/209/1145 1952/209/1209 1951/208/1210
f 1874/196/1127 1875/195/1158 1939/195/1222 1938/196/1191
f 1901/220/1132 1902/221/1131 1966/221/1195 1965/220/1196
f 1888/209/1145 1889/210/1144 1953/210/1208 1952/209/1209
f 1875/195/1158 1876/197/1157 1940/197/1221 1939/195/1222
f 1902/221/1131 1903/222/1130 1967/222/1194 1966/221/1195
f 1889/210/1144 1890/211/1143 1954/211/1207 1953/210/1208
f 1876/197/1157 1877/198/1156 1941/198/1220 1940/197/1221
f 1903/222/1130 1904/223/1129 1968/223/1193 1967/222/1194
f 1890/211/1143 1891/212/1142 1955/212/1206 1954/211/1207
f 1877/198/1156 1878/199/1155 1942/199/1219 1941/198/1220
f 1904/223/1129 1905/224/1128 1969/224/1192 1968/223/1193
f 1891/212/1142 1892/213/1141 1956/213/1205 1955/212/1206
f 1878/199/1155 1879/200/1154 1943/200/1218 1942/199/1219
f 1905/224/1128 1874/196/1127 1938/196/1191 1969/224/1192
f 1892/213/1141 1893/214/1140 1957/214/1204 1956/213/1205
f 1879/200/1154 1880/201/1153 1944/201/1292 1943/200/1218
f 1893/214/1140 1894/193/1139 1958/193/1203 1957/214/1204
f 1880/201/1153 1881/202/1152 1945/202/1216 1944/201/1292
f 1971/225/1254 1970/226/1223 2001/227/1224 2000/228/1225 1999/229/1226 1998/230/1227 1997/231/1228 1996/232/1229 1995/233/1230 1994/234/1231 1993/235/1232 1992/236/1233 1991/237/1234 1990/238/1235 1989/239/1236 1988/240/1237 1987/241/1238 1986/242/1239 1985/243/1240 1984/244/1241 1983/245/1242 1982/246/1243 1981/247/1244 1980/248/1245 1979/249/1246 1978/250/1247 1977/251/1248 1976/252/1249 1975/253/1250 1974/254/1251 1973/255/1252 1972/256/1253
f 1787/145/1054 1786/143/1055 2010/143/1279 2011/145/1278
f 1801/173/1040 1800/171/1041 2024/171/1265 2025/173/1264
f 1788/147/1053 1787/145/1054 2011/145/1278 2012/147/1277
f 1802/175/1039 1801/173/1040 2025/173/1264 2026/175/1263
f 1789/149/1291 1788/147/1053 2012/147/1277 2013/149/1276
f 1803/177/1038 1802/175/1039 2026/175/1263 2027/177/1262
f 1790/151/1051 1789/149/1291 2013/149/1276 2014/151/1275
f 1804/179/1037 1803/177/1038 2027/177/1262 2028/179/1261
f 1791/153/1050 1790/151/1051 2014/151/1275 2015/153/1274
f 1805/181/1036 1804/179/1037 2028/179/1261 2029/181/1260
f 1792/155/1049 1791/153/1050 2015/153/1274 2016/155/1273
f 1779/129/1062 1778/128/1031 2003/128/1256 2002/129/1286
f 1806/183/1035 1805/181/1036 2029/181/1260 2030/183/1259
f 1793/157/1048 1792/155/1049 2016/155/1273 2017/157/1272
f 1780/131/1061 1779/129/1062 2002/129/1286 2004/131/1285
f 1807/185/1034 1806/183/1035 2030/183/1259 2031/185/1258
f 1794/159/1047 1793/157/1048 2017/157/1272 2018/159/1271
f 1781/133/1060 1780/131/1061 2004/131/1285 2005/133/1284
f 1808/187/1033 1807/185/1034 2031/185/1258 2032/187/1257
f 1795/161/1046 1794/159/1047 2018/159/1271 2019/161/1270
f 1782/135/1059 1781/133/1060 2005/133/1284 2006/135/1283
f 1809/189/1032 1808/187/1033 2032/187/1257 2033/189/1255
f 1796/163/1045 1795/161/1046 2019/161/1270 2020/163/1269
f 1783/137/1058 1782/135/1059 2006/135/1283 2007/137/1282
f 1778/191/1031 1809/189/1032 2033/189/1255 2003/191/1256
f 1797/165/1044 1796/163/1045 2020/163/1269 2021/165/1268
f 1784/139/1057 1783/137/1058 2007/137/1282 2008/139/1281
f 1798/167/1043 1797/165/1044 2021/165/1268 2022/167/1267
f 1785/141/1056 1784/139/1057 2008/139/1281 2009/141/1280
f 1799/169/1042 1798/167/1043 2022/167/1267 2023/169/1266
f 1786/143/1055 1785/141/1056 2009/141/1280 2010/143/1279
f 1970/226/1223 1971/225/1254 2002/257/1286 2003/258/1256
f 1971/225/1254 1972/256/1253 2004/259/1285 2002/257/1286
f 1972/256/1253 1973/255/1252 2005/260/1284 2004/259/1285
f 1973/255/1252 1974/254/1251 2006/261/1283 2005/260/1284
f 1974/254/1251 1975/253/1250 2007/262/1282 2006/261/1283
f 1975/253/1250 1976/252/1249 2008/263/1281 2007/262/1282
f 1976/252/1249 1977/251/1248 2009/264/1280 2008/263/1281
f 1977/251/1248 1978/250/1247 2010/265/1279 2009/264/1280
f 1978/250/1247 1979/249/1246 2011/266/1278 2010/265/1279
f 1979/249/1246 1980/248/1245 2012/267/1277 2011/266/1278
f 1980/248/1245 1981/247/1244 2013/268/1276 2012/267/1277
f 1981/247/1244 1982/246/1243 2014/269/1275 2013/268/1276
f 1982/246/1243 1983/245/1242 2015/270/1274 2014/269/1275
f 1983/245/1242 1984/244/1241 2016/271/1273 2015/270/1274
f 1984/244/1241 1985/243/1240 2017/272/1272 2016/271/1273
f 1985/243/1240 1986/242/1239 2018/273/1271 2017/272/1272
f 1986/242/1239 1987/241/1238 2019/274/1270 2018/273/1271
f 1987/241/1238 1988/240/1237 2020/275/1269 2019/274/1270
f 1988/240/1237 1989/239/1236 2021/276/1268 2020/275/1269
f 1989/239/1236 1990/238/1235 2022/277/1267 2021/276/1268
f 1990/238/1235 1991/237/1234 2023/278/1266 2022/277/1267
f 1991/237/1234 1992/236/1233 2024/279/1265 2023/278/1266
f 1992/236/1233 1993/235/1232 2025/280/1264 2024/279/1265
f 1993/235/1232 1994/234/1231 2026/281/1263 2025/280/1264
f 1994/234/1231 1995/233/1230 2027/282/1262 2026/281/1263
f 1995/233/1230 1996/232/1229 2028/283/1261 2027/282/1262
f 1996/232/1229 1997/231/1228 2029/284/1260 2028/283/1261
f 1997/231/1228 1998/230/1227 2030/285/1259 2029/284/1260
f 1998/230/1227 1999/229/1226 2031/286/1258 2030/285/1259
f 1999/229/1226 2000/228/1225 2032/287/1257 2031/286/1258
f 2000/228/1225 2001/227/1224 2033/288/1255 2032/287/1257
f 2001/227/1224 1970/226/1223 2003/258/1256 2033/288/1255
