# Blender 5.0.0
# www.blender.org
mtllib baldguy.mtl
o Cube
v -0.578690 1.395865 0.439170
v -0.602410 2.260559 0.382849
v -0.423890 1.264065 -0.369930
v -0.376641 2.093296 -0.520457
v 0.164207 1.423658 0.658086
v 0.260578 2.326949 0.681749
v 0.290830 1.283446 -0.174367
v 0.458169 2.151274 -0.244911
v -0.506513 1.229034 -0.209192
v -0.576688 1.236427 0.027072
v -0.597261 1.306108 0.267838
v -0.654309 1.578973 0.470434
v -0.700724 1.839033 0.475337
v -0.673271 2.091915 0.437383
v -0.622238 2.283031 0.169303
v -0.586993 2.261067 -0.115433
v -0.485752 2.183101 -0.368442
v -0.428704 1.910237 -0.571037
v -0.462958 1.658461 -0.563698
v -0.455480 1.420150 -0.477271
v 0.144013 1.208107 -0.264577
v -0.066264 1.167578 -0.345461
v -0.276235 1.197811 -0.377960
v -0.182777 2.153071 -0.542623
v 0.079109 2.194772 -0.499555
v 0.314868 2.188242 -0.377692
v 0.494113 1.965903 -0.278381
v 0.475803 1.703890 -0.281318
v 0.389941 1.450941 -0.236163
v 0.231347 1.330836 0.502450
v 0.287180 1.257261 0.263309
v 0.303935 1.248340 0.010369
v 0.493481 2.256655 -0.036467
v 0.472578 2.344800 0.251147
v 0.375155 2.362006 0.516329
v 0.289149 2.159406 0.762861
v 0.283955 1.898172 0.795774
v 0.230715 1.621588 0.744364
v -0.437340 1.346342 0.542785
v -0.223244 1.326110 0.635841
v 0.001069 1.362059 0.671218
v 0.072179 2.392036 0.690510
v -0.193524 2.411095 0.635269
v -0.443626 2.351444 0.510529
v -0.726421 1.522711 0.226621
v -0.784320 1.790220 0.195816
v -0.750682 2.057691 0.163472
v -0.708016 1.463584 -0.043234
v -0.763229 1.738886 -0.101028
v -0.727443 2.019136 -0.130303
v -0.613132 1.435416 -0.295327
v -0.651139 1.692500 -0.369354
v -0.613955 1.958685 -0.389587
v -0.245050 1.389155 -0.549294
v -0.218133 1.642762 -0.647831
v -0.185228 1.913419 -0.648069
v -0.007027 1.376039 -0.524491
v 0.046937 1.645825 -0.622067
v 0.080575 1.933346 -0.619528
v 0.220327 1.405839 -0.417442
v 0.291681 1.666623 -0.496188
v 0.319808 1.942850 -0.489803
v 0.465456 1.475258 0.015267
v 0.566573 1.754845 0.004149
v 0.580529 2.035776 -0.001803
v 0.458208 1.509021 0.298545
v 0.561267 1.810892 0.314076
v 0.573327 2.107816 0.301087
v 0.379360 1.570672 0.559753
v 0.464962 1.861991 0.595483
v 0.470997 2.142902 0.573794
v 0.011279 1.616933 0.813719
v 0.031956 1.911729 0.873961
v 0.042270 2.188168 0.832276
v -0.242781 1.596566 0.779802
v -0.248898 1.903953 0.835114
v -0.234691 2.193605 0.790312
v -0.481292 1.592130 0.659330
v -0.509427 1.878442 0.696153
v -0.489960 2.150618 0.651472
v -0.332848 1.099793 -0.155830
v -0.118304 1.056338 -0.106622
v 0.103354 1.106896 -0.041953
v -0.386287 1.094145 0.096157
v -0.161266 1.047658 0.159776
v 0.072039 1.101097 0.216077
v -0.414666 1.178502 0.343628
v -0.195944 1.138905 0.418856
v 0.030841 1.188383 0.465217
v 0.300246 2.371399 -0.141301
v 0.033738 2.391008 -0.258582
v -0.251854 2.327047 -0.332367
v 0.251598 2.477254 0.161695
v -0.040696 2.502120 0.053272
v -0.341273 2.427059 -0.047835
v 0.159242 2.487111 0.456787
v -0.123414 2.513306 0.372443
v -0.402163 2.439980 0.258008
vn -0.7157 -0.5034 0.4841
vn -0.7457 0.6039 0.2816
vn -0.4947 -0.6522 -0.5745
vn -0.3996 0.4947 -0.7718
vn 0.4288 -0.5625 0.7069
vn 0.4434 0.6197 0.6476
vn 0.6885 -0.6575 -0.3059
vn 0.7677 0.4271 -0.4778
vn -0.6438 -0.6917 -0.3272
vn -0.7372 -0.6748 -0.0354
vn -0.7551 -0.6058 0.2507
vn -0.8158 -0.2831 0.5043
vn -0.8765 -0.0001 0.4814
vn -0.8583 0.3162 0.4040
vn -0.7409 0.6716 -0.0024
vn -0.6724 0.6777 -0.2978
vn -0.5519 0.6137 -0.5646
vn -0.4892 0.2020 -0.8484
vn -0.5402 -0.1326 -0.8310
vn -0.5372 -0.4321 -0.7244
vn 0.4768 -0.7569 -0.4469
vn 0.1622 -0.8092 -0.5647
vn -0.1948 -0.7695 -0.6082
vn -0.1129 0.5806 -0.8063
vn 0.2142 0.6041 -0.7676
vn 0.5266 0.5466 -0.6511
vn 0.8654 0.1048 -0.4901
vn 0.8673 -0.2090 -0.4517
vn 0.7962 -0.4667 -0.3851
vn 0.5746 -0.6582 0.4864
vn 0.6740 -0.7056 0.2189
vn 0.7082 -0.7037 -0.0574
vn 0.7902 0.5595 -0.2502
vn 0.7506 0.6592 0.0447
vn 0.6304 0.6841 0.3667
vn 0.5180 0.2794 0.8085
vn 0.5273 -0.0757 0.8463
vn 0.4880 -0.3624 0.7940
vn -0.4963 -0.5819 0.6442
vn -0.1953 -0.6288 0.7526
vn 0.1374 -0.6225 0.7705
vn 0.1046 0.7571 0.6449
vn -0.2477 0.7909 0.5595
vn -0.5416 0.7253 0.4250
vn -0.9301 -0.3274 0.1665
vn -0.9931 -0.0291 0.1135
vn -0.9496 0.3108 0.0419
vn -0.9155 -0.3780 -0.1376
vn -0.9732 -0.0638 -0.2209
vn -0.9106 0.3017 -0.2824
vn -0.8072 -0.3986 -0.4353
vn -0.8383 -0.0951 -0.5368
vn -0.7750 0.2534 -0.5789
vn -0.1365 -0.4952 -0.8580
vn -0.1183 -0.1725 -0.9779
vn -0.0910 0.1952 -0.9765
vn 0.2405 -0.5297 -0.8134
vn 0.2822 -0.2011 -0.9380
vn 0.2814 0.1915 -0.9403
vn 0.5582 -0.5052 -0.6582
vn 0.6189 -0.2123 -0.7562
vn 0.6114 0.1464 -0.7777
vn 0.8872 -0.4568 -0.0644
vn 0.9745 -0.1965 -0.1082
vn 0.9785 0.1369 -0.1544
vn 0.8657 -0.4505 0.2180
vn 0.9636 -0.1750 0.2023
vn 0.9675 0.1990 0.1563
vn 0.7615 -0.4129 0.4996
vn 0.8410 -0.1346 0.5241
vn 0.8408 0.2345 0.4879
vn 0.0868 -0.3381 0.9371
vn 0.0815 -0.0272 0.9963
vn 0.0676 0.3534 0.9330
vn -0.2640 -0.3259 0.9078
vn -0.3071 -0.0033 0.9517
vn -0.3141 0.3883 0.8663
vn -0.5647 -0.2942 0.7711
vn -0.6236 0.0072 0.7817
vn -0.6218 0.3581 0.6965
vn -0.3196 -0.9090 -0.2674
vn 0.0644 -0.9746 -0.2146
vn 0.4201 -0.8985 -0.1273
vn -0.4205 -0.9048 0.0679
vn -0.0272 -0.9887 0.1477
vn 0.3613 -0.9112 0.1978
vn -0.4620 -0.8002 0.3825
vn -0.1120 -0.8694 0.4813
vn 0.2567 -0.8250 0.5034
vn 0.4277 0.8192 -0.3822
vn 0.0996 0.8734 -0.4768
vn -0.2169 0.8218 -0.5269
vn 0.3452 0.9338 -0.0942
vn -0.0103 0.9818 -0.1899
vn -0.3310 0.9081 -0.2564
vn 0.2270 0.9454 0.2339
vn -0.1244 0.9824 0.1395
vn -0.4280 0.9026 0.0464
vt 0.437500 0.062500
vt 0.500000 0.062500
vt 0.500000 0.125000
vt 0.437500 0.125000
vt 0.562500 0.062500
vt 0.562500 0.125000
vt 0.500000 0.187500
vt 0.437500 0.187500
vt 0.562500 0.187500
vt 0.375000 0.000000
vt 0.437500 0.000000
vt 0.375000 0.062500
vt 0.500000 0.000000
vt 0.562500 0.000000
vt 0.625000 0.000000
vt 0.625000 0.062500
vt 0.625000 0.125000
vt 0.625000 0.187500
vt 0.625000 0.250000
vt 0.562500 0.250000
vt 0.500000 0.250000
vt 0.437500 0.250000
vt 0.375000 0.187500
vt 0.375000 0.250000
vt 0.375000 0.125000
vt 0.437500 0.312500
vt 0.500000 0.312500
vt 0.500000 0.375000
vt 0.437500 0.375000
vt 0.562500 0.312500
vt 0.562500 0.375000
vt 0.500000 0.437500
vt 0.437500 0.437500
vt 0.562500 0.437500
vt 0.375000 0.312500
vt 0.625000 0.312500
vt 0.625000 0.375000
vt 0.625000 0.437500
vt 0.625000 0.500000
vt 0.562500 0.500000
vt 0.500000 0.500000
vt 0.437500 0.500000
vt 0.375000 0.437500
vt 0.375000 0.500000
vt 0.375000 0.375000
vt 0.437500 0.562500
vt 0.500000 0.562500
vt 0.500000 0.625000
vt 0.437500 0.625000
vt 0.562500 0.562500
vt 0.562500 0.625000
vt 0.500000 0.687500
vt 0.437500 0.687500
vt 0.562500 0.687500
vt 0.375000 0.562500
vt 0.625000 0.562500
vt 0.625000 0.625000
vt 0.625000 0.687500
vt 0.625000 0.750000
vt 0.562500 0.750000
vt 0.500000 0.750000
vt 0.437500 0.750000
vt 0.375000 0.687500
vt 0.375000 0.750000
vt 0.375000 0.625000
vt 0.437500 0.812500
vt 0.500000 0.812500
vt 0.500000 0.875000
vt 0.437500 0.875000
vt 0.562500 0.812500
vt 0.562500 0.875000
vt 0.500000 0.937500
vt 0.437500 0.937500
vt 0.562500 0.937500
vt 0.375000 0.812500
vt 0.625000 0.812500
vt 0.625000 0.875000
vt 0.625000 0.937500
vt 0.625000 1.000000
vt 0.562500 1.000000
vt 0.500000 1.000000
vt 0.437500 1.000000
vt 0.375000 0.937500
vt 0.375000 1.000000
vt 0.375000 0.875000
vt 0.187500 0.562500
vt 0.250000 0.562500
vt 0.250000 0.625000
vt 0.187500 0.625000
vt 0.312500 0.562500
vt 0.312500 0.625000
vt 0.250000 0.687500
vt 0.187500 0.687500
vt 0.312500 0.687500
vt 0.125000 0.500000
vt 0.187500 0.500000
vt 0.125000 0.562500
vt 0.250000 0.500000
vt 0.312500 0.500000
vt 0.312500 0.750000
vt 0.250000 0.750000
vt 0.187500 0.750000
vt 0.125000 0.687500
vt 0.125000 0.750000
vt 0.125000 0.625000
vt 0.687500 0.562500
vt 0.750000 0.562500
vt 0.750000 0.625000
vt 0.687500 0.625000
vt 0.812500 0.562500
vt 0.812500 0.625000
vt 0.750000 0.687500
vt 0.687500 0.687500
vt 0.812500 0.687500
vt 0.687500 0.500000
vt 0.750000 0.500000
vt 0.812500 0.500000
vt 0.875000 0.500000
vt 0.875000 0.562500
vt 0.875000 0.625000
vt 0.875000 0.687500
vt 0.875000 0.750000
vt 0.812500 0.750000
vt 0.750000 0.750000
vt 0.687500 0.750000
s 1
f 45/1/45 46/2/46 49/3/49 48/4/48
f 46/2/46 47/5/47 50/6/50 49/3/49
f 48/4/48 49/3/49 52/7/52 51/8/51
f 49/3/49 50/6/50 53/9/53 52/7/52
f 1/10/1 12/11/12 45/1/45 11/12/11
f 12/11/12 13/13/13 46/2/46 45/1/45
f 13/13/13 14/14/14 47/5/47 46/2/46
f 14/14/14 2/15/2 15/16/15 47/5/47
f 47/5/47 15/16/15 16/17/16 50/6/50
f 50/6/50 16/17/16 17/18/17 53/9/53
f 53/9/53 17/18/17 4/19/4 18/20/18
f 52/7/52 53/9/53 18/20/18 19/21/19
f 51/8/51 52/7/52 19/21/19 20/22/20
f 9/23/9 51/8/51 20/22/20 3/24/3
f 10/25/10 48/4/48 51/8/51 9/23/9
f 11/12/11 45/1/45 48/4/48 10/25/10
f 54/26/54 55/27/55 58/28/58 57/29/57
f 55/27/55 56/30/56 59/31/59 58/28/58
f 57/29/57 58/28/58 61/32/61 60/33/60
f 58/28/58 59/31/59 62/34/62 61/32/61
f 3/24/3 20/22/20 54/26/54 23/35/23
f 20/22/20 19/21/19 55/27/55 54/26/54
f 19/21/19 18/20/18 56/30/56 55/27/55
f 18/20/18 4/19/4 24/36/24 56/30/56
f 56/30/56 24/36/24 25/37/25 59/31/59
f 59/31/59 25/37/25 26/38/26 62/34/62
f 62/34/62 26/38/26 8/39/8 27/40/27
f 61/32/61 62/34/62 27/40/27 28/41/28
f 60/33/60 61/32/61 28/41/28 29/42/29
f 21/43/21 60/33/60 29/42/29 7/44/7
f 22/45/22 57/29/57 60/33/60 21/43/21
f 23/35/23 54/26/54 57/29/57 22/45/22
f 63/46/63 64/47/64 67/48/67 66/49/66
f 64/47/64 65/50/65 68/51/68 67/48/67
f 66/49/66 67/48/67 70/52/70 69/53/69
f 67/48/67 68/51/68 71/54/71 70/52/70
f 7/44/7 29/42/29 63/46/63 32/55/32
f 29/42/29 28/41/28 64/47/64 63/46/63
f 28/41/28 27/40/27 65/50/65 64/47/64
f 27/40/27 8/39/8 33/56/33 65/50/65
f 65/50/65 33/56/33 34/57/34 68/51/68
f 68/51/68 34/57/34 35/58/35 71/54/71
f 71/54/71 35/58/35 6/59/6 36/60/36
f 70/52/70 71/54/71 36/60/36 37/61/37
f 69/53/69 70/52/70 37/61/37 38/62/38
f 30/63/30 69/53/69 38/62/38 5/64/5
f 31/65/31 66/49/66 69/53/69 30/63/30
f 32/55/32 63/46/63 66/49/66 31/65/31
f 72/66/72 73/67/73 76/68/76 75/69/75
f 73/67/73 74/70/74 77/71/77 76/68/76
f 75/69/75 76/68/76 79/72/79 78/73/78
f 76/68/76 77/71/77 80/74/80 79/72/79
f 5/64/5 38/62/38 72/66/72 41/75/41
f 38/62/38 37/61/37 73/67/73 72/66/72
f 37/61/37 36/60/36 74/70/74 73/67/73
f 36/60/36 6/59/6 42/76/42 74/70/74
f 74/70/74 42/76/42 43/77/43 77/71/77
f 77/71/77 43/77/43 44/78/44 80/74/80
f 80/74/80 44/78/44 2/79/2 14/80/14
f 79/72/79 80/74/80 14/80/14 13/81/13
f 78/73/78 79/72/79 13/81/13 12/82/12
f 39/83/39 78/73/78 12/82/12 1/84/1
f 40/85/40 75/69/75 78/73/78 39/83/39
f 41/75/41 72/66/72 75/69/75 40/85/40
f 81/86/81 82/87/82 85/88/85 84/89/84
f 82/87/82 83/90/83 86/91/86 85/88/85
f 84/89/84 85/88/85 88/92/88 87/93/87
f 85/88/85 86/91/86 89/94/89 88/92/88
f 3/95/3 23/96/23 81/86/81 9/97/9
f 23/96/23 22/98/22 82/87/82 81/86/81
f 22/98/22 21/99/21 83/90/83 82/87/82
f 21/99/21 7/44/7 32/55/32 83/90/83
f 83/90/83 32/55/32 31/65/31 86/91/86
f 86/91/86 31/65/31 30/63/30 89/94/89
f 89/94/89 30/63/30 5/64/5 41/100/41
f 88/92/88 89/94/89 41/100/41 40/101/40
f 87/93/87 88/92/88 40/101/40 39/102/39
f 11/103/11 87/93/87 39/102/39 1/104/1
f 10/105/10 84/89/84 87/93/87 11/103/11
f 9/97/9 81/86/81 84/89/84 10/105/10
f 90/106/90 91/107/91 94/108/94 93/109/93
f 91/107/91 92/110/92 95/111/95 94/108/94
f 93/109/93 94/108/94 97/112/97 96/113/96
f 94/108/94 95/111/95 98/114/98 97/112/97
f 8/39/8 26/115/26 90/106/90 33/56/33
f 26/115/26 25/116/25 91/107/91 90/106/90
f 25/116/25 24/117/24 92/110/92 91/107/91
f 24/117/24 4/118/4 17/119/17 92/110/92
f 92/110/92 17/119/17 16/120/16 95/111/95
f 95/111/95 16/120/16 15/121/15 98/114/98
f 98/114/98 15/121/15 2/122/2 44/123/44
f 97/112/97 98/114/98 44/123/44 43/124/43
f 96/113/96 97/112/97 43/124/43 42/125/42
f 35/58/35 96/113/96 42/125/42 6/59/6
f 34/57/34 93/109/93 96/113/96 35/58/35
f 33/56/33 90/106/90 93/109/93 34/57/34
o Cube.001
v -0.329638 0.763090 0.418561
v -0.334773 1.633376 0.414107
v -0.270791 0.740917 -0.162801
v -0.275926 1.611203 -0.167255
v 0.108783 0.778336 0.439234
v 0.093573 1.663867 0.443043
v 0.167630 0.756162 -0.142128
v 0.152420 1.641694 -0.138319
v -0.314645 0.681275 -0.045529
v -0.348171 0.655707 0.126498
v -0.349559 0.694431 0.299393
v -0.366711 0.940207 0.458352
v -0.386138 1.198157 0.477315
v -0.369500 1.456158 0.455498
v -0.354135 1.689682 0.293216
v -0.352363 1.713575 0.119372
v -0.319221 1.676527 -0.051706
v -0.302069 1.430750 -0.210665
v -0.314396 1.171125 -0.231445
v -0.299280 0.914800 -0.207810
v 0.083640 0.687222 -0.188814
v -0.044018 0.649920 -0.216128
v -0.176733 0.678567 -0.200868
v -0.185143 1.679619 -0.203901
v -0.056420 1.720210 -0.216521
v 0.068737 1.698100 -0.186522
v 0.191284 1.461867 -0.179579
v 0.213958 1.199004 -0.201205
v 0.200566 0.936091 -0.182051
v 0.154121 0.709921 0.322009
v 0.188392 0.671164 0.150005
v 0.189034 0.696766 -0.022913
v 0.170298 1.713444 -0.017476
v 0.167781 1.753877 0.156345
v 0.135384 1.726600 0.327446
v 0.123853 1.487274 0.486583
v 0.142215 1.226037 0.507555
v 0.133135 0.961499 0.484112
v -0.244164 0.703974 0.465294
v -0.115761 0.676952 0.492631
v 0.016209 0.712629 0.477348
v 0.001306 1.723507 0.479641
v -0.128162 1.747242 0.492238
v -0.252574 1.705027 0.462262
v -0.419842 0.915041 0.305870
v -0.444526 1.188088 0.312337
v -0.421413 1.462799 0.301679
v -0.424355 0.892505 0.121084
v -0.449919 1.179383 0.117232
v -0.425489 1.468898 0.116240
v -0.382632 0.901021 -0.061733
v -0.405318 1.173315 -0.075013
v -0.384203 1.448778 -0.065925
v -0.177825 0.898888 -0.292810
v -0.184460 1.173627 -0.324734
v -0.182593 1.451485 -0.294378
v -0.036693 0.888778 -0.316363
v -0.036688 1.179966 -0.350002
v -0.043471 1.473712 -0.316578
v 0.097874 0.910831 -0.278490
v 0.104296 1.188863 -0.308207
v 0.089778 1.468462 -0.277330
v 0.254094 0.927006 -0.029556
v 0.272346 1.209073 -0.036227
v 0.242800 1.489477 -0.025773
v 0.258952 0.919723 0.155241
v 0.277738 1.217779 0.158878
v 0.246531 1.513197 0.159655
v 0.216884 0.941026 0.338047
v 0.233137 1.223847 0.351123
v 0.205590 1.503497 0.341831
v 0.012076 0.943159 0.569124
v 0.012279 1.223535 0.600844
v 0.003980 1.500791 0.570284
v -0.128710 0.923449 0.592688
v -0.135493 1.217195 0.626112
v -0.135487 1.508383 0.592473
v -0.263622 0.931216 0.554804
v -0.276476 1.208298 0.584317
v -0.268391 1.483813 0.553236
v -0.199518 0.548032 -0.051360
v -0.058533 0.504820 -0.055368
v 0.079378 0.555136 -0.039663
v -0.225337 0.508858 0.132359
v -0.077550 0.461571 0.138326
v 0.069062 0.515555 0.144256
v -0.236728 0.562053 0.316244
v -0.097741 0.519593 0.331983
v 0.042168 0.569156 0.327940
v 0.059686 1.842465 -0.036146
v -0.074439 1.877568 -0.055873
v -0.209488 1.820649 -0.055818
v 0.047512 1.896844 0.148380
v -0.094630 1.935591 0.137784
v -0.235599 1.873066 0.127225
v 0.022476 1.856486 0.331457
v -0.113648 1.892342 0.331478
v -0.246697 1.834669 0.311786
vn -0.7680 -0.3811 0.5148
vn -0.8043 0.3657 0.4683
vn -0.6900 -0.3799 -0.6161
vn -0.7014 0.3462 -0.6231
vn 0.6964 -0.3445 0.6295
vn 0.6860 0.3788 0.6212
vn 0.7930 -0.3600 -0.4915
vn 0.7720 0.3847 -0.5060
vn -0.8029 -0.4632 -0.3752
vn -0.8661 -0.4954 -0.0661
vn -0.8473 -0.4668 0.2534
vn -0.8162 -0.1956 0.5437
vn -0.8404 -0.0026 0.5420
vn -0.8355 0.1874 0.5165
vn -0.8763 0.4381 0.2003
vn -0.8838 0.4559 -0.1056
vn -0.8152 0.4236 -0.3949
vn -0.7287 0.1741 -0.6624
vn -0.7380 -0.0086 -0.6747
vn -0.7245 -0.1954 -0.6609
vn 0.5176 -0.5122 -0.6854
vn 0.0604 -0.5909 -0.8045
vn -0.4005 -0.5194 -0.7549
vn -0.4268 0.4819 -0.7652
vn 0.0198 0.5687 -0.8223
vn 0.4819 0.5184 -0.7064
vn 0.8183 0.2053 -0.5368
vn 0.8395 0.0172 -0.5432
vn 0.8301 -0.1735 -0.5300
vn 0.8108 -0.4245 0.4030
vn 0.8814 -0.4609 0.1033
vn 0.8709 -0.4402 -0.2186
vn 0.8468 0.4697 -0.2497
vn 0.8636 0.4996 0.0677
vn 0.7991 0.4666 0.3792
vn 0.7230 0.1954 0.6627
vn 0.7376 0.0114 0.6751
vn 0.7271 -0.1698 0.6653
vn -0.4789 -0.5162 0.7101
vn -0.0260 -0.5683 0.8224
vn 0.4171 -0.4843 0.7691
vn 0.3813 0.5220 0.7630
vn -0.0980 0.5913 0.8005
vn -0.5477 0.5089 0.6641
vn -0.9616 -0.1942 0.1937
vn -0.9828 -0.0027 0.1848
vn -0.9682 0.1832 0.1702
vn -0.9749 -0.2040 -0.0894
vn -0.9950 -0.0040 -0.0995
vn -0.9764 0.1886 -0.1051
vn -0.9125 -0.1943 -0.3600
vn -0.9293 -0.0065 -0.3693
vn -0.9137 0.1754 -0.3665
vn -0.3740 -0.2329 -0.8977
vn -0.3832 -0.0070 -0.9236
vn -0.3837 0.2138 -0.8984
vn 0.0636 -0.2585 -0.9639
vn 0.0596 -0.0006 -0.9982
vn 0.0477 0.2521 -0.9665
vn 0.4988 -0.2216 -0.8379
vn 0.5032 0.0087 -0.8641
vn 0.4847 0.2359 -0.8423
vn 0.9697 -0.1666 -0.1788
vn 0.9823 0.0209 -0.1859
vn 0.9601 0.2053 -0.1899
vn 0.9792 -0.1739 0.1042
vn 0.9949 0.0202 0.0989
vn 0.9729 0.2130 0.0895
vn 0.9143 -0.1647 0.3701
vn 0.9291 0.0168 0.3693
vn 0.9117 0.1994 0.3593
vn 0.3834 -0.2138 0.8985
vn 0.3824 0.0056 0.9240
vn 0.3662 0.2308 0.9015
vn -0.0439 -0.2514 0.9669
vn -0.0607 0.0012 0.9982
vn -0.0794 0.2591 0.9626
vn -0.4786 -0.2313 0.8470
vn -0.5045 -0.0016 0.8634
vn -0.5133 0.2281 0.8273
vn -0.4848 -0.7590 -0.4346
vn 0.0449 -0.8943 -0.4452
vn 0.5689 -0.7476 -0.3427
vn -0.5435 -0.8392 -0.0214
vn 0.0203 -0.9992 0.0358
vn 0.5754 -0.8137 0.0827
vn -0.5280 -0.7535 0.3919
vn -0.0047 -0.8680 0.4965
vn 0.5079 -0.7164 0.4784
vn 0.5193 0.7592 -0.3923
vn -0.0238 0.8667 -0.4982
vn -0.5306 0.7032 -0.4733
vn 0.5236 0.8517 0.0220
vn -0.0679 0.9969 -0.0403
vn -0.6070 0.7898 -0.0884
vn 0.4605 0.7700 0.4416
vn -0.0967 0.8931 0.4393
vn -0.6046 0.7285 0.3220
vt 0.437500 0.062500
vt 0.500000 0.062500
vt 0.500000 0.125000
vt 0.437500 0.125000
vt 0.562500 0.062500
vt 0.562500 0.125000
vt 0.500000 0.187500
vt 0.437500 0.187500
vt 0.562500 0.187500
vt 0.375000 0.000000
vt 0.437500 0.000000
vt 0.375000 0.062500
vt 0.500000 0.000000
vt 0.562500 0.000000
vt 0.625000 0.000000
vt 0.625000 0.062500
vt 0.625000 0.125000
vt 0.625000 0.187500
vt 0.625000 0.250000
vt 0.562500 0.250000
vt 0.500000 0.250000
vt 0.437500 0.250000
vt 0.375000 0.187500
vt 0.375000 0.250000
vt 0.375000 0.125000
vt 0.437500 0.312500
vt 0.500000 0.312500
vt 0.500000 0.375000
vt 0.437500 0.375000
vt 0.562500 0.312500
vt 0.562500 0.375000
vt 0.500000 0.437500
vt 0.437500 0.437500
vt 0.562500 0.437500
vt 0.375000 0.312500
vt 0.625000 0.312500
vt 0.625000 0.375000
vt 0.625000 0.437500
vt 0.625000 0.500000
vt 0.562500 0.500000
vt 0.500000 0.500000
vt 0.437500 0.500000
vt 0.375000 0.437500
vt 0.375000 0.500000
vt 0.375000 0.375000
vt 0.437500 0.562500
vt 0.500000 0.562500
vt 0.500000 0.625000
vt 0.437500 0.625000
vt 0.562500 0.562500
vt 0.562500 0.625000
vt 0.500000 0.687500
vt 0.437500 0.687500
vt 0.562500 0.687500
vt 0.375000 0.562500
vt 0.625000 0.562500
vt 0.625000 0.625000
vt 0.625000 0.687500
vt 0.625000 0.750000
vt 0.562500 0.750000
vt 0.500000 0.750000
vt 0.437500 0.750000
vt 0.375000 0.687500
vt 0.375000 0.750000
vt 0.375000 0.625000
vt 0.437500 0.812500
vt 0.500000 0.812500
vt 0.500000 0.875000
vt 0.437500 0.875000
vt 0.562500 0.812500
vt 0.562500 0.875000
vt 0.500000 0.937500
vt 0.437500 0.937500
vt 0.562500 0.937500
vt 0.375000 0.812500
vt 0.625000 0.812500
vt 0.625000 0.875000
vt 0.625000 0.937500
vt 0.625000 1.000000
vt 0.562500 1.000000
vt 0.500000 1.000000
vt 0.437500 1.000000
vt 0.375000 0.937500
vt 0.375000 1.000000
vt 0.375000 0.875000
vt 0.187500 0.562500
vt 0.250000 0.562500
vt 0.250000 0.625000
vt 0.187500 0.625000
vt 0.312500 0.562500
vt 0.312500 0.625000
vt 0.250000 0.687500
vt 0.187500 0.687500
vt 0.312500 0.687500
vt 0.125000 0.500000
vt 0.187500 0.500000
vt 0.125000 0.562500
vt 0.250000 0.500000
vt 0.312500 0.500000
vt 0.312500 0.750000
vt 0.250000 0.750000
vt 0.187500 0.750000
vt 0.125000 0.687500
vt 0.125000 0.750000
vt 0.125000 0.625000
vt 0.687500 0.562500
vt 0.750000 0.562500
vt 0.750000 0.625000
vt 0.687500 0.625000
vt 0.812500 0.562500
vt 0.812500 0.625000
vt 0.750000 0.687500
vt 0.687500 0.687500
vt 0.812500 0.687500
vt 0.687500 0.500000
vt 0.750000 0.500000
vt 0.812500 0.500000
vt 0.875000 0.500000
vt 0.875000 0.562500
vt 0.875000 0.625000
vt 0.875000 0.687500
vt 0.875000 0.750000
vt 0.812500 0.750000
vt 0.750000 0.750000
vt 0.687500 0.750000
s 1
f 143/126/143 144/127/144 147/128/147 146/129/146
f 144/127/144 145/130/145 148/131/148 147/128/147
f 146/129/146 147/128/147 150/132/150 149/133/149
f 147/128/147 148/131/148 151/134/151 150/132/150
f 99/135/99 110/136/110 143/126/143 109/137/109
f 110/136/110 111/138/111 144/127/144 143/126/143
f 111/138/111 112/139/112 145/130/145 144/127/144
f 112/139/112 100/140/100 113/141/113 145/130/145
f 145/130/145 113/141/113 114/142/114 148/131/148
f 148/131/148 114/142/114 115/143/115 151/134/151
f 151/134/151 115/143/115 102/144/102 116/145/116
f 150/132/150 151/134/151 116/145/116 117/146/117
f 149/133/149 150/132/150 117/146/117 118/147/118
f 107/148/107 149/133/149 118/147/118 101/149/101
f 108/150/108 146/129/146 149/133/149 107/148/107
f 109/137/109 143/126/143 146/129/146 108/150/108
f 152/151/152 153/152/153 156/153/156 155/154/155
f 153/152/153 154/155/154 157/156/157 156/153/156
f 155/154/155 156/153/156 159/157/159 158/158/158
f 156/153/156 157/156/157 160/159/160 159/157/159
f 101/149/101 118/147/118 152/151/152 121/160/121
f 118/147/118 117/146/117 153/152/153 152/151/152
f 117/146/117 116/145/116 154/155/154 153/152/153
f 116/145/116 102/144/102 122/161/122 154/155/154
f 154/155/154 122/161/122 123/162/123 157/156/157
f 157/156/157 123/162/123 124/163/124 160/159/160
f 160/159/160 124/163/124 106/164/106 125/165/125
f 159/157/159 160/159/160 125/165/125 126/166/126
f 158/158/158 159/157/159 126/166/126 127/167/127
f 119/168/119 158/158/158 127/167/127 105/169/105
f 120/170/120 155/154/155 158/158/158 119/168/119
f 121/160/121 152/151/152 155/154/155 120/170/120
f 161/171/161 162/172/162 165/173/165 164/174/164
f 162/172/162 163/175/163 166/176/166 165/173/165
f 164/174/164 165/173/165 168/177/168 167/178/167
f 165/173/165 166/176/166 169/179/169 168/177/168
f 105/169/105 127/167/127 161/171/161 130/180/130
f 127/167/127 126/166/126 162/172/162 161/171/161
f 126/166/126 125/165/125 163/175/163 162/172/162
f 125/165/125 106/164/106 131/181/131 163/175/163
f 163/175/163 131/181/131 132/182/132 166/176/166
f 166/176/166 132/182/132 133/183/133 169/179/169
f 169/179/169 133/183/133 104/184/104 134/185/134
f 168/177/168 169/179/169 134/185/134 135/186/135
f 167/178/167 168/177/168 135/186/135 136/187/136
f 128/188/128 167/178/167 136/187/136 103/189/103
f 129/190/129 164/174/164 167/178/167 128/188/128
f 130/180/130 161/171/161 164/174/164 129/190/129
f 170/191/170 171/192/171 174/193/174 173/194/173
f 171/192/171 172/195/172 175/196/175 174/193/174
f 173/194/173 174/193/174 177/197/177 176/198/176
f 174/193/174 175/196/175 178/199/178 177/197/177
f 103/189/103 136/187/136 170/191/170 139/200/139
f 136/187/136 135/186/135 171/192/171 170/191/170
f 135/186/135 134/185/134 172/195/172 171/192/171
f 134/185/134 104/184/104 140/201/140 172/195/172
f 172/195/172 140/201/140 141/202/141 175/196/175
f 175/196/175 141/202/141 142/203/142 178/199/178
f 178/199/178 142/203/142 100/204/100 112/205/112
f 177/197/177 178/199/178 112/205/112 111/206/111
f 176/198/176 177/197/177 111/206/111 110/207/110
f 137/208/137 176/198/176 110/207/110 99/209/99
f 138/210/138 173/194/173 176/198/176 137/208/137
f 139/200/139 170/191/170 173/194/173 138/210/138
f 179/211/179 180/212/180 183/213/183 182/214/182
f 180/212/180 181/215/181 184/216/184 183/213/183
f 182/214/182 183/213/183 186/217/186 185/218/185
f 183/213/183 184/216/184 187/219/187 186/217/186
f 101/220/101 121/221/121 179/211/179 107/222/107
f 121/221/121 120/223/120 180/212/180 179/211/179
f 120/223/120 119/224/119 181/215/181 180/212/180
f 119/224/119 105/169/105 130/180/130 181/215/181
f 181/215/181 130/180/130 129/190/129 184/216/184
f 184/216/184 129/190/129 128/188/128 187/219/187
f 187/219/187 128/188/128 103/189/103 139/225/139
f 186/217/186 187/219/187 139/225/139 138/226/138
f 185/218/185 186/217/186 138/226/138 137/227/137
f 109/228/109 185/218/185 137/227/137 99/229/99
f 108/230/108 182/214/182 185/218/185 109/228/109
f 107/222/107 179/211/179 182/214/182 108/230/108
f 188/231/188 189/232/189 192/233/192 191/234/191
f 189/232/189 190/235/190 193/236/193 192/233/192
f 191/234/191 192/233/192 195/237/195 194/238/194
f 192/233/192 193/236/193 196/239/196 195/237/195
f 106/164/106 124/240/124 188/231/188 131/181/131
f 124/240/124 123/241/123 189/232/189 188/231/188
f 123/241/123 122/242/122 190/235/190 189/232/189
f 122/242/122 102/243/102 115/244/115 190/235/190
f 190/235/190 115/244/115 114/245/114 193/236/193
f 193/236/193 114/245/114 113/246/113 196/239/196
f 196/239/196 113/246/113 100/247/100 142/248/142
f 195/237/195 196/239/196 142/248/142 141/249/141
f 194/238/194 195/237/195 141/249/141 140/250/140
f 133/183/133 194/238/194 140/250/140 104/184/104
f 132/182/132 191/234/191 194/238/194 133/183/133
f 131/181/131 188/231/188 191/234/191 132/182/132
o Cube.003
v -0.227888 0.748439 -0.460386
v -0.178248 1.196674 -0.272472
v -0.253729 0.679460 -0.275127
v -0.204089 1.127696 -0.087213
v 0.010309 0.715947 -0.424004
v 0.059949 1.164182 -0.236089
v -0.015532 0.646968 -0.238745
v 0.034108 1.095203 -0.050830
v -0.269467 0.663166 -0.329158
v -0.272346 0.668397 -0.392332
v -0.254136 0.704091 -0.439072
v -0.233282 0.846988 -0.438339
v -0.226336 0.983675 -0.390714
v -0.203830 1.112926 -0.326849
v -0.197255 1.217708 -0.223748
v -0.211829 1.214857 -0.163240
v -0.212587 1.176783 -0.113834
v -0.233441 1.033886 -0.114567
v -0.257839 0.899580 -0.164858
v -0.262892 0.767948 -0.226057
v -0.069474 0.615853 -0.246337
v -0.142901 0.606544 -0.257227
v -0.210797 0.635131 -0.267922
v -0.153916 1.148749 -0.052598
v -0.082383 1.153004 -0.028134
v -0.012594 1.129471 -0.031012
v 0.039501 0.996654 -0.072878
v 0.032555 0.859967 -0.120503
v 0.010050 0.730716 -0.184367
v 0.018806 0.666859 -0.397383
v 0.018049 0.628785 -0.347977
v 0.003475 0.625934 -0.287469
v 0.060356 1.139551 -0.072144
v 0.078566 1.175245 -0.118884
v 0.075687 1.180477 -0.182058
v 0.069112 1.075694 -0.285160
v 0.064059 0.944062 -0.346359
v 0.039661 0.809756 -0.396649
v -0.181186 0.714171 -0.480204
v -0.111397 0.690638 -0.483083
v -0.039864 0.694894 -0.458618
v 0.017017 1.208511 -0.243294
v -0.050879 1.237098 -0.253990
v -0.124306 1.227789 -0.264880
v -0.278058 0.825603 -0.400112
v -0.274511 0.970204 -0.345771
v -0.246670 1.109029 -0.281291
v -0.299657 0.797899 -0.346655
v -0.296858 0.949099 -0.286152
v -0.266583 1.096550 -0.221451
v -0.294397 0.781987 -0.282970
v -0.291728 0.924245 -0.222336
v -0.263009 1.065412 -0.164150
v -0.206730 0.740096 -0.191469
v -0.196447 0.878716 -0.122888
v -0.175342 1.023522 -0.072649
v -0.133630 0.718566 -0.173369
v -0.118584 0.863913 -0.100082
v -0.100556 1.017217 -0.048166
v -0.056114 0.719551 -0.168464
v -0.037740 0.857067 -0.098647
v -0.024726 1.002976 -0.049643
v 0.052890 0.734613 -0.229925
v 0.080731 0.873438 -0.165446
v 0.084278 1.018039 -0.111104
v 0.072802 0.747092 -0.289765
v 0.103078 0.894544 -0.225065
v 0.105877 1.045743 -0.164562
v 0.069229 0.778230 -0.347067
v 0.097948 0.919397 -0.288881
v 0.100617 1.061656 -0.228246
v -0.018438 0.820120 -0.438568
v 0.002667 0.964926 -0.388329
v 0.012950 1.103546 -0.319747
v -0.093224 0.826425 -0.463051
v -0.075196 0.979729 -0.411134
v -0.060150 1.125076 -0.337847
v -0.169054 0.840666 -0.461573
v -0.156040 0.986575 -0.412570
v -0.137666 1.124092 -0.342752
v -0.216555 0.583526 -0.345528
v -0.144309 0.548398 -0.340808
v -0.065939 0.562981 -0.322522
v -0.215053 0.582202 -0.414646
v -0.138563 0.545524 -0.413363
v -0.056347 0.560553 -0.390404
v -0.200215 0.627143 -0.462669
v -0.127091 0.594357 -0.464242
v -0.049599 0.606597 -0.439664
v 0.006435 1.216499 -0.048547
v -0.066689 1.249285 -0.046974
v -0.144181 1.237045 -0.071553
v 0.021273 1.261440 -0.096571
v -0.055217 1.298118 -0.097853
v -0.137433 1.283089 -0.120812
v 0.022775 1.260116 -0.165689
v -0.049471 1.295244 -0.170409
v -0.127841 1.280661 -0.188694
vn -0.4963 0.0785 -0.8646
vn -0.4440 0.6401 -0.6270
vn -0.7421 -0.4479 0.4987
vn -0.6921 0.0979 0.7151
vn 0.6921 -0.0979 -0.7151
vn 0.7421 0.4479 -0.4987
vn 0.4440 -0.6401 0.6270
vn 0.4963 -0.0785 0.8646
vn -0.8902 -0.4089 0.2009
vn -0.9280 -0.2822 -0.2432
vn -0.7543 -0.0865 -0.6508
vn -0.5017 0.2386 -0.8315
vn -0.4943 0.3803 -0.7817
vn -0.4755 0.5127 -0.7148
vn -0.6774 0.6491 -0.3461
vn -0.8419 0.5334 0.0816
vn -0.8216 0.3083 0.4795
vn -0.7312 -0.0482 0.6805
vn -0.7508 -0.1824 0.6348
vn -0.7549 -0.3133 0.5762
vn 0.1437 -0.6960 0.7036
vn -0.1995 -0.6787 0.7068
vn -0.5124 -0.5848 0.6288
vn -0.4609 0.0605 0.8854
vn -0.1451 0.0125 0.9893
vn 0.1995 -0.0377 0.9792
vn 0.5017 -0.2386 0.8315
vn 0.4943 -0.3803 0.7817
vn 0.4755 -0.5127 0.7148
vn 0.8216 -0.3083 -0.4795
vn 0.8419 -0.5334 -0.0816
vn 0.6774 -0.6491 0.3461
vn 0.7543 0.0865 0.6508
vn 0.9280 0.2822 0.2432
vn 0.8902 0.4089 -0.2009
vn 0.7549 0.3133 -0.5762
vn 0.7508 0.1824 -0.6348
vn 0.7312 0.0482 -0.6805
vn -0.1995 0.0377 -0.9792
vn 0.1451 -0.0125 -0.9893
vn 0.4609 -0.0605 -0.8854
vn 0.5124 0.5848 -0.6288
vn 0.1995 0.6787 -0.7068
vn -0.1437 0.6960 -0.7036
vn -0.8361 0.1266 -0.5339
vn -0.8316 0.2892 -0.4740
vn -0.8021 0.4416 -0.4021
vn -0.9875 -0.0288 -0.1549
vn -0.9855 0.1451 -0.0878
vn -0.9499 0.3120 -0.0186
vn -0.9562 -0.1739 0.2355
vn -0.9541 -0.0197 0.2989
vn -0.9248 0.1331 0.3564
vn -0.4718 -0.4273 0.7712
vn -0.4648 -0.2971 0.8341
vn -0.4498 -0.1601 0.8787
vn -0.1950 -0.4969 0.8456
vn -0.1861 -0.3610 0.9138
vn -0.1727 -0.2157 0.9611
vn 0.1063 -0.5248 0.8445
vn 0.1188 -0.3935 0.9116
vn 0.1293 -0.2525 0.9589
vn 0.8021 -0.4416 0.4021
vn 0.8316 -0.2892 0.4740
vn 0.8361 -0.1266 0.5339
vn 0.9499 -0.3120 0.0186
vn 0.9855 -0.1451 0.0878
vn 0.9875 0.0288 0.1549
vn 0.9248 -0.1331 -0.3564
vn 0.9541 0.0197 -0.2989
vn 0.9562 0.1739 -0.2355
vn 0.4498 0.1601 -0.8787
vn 0.4648 0.2971 -0.8341
vn 0.4718 0.4273 -0.7712
vn 0.1727 0.2157 -0.9611
vn 0.1861 0.3610 -0.9138
vn 0.1950 0.4969 -0.8456
vn -0.1293 0.2525 -0.9589
vn -0.1188 0.3935 -0.9116
vn -0.1063 0.5248 -0.8445
vn -0.6343 -0.7250 0.2682
vn -0.1801 -0.9163 0.3577
vn 0.3257 -0.8747 0.3589
vn -0.6712 -0.6551 -0.3469
vn -0.0739 -0.9285 -0.3639
vn 0.5361 -0.8117 -0.2316
vn -0.4324 -0.3102 -0.8466
vn 0.0743 -0.4313 -0.8992
vn 0.5373 -0.4365 -0.7217
vn 0.4324 0.3102 0.8466
vn -0.0743 0.4313 0.8992
vn -0.5373 0.4365 0.7217
vn 0.6712 0.6551 0.3469
vn 0.0739 0.9285 0.3639
vn -0.5361 0.8117 0.2316
vn 0.6343 0.7250 -0.2682
vn 0.1801 0.9163 -0.3577
vn -0.3257 0.8747 -0.3589
vt 0.437500 0.062500
vt 0.500000 0.062500
vt 0.500000 0.125000
vt 0.437500 0.125000
vt 0.562500 0.062500
vt 0.562500 0.125000
vt 0.500000 0.187500
vt 0.437500 0.187500
vt 0.562500 0.187500
vt 0.375000 0.000000
vt 0.437500 0.000000
vt 0.375000 0.062500
vt 0.500000 0.000000
vt 0.562500 0.000000
vt 0.625000 0.000000
vt 0.625000 0.062500
vt 0.625000 0.125000
vt 0.625000 0.187500
vt 0.625000 0.250000
vt 0.562500 0.250000
vt 0.500000 0.250000
vt 0.437500 0.250000
vt 0.375000 0.187500
vt 0.375000 0.250000
vt 0.375000 0.125000
vt 0.437500 0.312500
vt 0.500000 0.312500
vt 0.500000 0.375000
vt 0.437500 0.375000
vt 0.562500 0.312500
vt 0.562500 0.375000
vt 0.500000 0.437500
vt 0.437500 0.437500
vt 0.562500 0.437500
vt 0.375000 0.312500
vt 0.625000 0.312500
vt 0.625000 0.375000
vt 0.625000 0.437500
vt 0.625000 0.500000
vt 0.562500 0.500000
vt 0.500000 0.500000
vt 0.437500 0.500000
vt 0.375000 0.437500
vt 0.375000 0.500000
vt 0.375000 0.375000
vt 0.437500 0.562500
vt 0.500000 0.562500
vt 0.500000 0.625000
vt 0.437500 0.625000
vt 0.562500 0.562500
vt 0.562500 0.625000
vt 0.500000 0.687500
vt 0.437500 0.687500
vt 0.562500 0.687500
vt 0.375000 0.562500
vt 0.625000 0.562500
vt 0.625000 0.625000
vt 0.625000 0.687500
vt 0.625000 0.750000
vt 0.562500 0.750000
vt 0.500000 0.750000
vt 0.437500 0.750000
vt 0.375000 0.687500
vt 0.375000 0.750000
vt 0.375000 0.625000
vt 0.437500 0.812500
vt 0.500000 0.812500
vt 0.500000 0.875000
vt 0.437500 0.875000
vt 0.562500 0.812500
vt 0.562500 0.875000
vt 0.500000 0.937500
vt 0.437500 0.937500
vt 0.562500 0.937500
vt 0.375000 0.812500
vt 0.625000 0.812500
vt 0.625000 0.875000
vt 0.625000 0.937500
vt 0.625000 1.000000
vt 0.562500 1.000000
vt 0.500000 1.000000
vt 0.437500 1.000000
vt 0.375000 0.937500
vt 0.375000 1.000000
vt 0.375000 0.875000
vt 0.187500 0.562500
vt 0.250000 0.562500
vt 0.250000 0.625000
vt 0.187500 0.625000
vt 0.312500 0.562500
vt 0.312500 0.625000
vt 0.250000 0.687500
vt 0.187500 0.687500
vt 0.312500 0.687500
vt 0.125000 0.500000
vt 0.187500 0.500000
vt 0.125000 0.562500
vt 0.250000 0.500000
vt 0.312500 0.500000
vt 0.312500 0.750000
vt 0.250000 0.750000
vt 0.187500 0.750000
vt 0.125000 0.687500
vt 0.125000 0.750000
vt 0.125000 0.625000
vt 0.687500 0.562500
vt 0.750000 0.562500
vt 0.750000 0.625000
vt 0.687500 0.625000
vt 0.812500 0.562500
vt 0.812500 0.625000
vt 0.750000 0.687500
vt 0.687500 0.687500
vt 0.812500 0.687500
vt 0.687500 0.500000
vt 0.750000 0.500000
vt 0.812500 0.500000
vt 0.875000 0.500000
vt 0.875000 0.562500
vt 0.875000 0.625000
vt 0.875000 0.687500
vt 0.875000 0.750000
vt 0.812500 0.750000
vt 0.750000 0.750000
vt 0.687500 0.750000
s 1
f 241/251/241 244/254/244 245/253/245 242/252/242
f 242/252/242 245/253/245 246/256/246 243/255/243
f 244/254/244 247/258/247 248/257/248 245/253/245
f 245/253/245 248/257/248 249/259/249 246/256/246
f 197/260/197 207/262/207 241/251/241 208/261/208
f 208/261/208 241/251/241 242/252/242 209/263/209
f 209/263/209 242/252/242 243/255/243 210/264/210
f 210/264/210 243/255/243 211/266/211 198/265/198
f 243/255/243 246/256/246 212/267/212 211/266/211
f 246/256/246 249/259/249 213/268/213 212/267/212
f 249/259/249 214/270/214 200/269/200 213/268/213
f 248/257/248 215/271/215 214/270/214 249/259/249
f 247/258/247 216/272/216 215/271/215 248/257/248
f 205/273/205 199/274/199 216/272/216 247/258/247
f 206/275/206 205/273/205 247/258/247 244/254/244
f 207/262/207 206/275/206 244/254/244 241/251/241
f 250/276/250 253/279/253 254/278/254 251/277/251
f 251/277/251 254/278/254 255/281/255 252/280/252
f 253/279/253 256/283/256 257/282/257 254/278/254
f 254/278/254 257/282/257 258/284/258 255/281/255
f 199/274/199 219/285/219 250/276/250 216/272/216
f 216/272/216 250/276/250 251/277/251 215/271/215
f 215/271/215 251/277/251 252/280/252 214/270/214
f 214/270/214 252/280/252 220/286/220 200/269/200
f 252/280/252 255/281/255 221/287/221 220/286/220
f 255/281/255 258/284/258 222/288/222 221/287/221
f 258/284/258 223/290/223 204/289/204 222/288/222
f 257/282/257 224/291/224 223/290/223 258/284/258
f 256/283/256 225/292/225 224/291/224 257/282/257
f 217/293/217 203/294/203 225/292/225 256/283/256
f 218/295/218 217/293/217 256/283/256 253/279/253
f 219/285/219 218/295/218 253/279/253 250/276/250
f 259/296/259 262/299/262 263/298/263 260/297/260
f 260/297/260 263/298/263 264/301/264 261/300/261
f 262/299/262 265/303/265 266/302/266 263/298/263
f 263/298/263 266/302/266 267/304/267 264/301/264
f 203/294/203 228/305/228 259/296/259 225/292/225
f 225/292/225 259/296/259 260/297/260 224/291/224
f 224/291/224 260/297/260 261/300/261 223/290/223
f 223/290/223 261/300/261 229/306/229 204/289/204
f 261/300/261 264/301/264 230/307/230 229/306/229
f 264/301/264 267/304/267 231/308/231 230/307/230
f 267/304/267 232/310/232 202/309/202 231/308/231
f 266/302/266 233/311/233 232/310/232 267/304/267
f 265/303/265 234/312/234 233/311/233 266/302/266
f 226/313/226 201/314/201 234/312/234 265/303/265
f 227/315/227 226/313/226 265/303/265 262/299/262
f 228/305/228 227/315/227 262/299/262 259/296/259
f 268/316/268 271/319/271 272/318/272 269/317/269
f 269/317/269 272/318/272 273/321/273 270/320/270
f 271/319/271 274/323/274 275/322/275 272/318/272
f 272/318/272 275/322/275 276/324/276 273/321/273
f 201/314/201 237/325/237 268/316/268 234/312/234
f 234/312/234 268/316/268 269/317/269 233/311/233
f 233/311/233 269/317/269 270/320/270 232/310/232
f 232/310/232 270/320/270 238/326/238 202/309/202
f 270/320/270 273/321/273 239/327/239 238/326/238
f 273/321/273 276/324/276 240/328/240 239/327/239
f 276/324/276 210/330/210 198/329/198 240/328/240
f 275/322/275 209/331/209 210/330/210 276/324/276
f 274/323/274 208/332/208 209/331/209 275/322/275
f 235/333/235 197/334/197 208/332/208 274/323/274
f 236/335/236 235/333/235 274/323/274 271/319/271
f 237/325/237 236/335/236 271/319/271 268/316/268
f 277/336/277 280/339/280 281/338/281 278/337/278
f 278/337/278 281/338/281 282/341/282 279/340/279
f 280/339/280 283/343/283 284/342/284 281/338/281
f 281/338/281 284/342/284 285/344/285 282/341/282
f 199/345/199 205/347/205 277/336/277 219/346/219
f 219/346/219 277/336/277 278/337/278 218/348/218
f 218/348/218 278/337/278 279/340/279 217/349/217
f 217/349/217 279/340/279 228/305/228 203/294/203
f 279/340/279 282/341/282 227/315/227 228/305/228
f 282/341/282 285/344/285 226/313/226 227/315/227
f 285/344/285 237/350/237 201/314/201 226/313/226
f 284/342/284 236/351/236 237/350/237 285/344/285
f 283/343/283 235/352/235 236/351/236 284/342/284
f 207/353/207 197/354/197 235/352/235 283/343/283
f 206/355/206 207/353/207 283/343/283 280/339/280
f 205/347/205 206/355/206 280/339/280 277/336/277
f 286/356/286 289/359/289 290/358/290 287/357/287
f 287/357/287 290/358/290 291/361/291 288/360/288
f 289/359/289 292/363/292 293/362/293 290/358/290
f 290/358/290 293/362/293 294/364/294 291/361/291
f 204/289/204 229/306/229 286/356/286 222/365/222
f 222/365/222 286/356/286 287/357/287 221/366/221
f 221/366/221 287/357/287 288/360/288 220/367/220
f 220/367/220 288/360/288 213/369/213 200/368/200
f 288/360/288 291/361/291 212/370/212 213/369/213
f 291/361/291 294/364/294 211/371/211 212/370/212
f 294/364/294 240/373/240 198/372/198 211/371/211
f 293/362/293 239/374/239 240/373/240 294/364/294
f 292/363/292 238/375/238 239/374/239 293/362/293
f 231/308/231 202/309/202 238/375/238 292/363/292
f 230/307/230 231/308/231 292/363/292 289/359/289
f 229/306/229 230/307/230 289/359/289 286/356/286
o Cube.004
v -0.159318 0.269809 0.121725
v -0.113071 0.787234 0.066362
v -0.185159 0.258499 -0.075635
v -0.138913 0.775925 -0.130999
v 0.075486 0.271277 0.108115
v 0.118339 0.822418 0.044836
v 0.049645 0.259968 -0.089245
v 0.092498 0.811109 -0.152524
v -0.200499 0.223913 -0.030697
v -0.203195 0.208913 0.030224
v -0.185167 0.230623 0.086397
v -0.165074 0.374947 0.126041
v -0.158904 0.527752 0.117592
v -0.137549 0.681072 0.093396
v -0.131734 0.819147 0.023986
v -0.146118 0.832805 -0.035647
v -0.147066 0.812437 -0.093108
v -0.167159 0.668113 -0.132752
v -0.190408 0.513965 -0.123016
v -0.194684 0.361988 -0.100107
v -0.003193 0.219446 -0.096444
v -0.075470 0.199454 -0.097565
v -0.142589 0.219438 -0.088572
v -0.090447 0.820790 -0.153995
v -0.021158 0.850818 -0.169885
v 0.046762 0.842528 -0.166969
v 0.098857 0.699978 -0.155433
v 0.093781 0.536307 -0.144434
v 0.073519 0.372123 -0.117687
v 0.084327 0.227930 0.071829
v 0.083759 0.203783 0.015256
v 0.068996 0.221220 -0.045264
v 0.117659 0.857130 -0.118801
v 0.135307 0.882619 -0.063514
v 0.132991 0.863839 -0.001707
v 0.128467 0.712937 0.070715
v 0.125285 0.550095 0.096175
v 0.103129 0.385082 0.108461
v -0.112978 0.232397 0.137577
v -0.043966 0.213242 0.143044
v 0.026418 0.232405 0.129704
v 0.076372 0.855486 0.059180
v 0.010346 0.864605 0.070723
v -0.060837 0.833749 0.072153
v -0.209228 0.361463 0.078628
v -0.206203 0.521469 0.066063
v -0.179421 0.683028 0.044938
v -0.230603 0.349154 0.017860
v -0.228257 0.516645 0.001328
v -0.199020 0.686250 -0.017231
v -0.225568 0.354312 -0.046166
v -0.223420 0.513934 -0.065434
v -0.195761 0.675877 -0.079856
v -0.139463 0.351858 -0.133639
v -0.130423 0.517083 -0.161870
v -0.110733 0.684125 -0.169841
v -0.067606 0.345197 -0.147960
v -0.054256 0.522536 -0.179106
v -0.037924 0.701179 -0.187485
v 0.008494 0.357879 -0.143440
v 0.024892 0.529293 -0.173575
v 0.036103 0.701281 -0.182257
v 0.115935 0.364762 -0.067960
v 0.141079 0.542590 -0.092904
v 0.142467 0.718866 -0.109289
v 0.135797 0.358923 -0.005176
v 0.163133 0.547415 -0.028169
v 0.163579 0.733793 -0.049135
v 0.132275 0.371913 0.056834
v 0.158297 0.550126 0.038593
v 0.158807 0.726017 0.015505
v 0.046170 0.374367 0.144307
v 0.065299 0.546977 0.135029
v 0.073779 0.717769 0.105490
v -0.027200 0.362880 0.160643
v -0.010868 0.541524 0.152264
v 0.002483 0.718863 0.121119
v -0.101787 0.368346 0.154108
v -0.090016 0.534766 0.146734
v -0.073057 0.700614 0.117906
v -0.147725 0.141308 -0.028929
v -0.076001 0.110544 -0.032790
v 0.001309 0.136627 -0.036217
v -0.146000 0.117650 0.036594
v -0.069962 0.083496 0.036380
v 0.011216 0.110974 0.029323
v -0.131385 0.148459 0.095865
v -0.058783 0.118080 0.098707
v 0.017649 0.143778 0.088576
v 0.064625 0.931870 -0.126526
v -0.006340 0.945980 -0.125548
v -0.081135 0.904013 -0.111598
v 0.078976 0.965296 -0.067869
v 0.004838 0.980564 -0.063221
v -0.074438 0.934199 -0.051730
v 0.080964 0.939021 -0.001732
v 0.010877 0.953515 0.005949
v -0.064795 0.911164 0.013196
vn -0.5643 -0.1454 0.8127
vn -0.5676 0.3853 0.7276
vn -0.6904 -0.2993 -0.6586
vn -0.7107 0.2675 -0.6506
vn 0.6759 -0.2448 0.6951
vn 0.6856 0.2998 0.6633
vn 0.5482 -0.3788 -0.7457
vn 0.5384 0.1369 -0.8315
vn -0.8748 -0.3438 -0.3413
vn -0.9339 -0.3289 0.1402
vn -0.7839 -0.2423 0.5716
vn -0.5729 0.0028 0.8196
vn -0.5745 0.1357 0.8072
vn -0.5729 0.2618 0.7767
vn -0.7584 0.4474 0.4740
vn -0.8853 0.4574 0.0836
vn -0.8583 0.3855 -0.3386
vn -0.7199 0.1286 -0.6820
vn -0.7184 -0.0095 -0.6955
vn -0.7090 -0.1509 -0.6889
vn 0.2840 -0.4289 -0.8575
vn -0.0568 -0.4397 -0.8964
vn -0.4097 -0.3924 -0.8235
vn -0.4710 0.2800 -0.8365
vn -0.1301 0.2609 -0.9566
vn 0.2390 0.2070 -0.9487
vn 0.5639 -0.0089 -0.8258
vn 0.5729 -0.1348 -0.8085
vn 0.5670 -0.2548 -0.7833
vn 0.8417 -0.3751 0.3883
vn 0.8839 -0.4615 -0.0760
vn 0.7425 -0.4466 -0.4992
vn 0.7648 0.2430 -0.5967
vn 0.9294 0.3393 -0.1453
vn 0.8671 0.3503 0.3542
vn 0.7103 0.1561 0.6864
vn 0.7165 0.0237 0.6972
vn 0.7051 -0.1065 0.7010
vn -0.2929 -0.2079 0.9333
vn 0.0577 -0.2536 0.9656
vn 0.4084 -0.2651 0.8734
vn 0.3869 0.3950 0.8332
vn 0.0198 0.4414 0.8971
vn -0.3184 0.4309 0.8444
vn -0.8567 -0.0255 0.5151
vn -0.8567 0.1294 0.4994
vn -0.8391 0.2718 0.4711
vn -0.9890 -0.0711 0.1299
vn -0.9876 0.1026 0.1190
vn -0.9596 0.2605 0.1058
vn -0.9498 -0.1067 -0.2941
vn -0.9523 0.0551 -0.3003
vn -0.9333 0.2070 -0.2933
vn -0.3694 -0.2040 -0.9066
vn -0.3826 -0.0656 -0.9216
vn -0.3985 0.0739 -0.9142
vn -0.0600 -0.2404 -0.9688
vn -0.0714 -0.1019 -0.9922
vn -0.0926 0.0417 -0.9948
vn 0.2407 -0.2518 -0.9374
vn 0.2351 -0.1253 -0.9638
vn 0.2191 0.0071 -0.9757
vn 0.8381 -0.2572 -0.4810
vn 0.8564 -0.1211 -0.5019
vn 0.8536 0.0230 -0.5204
vn 0.9651 -0.2400 -0.1052
vn 0.9889 -0.0868 -0.1204
vn 0.9885 0.0741 -0.1322
vn 0.9330 -0.1819 0.3106
vn 0.9529 -0.0366 0.3012
vn 0.9498 0.1127 0.2919
vn 0.3749 -0.0615 0.9250
vn 0.3794 0.0722 0.9224
vn 0.3697 0.2061 0.9060
vn 0.0693 -0.0388 0.9968
vn 0.0687 0.1027 0.9923
vn 0.0563 0.2410 0.9689
vn -0.2360 -0.0113 0.9717
vn -0.2374 0.1236 0.9635
vn -0.2464 0.2535 0.9354
vn -0.5792 -0.6301 -0.5173
vn -0.0584 -0.7584 -0.6492
vn 0.4448 -0.6657 -0.5992
vn -0.6853 -0.7154 0.1364
vn -0.0351 -0.9965 0.0763
vn 0.6164 -0.7873 -0.0182
vn -0.4929 -0.4942 0.7161
vn 0.0240 -0.6292 0.7769
vn 0.5459 -0.5759 0.6085
vn 0.3992 0.5197 -0.7553
vn -0.1853 0.6370 -0.7483
vn -0.6352 0.5614 -0.5304
vn 0.6023 0.7863 -0.1379
vn -0.1841 0.9817 -0.0477
vn -0.6905 0.7223 0.0394
vn 0.5142 0.6567 0.5517
vn -0.0654 0.7557 0.6516
vn -0.5172 0.6413 0.5668
vt 0.437500 0.062500
vt 0.500000 0.062500
vt 0.500000 0.125000
vt 0.437500 0.125000
vt 0.562500 0.062500
vt 0.562500 0.125000
vt 0.500000 0.187500
vt 0.437500 0.187500
vt 0.562500 0.187500
vt 0.375000 0.000000
vt 0.437500 0.000000
vt 0.375000 0.062500
vt 0.500000 0.000000
vt 0.562500 0.000000
vt 0.625000 0.000000
vt 0.625000 0.062500
vt 0.625000 0.125000
vt 0.625000 0.187500
vt 0.625000 0.250000
vt 0.562500 0.250000
vt 0.500000 0.250000
vt 0.437500 0.250000
vt 0.375000 0.187500
vt 0.375000 0.250000
vt 0.375000 0.125000
vt 0.437500 0.312500
vt 0.500000 0.312500
vt 0.500000 0.375000
vt 0.437500 0.375000
vt 0.562500 0.312500
vt 0.562500 0.375000
vt 0.500000 0.437500
vt 0.437500 0.437500
vt 0.562500 0.437500
vt 0.375000 0.312500
vt 0.625000 0.312500
vt 0.625000 0.375000
vt 0.625000 0.437500
vt 0.625000 0.500000
vt 0.562500 0.500000
vt 0.500000 0.500000
vt 0.437500 0.500000
vt 0.375000 0.437500
vt 0.375000 0.500000
vt 0.375000 0.375000
vt 0.437500 0.562500
vt 0.500000 0.562500
vt 0.500000 0.625000
vt 0.437500 0.625000
vt 0.562500 0.562500
vt 0.562500 0.625000
vt 0.500000 0.687500
vt 0.437500 0.687500
vt 0.562500 0.687500
vt 0.375000 0.562500
vt 0.625000 0.562500
vt 0.625000 0.625000
vt 0.625000 0.687500
vt 0.625000 0.750000
vt 0.562500 0.750000
vt 0.500000 0.750000
vt 0.437500 0.750000
vt 0.375000 0.687500
vt 0.375000 0.750000
vt 0.375000 0.625000
vt 0.437500 0.812500
vt 0.500000 0.812500
vt 0.500000 0.875000
vt 0.437500 0.875000
vt 0.562500 0.812500
vt 0.562500 0.875000
vt 0.500000 0.937500
vt 0.437500 0.937500
vt 0.562500 0.937500
vt 0.375000 0.812500
vt 0.625000 0.812500
vt 0.625000 0.875000
vt 0.625000 0.937500
vt 0.625000 1.000000
vt 0.562500 1.000000
vt 0.500000 1.000000
vt 0.437500 1.000000
vt 0.375000 0.937500
vt 0.375000 1.000000
vt 0.375000 0.875000
vt 0.187500 0.562500
vt 0.250000 0.562500
vt 0.250000 0.625000
vt 0.187500 0.625000
vt 0.312500 0.562500
vt 0.312500 0.625000
vt 0.250000 0.687500
vt 0.187500 0.687500
vt 0.312500 0.687500
vt 0.125000 0.500000
vt 0.187500 0.500000
vt 0.125000 0.562500
vt 0.250000 0.500000
vt 0.312500 0.500000
vt 0.312500 0.750000
vt 0.250000 0.750000
vt 0.187500 0.750000
vt 0.125000 0.687500
vt 0.125000 0.750000
vt 0.125000 0.625000
vt 0.687500 0.562500
vt 0.750000 0.562500
vt 0.750000 0.625000
vt 0.687500 0.625000
vt 0.812500 0.562500
vt 0.812500 0.625000
vt 0.750000 0.687500
vt 0.687500 0.687500
vt 0.812500 0.687500
vt 0.687500 0.500000
vt 0.750000 0.500000
vt 0.812500 0.500000
vt 0.875000 0.500000
vt 0.875000 0.562500
vt 0.875000 0.625000
vt 0.875000 0.687500
vt 0.875000 0.750000
vt 0.812500 0.750000
vt 0.750000 0.750000
vt 0.687500 0.750000
s 1
f 339/376/339 340/377/340 343/378/343 342/379/342
f 340/377/340 341/380/341 344/381/344 343/378/343
f 342/379/342 343/378/343 346/382/346 345/383/345
f 343/378/343 344/381/344 347/384/347 346/382/346
f 295/385/295 306/386/306 339/376/339 305/387/305
f 306/386/306 307/388/307 340/377/340 339/376/339
f 307/388/307 308/389/308 341/380/341 340/377/340
f 308/389/308 296/390/296 309/391/309 341/380/341
f 341/380/341 309/391/309 310/392/310 344/381/344
f 344/381/344 310/392/310 311/393/311 347/384/347
f 347/384/347 311/393/311 298/394/298 312/395/312
f 346/382/346 347/384/347 312/395/312 313/396/313
f 345/383/345 346/382/346 313/396/313 314/397/314
f 303/398/303 345/383/345 314/397/314 297/399/297
f 304/400/304 342/379/342 345/383/345 303/398/303
f 305/387/305 339/376/339 342/379/342 304/400/304
f 348/401/348 349/402/349 352/403/352 351/404/351
f 349/402/349 350/405/350 353/406/353 352/403/352
f 351/404/351 352/403/352 355/407/355 354/408/354
f 352/403/352 353/406/353 356/409/356 355/407/355
f 297/399/297 314/397/314 348/401/348 317/410/317
f 314/397/314 313/396/313 349/402/349 348/401/348
f 313/396/313 312/395/312 350/405/350 349/402/349
f 312/395/312 298/394/298 318/411/318 350/405/350
f 350/405/350 318/411/318 319/412/319 353/406/353
f 353/406/353 319/412/319 320/413/320 356/409/356
f 356/409/356 320/413/320 302/414/302 321/415/321
f 355/407/355 356/409/356 321/415/321 322/416/322
f 354/408/354 355/407/355 322/416/322 323/417/323
f 315/418/315 354/408/354 323/417/323 301/419/301
f 316/420/316 351/404/351 354/408/354 315/418/315
f 317/410/317 348/401/348 351/404/351 316/420/316
f 357/421/357 358/422/358 361/423/361 360/424/360
f 358/422/358 359/425/359 362/426/362 361/423/361
f 360/424/360 361/423/361 364/427/364 363/428/363
f 361/423/361 362/426/362 365/429/365 364/427/364
f 301/419/301 323/417/323 357/421/357 326/430/326
f 323/417/323 322/416/322 358/422/358 357/421/357
f 322/416/322 321/415/321 359/425/359 358/422/358
f 321/415/321 302/414/302 327/431/327 359/425/359
f 359/425/359 327/431/327 328/432/328 362/426/362
f 362/426/362 328/432/328 329/433/329 365/429/365
f 365/429/365 329/433/329 300/434/300 330/435/330
f 364/427/364 365/429/365 330/435/330 331/436/331
f 363/428/363 364/427/364 331/436/331 332/437/332
f 324/438/324 363/428/363 332/437/332 299/439/299
f 325/440/325 360/424/360 363/428/363 324/438/324
f 326/430/326 357/421/357 360/424/360 325/440/325
f 366/441/366 367/442/367 370/443/370 369/444/369
f 367/442/367 368/445/368 371/446/371 370/443/370
f 369/444/369 370/443/370 373/447/373 372/448/372
f 370/443/370 371/446/371 374/449/374 373/447/373
f 299/439/299 332/437/332 366/441/366 335/450/335
f 332/437/332 331/436/331 367/442/367 366/441/366
f 331/436/331 330/435/330 368/445/368 367/442/367
f 330/435/330 300/434/300 336/451/336 368/445/368
f 368/445/368 336/451/336 337/452/337 371/446/371
f 371/446/371 337/452/337 338/453/338 374/449/374
f 374/449/374 338/453/338 296/454/296 308/455/308
f 373/447/373 374/449/374 308/455/308 307/456/307
f 372/448/372 373/447/373 307/456/307 306/457/306
f 333/458/333 372/448/372 306/457/306 295/459/295
f 334/460/334 369/444/369 372/448/372 333/458/333
f 335/450/335 366/441/366 369/444/369 334/460/334
f 375/461/375 376/462/376 379/463/379 378/464/378
f 376/462/376 377/465/377 380/466/380 379/463/379
f 378/464/378 379/463/379 382/467/382 381/468/381
f 379/463/379 380/466/380 383/469/383 382/467/382
f 297/470/297 317/471/317 375/461/375 303/472/303
f 317/471/317 316/473/316 376/462/376 375/461/375
f 316/473/316 315/474/315 377/465/377 376/462/376
f 315/474/315 301/419/301 326/430/326 377/465/377
f 377/465/377 326/430/326 325/440/325 380/466/380
f 380/466/380 325/440/325 324/438/324 383/469/383
f 383/469/383 324/438/324 299/439/299 335/475/335
f 382/467/382 383/469/383 335/475/335 334/476/334
f 381/468/381 382/467/382 334/476/334 333/477/333
f 305/478/305 381/468/381 333/477/333 295/479/295
f 304/480/304 378/464/378 381/468/381 305/478/305
f 303/472/303 375/461/375 378/464/378 304/480/304
f 384/481/384 385/482/385 388/483/388 387/484/387
f 385/482/385 386/485/386 389/486/389 388/483/388
f 387/484/387 388/483/388 391/487/391 390/488/390
f 388/483/388 389/486/389 392/489/392 391/487/391
f 302/414/302 320/490/320 384/481/384 327/431/327
f 320/490/320 319/491/319 385/482/385 384/481/384
f 319/491/319 318/492/318 386/485/386 385/482/385
f 318/492/318 298/493/298 311/494/311 386/485/386
f 386/485/386 311/494/311 310/495/310 389/486/389
f 389/486/389 310/495/310 309/496/309 392/489/392
f 392/489/392 309/496/309 296/497/296 338/498/338
f 391/487/391 392/489/392 338/498/338 337/499/337
f 390/488/390 391/487/391 337/499/337 336/500/336
f 329/433/329 390/488/390 336/500/336 300/434/300
f 328/432/328 387/484/387 390/488/390 329/433/329
f 327/431/327 384/481/384 387/484/387 328/432/328
o Cube.005
v -0.373504 0.807420 0.728896
v -0.323864 1.255655 0.540982
v -0.399345 0.738441 0.543638
v -0.349705 1.186677 0.355723
v -0.135306 0.774927 0.732959
v -0.085666 1.223163 0.545045
v -0.161148 0.705949 0.547700
v -0.111508 1.154184 0.359786
v -0.415083 0.722147 0.594719
v -0.417962 0.727378 0.656411
v -0.399751 0.763072 0.704633
v -0.378897 0.905969 0.703899
v -0.371951 1.042656 0.654793
v -0.349446 1.171907 0.592410
v -0.342871 1.276689 0.489308
v -0.357444 1.273838 0.427318
v -0.358202 1.235764 0.379394
v -0.379056 1.092867 0.380128
v -0.403455 0.958561 0.428937
v -0.408508 0.826929 0.491617
v -0.215090 0.674834 0.547068
v -0.288517 0.665525 0.545960
v -0.356412 0.694112 0.544657
v -0.299532 1.207729 0.329333
v -0.227999 1.211985 0.316867
v -0.158209 1.188452 0.331744
v -0.106114 1.055635 0.384784
v -0.113060 0.918948 0.433890
v -0.135565 0.789697 0.496273
v -0.126809 0.725840 0.709288
v -0.127567 0.687766 0.661364
v -0.142141 0.684915 0.599374
v -0.085260 1.198532 0.384050
v -0.067049 1.234226 0.432271
v -0.069928 1.239458 0.493964
v -0.076504 1.134676 0.597065
v -0.081556 1.003043 0.659746
v -0.105955 0.868737 0.708555
v -0.326802 0.773152 0.756939
v -0.257013 0.749619 0.771816
v -0.185479 0.753875 0.759350
v -0.128599 1.267492 0.544025
v -0.196495 1.296079 0.542723
v -0.269921 1.286770 0.541615
v -0.423673 0.884584 0.659361
v -0.420126 1.029185 0.602882
v -0.392285 1.168010 0.540540
v -0.445272 0.856880 0.603767
v -0.442474 1.008080 0.540930
v -0.412198 1.155531 0.478563
v -0.440013 0.840968 0.542219
v -0.437344 0.983226 0.479448
v -0.408625 1.124393 0.423398
v -0.352345 0.799077 0.467415
v -0.342062 0.937697 0.398147
v -0.320957 1.082503 0.348595
v -0.279246 0.777547 0.462102
v -0.264199 0.922894 0.388815
v -0.246172 1.076198 0.336899
v -0.201730 0.778532 0.469984
v -0.183356 0.916048 0.400854
v -0.170342 1.061957 0.351164
v -0.092726 0.793594 0.548143
v -0.064885 0.932419 0.485801
v -0.061338 1.077020 0.429322
v -0.072813 0.806073 0.610120
v -0.042537 0.953525 0.547752
v -0.039739 1.104724 0.484916
v -0.076386 0.837211 0.665285
v -0.047667 0.978378 0.609235
v -0.044998 1.120636 0.546464
v -0.164054 0.879101 0.740088
v -0.142949 1.023907 0.690536
v -0.132666 1.162527 0.621267
v -0.238839 0.885406 0.751784
v -0.220812 1.038710 0.699867
v -0.205765 1.184057 0.626580
v -0.314669 0.899647 0.737519
v -0.301655 1.045556 0.687829
v -0.283281 1.183072 0.618698
v -0.362170 0.642507 0.621473
v -0.289924 0.607379 0.629541
v -0.211555 0.621962 0.624043
v -0.360669 0.641183 0.689905
v -0.284179 0.604505 0.702096
v -0.201962 0.619534 0.692612
v -0.345831 0.686124 0.738615
v -0.272707 0.653338 0.752975
v -0.195215 0.665578 0.741184
v -0.139181 1.275480 0.350067
v -0.212304 1.308266 0.335707
v -0.289796 1.296026 0.347498
v -0.124343 1.320421 0.398778
v -0.200833 1.357099 0.386586
v -0.283049 1.342070 0.396071
v -0.122841 1.319097 0.467209
v -0.195087 1.354225 0.459142
v -0.273457 1.339642 0.464640
vn -0.5858 0.0866 0.8058
vn -0.5145 0.6197 0.5927
vn -0.6933 -0.4800 -0.5375
vn -0.6205 0.0822 -0.7799
vn 0.6205 -0.0822 0.7799
vn 0.6933 0.4800 0.5375
vn 0.5145 -0.6197 -0.5927
vn 0.5858 -0.0866 -0.8058
vn -0.8788 -0.4251 -0.2167
vn -0.9348 -0.2713 0.2292
vn -0.7939 -0.0701 0.6040
vn -0.5866 0.2364 0.7746
vn -0.5748 0.3687 0.7305
vn -0.5516 0.4942 0.6719
vn -0.7033 0.6301 0.3291
vn -0.8394 0.5353 -0.0935
vn -0.7924 0.3121 -0.5241
vn -0.6655 -0.0713 -0.7430
vn -0.6910 -0.2118 -0.6911
vn -0.7005 -0.3465 -0.6239
vn 0.2472 -0.6868 -0.6835
vn -0.0868 -0.6940 -0.7148
vn -0.4248 -0.6184 -0.6611
vn -0.3352 0.0395 -0.9413
vn 0.0110 -0.0100 -0.9999
vn 0.3376 -0.0550 -0.9397
vn 0.5866 -0.2364 -0.7746
vn 0.5748 -0.3687 -0.7305
vn 0.5516 -0.4942 -0.6719
vn 0.7924 -0.3121 0.5241
vn 0.8394 -0.5353 0.0935
vn 0.7033 -0.6301 -0.3291
vn 0.7939 0.0701 -0.6040
vn 0.9348 0.2713 -0.2292
vn 0.8788 0.4251 0.2167
vn 0.7005 0.3465 0.6239
vn 0.6910 0.2118 0.6911
vn 0.6655 0.0713 0.7430
vn -0.3376 0.0550 0.9397
vn -0.0110 0.0100 0.9999
vn 0.3352 -0.0395 0.9413
vn 0.4248 0.6184 0.6611
vn 0.0868 0.6940 0.7148
vn -0.2472 0.6868 0.6835
vn -0.8591 0.1259 0.4961
vn -0.8529 0.2788 0.4415
vn -0.8222 0.4258 0.3778
vn -0.9893 -0.0283 0.1431
vn -0.9869 0.1416 0.0776
vn -0.9512 0.3085 0.0085
vn -0.9482 -0.1879 -0.2563
vn -0.9445 -0.0319 -0.3270
vn -0.9124 0.1271 -0.3890
vn -0.3607 -0.4604 -0.8112
vn -0.3458 -0.3285 -0.8789
vn -0.3231 -0.1886 -0.9274
vn -0.0602 -0.5154 -0.8548
vn -0.0410 -0.3811 -0.9236
vn -0.0208 -0.2371 -0.9713
vn 0.2318 -0.5235 -0.8199
vn 0.2516 -0.3966 -0.8828
vn 0.2687 -0.2614 -0.9271
vn 0.8222 -0.4258 -0.3778
vn 0.8529 -0.2788 -0.4415
vn 0.8591 -0.1259 -0.4961
vn 0.9512 -0.3085 -0.0085
vn 0.9869 -0.1416 -0.0776
vn 0.9893 0.0283 -0.1431
vn 0.9124 -0.1271 0.3890
vn 0.9445 0.0319 0.3270
vn 0.9482 0.1879 0.2563
vn 0.3231 0.1886 0.9274
vn 0.3458 0.3285 0.8789
vn 0.3607 0.4604 0.8112
vn 0.0208 0.2371 0.9713
vn 0.0410 0.3811 0.9236
vn 0.0602 0.5154 0.8548
vn -0.2687 0.2614 0.9271
vn -0.2516 0.3966 0.8828
vn -0.2318 0.5235 0.8199
vn -0.6038 -0.7452 -0.2831
vn -0.1232 -0.9241 -0.3617
vn 0.3722 -0.8605 -0.3478
vn -0.7025 -0.6281 0.3346
vn -0.1325 -0.9198 0.3693
vn 0.5108 -0.8235 0.2466
vn -0.5317 -0.2768 0.8004
vn -0.0688 -0.4097 0.9096
vn 0.4476 -0.4398 0.7786
vn 0.5317 0.2768 -0.8004
vn 0.0688 0.4097 -0.9096
vn -0.4476 0.4398 -0.7786
vn 0.7025 0.6281 -0.3346
vn 0.1325 0.9198 -0.3693
vn -0.5108 0.8235 -0.2466
vn 0.6038 0.7452 0.2831
vn 0.1232 0.9241 0.3617
vn -0.3722 0.8605 0.3478
vt 0.437500 0.062500
vt 0.500000 0.062500
vt 0.500000 0.125000
vt 0.437500 0.125000
vt 0.562500 0.062500
vt 0.562500 0.125000
vt 0.500000 0.187500
vt 0.437500 0.187500
vt 0.562500 0.187500
vt 0.375000 0.000000
vt 0.437500 0.000000
vt 0.375000 0.062500
vt 0.500000 0.000000
vt 0.562500 0.000000
vt 0.625000 0.000000
vt 0.625000 0.062500
vt 0.625000 0.125000
vt 0.625000 0.187500
vt 0.625000 0.250000
vt 0.562500 0.250000
vt 0.500000 0.250000
vt 0.437500 0.250000
vt 0.375000 0.187500
vt 0.375000 0.250000
vt 0.375000 0.125000
vt 0.437500 0.312500
vt 0.500000 0.312500
vt 0.500000 0.375000
vt 0.437500 0.375000
vt 0.562500 0.312500
vt 0.562500 0.375000
vt 0.500000 0.437500
vt 0.437500 0.437500
vt 0.562500 0.437500
vt 0.375000 0.312500
vt 0.625000 0.312500
vt 0.625000 0.375000
vt 0.625000 0.437500
vt 0.625000 0.500000
vt 0.562500 0.500000
vt 0.500000 0.500000
vt 0.437500 0.500000
vt 0.375000 0.437500
vt 0.375000 0.500000
vt 0.375000 0.375000
vt 0.437500 0.562500
vt 0.500000 0.562500
vt 0.500000 0.625000
vt 0.437500 0.625000
vt 0.562500 0.562500
vt 0.562500 0.625000
vt 0.500000 0.687500
vt 0.437500 0.687500
vt 0.562500 0.687500
vt 0.375000 0.562500
vt 0.625000 0.562500
vt 0.625000 0.625000
vt 0.625000 0.687500
vt 0.625000 0.750000
vt 0.562500 0.750000
vt 0.500000 0.750000
vt 0.437500 0.750000
vt 0.375000 0.687500
vt 0.375000 0.750000
vt 0.375000 0.625000
vt 0.437500 0.812500
vt 0.500000 0.812500
vt 0.500000 0.875000
vt 0.437500 0.875000
vt 0.562500 0.812500
vt 0.562500 0.875000
vt 0.500000 0.937500
vt 0.437500 0.937500
vt 0.562500 0.937500
vt 0.375000 0.812500
vt 0.625000 0.812500
vt 0.625000 0.875000
vt 0.625000 0.937500
vt 0.625000 1.000000
vt 0.562500 1.000000
vt 0.500000 1.000000
vt 0.437500 1.000000
vt 0.375000 0.937500
vt 0.375000 1.000000
vt 0.375000 0.875000
vt 0.187500 0.562500
vt 0.250000 0.562500
vt 0.250000 0.625000
vt 0.187500 0.625000
vt 0.312500 0.562500
vt 0.312500 0.625000
vt 0.250000 0.687500
vt 0.187500 0.687500
vt 0.312500 0.687500
vt 0.125000 0.500000
vt 0.187500 0.500000
vt 0.125000 0.562500
vt 0.250000 0.500000
vt 0.312500 0.500000
vt 0.312500 0.750000
vt 0.250000 0.750000
vt 0.187500 0.750000
vt 0.125000 0.687500
vt 0.125000 0.750000
vt 0.125000 0.625000
vt 0.687500 0.562500
vt 0.750000 0.562500
vt 0.750000 0.625000
vt 0.687500 0.625000
vt 0.812500 0.562500
vt 0.812500 0.625000
vt 0.750000 0.687500
vt 0.687500 0.687500
vt 0.812500 0.687500
vt 0.687500 0.500000
vt 0.750000 0.500000
vt 0.812500 0.500000
vt 0.875000 0.500000
vt 0.875000 0.562500
vt 0.875000 0.625000
vt 0.875000 0.687500
vt 0.875000 0.750000
vt 0.812500 0.750000
vt 0.750000 0.750000
vt 0.687500 0.750000
s 1
f 437/501/437 438/502/438 441/503/441 440/504/440
f 438/502/438 439/505/439 442/506/442 441/503/441
f 440/504/440 441/503/441 444/507/444 443/508/443
f 441/503/441 442/506/442 445/509/445 444/507/444
f 393/510/393 404/511/404 437/501/437 403/512/403
f 404/511/404 405/513/405 438/502/438 437/501/437
f 405/513/405 406/514/406 439/505/439 438/502/438
f 406/514/406 394/515/394 407/516/407 439/505/439
f 439/505/439 407/516/407 408/517/408 442/506/442
f 442/506/442 408/517/408 409/518/409 445/509/445
f 445/509/445 409/518/409 396/519/396 410/520/410
f 444/507/444 445/509/445 410/520/410 411/521/411
f 443/508/443 444/507/444 411/521/411 412/522/412
f 401/523/401 443/508/443 412/522/412 395/524/395
f 402/525/402 440/504/440 443/508/443 401/523/401
f 403/512/403 437/501/437 440/504/440 402/525/402
f 446/526/446 447/527/447 450/528/450 449/529/449
f 447/527/447 448/530/448 451/531/451 450/528/450
f 449/529/449 450/528/450 453/532/453 452/533/452
f 450/528/450 451/531/451 454/534/454 453/532/453
f 395/524/395 412/522/412 446/526/446 415/535/415
f 412/522/412 411/521/411 447/527/447 446/526/446
f 411/521/411 410/520/410 448/530/448 447/527/447
f 410/520/410 396/519/396 416/536/416 448/530/448
f 448/530/448 416/536/416 417/537/417 451/531/451
f 451/531/451 417/537/417 418/538/418 454/534/454
f 454/534/454 418/538/418 400/539/400 419/540/419
f 453/532/453 454/534/454 419/540/419 420/541/420
f 452/533/452 453/532/453 420/541/420 421/542/421
f 413/543/413 452/533/452 421/542/421 399/544/399
f 414/545/414 449/529/449 452/533/452 413/543/413
f 415/535/415 446/526/446 449/529/449 414/545/414
f 455/546/455 456/547/456 459/548/459 458/549/458
f 456/547/456 457/550/457 460/551/460 459/548/459
f 458/549/458 459/548/459 462/552/462 461/553/461
f 459/548/459 460/551/460 463/554/463 462/552/462
f 399/544/399 421/542/421 455/546/455 424/555/424
f 421/542/421 420/541/420 456/547/456 455/546/455
f 420/541/420 419/540/419 457/550/457 456/547/456
f 419/540/419 400/539/400 425/556/425 457/550/457
f 457/550/457 425/556/425 426/557/426 460/551/460
f 460/551/460 426/557/426 427/558/427 463/554/463
f 463/554/463 427/558/427 398/559/398 428/560/428
f 462/552/462 463/554/463 428/560/428 429/561/429
f 461/553/461 462/552/462 429/561/429 430/562/430
f 422/563/422 461/553/461 430/562/430 397/564/397
f 423/565/423 458/549/458 461/553/461 422/563/422
f 424/555/424 455/546/455 458/549/458 423/565/423
f 464/566/464 465/567/465 468/568/468 467/569/467
f 465/567/465 466/570/466 469/571/469 468/568/468
f 467/569/467 468/568/468 471/572/471 470/573/470
f 468/568/468 469/571/469 472/574/472 471/572/471
f 397/564/397 430/562/430 464/566/464 433/575/433
f 430/562/430 429/561/429 465/567/465 464/566/464
f 429/561/429 428/560/428 466/570/466 465/567/465
f 428/560/428 398/559/398 434/576/434 466/570/466
f 466/570/466 434/576/434 435/577/435 469/571/469
f 469/571/469 435/577/435 436/578/436 472/574/472
f 472/574/472 436/578/436 394/579/394 406/580/406
f 471/572/471 472/574/472 406/580/406 405/581/405
f 470/573/470 471/572/471 405/581/405 404/582/404
f 431/583/431 470/573/470 404/582/404 393/584/393
f 432/585/432 467/569/467 470/573/470 431/583/431
f 433/575/433 464/566/464 467/569/467 432/585/432
f 473/586/473 474/587/474 477/588/477 476/589/476
f 474/587/474 475/590/475 478/591/478 477/588/477
f 476/589/476 477/588/477 480/592/480 479/593/479
f 477/588/477 478/591/478 481/594/481 480/592/480
f 395/595/395 415/596/415 473/586/473 401/597/401
f 415/596/415 414/598/414 474/587/474 473/586/473
f 414/598/414 413/599/413 475/590/475 474/587/474
f 413/599/413 399/544/399 424/555/424 475/590/475
f 475/590/475 424/555/424 423/565/423 478/591/478
f 478/591/478 423/565/423 422/563/422 481/594/481
f 481/594/481 422/563/422 397/564/397 433/600/433
f 480/592/480 481/594/481 433/600/433 432/601/432
f 479/593/479 480/592/480 432/601/432 431/602/431
f 403/603/403 479/593/479 431/602/431 393/604/393
f 402/605/402 476/589/476 479/593/479 403/603/403
f 401/597/401 473/586/473 476/589/476 402/605/402
f 482/606/482 483/607/483 486/608/486 485/609/485
f 483/607/483 484/610/484 487/611/487 486/608/486
f 485/609/485 486/608/486 489/612/489 488/613/488
f 486/608/486 487/611/487 490/614/490 489/612/489
f 400/539/400 418/615/418 482/606/482 425/556/425
f 418/615/418 417/616/417 483/607/483 482/606/482
f 417/616/417 416/617/416 484/610/484 483/607/483
f 416/617/416 396/618/396 409/619/409 484/610/484
f 484/610/484 409/619/409 408/620/408 487/611/487
f 487/611/487 408/620/408 407/621/407 490/614/490
f 490/614/490 407/621/407 394/622/394 436/623/436
f 489/612/489 490/614/490 436/623/436 435/624/435
f 488/613/488 489/612/489 435/624/435 434/625/434
f 427/558/427 488/613/488 434/625/434 398/559/398
f 426/557/426 485/609/485 488/613/488 427/558/427
f 425/556/425 482/606/482 485/609/485 426/557/426
o Cube.006
v -0.249976 0.308949 0.208649
v -0.206207 0.887799 0.273174
v -0.275817 0.297640 0.406009
v -0.232048 0.876490 0.470535
v -0.011779 0.276703 0.214343
v 0.031990 0.855553 0.278869
v -0.037620 0.265394 0.411704
v 0.006149 0.844243 0.476229
v -0.291127 0.260075 0.360754
v -0.293791 0.243405 0.299635
v -0.275795 0.266784 0.243661
v -0.256563 0.429835 0.206961
v -0.251359 0.603147 0.218663
v -0.230595 0.773267 0.245244
v -0.225642 0.930068 0.317598
v -0.240431 0.949101 0.378300
v -0.240974 0.923359 0.434692
v -0.260206 0.760308 0.471392
v -0.282863 0.589359 0.459272
v -0.286174 0.416876 0.433109
v -0.091134 0.228909 0.420234
v -0.164346 0.216855 0.423411
v -0.232457 0.248041 0.416855
v -0.182303 0.911325 0.490793
v -0.110985 0.922551 0.502076
v -0.040981 0.892193 0.494171
v 0.012736 0.723358 0.477917
v 0.007532 0.550046 0.466215
v -0.013232 0.379926 0.439634
v -0.002853 0.229834 0.250186
v -0.003396 0.204092 0.306578
v -0.018185 0.223125 0.367280
v 0.031968 0.886408 0.441217
v 0.049964 0.909788 0.385243
v 0.047300 0.893118 0.324124
v 0.042347 0.736317 0.251769
v 0.039036 0.563834 0.225606
v 0.016379 0.392885 0.213486
v -0.202846 0.261000 0.190707
v -0.132842 0.230642 0.182802
v -0.061524 0.241868 0.194085
v -0.011370 0.905152 0.268023
v -0.079481 0.936338 0.261467
v -0.152693 0.924284 0.264644
v -0.301225 0.420672 0.255491
v -0.299534 0.605575 0.272238
v -0.273549 0.786687 0.296291
v -0.322724 0.408969 0.316491
v -0.321882 0.603667 0.337658
v -0.293562 0.794646 0.359483
v -0.317565 0.413521 0.380284
v -0.316752 0.598040 0.403735
v -0.289889 0.779536 0.421085
v -0.229897 0.395540 0.464112
v -0.221470 0.578497 0.494844
v -0.202221 0.761554 0.504912
v -0.156698 0.374916 0.475245
v -0.143607 0.567102 0.508124
v -0.127536 0.760593 0.518237
v -0.079281 0.375150 0.467713
v -0.062764 0.557012 0.498638
v -0.051606 0.741165 0.508513
v 0.029722 0.366506 0.388587
v 0.055707 0.547618 0.412640
v 0.057398 0.732521 0.429387
v 0.049735 0.358547 0.325395
v 0.078055 0.549525 0.347220
v 0.078897 0.744223 0.368387
v 0.046062 0.373657 0.263793
v 0.072925 0.555153 0.281143
v 0.073738 0.739672 0.304594
v -0.041606 0.391638 0.179966
v -0.022357 0.574696 0.190034
v -0.013930 0.757653 0.220766
v -0.116291 0.392600 0.166641
v -0.100220 0.586091 0.176754
v -0.087129 0.778277 0.209633
v -0.192221 0.412028 0.176365
v -0.181063 0.596181 0.186240
v -0.164546 0.778043 0.217165
v -0.237298 0.161240 0.355997
v -0.164742 0.120268 0.357740
v -0.086683 0.140851 0.359598
v -0.235486 0.134778 0.290094
v -0.158658 0.090649 0.288269
v -0.076780 0.113293 0.293888
v -0.220958 0.168391 0.231203
v -0.147524 0.127803 0.226242
v -0.070343 0.148001 0.234804
v -0.022869 0.984802 0.453675
v -0.096303 1.025390 0.458636
v -0.173484 1.005191 0.450074
v -0.008341 1.018415 0.394784
v -0.085169 1.062544 0.396609
v -0.167047 1.039900 0.390990
v -0.006529 0.991952 0.328881
v -0.079085 1.032925 0.327138
v -0.157144 1.012342 0.325280
vn -0.5836 -0.1140 -0.8040
vn -0.5317 0.3724 -0.7607
vn -0.6949 -0.2792 0.6627
vn -0.6428 0.2386 0.7279
vn 0.6428 -0.2386 -0.7279
vn 0.6949 0.2792 -0.6627
vn 0.5317 -0.3724 0.7607
vn 0.5836 0.1140 0.8040
vn -0.8848 -0.3162 0.3423
vn -0.9457 -0.2936 -0.1392
vn -0.7981 -0.2067 -0.5659
vn -0.5849 0.0150 -0.8110
vn -0.5755 0.1328 -0.8069
vn -0.5579 0.2491 -0.7916
vn -0.7299 0.4478 -0.5165
vn -0.8793 0.4706 -0.0737
vn -0.8257 0.3785 0.4183
vn -0.6758 0.1019 0.7300
vn -0.6938 -0.0253 0.7197
vn -0.7001 -0.1507 0.6979
vn 0.2611 -0.4163 0.8709
vn -0.0815 -0.4201 0.9038
vn -0.4271 -0.3698 0.8251
vn -0.3568 0.2493 0.9003
vn -0.0009 0.2258 0.9742
vn 0.3351 0.1741 0.9260
vn 0.5849 -0.0150 0.8110
vn 0.5755 -0.1328 0.8069
vn 0.5579 -0.2491 0.7916
vn 0.8257 -0.3785 -0.4183
vn 0.8793 -0.4706 0.0737
vn 0.7299 -0.4478 0.5165
vn 0.7981 0.2067 0.5659
vn 0.9457 0.2936 0.1392
vn 0.8848 0.3162 -0.3423
vn 0.7001 0.1507 -0.6979
vn 0.6938 0.0253 -0.7197
vn 0.6758 -0.1019 -0.7300
vn -0.3351 -0.1741 -0.9260
vn 0.0009 -0.2258 -0.9742
vn 0.3568 -0.2493 -0.9003
vn 0.4271 0.3698 -0.8251
vn 0.0815 0.4201 -0.9038
vn -0.2611 0.4163 -0.8709
vn -0.8582 -0.0166 -0.5131
vn -0.8542 0.1210 -0.5056
vn -0.8321 0.2571 -0.4915
vn -0.9894 -0.0660 -0.1291
vn -0.9890 0.0888 -0.1183
vn -0.9643 0.2440 -0.1033
vn -0.9480 -0.1062 0.3000
vn -0.9471 0.0378 0.3187
vn -0.9250 0.1839 0.3326
vn -0.3599 -0.1994 0.9114
vn -0.3480 -0.0757 0.9344
vn -0.3314 0.0510 0.9421
vn -0.0582 -0.2326 0.9708
vn -0.0422 -0.1060 0.9935
vn -0.0262 0.0241 0.9994
vn 0.2362 -0.2438 0.9406
vn 0.2515 -0.1249 0.9598
vn 0.2654 -0.0041 0.9641
vn 0.8321 -0.2571 0.4915
vn 0.8542 -0.1210 0.5056
vn 0.8582 0.0166 0.5131
vn 0.9643 -0.2440 0.1033
vn 0.9890 -0.0888 0.1183
vn 0.9894 0.0660 0.1291
vn 0.9250 -0.1839 -0.3326
vn 0.9471 -0.0378 -0.3187
vn 0.9480 0.1062 -0.3000
vn 0.3314 -0.0510 -0.9421
vn 0.3480 0.0757 -0.9344
vn 0.3599 0.1994 -0.9114
vn 0.0262 -0.0241 -0.9994
vn 0.0422 0.1060 -0.9935
vn 0.0582 0.2326 -0.9708
vn -0.2654 0.0041 -0.9641
vn -0.2515 0.1249 -0.9598
vn -0.2362 0.2438 -0.9406
vn -0.6230 -0.5839 0.5205
vn -0.1160 -0.7342 0.6689
vn 0.4121 -0.6632 0.6248
vn -0.7435 -0.6538 -0.1404
vn -0.1259 -0.9880 -0.0895
vn 0.5897 -0.8075 0.0117
vn -0.5437 -0.4366 -0.7168
vn -0.0514 -0.5908 -0.8052
vn 0.5000 -0.5703 -0.6518
vn 0.5437 0.4366 0.7168
vn 0.0514 0.5908 0.8052
vn -0.5000 0.5703 0.6518
vn 0.7435 0.6538 0.1404
vn 0.1259 0.9880 0.0895
vn -0.5897 0.8075 -0.0117
vn 0.6230 0.5839 -0.5205
vn 0.1160 0.7342 -0.6689
vn -0.4121 0.6632 -0.6248
vt 0.437500 0.062500
vt 0.500000 0.062500
vt 0.500000 0.125000
vt 0.437500 0.125000
vt 0.562500 0.062500
vt 0.562500 0.125000
vt 0.500000 0.187500
vt 0.437500 0.187500
vt 0.562500 0.187500
vt 0.375000 0.000000
vt 0.437500 0.000000
vt 0.375000 0.062500
vt 0.500000 0.000000
vt 0.562500 0.000000
vt 0.625000 0.000000
vt 0.625000 0.062500
vt 0.625000 0.125000
vt 0.625000 0.187500
vt 0.625000 0.250000
vt 0.562500 0.250000
vt 0.500000 0.250000
vt 0.437500 0.250000
vt 0.375000 0.187500
vt 0.375000 0.250000
vt 0.375000 0.125000
vt 0.437500 0.312500
vt 0.500000 0.312500
vt 0.500000 0.375000
vt 0.437500 0.375000
vt 0.562500 0.312500
vt 0.562500 0.375000
vt 0.500000 0.437500
vt 0.437500 0.437500
vt 0.562500 0.437500
vt 0.375000 0.312500
vt 0.625000 0.312500
vt 0.625000 0.375000
vt 0.625000 0.437500
vt 0.625000 0.500000
vt 0.562500 0.500000
vt 0.500000 0.500000
vt 0.437500 0.500000
vt 0.375000 0.437500
vt 0.375000 0.500000
vt 0.375000 0.375000
vt 0.437500 0.562500
vt 0.500000 0.562500
vt 0.500000 0.625000
vt 0.437500 0.625000
vt 0.562500 0.562500
vt 0.562500 0.625000
vt 0.500000 0.687500
vt 0.437500 0.687500
vt 0.562500 0.687500
vt 0.375000 0.562500
vt 0.625000 0.562500
vt 0.625000 0.625000
vt 0.625000 0.687500
vt 0.625000 0.750000
vt 0.562500 0.750000
vt 0.500000 0.750000
vt 0.437500 0.750000
vt 0.375000 0.687500
vt 0.375000 0.750000
vt 0.375000 0.625000
vt 0.437500 0.812500
vt 0.500000 0.812500
vt 0.500000 0.875000
vt 0.437500 0.875000
vt 0.562500 0.812500
vt 0.562500 0.875000
vt 0.500000 0.937500
vt 0.437500 0.937500
vt 0.562500 0.937500
vt 0.375000 0.812500
vt 0.625000 0.812500
vt 0.625000 0.875000
vt 0.625000 0.937500
vt 0.625000 1.000000
vt 0.562500 1.000000
vt 0.500000 1.000000
vt 0.437500 1.000000
vt 0.375000 0.937500
vt 0.375000 1.000000
vt 0.375000 0.875000
vt 0.187500 0.562500
vt 0.250000 0.562500
vt 0.250000 0.625000
vt 0.187500 0.625000
vt 0.312500 0.562500
vt 0.312500 0.625000
vt 0.250000 0.687500
vt 0.187500 0.687500
vt 0.312500 0.687500
vt 0.125000 0.500000
vt 0.187500 0.500000
vt 0.125000 0.562500
vt 0.250000 0.500000
vt 0.312500 0.500000
vt 0.312500 0.750000
vt 0.250000 0.750000
vt 0.187500 0.750000
vt 0.125000 0.687500
vt 0.125000 0.750000
vt 0.125000 0.625000
vt 0.687500 0.562500
vt 0.750000 0.562500
vt 0.750000 0.625000
vt 0.687500 0.625000
vt 0.812500 0.562500
vt 0.812500 0.625000
vt 0.750000 0.687500
vt 0.687500 0.687500
vt 0.812500 0.687500
vt 0.687500 0.500000
vt 0.750000 0.500000
vt 0.812500 0.500000
vt 0.875000 0.500000
vt 0.875000 0.562500
vt 0.875000 0.625000
vt 0.875000 0.687500
vt 0.875000 0.750000
vt 0.812500 0.750000
vt 0.750000 0.750000
vt 0.687500 0.750000
s 1
f 535/626/535 538/629/538 539/628/539 536/627/536
f 536/627/536 539/628/539 540/631/540 537/630/537
f 538/629/538 541/633/541 542/632/542 539/628/539
f 539/628/539 542/632/542 543/634/543 540/631/540
f 491/635/491 501/637/501 535/626/535 502/636/502
f 502/636/502 535/626/535 536/627/536 503/638/503
f 503/638/503 536/627/536 537/630/537 504/639/504
f 504/639/504 537/630/537 505/641/505 492/640/492
f 537/630/537 540/631/540 506/642/506 505/641/505
f 540/631/540 543/634/543 507/643/507 506/642/506
f 543/634/543 508/645/508 494/644/494 507/643/507
f 542/632/542 509/646/509 508/645/508 543/634/543
f 541/633/541 510/647/510 509/646/509 542/632/542
f 499/648/499 493/649/493 510/647/510 541/633/541
f 500/650/500 499/648/499 541/633/541 538/629/538
f 501/637/501 500/650/500 538/629/538 535/626/535
f 544/651/544 547/654/547 548/653/548 545/652/545
f 545/652/545 548/653/548 549/656/549 546/655/546
f 547/654/547 550/658/550 551/657/551 548/653/548
f 548/653/548 551/657/551 552/659/552 549/656/549
f 493/649/493 513/660/513 544/651/544 510/647/510
f 510/647/510 544/651/544 545/652/545 509/646/509
f 509/646/509 545/652/545 546/655/546 508/645/508
f 508/645/508 546/655/546 514/661/514 494/644/494
f 546/655/546 549/656/549 515/662/515 514/661/514
f 549/656/549 552/659/552 516/663/516 515/662/515
f 552/659/552 517/665/517 498/664/498 516/663/516
f 551/657/551 518/666/518 517/665/517 552/659/552
f 550/658/550 519/667/519 518/666/518 551/657/551
f 511/668/511 497/669/497 519/667/519 550/658/550
f 512/670/512 511/668/511 550/658/550 547/654/547
f 513/660/513 512/670/512 547/654/547 544/651/544
f 553/671/553 556/674/556 557/673/557 554/672/554
f 554/672/554 557/673/557 558/676/558 555/675/555
f 556/674/556 559/678/559 560/677/560 557/673/557
f 557/673/557 560/677/560 561/679/561 558/676/558
f 497/669/497 522/680/522 553/671/553 519/667/519
f 519/667/519 553/671/553 554/672/554 518/666/518
f 518/666/518 554/672/554 555/675/555 517/665/517
f 517/665/517 555/675/555 523/681/523 498/664/498
f 555/675/555 558/676/558 524/682/524 523/681/523
f 558/676/558 561/679/561 525/683/525 524/682/524
f 561/679/561 526/685/526 496/684/496 525/683/525
f 560/677/560 527/686/527 526/685/526 561/679/561
f 559/678/559 528/687/528 527/686/527 560/677/560
f 520/688/520 495/689/495 528/687/528 559/678/559
f 521/690/521 520/688/520 559/678/559 556/674/556
f 522/680/522 521/690/521 556/674/556 553/671/553
f 562/691/562 565/694/565 566/693/566 563/692/563
f 563/692/563 566/693/566 567/696/567 564/695/564
f 565/694/565 568/698/568 569/697/569 566/693/566
f 566/693/566 569/697/569 570/699/570 567/696/567
f 495/689/495 531/700/531 562/691/562 528/687/528
f 528/687/528 562/691/562 563/692/563 527/686/527
f 527/686/527 563/692/563 564/695/564 526/685/526
f 526/685/526 564/695/564 532/701/532 496/684/496
f 564/695/564 567/696/567 533/702/533 532/701/532
f 567/696/567 570/699/570 534/703/534 533/702/533
f 570/699/570 504/705/504 492/704/492 534/703/534
f 569/697/569 503/706/503 504/705/504 570/699/570
f 568/698/568 502/707/502 503/706/503 569/697/569
f 529/708/529 491/709/491 502/707/502 568/698/568
f 530/710/530 529/708/529 568/698/568 565/694/565
f 531/700/531 530/710/530 565/694/565 562/691/562
f 571/711/571 574/714/574 575/713/575 572/712/572
f 572/712/572 575/713/575 576/716/576 573/715/573
f 574/714/574 577/718/577 578/717/578 575/713/575
f 575/713/575 578/717/578 579/719/579 576/716/576
f 493/720/493 499/722/499 571/711/571 513/721/513
f 513/721/513 571/711/571 572/712/572 512/723/512
f 512/723/512 572/712/572 573/715/573 511/724/511
f 511/724/511 573/715/573 522/680/522 497/669/497
f 573/715/573 576/716/576 521/690/521 522/680/522
f 576/716/576 579/719/579 520/688/520 521/690/521
f 579/719/579 531/725/531 495/689/495 520/688/520
f 578/717/578 530/726/530 531/725/531 579/719/579
f 577/718/577 529/727/529 530/726/530 578/717/578
f 501/728/501 491/729/491 529/727/529 577/718/577
f 500/730/500 501/728/501 577/718/577 574/714/574
f 499/722/499 500/730/500 574/714/574 571/711/571
f 580/731/580 583/734/583 584/733/584 581/732/581
f 581/732/581 584/733/584 585/736/585 582/735/582
f 583/734/583 586/738/586 587/737/587 584/733/584
f 584/733/584 587/737/587 588/739/588 585/736/585
f 498/664/498 523/681/523 580/731/580 516/740/516
f 516/740/516 580/731/580 581/732/581 515/741/515
f 515/741/515 581/732/581 582/735/582 514/742/514
f 514/742/514 582/735/582 507/744/507 494/743/494
f 582/735/582 585/736/585 506/745/506 507/744/507
f 585/736/585 588/739/588 505/746/505 506/745/506
f 588/739/588 534/748/534 492/747/492 505/746/505
f 587/737/587 533/749/533 534/748/534 588/739/588
f 586/738/586 532/750/532 533/749/533 587/737/587
f 525/683/525 496/684/496 532/750/532 586/738/586
f 524/682/524 525/683/525 586/738/586 583/734/583
f 523/681/523 524/682/524 583/734/583 580/731/580
o Cube.002
v 0.425744 1.780429 0.544823
v 0.425744 1.882483 0.544823
v 0.425744 1.780429 0.434537
v 0.425744 1.882483 0.434537
v 0.528095 1.780429 0.544823
v 0.528095 1.882483 0.544823
v 0.528095 1.780429 0.434537
v 0.528095 1.882483 0.434537
v 0.418279 1.772986 0.456963
v 0.414530 1.769247 0.489680
v 0.418279 1.772986 0.522396
v 0.418279 1.801182 0.552866
v 0.414530 1.831456 0.556907
v 0.418279 1.861730 0.552866
v 0.418279 1.889926 0.522396
v 0.414530 1.893665 0.489680
v 0.418279 1.889926 0.456963
v 0.418279 1.861730 0.426493
v 0.414530 1.831456 0.422453
v 0.418279 1.801182 0.426493
v 0.507282 1.772986 0.426493
v 0.476920 1.769247 0.422453
v 0.446557 1.772986 0.426493
v 0.446557 1.889926 0.426493
v 0.476920 1.893665 0.422453
v 0.507282 1.889926 0.426493
v 0.535560 1.861730 0.426493
v 0.539310 1.831456 0.422453
v 0.535560 1.801182 0.426493
v 0.535560 1.772986 0.522396
v 0.539310 1.769247 0.489680
v 0.535560 1.772986 0.456963
v 0.535560 1.889926 0.456963
v 0.539310 1.893665 0.489680
v 0.535560 1.889926 0.522396
v 0.535560 1.861730 0.552866
v 0.539310 1.831456 0.556907
v 0.535560 1.801182 0.552866
v 0.446557 1.772986 0.552866
v 0.476920 1.769247 0.556907
v 0.507282 1.772986 0.552866
v 0.507282 1.889926 0.552866
v 0.476920 1.893665 0.556907
v 0.446557 1.889926 0.552866
v 0.402307 1.799191 0.524547
v 0.396898 1.831456 0.526420
v 0.402307 1.863721 0.524547
v 0.396898 1.797458 0.489680
v 0.390995 1.831456 0.489680
v 0.396898 1.865454 0.489680
v 0.402307 1.799191 0.454812
v 0.396898 1.831456 0.452939
v 0.402307 1.863721 0.454812
v 0.444561 1.799191 0.409282
v 0.442822 1.831456 0.403455
v 0.444561 1.863721 0.409282
v 0.476920 1.797458 0.403455
v 0.476920 1.831456 0.397094
v 0.476920 1.865454 0.403455
v 0.509279 1.799191 0.409282
v 0.511017 1.831456 0.403455
v 0.509279 1.863721 0.409282
v 0.551533 1.799191 0.454812
v 0.556941 1.831456 0.452939
v 0.551533 1.863721 0.454812
v 0.556941 1.797458 0.489680
v 0.562844 1.831456 0.489680
v 0.556941 1.865454 0.489680
v 0.551533 1.799191 0.524547
v 0.556941 1.831456 0.526420
v 0.551533 1.863721 0.524547
v 0.509279 1.799191 0.570077
v 0.511017 1.831456 0.575905
v 0.509279 1.863721 0.570077
v 0.476920 1.797458 0.575905
v 0.476920 1.831456 0.582266
v 0.476920 1.865454 0.575905
v 0.444561 1.799191 0.570077
v 0.442822 1.831456 0.575905
v 0.444561 1.863721 0.570077
v 0.444561 1.757060 0.454812
v 0.476920 1.751667 0.452939
v 0.509279 1.757060 0.454812
v 0.442822 1.751667 0.489680
v 0.476920 1.745781 0.489680
v 0.511017 1.751667 0.489680
v 0.444561 1.757060 0.524547
v 0.476920 1.751667 0.526420
v 0.509279 1.757060 0.524547
v 0.509279 1.905852 0.454812
v 0.476920 1.911245 0.452939
v 0.444561 1.905852 0.454812
v 0.511017 1.911245 0.489680
v 0.476920 1.917131 0.489680
v 0.442822 1.911245 0.489680
v 0.509279 1.905852 0.524547
v 0.476920 1.911245 0.526420
v 0.444561 1.905852 0.524547
vn -0.5906 -0.5923 0.5481
vn -0.5906 0.5923 0.5481
vn -0.5906 -0.5923 -0.5481
vn -0.5906 0.5923 -0.5481
vn 0.5906 -0.5923 0.5481
vn 0.5906 0.5923 0.5481
vn 0.5906 -0.5923 -0.5481
vn 0.5906 0.5923 -0.5481
vn -0.6747 -0.6767 -0.2946
vn -0.7061 -0.7081 -0.0000
vn -0.6747 -0.6767 0.2946
vn -0.6927 -0.3269 0.6429
vn -0.7330 -0.0000 0.6802
vn -0.6927 0.3269 0.6429
vn -0.6747 0.6767 0.2946
vn -0.7061 0.7081 -0.0000
vn -0.6747 0.6767 -0.2946
vn -0.6927 0.3269 -0.6429
vn -0.7330 -0.0000 -0.6802
vn -0.6927 -0.3269 -0.6429
vn 0.3256 -0.6940 -0.6422
vn -0.0000 -0.7340 -0.6792
vn -0.3256 -0.6940 -0.6422
vn -0.3256 0.6940 -0.6422
vn -0.0000 0.7340 -0.6792
vn 0.3256 0.6940 -0.6422
vn 0.6927 0.3269 -0.6429
vn 0.7330 -0.0000 -0.6802
vn 0.6927 -0.3269 -0.6429
vn 0.6747 -0.6767 0.2946
vn 0.7061 -0.7081 -0.0000
vn 0.6747 -0.6767 -0.2946
vn 0.6747 0.6767 -0.2946
vn 0.7061 0.7081 -0.0000
vn 0.6747 0.6767 0.2946
vn 0.6927 0.3269 0.6429
vn 0.7330 -0.0000 0.6802
vn 0.6927 -0.3269 0.6429
vn -0.3256 -0.6940 0.6422
vn -0.0000 -0.7340 0.6792
vn 0.3256 -0.6940 0.6422
vn 0.3256 0.6940 0.6422
vn -0.0000 0.7340 0.6792
vn -0.3256 0.6940 0.6422
vn -0.8864 -0.3397 0.3144
vn -0.9428 -0.0000 0.3334
vn -0.8864 0.3397 0.3144
vn -0.9341 -0.3569 -0.0000
vn -1.0000 -0.0000 -0.0000
vn -0.9341 0.3569 -0.0000
vn -0.8864 -0.3397 -0.3144
vn -0.9428 -0.0000 -0.3334
vn -0.8864 0.3397 -0.3144
vn -0.3557 -0.3567 -0.8638
vn -0.3798 -0.0000 -0.9251
vn -0.3557 0.3567 -0.8638
vn -0.0000 -0.3807 -0.9247
vn -0.0000 -0.0000 -1.0000
vn -0.0000 0.3807 -0.9247
vn 0.3557 -0.3567 -0.8638
vn 0.3798 -0.0000 -0.9251
vn 0.3557 0.3567 -0.8638
vn 0.8864 -0.3397 -0.3144
vn 0.9428 -0.0000 -0.3334
vn 0.8864 0.3397 -0.3144
vn 0.9341 -0.3569 -0.0000
vn 1.0000 -0.0000 -0.0000
vn 0.9341 0.3569 -0.0000
vn 0.8864 -0.3397 0.3144
vn 0.9428 -0.0000 0.3334
vn 0.8864 0.3397 0.3144
vn 0.3557 -0.3567 0.8638
vn 0.3798 -0.0000 0.9251
vn 0.3557 0.3567 0.8638
vn -0.0000 -0.3807 0.9247
vn -0.0000 -0.0000 1.0000
vn -0.0000 0.3807 0.9247
vn -0.3557 -0.3567 0.8638
vn -0.3798 -0.0000 0.9251
vn -0.3557 0.3567 0.8638
vn -0.3381 -0.8873 -0.3138
vn -0.0000 -0.9431 -0.3325
vn 0.3381 -0.8873 -0.3138
vn -0.3551 -0.9348 -0.0000
vn -0.0000 -1.0000 -0.0000
vn 0.3551 -0.9348 -0.0000
vn -0.3381 -0.8873 0.3138
vn -0.0000 -0.9431 0.3325
vn 0.3381 -0.8873 0.3138
vn 0.3381 0.8873 -0.3138
vn -0.0000 0.9431 -0.3325
vn -0.3381 0.8873 -0.3138
vn 0.3551 0.9348 -0.0000
vn -0.0000 1.0000 -0.0000
vn -0.3551 0.9348 -0.0000
vn 0.3381 0.8873 0.3138
vn -0.0000 0.9431 0.3325
vn -0.3381 0.8873 0.3138
vt 0.437500 0.062500
vt 0.500000 0.062500
vt 0.500000 0.125000
vt 0.437500 0.125000
vt 0.562500 0.062500
vt 0.562500 0.125000
vt 0.500000 0.187500
vt 0.437500 0.187500
vt 0.562500 0.187500
vt 0.375000 0.000000
vt 0.437500 0.000000
vt 0.375000 0.062500
vt 0.500000 0.000000
vt 0.562500 0.000000
vt 0.625000 0.000000
vt 0.625000 0.062500
vt 0.625000 0.125000
vt 0.625000 0.187500
vt 0.625000 0.250000
vt 0.562500 0.250000
vt 0.500000 0.250000
vt 0.437500 0.250000
vt 0.375000 0.187500
vt 0.375000 0.250000
vt 0.375000 0.125000
vt 0.437500 0.312500
vt 0.500000 0.312500
vt 0.500000 0.375000
vt 0.437500 0.375000
vt 0.562500 0.312500
vt 0.562500 0.375000
vt 0.500000 0.437500
vt 0.437500 0.437500
vt 0.562500 0.437500
vt 0.375000 0.312500
vt 0.625000 0.312500
vt 0.625000 0.375000
vt 0.625000 0.437500
vt 0.625000 0.500000
vt 0.562500 0.500000
vt 0.500000 0.500000
vt 0.437500 0.500000
vt 0.375000 0.437500
vt 0.375000 0.500000
vt 0.375000 0.375000
vt 0.437500 0.562500
vt 0.500000 0.562500
vt 0.500000 0.625000
vt 0.437500 0.625000
vt 0.562500 0.562500
vt 0.562500 0.625000
vt 0.500000 0.687500
vt 0.437500 0.687500
vt 0.562500 0.687500
vt 0.375000 0.562500
vt 0.625000 0.562500
vt 0.625000 0.625000
vt 0.625000 0.687500
vt 0.625000 0.750000
vt 0.562500 0.750000
vt 0.500000 0.750000
vt 0.437500 0.750000
vt 0.375000 0.687500
vt 0.375000 0.750000
vt 0.375000 0.625000
vt 0.437500 0.812500
vt 0.500000 0.812500
vt 0.500000 0.875000
vt 0.437500 0.875000
vt 0.562500 0.812500
vt 0.562500 0.875000
vt 0.500000 0.937500
vt 0.437500 0.937500
vt 0.562500 0.937500
vt 0.375000 0.812500
vt 0.625000 0.812500
vt 0.625000 0.875000
vt 0.625000 0.937500
vt 0.625000 1.000000
vt 0.562500 1.000000
vt 0.500000 1.000000
vt 0.437500 1.000000
vt 0.375000 0.937500
vt 0.375000 1.000000
vt 0.375000 0.875000
vt 0.187500 0.562500
vt 0.250000 0.562500
vt 0.250000 0.625000
vt 0.187500 0.625000
vt 0.312500 0.562500
vt 0.312500 0.625000
vt 0.250000 0.687500
vt 0.187500 0.687500
vt 0.312500 0.687500
vt 0.125000 0.500000
vt 0.187500 0.500000
vt 0.125000 0.562500
vt 0.250000 0.500000
vt 0.312500 0.500000
vt 0.312500 0.750000
vt 0.250000 0.750000
vt 0.187500 0.750000
vt 0.125000 0.687500
vt 0.125000 0.750000
vt 0.125000 0.625000
vt 0.687500 0.562500
vt 0.750000 0.562500
vt 0.750000 0.625000
vt 0.687500 0.625000
vt 0.812500 0.562500
vt 0.812500 0.625000
vt 0.750000 0.687500
vt 0.687500 0.687500
vt 0.812500 0.687500
vt 0.687500 0.500000
vt 0.750000 0.500000
vt 0.812500 0.500000
vt 0.875000 0.500000
vt 0.875000 0.562500
vt 0.875000 0.625000
vt 0.875000 0.687500
vt 0.875000 0.750000
vt 0.812500 0.750000
vt 0.750000 0.750000
vt 0.687500 0.750000
s 1
f 633/751/633 634/752/634 637/753/637 636/754/636
f 634/752/634 635/755/635 638/756/638 637/753/637
f 636/754/636 637/753/637 640/757/640 639/758/639
f 637/753/637 638/756/638 641/759/641 640/757/640
f 589/760/589 600/761/600 633/751/633 599/762/599
f 600/761/600 601/763/601 634/752/634 633/751/633
f 601/763/601 602/764/602 635/755/635 634/752/634
f 602/764/602 590/765/590 603/766/603 635/755/635
f 635/755/635 603/766/603 604/767/604 638/756/638
f 638/756/638 604/767/604 605/768/605 641/759/641
f 641/759/641 605/768/605 592/769/592 606/770/606
f 640/757/640 641/759/641 606/770/606 607/771/607
f 639/758/639 640/757/640 607/771/607 608/772/608
f 597/773/597 639/758/639 608/772/608 591/774/591
f 598/775/598 636/754/636 639/758/639 597/773/597
f 599/762/599 633/751/633 636/754/636 598/775/598
f 642/776/642 643/777/643 646/778/646 645/779/645
f 643/777/643 644/780/644 647/781/647 646/778/646
f 645/779/645 646/778/646 649/782/649 648/783/648
f 646/778/646 647/781/647 650/784/650 649/782/649
f 591/774/591 608/772/608 642/776/642 611/785/611
f 608/772/608 607/771/607 643/777/643 642/776/642
f 607/771/607 606/770/606 644/780/644 643/777/643
f 606/770/606 592/769/592 612/786/612 644/780/644
f 644/780/644 612/786/612 613/787/613 647/781/647
f 647/781/647 613/787/613 614/788/614 650/784/650
f 650/784/650 614/788/614 596/789/596 615/790/615
f 649/782/649 650/784/650 615/790/615 616/791/616
f 648/783/648 649/782/649 616/791/616 617/792/617
f 609/793/609 648/783/648 617/792/617 595/794/595
f 610/795/610 645/779/645 648/783/648 609/793/609
f 611/785/611 642/776/642 645/779/645 610/795/610
f 651/796/651 652/797/652 655/798/655 654/799/654
f 652/797/652 653/800/653 656/801/656 655/798/655
f 654/799/654 655/798/655 658/802/658 657/803/657
f 655/798/655 656/801/656 659/804/659 658/802/658
f 595/794/595 617/792/617 651/796/651 620/805/620
f 617/792/617 616/791/616 652/797/652 651/796/651
f 616/791/616 615/790/615 653/800/653 652/797/652
f 615/790/615 596/789/596 621/806/621 653/800/653
f 653/800/653 621/806/621 622/807/622 656/801/656
f 656/801/656 622/807/622 623/808/623 659/804/659
f 659/804/659 623/808/623 594/809/594 624/810/624
f 658/802/658 659/804/659 624/810/624 625/811/625
f 657/803/657 658/802/658 625/811/625 626/812/626
f 618/813/618 657/803/657 626/812/626 593/814/593
f 619/815/619 654/799/654 657/803/657 618/813/618
f 620/805/620 651/796/651 654/799/654 619/815/619
f 660/816/660 661/817/661 664/818/664 663/819/663
f 661/817/661 662/820/662 665/821/665 664/818/664
f 663/819/663 664/818/664 667/822/667 666/823/666
f 664/818/664 665/821/665 668/824/668 667/822/667
f 593/814/593 626/812/626 660/816/660 629/825/629
f 626/812/626 625/811/625 661/817/661 660/816/660
f 625/811/625 624/810/624 662/820/662 661/817/661
f 624/810/624 594/809/594 630/826/630 662/820/662
f 662/820/662 630/826/630 631/827/631 665/821/665
f 665/821/665 631/827/631 632/828/632 668/824/668
f 668/824/668 632/828/632 590/829/590 602/830/602
f 667/822/667 668/824/668 602/830/602 601/831/601
f 666/823/666 667/822/667 601/831/601 600/832/600
f 627/833/627 666/823/666 600/832/600 589/834/589
f 628/835/628 663/819/663 666/823/666 627/833/627
f 629/825/629 660/816/660 663/819/663 628/835/628
f 669/836/669 670/837/670 673/838/673 672/839/672
f 670/837/670 671/840/671 674/841/674 673/838/673
f 672/839/672 673/838/673 676/842/676 675/843/675
f 673/838/673 674/841/674 677/844/677 676/842/676
f 591/845/591 611/846/611 669/836/669 597/847/597
f 611/846/611 610/848/610 670/837/670 669/836/669
f 610/848/610 609/849/609 671/840/671 670/837/670
f 609/849/609 595/794/595 620/805/620 671/840/671
f 671/840/671 620/805/620 619/815/619 674/841/674
f 674/841/674 619/815/619 618/813/618 677/844/677
f 677/844/677 618/813/618 593/814/593 629/850/629
f 676/842/676 677/844/677 629/850/629 628/851/628
f 675/843/675 676/842/676 628/851/628 627/852/627
f 599/853/599 675/843/675 627/852/627 589/854/589
f 598/855/598 672/839/672 675/843/675 599/853/599
f 597/847/597 669/836/669 672/839/672 598/855/598
f 678/856/678 679/857/679 682/858/682 681/859/681
f 679/857/679 680/860/680 683/861/683 682/858/682
f 681/859/681 682/858/682 685/862/685 684/863/684
f 682/858/682 683/861/683 686/864/686 685/862/685
f 596/789/596 614/865/614 678/856/678 621/806/621
f 614/865/614 613/866/613 679/857/679 678/856/678
f 613/866/613 612/867/612 680/860/680 679/857/679
f 612/867/612 592/868/592 605/869/605 680/860/680
f 680/860/680 605/869/605 604/870/604 683/861/683
f 683/861/683 604/870/604 603/871/603 686/864/686
f 686/864/686 603/871/603 590/872/590 632/873/632
f 685/862/685 686/864/686 632/873/632 631/874/631
f 684/863/684 685/862/685 631/874/631 630/875/630
f 623/808/623 684/863/684 630/875/630 594/809/594
f 622/807/622 681/859/681 684/863/684 623/808/623
f 621/806/621 678/856/678 681/859/681 622/807/622
o Cube.007
v 0.425744 1.643082 -0.105487
v 0.425744 1.745136 -0.105487
v 0.425744 1.643082 -0.201602
v 0.425744 1.745136 -0.201602
v 0.528095 1.643082 -0.105487
v 0.528095 1.745136 -0.105487
v 0.528095 1.643082 -0.201602
v 0.528095 1.745136 -0.201602
v 0.418279 1.635639 -0.182057
v 0.414530 1.631900 -0.153545
v 0.418279 1.635639 -0.125032
v 0.418279 1.663834 -0.098477
v 0.414530 1.694109 -0.094956
v 0.418279 1.724383 -0.098477
v 0.418279 1.752579 -0.125032
v 0.414530 1.756317 -0.153545
v 0.418279 1.752579 -0.182057
v 0.418279 1.724383 -0.208612
v 0.414530 1.694109 -0.212133
v 0.418279 1.663834 -0.208612
v 0.507282 1.635639 -0.208612
v 0.476920 1.631900 -0.212133
v 0.446557 1.635639 -0.208612
v 0.446557 1.752579 -0.208612
v 0.476920 1.756317 -0.212133
v 0.507282 1.752579 -0.208612
v 0.535560 1.724383 -0.208612
v 0.539310 1.694109 -0.212133
v 0.535560 1.663834 -0.208612
v 0.535560 1.635639 -0.125032
v 0.539310 1.631900 -0.153545
v 0.535560 1.635639 -0.182057
v 0.535560 1.752579 -0.182057
v 0.539310 1.756317 -0.153545
v 0.535560 1.752579 -0.125032
v 0.535560 1.724383 -0.098477
v 0.539310 1.694109 -0.094956
v 0.535560 1.663834 -0.098477
v 0.446557 1.635639 -0.098477
v 0.476920 1.631900 -0.094956
v 0.507282 1.635639 -0.098477
v 0.507282 1.752579 -0.098477
v 0.476920 1.756317 -0.094956
v 0.446557 1.752579 -0.098477
v 0.402307 1.661844 -0.123157
v 0.396898 1.694109 -0.121525
v 0.402307 1.726374 -0.123157
v 0.396898 1.660110 -0.153545
v 0.390995 1.694109 -0.153545
v 0.396898 1.728107 -0.153545
v 0.402307 1.661844 -0.183932
v 0.396898 1.694109 -0.185564
v 0.402307 1.726374 -0.183932
v 0.444561 1.661844 -0.223611
v 0.442822 1.694109 -0.228690
v 0.444561 1.726374 -0.223611
v 0.476920 1.660110 -0.228690
v 0.476920 1.694109 -0.234234
v 0.476920 1.728107 -0.228690
v 0.509279 1.661844 -0.223611
v 0.511017 1.694109 -0.228690
v 0.509279 1.726374 -0.223611
v 0.551533 1.661844 -0.183932
v 0.556941 1.694109 -0.185564
v 0.551533 1.726374 -0.183932
v 0.556941 1.660110 -0.153545
v 0.562844 1.694109 -0.153545
v 0.556941 1.728107 -0.153545
v 0.551533 1.661844 -0.123157
v 0.556941 1.694109 -0.121525
v 0.551533 1.726374 -0.123157
v 0.509279 1.661844 -0.083478
v 0.511017 1.694109 -0.078399
v 0.509279 1.726374 -0.083478
v 0.476920 1.660110 -0.078399
v 0.476920 1.694109 -0.072855
v 0.476920 1.728107 -0.078399
v 0.444561 1.661844 -0.083478
v 0.442822 1.694109 -0.078399
v 0.444561 1.726374 -0.083478
v 0.444561 1.619712 -0.183932
v 0.476920 1.614320 -0.185564
v 0.509279 1.619712 -0.183932
v 0.442822 1.614320 -0.153545
v 0.476920 1.608434 -0.153545
v 0.511017 1.614320 -0.153545
v 0.444561 1.619712 -0.123157
v 0.476920 1.614320 -0.121525
v 0.509279 1.619712 -0.123157
v 0.509279 1.768505 -0.183932
v 0.476920 1.773897 -0.185564
v 0.444561 1.768505 -0.183932
v 0.511017 1.773897 -0.153545
v 0.476920 1.779784 -0.153545
v 0.442822 1.773897 -0.153545
v 0.509279 1.768505 -0.123157
v 0.476920 1.773897 -0.121525
v 0.444561 1.768505 -0.123157
vn -0.5643 -0.5660 0.6010
vn -0.5643 0.5660 0.6010
vn -0.5643 -0.5660 -0.6010
vn -0.5643 0.5660 -0.6010
vn 0.5643 -0.5660 0.6010
vn 0.5643 0.5660 0.6010
vn 0.5643 -0.5660 -0.6010
vn 0.5643 0.5660 -0.6010
vn -0.6657 -0.6676 -0.3335
vn -0.7061 -0.7081 -0.0000
vn -0.6657 -0.6676 0.3335
vn -0.6514 -0.3074 0.6937
vn -0.6846 -0.0000 0.7290
vn -0.6514 0.3074 0.6937
vn -0.6657 0.6676 0.3335
vn -0.7061 0.7081 -0.0000
vn -0.6657 0.6676 -0.3335
vn -0.6514 0.3074 -0.6937
vn -0.6845 -0.0000 -0.7290
vn -0.6514 -0.3074 -0.6937
vn 0.3062 -0.6527 -0.6930
vn -0.0000 -0.6856 -0.7280
vn -0.3062 -0.6527 -0.6930
vn -0.3062 0.6527 -0.6930
vn -0.0000 0.6856 -0.7280
vn 0.3062 0.6527 -0.6930
vn 0.6514 0.3074 -0.6937
vn 0.6845 -0.0000 -0.7290
vn 0.6514 -0.3074 -0.6937
vn 0.6657 -0.6676 0.3335
vn 0.7061 -0.7081 -0.0000
vn 0.6657 -0.6676 -0.3335
vn 0.6657 0.6676 -0.3335
vn 0.7061 0.7081 -0.0000
vn 0.6657 0.6676 0.3335
vn 0.6514 0.3074 0.6937
vn 0.6845 -0.0000 0.7290
vn 0.6514 -0.3074 0.6937
vn -0.3062 -0.6527 0.6930
vn -0.0000 -0.6856 0.7280
vn 0.3062 -0.6527 0.6930
vn 0.3062 0.6527 0.6930
vn -0.0000 0.6856 0.7280
vn -0.3062 0.6527 0.6930
vn -0.8729 -0.3345 0.3552
vn -0.9266 -0.0000 0.3759
vn -0.8729 0.3345 0.3552
vn -0.9341 -0.3569 -0.0000
vn -1.0000 -0.0000 -0.0000
vn -0.9341 0.3569 -0.0000
vn -0.8729 -0.3345 -0.3552
vn -0.9266 -0.0000 -0.3759
vn -0.8729 0.3345 -0.3552
vn -0.3199 -0.3208 -0.8915
vn -0.3369 -0.0000 -0.9416
vn -0.3199 0.3208 -0.8915
vn -0.0000 -0.3377 -0.9412
vn -0.0000 -0.0000 -1.0000
vn -0.0000 0.3377 -0.9412
vn 0.3199 -0.3208 -0.8915
vn 0.3369 -0.0000 -0.9416
vn 0.3199 0.3208 -0.8915
vn 0.8729 -0.3345 -0.3552
vn 0.9266 -0.0000 -0.3759
vn 0.8729 0.3345 -0.3552
vn 0.9341 -0.3569 -0.0000
vn 1.0000 -0.0000 -0.0000
vn 0.9341 0.3569 -0.0000
vn 0.8729 -0.3345 0.3552
vn 0.9266 -0.0000 0.3759
vn 0.8729 0.3345 0.3552
vn 0.3199 -0.3208 0.8915
vn 0.3369 -0.0000 0.9416
vn 0.3199 0.3208 0.8915
vn -0.0000 -0.3377 0.9412
vn -0.0000 -0.0000 1.0000
vn -0.0000 0.3377 0.9412
vn -0.3199 -0.3208 0.8915
vn -0.3369 -0.0000 0.9416
vn -0.3199 0.3208 0.8915
vn -0.3329 -0.8738 -0.3545
vn -0.0000 -0.9270 -0.3750
vn 0.3329 -0.8738 -0.3545
vn -0.3551 -0.9348 -0.0000
vn -0.0000 -1.0000 -0.0000
vn 0.3551 -0.9348 -0.0000
vn -0.3329 -0.8738 0.3545
vn -0.0000 -0.9270 0.3750
vn 0.3329 -0.8738 0.3545
vn 0.3329 0.8738 -0.3545
vn -0.0000 0.9270 -0.3750
vn -0.3329 0.8738 -0.3545
vn 0.3551 0.9348 -0.0000
vn -0.0000 1.0000 -0.0000
vn -0.3551 0.9348 -0.0000
vn 0.3329 0.8738 0.3545
vn -0.0000 0.9270 0.3750
vn -0.3329 0.8738 0.3545
vt 0.437500 0.062500
vt 0.500000 0.062500
vt 0.500000 0.125000
vt 0.437500 0.125000
vt 0.562500 0.062500
vt 0.562500 0.125000
vt 0.500000 0.187500
vt 0.437500 0.187500
vt 0.562500 0.187500
vt 0.375000 0.000000
vt 0.437500 0.000000
vt 0.375000 0.062500
vt 0.500000 0.000000
vt 0.562500 0.000000
vt 0.625000 0.000000
vt 0.625000 0.062500
vt 0.625000 0.125000
vt 0.625000 0.187500
vt 0.625000 0.250000
vt 0.562500 0.250000
vt 0.500000 0.250000
vt 0.437500 0.250000
vt 0.375000 0.187500
vt 0.375000 0.250000
vt 0.375000 0.125000
vt 0.437500 0.312500
vt 0.500000 0.312500
vt 0.500000 0.375000
vt 0.437500 0.375000
vt 0.562500 0.312500
vt 0.562500 0.375000
vt 0.500000 0.437500
vt 0.437500 0.437500
vt 0.562500 0.437500
vt 0.375000 0.312500
vt 0.625000 0.312500
vt 0.625000 0.375000
vt 0.625000 0.437500
vt 0.625000 0.500000
vt 0.562500 0.500000
vt 0.500000 0.500000
vt 0.437500 0.500000
vt 0.375000 0.437500
vt 0.375000 0.500000
vt 0.375000 0.375000
vt 0.437500 0.562500
vt 0.500000 0.562500
vt 0.500000 0.625000
vt 0.437500 0.625000
vt 0.562500 0.562500
vt 0.562500 0.625000
vt 0.500000 0.687500
vt 0.437500 0.687500
vt 0.562500 0.687500
vt 0.375000 0.562500
vt 0.625000 0.562500
vt 0.625000 0.625000
vt 0.625000 0.687500
vt 0.625000 0.750000
vt 0.562500 0.750000
vt 0.500000 0.750000
vt 0.437500 0.750000
vt 0.375000 0.687500
vt 0.375000 0.750000
vt 0.375000 0.625000
vt 0.437500 0.812500
vt 0.500000 0.812500
vt 0.500000 0.875000
vt 0.437500 0.875000
vt 0.562500 0.812500
vt 0.562500 0.875000
vt 0.500000 0.937500
vt 0.437500 0.937500
vt 0.562500 0.937500
vt 0.375000 0.812500
vt 0.625000 0.812500
vt 0.625000 0.875000
vt 0.625000 0.937500
vt 0.625000 1.000000
vt 0.562500 1.000000
vt 0.500000 1.000000
vt 0.437500 1.000000
vt 0.375000 0.937500
vt 0.375000 1.000000
vt 0.375000 0.875000
vt 0.187500 0.562500
vt 0.250000 0.562500
vt 0.250000 0.625000
vt 0.187500 0.625000
vt 0.312500 0.562500
vt 0.312500 0.625000
vt 0.250000 0.687500
vt 0.187500 0.687500
vt 0.312500 0.687500
vt 0.125000 0.500000
vt 0.187500 0.500000
vt 0.125000 0.562500
vt 0.250000 0.500000
vt 0.312500 0.500000
vt 0.312500 0.750000
vt 0.250000 0.750000
vt 0.187500 0.750000
vt 0.125000 0.687500
vt 0.125000 0.750000
vt 0.125000 0.625000
vt 0.687500 0.562500
vt 0.750000 0.562500
vt 0.750000 0.625000
vt 0.687500 0.625000
vt 0.812500 0.562500
vt 0.812500 0.625000
vt 0.750000 0.687500
vt 0.687500 0.687500
vt 0.812500 0.687500
vt 0.687500 0.500000
vt 0.750000 0.500000
vt 0.812500 0.500000
vt 0.875000 0.500000
vt 0.875000 0.562500
vt 0.875000 0.625000
vt 0.875000 0.687500
vt 0.875000 0.750000
vt 0.812500 0.750000
vt 0.750000 0.750000
vt 0.687500 0.750000
s 1
f 731/876/731 732/877/732 735/878/735 734/879/734
f 732/877/732 733/880/733 736/881/736 735/878/735
f 734/879/734 735/878/735 738/882/738 737/883/737
f 735/878/735 736/881/736 739/884/739 738/882/738
f 687/885/687 698/886/698 731/876/731 697/887/697
f 698/886/698 699/888/699 732/877/732 731/876/731
f 699/888/699 700/889/700 733/880/733 732/877/732
f 700/889/700 688/890/688 701/891/701 733/880/733
f 733/880/733 701/891/701 702/892/702 736/881/736
f 736/881/736 702/892/702 703/893/703 739/884/739
f 739/884/739 703/893/703 690/894/690 704/895/704
f 738/882/738 739/884/739 704/895/704 705/896/705
f 737/883/737 738/882/738 705/896/705 706/897/706
f 695/898/695 737/883/737 706/897/706 689/899/689
f 696/900/696 734/879/734 737/883/737 695/898/695
f 697/887/697 731/876/731 734/879/734 696/900/696
f 740/901/740 741/902/741 744/903/744 743/904/743
f 741/902/741 742/905/742 745/906/745 744/903/744
f 743/904/743 744/903/744 747/907/747 746/908/746
f 744/903/744 745/906/745 748/909/748 747/907/747
f 689/899/689 706/897/706 740/901/740 709/910/709
f 706/897/706 705/896/705 741/902/741 740/901/740
f 705/896/705 704/895/704 742/905/742 741/902/741
f 704/895/704 690/894/690 710/911/710 742/905/742
f 742/905/742 710/911/710 711/912/711 745/906/745
f 745/906/745 711/912/711 712/913/712 748/909/748
f 748/909/748 712/913/712 694/914/694 713/915/713
f 747/907/747 748/909/748 713/915/713 714/916/714
f 746/908/746 747/907/747 714/916/714 715/917/715
f 707/918/707 746/908/746 715/917/715 693/919/693
f 708/920/708 743/904/743 746/908/746 707/918/707
f 709/910/709 740/901/740 743/904/743 708/920/708
f 749/921/749 750/922/750 753/923/753 752/924/752
f 750/922/750 751/925/751 754/926/754 753/923/753
f 752/924/752 753/923/753 756/927/756 755/928/755
f 753/923/753 754/926/754 757/929/757 756/927/756
f 693/919/693 715/917/715 749/921/749 718/930/718
f 715/917/715 714/916/714 750/922/750 749/921/749
f 714/916/714 713/915/713 751/925/751 750/922/750
f 713/915/713 694/914/694 719/931/719 751/925/751
f 751/925/751 719/931/719 720/932/720 754/926/754
f 754/926/754 720/932/720 721/933/721 757/929/757
f 757/929/757 721/933/721 692/934/692 722/935/722
f 756/927/756 757/929/757 722/935/722 723/936/723
f 755/928/755 756/927/756 723/936/723 724/937/724
f 716/938/716 755/928/755 724/937/724 691/939/691
f 717/940/717 752/924/752 755/928/755 716/938/716
f 718/930/718 749/921/749 752/924/752 717/940/717
f 758/941/758 759/942/759 762/943/762 761/944/761
f 759/942/759 760/945/760 763/946/763 762/943/762
f 761/944/761 762/943/762 765/947/765 764/948/764
f 762/943/762 763/946/763 766/949/766 765/947/765
f 691/939/691 724/937/724 758/941/758 727/950/727
f 724/937/724 723/936/723 759/942/759 758/941/758
f 723/936/723 722/935/722 760/945/760 759/942/759
f 722/935/722 692/934/692 728/951/728 760/945/760
f 760/945/760 728/951/728 729/952/729 763/946/763
f 763/946/763 729/952/729 730/953/730 766/949/766
f 766/949/766 730/953/730 688/954/688 700/955/700
f 765/947/765 766/949/766 700/955/700 699/956/699
f 764/948/764 765/947/765 699/956/699 698/957/698
f 725/958/725 764/948/764 698/957/698 687/959/687
f 726/960/726 761/944/761 764/948/764 725/958/725
f 727/950/727 758/941/758 761/944/761 726/960/726
f 767/961/767 768/962/768 771/963/771 770/964/770
f 768/962/768 769/965/769 772/966/772 771/963/771
f 770/964/770 771/963/771 774/967/774 773/968/773
f 771/963/771 772/966/772 775/969/775 774/967/774
f 689/970/689 709/971/709 767/961/767 695/972/695
f 709/971/709 708/973/708 768/962/768 767/961/767
f 708/973/708 707/974/707 769/965/769 768/962/768
f 707/974/707 693/919/693 718/930/718 769/965/769
f 769/965/769 718/930/718 717/940/717 772/966/772
f 772/966/772 717/940/717 716/938/716 775/969/775
f 775/969/775 716/938/716 691/939/691 727/975/727
f 774/967/774 775/969/775 727/975/727 726/976/726
f 773/968/773 774/967/774 726/976/726 725/977/725
f 697/978/697 773/968/773 725/977/725 687/979/687
f 696/980/696 770/964/770 773/968/773 697/978/697
f 695/972/695 767/961/767 770/964/770 696/980/696
f 776/981/776 777/982/777 780/983/780 779/984/779
f 777/982/777 778/985/778 781/986/781 780/983/780
f 779/984/779 780/983/780 783/987/783 782/988/782
f 780/983/780 781/986/781 784/989/784 783/987/783
f 694/914/694 712/990/712 776/981/776 719/931/719
f 712/990/712 711/991/711 777/982/777 776/981/776
f 711/991/711 710/992/710 778/985/778 777/982/777
f 710/992/710 690/993/690 703/994/703 778/985/778
f 778/985/778 703/994/703 702/995/702 781/986/781
f 781/986/781 702/995/702 701/996/701 784/989/784
f 784/989/784 701/996/701 688/997/688 730/998/730
f 783/987/783 784/989/784 730/998/730 729/999/729
f 782/988/782 783/987/783 729/999/729 728/1000/728
f 721/933/721 782/988/782 728/1000/728 692/934/692
f 720/932/720 779/984/779 782/988/782 721/933/721
f 719/931/719 776/981/776 779/984/779 720/932/720
o Cylinder
v -0.144557 2.542085 -0.014482
v -0.141319 2.598932 0.002954
v -0.057265 2.538590 -0.019299
v -0.054027 2.595437 -0.001864
v 0.029242 2.529885 -0.006981
v 0.032480 2.586732 0.010454
v 0.111638 2.516303 0.021998
v 0.114876 2.573150 0.039434
v 0.186757 2.498367 0.066526
v 0.189995 2.555214 0.083962
v 0.251712 2.476766 0.124891
v 0.254950 2.533613 0.142327
v 0.304008 2.452331 0.194850
v 0.307246 2.509178 0.212286
v 0.341633 2.425999 0.273714
v 0.344871 2.482846 0.291150
v 0.363144 2.398783 0.358454
v 0.366382 2.455630 0.375889
v 0.367712 2.371730 0.445811
v 0.370950 2.428577 0.463247
v 0.355162 2.345878 0.532430
v 0.358400 2.402725 0.549866
v 0.325977 2.322221 0.614982
v 0.329215 2.379068 0.632417
v 0.281278 2.301668 0.690293
v 0.284516 2.358515 0.707729
v 0.222783 2.285009 0.755471
v 0.226021 2.341856 0.772907
v 0.152740 2.272885 0.808010
v 0.155978 2.329732 0.825445
v 0.073840 2.265760 0.845891
v 0.077078 2.322608 0.863326
v -0.010884 2.263910 0.867658
v -0.007646 2.320757 0.885094
v -0.098176 2.267405 0.872476
v -0.094938 2.324252 0.889911
v -0.184683 2.276110 0.860158
v -0.181445 2.332957 0.877593
v -0.267079 2.289692 0.831178
v -0.263841 2.346539 0.848614
v -0.342198 2.307628 0.786650
v -0.338960 2.364475 0.804086
v -0.407153 2.329229 0.728285
v -0.403915 2.386076 0.745721
v -0.459449 2.353664 0.658326
v -0.456211 2.410511 0.675762
v -0.497074 2.379996 0.579462
v -0.493836 2.436843 0.596897
v -0.518585 2.407212 0.494723
v -0.515347 2.464059 0.512158
v -0.523153 2.434265 0.407365
v -0.519915 2.491112 0.424800
v -0.510603 2.460117 0.320746
v -0.507365 2.516964 0.338182
v -0.481418 2.483774 0.238195
v -0.478180 2.540621 0.255630
v -0.436719 2.504327 0.162883
v -0.433481 2.561174 0.180318
v -0.378224 2.520986 0.097705
v -0.374986 2.577833 0.115141
v -0.308181 2.533110 0.045167
v -0.304943 2.589957 0.062602
v -0.229281 2.540235 0.007286
v -0.226043 2.597082 0.024721
vn -0.0409 0.2951 -0.9546
vn 0.1629 0.2808 -0.9458
vn 0.3580 0.2551 -0.8982
vn 0.5357 0.2196 -0.8153
vn 0.6897 0.1761 -0.7024
vn 0.8152 0.1269 -0.5651
vn 0.9094 0.0737 -0.4093
vn 0.9705 0.0185 -0.2404
vn 0.9973 -0.0373 -0.0637
vn 0.9890 -0.0919 0.1159
vn 0.9453 -0.1437 0.2930
vn 0.8661 -0.1910 0.4619
vn 0.7527 -0.2319 0.6162
vn 0.6076 -0.2643 0.7490
vn 0.4356 -0.2865 0.8533
vn 0.2437 -0.2970 0.9232
vn 0.0409 -0.2951 0.9546
vn -0.1629 -0.2808 0.9458
vn -0.3580 -0.2551 0.8982
vn -0.5357 -0.2196 0.8153
vn -0.6897 -0.1761 0.7024
vn -0.8152 -0.1269 0.5651
vn -0.9094 -0.0737 0.4093
vn -0.9705 -0.0185 0.2404
vn -0.9973 0.0373 0.0637
vn -0.9890 0.0919 -0.1159
vn -0.9453 0.1437 -0.2930
vn -0.8661 0.1910 -0.4619
vn -0.7527 0.2319 -0.6162
vn -0.6076 0.2643 -0.7490
vn 0.0544 0.9546 0.2928
vn -0.4356 0.2865 -0.8533
vn -0.2437 0.2970 -0.9232
vn -0.0544 -0.9546 -0.2928
vt 1.000000 0.500000
vt 1.000000 1.000000
vt 0.968750 1.000000
vt 0.968750 0.500000
vt 0.937500 1.000000
vt 0.937500 0.500000
vt 0.906250 1.000000
vt 0.906250 0.500000
vt 0.875000 1.000000
vt 0.875000 0.500000
vt 0.843750 1.000000
vt 0.843750 0.500000
vt 0.812500 1.000000
vt 0.812500 0.500000
vt 0.781250 1.000000
vt 0.781250 0.500000
vt 0.750000 1.000000
vt 0.750000 0.500000
vt 0.718750 1.000000
vt 0.718750 0.500000
vt 0.687500 1.000000
vt 0.687500 0.500000
vt 0.656250 1.000000
vt 0.656250 0.500000
vt 0.625000 1.000000
vt 0.625000 0.500000
vt 0.593750 1.000000
vt 0.593750 0.500000
vt 0.562500 1.000000
vt 0.562500 0.500000
vt 0.531250 1.000000
vt 0.531250 0.500000
vt 0.500000 1.000000
vt 0.500000 0.500000
vt 0.468750 1.000000
vt 0.468750 0.500000
vt 0.437500 1.000000
vt 0.437500 0.500000
vt 0.406250 1.000000
vt 0.406250 0.500000
vt 0.375000 1.000000
vt 0.375000 0.500000
vt 0.343750 1.000000
vt 0.343750 0.500000
vt 0.312500 1.000000
vt 0.312500 0.500000
vt 0.281250 1.000000
vt 0.281250 0.500000
vt 0.250000 1.000000
vt 0.250000 0.500000
vt 0.218750 1.000000
vt 0.218750 0.500000
vt 0.187500 1.000000
vt 0.187500 0.500000
vt 0.156250 1.000000
vt 0.156250 0.500000
vt 0.125000 1.000000
vt 0.125000 0.500000
vt 0.093750 1.000000
vt 0.093750 0.500000
vt 0.062500 1.000000
vt 0.062500 0.500000
vt 0.296822 0.485388
vt 0.250000 0.490000
vt 0.203178 0.485388
vt 0.158156 0.471731
vt 0.116663 0.449553
vt 0.080294 0.419706
vt 0.050447 0.383337
vt 0.028269 0.341844
vt 0.014612 0.296822
vt 0.010000 0.250000
vt 0.014612 0.203178
vt 0.028269 0.158156
vt 0.050447 0.116663
vt 0.080294 0.080294
vt 0.116663 0.050447
vt 0.158156 0.028269
vt 0.203178 0.014612
vt 0.250000 0.010000
vt 0.296822 0.014612
vt 0.341844 0.028269
vt 0.383337 0.050447
vt 0.419706 0.080294
vt 0.449553 0.116663
vt 0.471731 0.158156
vt 0.485388 0.203178
vt 0.490000 0.250000
vt 0.485388 0.296822
vt 0.471731 0.341844
vt 0.449553 0.383337
vt 0.419706 0.419706
vt 0.383337 0.449553
vt 0.341844 0.471731
vt 0.031250 1.000000
vt 0.031250 0.500000
vt 0.000000 1.000000
vt 0.000000 0.500000
vt 0.750000 0.490000
vt 0.796822 0.485388
vt 0.841844 0.471731
vt 0.883337 0.449553
vt 0.919706 0.419706
vt 0.949553 0.383337
vt 0.971731 0.341844
vt 0.985388 0.296822
vt 0.990000 0.250000
vt 0.985388 0.203178
vt 0.971731 0.158156
vt 0.949553 0.116663
vt 0.919706 0.080294
vt 0.883337 0.050447
vt 0.841844 0.028269
vt 0.796822 0.014612
vt 0.750000 0.010000
vt 0.703178 0.014612
vt 0.658156 0.028269
vt 0.616663 0.050447
vt 0.580294 0.080294
vt 0.550447 0.116663
vt 0.528269 0.158156
vt 0.514612 0.203178
vt 0.510000 0.250000
vt 0.514612 0.296822
vt 0.528269 0.341844
vt 0.550447 0.383337
vt 0.580294 0.419706
vt 0.616663 0.449553
vt 0.658156 0.471731
vt 0.703178 0.485388
s 0
f 785/1001/785 786/1002/785 788/1003/785 787/1004/785
f 787/1004/786 788/1003/786 790/1005/786 789/1006/786
f 789/1006/787 790/1005/787 792/1007/787 791/1008/787
f 791/1008/788 792/1007/788 794/1009/788 793/1010/788
f 793/1010/789 794/1009/789 796/1011/789 795/1012/789
f 795/1012/790 796/1011/790 798/1013/790 797/1014/790
f 797/1014/791 798/1013/791 800/1015/791 799/1016/791
f 799/1016/792 800/1015/792 802/1017/792 801/1018/792
f 801/1018/793 802/1017/793 804/1019/793 803/1020/793
f 803/1020/794 804/1019/794 806/1021/794 805/1022/794
f 805/1022/795 806/1021/795 808/1023/795 807/1024/795
f 807/1024/796 808/1023/796 810/1025/796 809/1026/796
f 809/1026/797 810/1025/797 812/1027/797 811/1028/797
f 811/1028/798 812/1027/798 814/1029/798 813/1030/798
f 813/1030/799 814/1029/799 816/1031/799 815/1032/799
f 815/1032/800 816/1031/800 818/1033/800 817/1034/800
f 817/1034/801 818/1033/801 820/1035/801 819/1036/801
f 819/1036/802 820/1035/802 822/1037/802 821/1038/802
f 821/1038/803 822/1037/803 824/1039/803 823/1040/803
f 823/1040/804 824/1039/804 826/1041/804 825/1042/804
f 825/1042/805 826/1041/805 828/1043/805 827/1044/805
f 827/1044/806 828/1043/806 830/1045/806 829/1046/806
f 829/1046/807 830/1045/807 832/1047/807 831/1048/807
f 831/1048/808 832/1047/808 834/1049/808 833/1050/808
f 833/1050/809 834/1049/809 836/1051/809 835/1052/809
f 835/1052/810 836/1051/810 838/1053/810 837/1054/810
f 837/1054/811 838/1053/811 840/1055/811 839/1056/811
f 839/1056/812 840/1055/812 842/1057/812 841/1058/812
f 841/1058/813 842/1057/813 844/1059/813 843/1060/813
f 843/1060/814 844/1059/814 846/1061/814 845/1062/814
f 788/1063/815 786/1064/815 848/1065/815 846/1066/815 844/1067/815 842/1068/815 840/1069/815 838/1070/815 836/1071/815 834/1072/815 832/1073/815 830/1074/815 828/1075/815 826/1076/815 824/1077/815 822/1078/815 820/1079/815 818/1080/815 816/1081/815 814/1082/815 812/1083/815 810/1084/815 808/1085/815 806/1086/815 804/1087/815 802/1088/815 800/1089/815 798/1090/815 796/1091/815 794/1092/815 792/1093/815 790/1094/815
f 845/1062/816 846/1061/816 848/1095/816 847/1096/816
f 847/1096/817 848/1095/817 786/1097/817 785/1098/817
f 785/1099/818 787/1100/818 789/1101/818 791/1102/818 793/1103/818 795/1104/818 797/1105/818 799/1106/818 801/1107/818 803/1108/818 805/1109/818 807/1110/818 809/1111/818 811/1112/818 813/1113/818 815/1114/818 817/1115/818 819/1116/818 821/1117/818 823/1118/818 825/1119/818 827/1120/818 829/1121/818 831/1122/818 833/1123/818 835/1124/818 837/1125/818 839/1126/818 841/1127/818 843/1128/818 845/1129/818 847/1130/818
o Cylinder.001
v -0.125110 2.523396 0.122406
v -0.094791 3.055682 0.285664
v -0.064046 2.520942 0.119069
v -0.033727 3.053228 0.282327
v -0.003523 2.514822 0.127782
v 0.026797 3.047108 0.291039
v 0.054135 2.505273 0.148209
v 0.084454 3.037559 0.311466
v 0.106711 2.492661 0.179566
v 0.137030 3.024946 0.342824
v 0.152185 2.477470 0.220648
v 0.182504 3.009756 0.383905
v 0.188808 2.460285 0.269876
v 0.219127 2.992571 0.433133
v 0.215175 2.441767 0.325358
v 0.245494 2.974053 0.488615
v 0.230271 2.422626 0.384962
v 0.260590 2.954912 0.548219
v 0.233516 2.403598 0.446397
v 0.263835 2.935884 0.609654
v 0.224786 2.385415 0.507303
v 0.255105 2.917701 0.670560
v 0.204417 2.368775 0.565339
v 0.234736 2.901061 0.728596
v 0.173190 2.354318 0.618274
v 0.203509 2.886604 0.781532
v 0.132306 2.342599 0.664075
v 0.162625 2.874885 0.827333
v 0.083336 2.334069 0.700982
v 0.113655 2.866355 0.864239
v 0.028162 2.329055 0.727575
v 0.058482 2.861341 0.890832
v -0.031095 2.327750 0.742833
v -0.000776 2.860036 0.906091
v -0.092159 2.330205 0.746170
v -0.061840 2.862491 0.909428
v -0.152683 2.336325 0.737458
v -0.122364 2.868611 0.900715
v -0.210340 2.345874 0.717031
v -0.180021 2.878160 0.880288
v -0.262916 2.358486 0.685673
v -0.232597 2.890772 0.848931
v -0.308390 2.373677 0.644592
v -0.278071 2.905963 0.807849
v -0.345013 2.390862 0.595364
v -0.314694 2.923147 0.758621
v -0.371380 2.409380 0.539882
v -0.341061 2.941666 0.703139
v -0.386476 2.428521 0.480278
v -0.356157 2.960807 0.643535
v -0.389721 2.447549 0.418843
v -0.359402 2.979835 0.582100
v -0.380992 2.465732 0.357937
v -0.350672 2.998018 0.521194
v -0.360622 2.482372 0.299901
v -0.330303 3.014658 0.463158
v -0.329395 2.496829 0.246965
v -0.299076 3.029115 0.410223
v -0.288511 2.508548 0.201164
v -0.258192 3.040834 0.364422
v -0.239541 2.517078 0.164258
v -0.209222 3.049364 0.327515
v -0.184368 2.522092 0.137665
v -0.154049 3.054378 0.300922
vn -0.0403 0.2951 -0.9546
vn 0.1645 0.2807 -0.9456
vn 0.3601 0.2547 -0.8974
vn 0.5380 0.2190 -0.8140
vn 0.6916 0.1755 -0.7006
vn 0.8165 0.1263 -0.5634
vn 0.9100 0.0733 -0.4080
vn 0.9706 0.0183 -0.2400
vn 0.9972 -0.0371 -0.0642
vn 0.9892 -0.0915 0.1145
vn 0.9460 -0.1431 0.2910
vn 0.8674 -0.1904 0.4597
vn 0.7544 -0.2314 0.6142
vn 0.6094 -0.2640 0.7476
vn 0.4370 -0.2864 0.8526
vn 0.2442 -0.2970 0.9231
vn 0.0403 -0.2951 0.9546
vn -0.1645 -0.2807 0.9456
vn -0.3601 -0.2547 0.8974
vn -0.5380 -0.2190 0.8140
vn -0.6916 -0.1755 0.7006
vn -0.8165 -0.1263 0.5634
vn -0.9100 -0.0733 0.4080
vn -0.9706 -0.0183 0.2400
vn -0.9972 0.0371 0.0642
vn -0.9892 0.0915 -0.1145
vn -0.9460 0.1431 -0.2910
vn -0.8674 0.1904 -0.4597
vn -0.7544 0.2314 -0.6142
vn -0.6094 0.2640 -0.7476
vn 0.0544 0.9546 0.2928
vn -0.4370 0.2864 -0.8526
vn -0.2442 0.2970 -0.9231
vn -0.0544 -0.9546 -0.2928
vt 1.000000 0.500000
vt 1.000000 1.000000
vt 0.968750 1.000000
vt 0.968750 0.500000
vt 0.937500 1.000000
vt 0.937500 0.500000
vt 0.906250 1.000000
vt 0.906250 0.500000
vt 0.875000 1.000000
vt 0.875000 0.500000
vt 0.843750 1.000000
vt 0.843750 0.500000
vt 0.812500 1.000000
vt 0.812500 0.500000
vt 0.781250 1.000000
vt 0.781250 0.500000
vt 0.750000 1.000000
vt 0.750000 0.500000
vt 0.718750 1.000000
vt 0.718750 0.500000
vt 0.687500 1.000000
vt 0.687500 0.500000
vt 0.656250 1.000000
vt 0.656250 0.500000
vt 0.625000 1.000000
vt 0.625000 0.500000
vt 0.593750 1.000000
vt 0.593750 0.500000
vt 0.562500 1.000000
vt 0.562500 0.500000
vt 0.531250 1.000000
vt 0.531250 0.500000
vt 0.500000 1.000000
vt 0.500000 0.500000
vt 0.468750 1.000000
vt 0.468750 0.500000
vt 0.437500 1.000000
vt 0.437500 0.500000
vt 0.406250 1.000000
vt 0.406250 0.500000
vt 0.375000 1.000000
vt 0.375000 0.500000
vt 0.343750 1.000000
vt 0.343750 0.500000
vt 0.312500 1.000000
vt 0.312500 0.500000
vt 0.281250 1.000000
vt 0.281250 0.500000
vt 0.250000 1.000000
vt 0.250000 0.500000
vt 0.218750 1.000000
vt 0.218750 0.500000
vt 0.187500 1.000000
vt 0.187500 0.500000
vt 0.156250 1.000000
vt 0.156250 0.500000
vt 0.125000 1.000000
vt 0.125000 0.500000
vt 0.093750 1.000000
vt 0.093750 0.500000
vt 0.062500 1.000000
vt 0.062500 0.500000
vt 0.296822 0.485388
vt 0.250000 0.490000
vt 0.203178 0.485388
vt 0.158156 0.471731
vt 0.116663 0.449553
vt 0.080294 0.419706
vt 0.050447 0.383337
vt 0.028269 0.341844
vt 0.014612 0.296822
vt 0.010000 0.250000
vt 0.014612 0.203178
vt 0.028269 0.158156
vt 0.050447 0.116663
vt 0.080294 0.080294
vt 0.116663 0.050447
vt 0.158156 0.028269
vt 0.203178 0.014612
vt 0.250000 0.010000
vt 0.296822 0.014612
vt 0.341844 0.028269
vt 0.383337 0.050447
vt 0.419706 0.080294
vt 0.449553 0.116663
vt 0.471731 0.158156
vt 0.485388 0.203178
vt 0.490000 0.250000
vt 0.485388 0.296822
vt 0.471731 0.341844
vt 0.449553 0.383337
vt 0.419706 0.419706
vt 0.383337 0.449553
vt 0.341844 0.471731
vt 0.031250 1.000000
vt 0.031250 0.500000
vt 0.000000 1.000000
vt 0.000000 0.500000
vt 0.750000 0.490000
vt 0.796822 0.485388
vt 0.841844 0.471731
vt 0.883337 0.449553
vt 0.919706 0.419706
vt 0.949553 0.383337
vt 0.971731 0.341844
vt 0.985388 0.296822
vt 0.990000 0.250000
vt 0.985388 0.203178
vt 0.971731 0.158156
vt 0.949553 0.116663
vt 0.919706 0.080294
vt 0.883337 0.050447
vt 0.841844 0.028269
vt 0.796822 0.014612
vt 0.750000 0.010000
vt 0.703178 0.014612
vt 0.658156 0.028269
vt 0.616663 0.050447
vt 0.580294 0.080294
vt 0.550447 0.116663
vt 0.528269 0.158156
vt 0.514612 0.203178
vt 0.510000 0.250000
vt 0.514612 0.296822
vt 0.528269 0.341844
vt 0.550447 0.383337
vt 0.580294 0.419706
vt 0.616663 0.449553
vt 0.658156 0.471731
vt 0.703178 0.485388
s 0
f 849/1131/819 850/1132/819 852/1133/819 851/1134/819
f 851/1134/820 852/1133/820 854/1135/820 853/1136/820
f 853/1136/821 854/1135/821 856/1137/821 855/1138/821
f 855/1138/822 856/1137/822 858/1139/822 857/1140/822
f 857/1140/823 858/1139/823 860/1141/823 859/1142/823
f 859/1142/824 860/1141/824 862/1143/824 861/1144/824
f 861/1144/825 862/1143/825 864/1145/825 863/1146/825
f 863/1146/826 864/1145/826 866/1147/826 865/1148/826
f 865/1148/827 866/1147/827 868/1149/827 867/1150/827
f 867/1150/828 868/1149/828 870/1151/828 869/1152/828
f 869/1152/829 870/1151/829 872/1153/829 871/1154/829
f 871/1154/830 872/1153/830 874/1155/830 873/1156/830
f 873/1156/831 874/1155/831 876/1157/831 875/1158/831
f 875/1158/832 876/1157/832 878/1159/832 877/1160/832
f 877/1160/833 878/1159/833 880/1161/833 879/1162/833
f 879/1162/834 880/1161/834 882/1163/834 881/1164/834
f 881/1164/835 882/1163/835 884/1165/835 883/1166/835
f 883/1166/836 884/1165/836 886/1167/836 885/1168/836
f 885/1168/837 886/1167/837 888/1169/837 887/1170/837
f 887/1170/838 888/1169/838 890/1171/838 889/1172/838
f 889/1172/839 890/1171/839 892/1173/839 891/1174/839
f 891/1174/840 892/1173/840 894/1175/840 893/1176/840
f 893/1176/841 894/1175/841 896/1177/841 895/1178/841
f 895/1178/842 896/1177/842 898/1179/842 897/1180/842
f 897/1180/843 898/1179/843 900/1181/843 899/1182/843
f 899/1182/844 900/1181/844 902/1183/844 901/1184/844
f 901/1184/845 902/1183/845 904/1185/845 903/1186/845
f 903/1186/846 904/1185/846 906/1187/846 905/1188/846
f 905/1188/847 906/1187/847 908/1189/847 907/1190/847
f 907/1190/848 908/1189/848 910/1191/848 909/1192/848
f 852/1193/849 850/1194/849 912/1195/849 910/1196/849 908/1197/849 906/1198/849 904/1199/849 902/1200/849 900/1201/849 898/1202/849 896/1203/849 894/1204/849 892/1205/849 890/1206/849 888/1207/849 886/1208/849 884/1209/849 882/1210/849 880/1211/849 878/1212/849 876/1213/849 874/1214/849 872/1215/849 870/1216/849 868/1217/849 866/1218/849 864/1219/849 862/1220/849 860/1221/849 858/1222/849 856/1223/849 854/1224/849
f 909/1192/850 910/1191/850 912/1225/850 911/1226/850
f 911/1226/851 912/1225/851 850/1227/851 849/1228/851
f 849/1229/852 851/1230/852 853/1231/852 855/1232/852 857/1233/852 859/1234/852 861/1235/852 863/1236/852 865/1237/852 867/1238/852 869/1239/852 871/1240/852 873/1241/852 875/1242/852 877/1243/852 879/1244/852 881/1245/852 883/1246/852 885/1247/852 887/1248/852 889/1249/852 891/1250/852 893/1251/852 895/1252/852 897/1253/852 899/1254/852 901/1255/852 903/1256/852 905/1257/852 907/1258/852 909/1259/852 911/1260/852
o Cylinder.002
v -0.126944 2.549073 0.108955
v -0.120487 2.662426 0.143722
v -0.062932 2.546472 0.105545
v -0.056475 2.659826 0.140312
v 0.000539 2.539977 0.114935
v 0.006996 2.653330 0.149701
v 0.061031 2.529836 0.136763
v 0.067488 2.643190 0.171529
v 0.116219 2.516440 0.170191
v 0.122676 2.629793 0.204958
v 0.163982 2.500303 0.213935
v 0.170439 2.613656 0.248701
v 0.202485 2.482045 0.266313
v 0.208941 2.595398 0.301079
v 0.230247 2.462368 0.325312
v 0.236704 2.575721 0.360079
v 0.246203 2.442028 0.388666
v 0.252660 2.555381 0.423432
v 0.249739 2.421807 0.453939
v 0.256195 2.535160 0.488705
v 0.240718 2.402482 0.518623
v 0.247175 2.515835 0.553389
v 0.219488 2.384794 0.580232
v 0.225945 2.498148 0.614999
v 0.186865 2.369426 0.636399
v 0.193322 2.482779 0.671166
v 0.144102 2.356966 0.684965
v 0.150559 2.470319 0.719732
v 0.092843 2.347893 0.724065
v 0.099299 2.461246 0.758831
v 0.035057 2.342557 0.752194
v 0.041513 2.455910 0.786961
v -0.027035 2.341162 0.768273
v -0.020579 2.454516 0.803039
v -0.091047 2.343763 0.771683
v -0.084590 2.457116 0.806450
v -0.154518 2.350258 0.762294
v -0.148061 2.463611 0.797060
v -0.215010 2.360399 0.740465
v -0.208553 2.473752 0.775232
v -0.270198 2.373795 0.707037
v -0.263741 2.487148 0.741804
v -0.317961 2.389932 0.663293
v -0.311504 2.503285 0.698060
v -0.356464 2.408190 0.610916
v -0.350007 2.521543 0.645682
v -0.384226 2.427867 0.551916
v -0.377770 2.541220 0.586683
v -0.400182 2.448207 0.488563
v -0.393725 2.561560 0.523329
v -0.403717 2.468428 0.423290
v -0.397261 2.581781 0.458056
v -0.394697 2.487754 0.358606
v -0.388240 2.601107 0.393372
v -0.373467 2.505440 0.296996
v -0.367011 2.618794 0.331763
v -0.340844 2.520809 0.240829
v -0.334387 2.634162 0.275596
v -0.298081 2.533269 0.192263
v -0.291624 2.646622 0.227029
v -0.246821 2.542342 0.153164
v -0.240365 2.655695 0.187930
v -0.189035 2.547678 0.125034
v -0.182579 2.661031 0.159801
vn -0.0389 0.2950 -0.9547
vn 0.1685 0.2803 -0.9450
vn 0.3657 0.2538 -0.8955
vn 0.5438 0.2176 -0.8105
vn 0.6964 0.1739 -0.6963
vn 0.8197 0.1248 -0.5591
vn 0.9115 0.0722 -0.4048
vn 0.9709 0.0179 -0.2388
vn 0.9972 -0.0367 -0.0654
vn 0.9897 -0.0904 0.1110
vn 0.9477 -0.1417 0.2859
vn 0.8707 -0.1889 0.4541
vn 0.7589 -0.2301 0.6092
vn 0.6141 -0.2632 0.7440
vn 0.4406 -0.2861 0.8509
vn 0.2456 -0.2970 0.9227
vn 0.0389 -0.2950 0.9547
vn -0.1685 -0.2803 0.9450
vn -0.3657 -0.2538 0.8955
vn -0.5438 -0.2176 0.8105
vn -0.6964 -0.1739 0.6963
vn -0.8197 -0.1248 0.5591
vn -0.9115 -0.0722 0.4048
vn -0.9709 -0.0179 0.2388
vn -0.9972 0.0367 0.0654
vn -0.9897 0.0904 -0.1110
vn -0.9477 0.1417 -0.2859
vn -0.8707 0.1889 -0.4541
vn -0.7589 0.2301 -0.6092
vn -0.6141 0.2632 -0.7440
vn 0.0544 0.9546 0.2928
vn -0.4406 0.2861 -0.8509
vn -0.2456 0.2970 -0.9227
vn -0.0544 -0.9546 -0.2928
vt 1.000000 0.500000
vt 1.000000 1.000000
vt 0.968750 1.000000
vt 0.968750 0.500000
vt 0.937500 1.000000
vt 0.937500 0.500000
vt 0.906250 1.000000
vt 0.906250 0.500000
vt 0.875000 1.000000
vt 0.875000 0.500000
vt 0.843750 1.000000
vt 0.843750 0.500000
vt 0.812500 1.000000
vt 0.812500 0.500000
vt 0.781250 1.000000
vt 0.781250 0.500000
vt 0.750000 1.000000
vt 0.750000 0.500000
vt 0.718750 1.000000
vt 0.718750 0.500000
vt 0.687500 1.000000
vt 0.687500 0.500000
vt 0.656250 1.000000
vt 0.656250 0.500000
vt 0.625000 1.000000
vt 0.625000 0.500000
vt 0.593750 1.000000
vt 0.593750 0.500000
vt 0.562500 1.000000
vt 0.562500 0.500000
vt 0.531250 1.000000
vt 0.531250 0.500000
vt 0.500000 1.000000
vt 0.500000 0.500000
vt 0.468750 1.000000
vt 0.468750 0.500000
vt 0.437500 1.000000
vt 0.437500 0.500000
vt 0.406250 1.000000
vt 0.406250 0.500000
vt 0.375000 1.000000
vt 0.375000 0.500000
vt 0.343750 1.000000
vt 0.343750 0.500000
vt 0.312500 1.000000
vt 0.312500 0.500000
vt 0.281250 1.000000
vt 0.281250 0.500000
vt 0.250000 1.000000
vt 0.250000 0.500000
vt 0.218750 1.000000
vt 0.218750 0.500000
vt 0.187500 1.000000
vt 0.187500 0.500000
vt 0.156250 1.000000
vt 0.156250 0.500000
vt 0.125000 1.000000
vt 0.125000 0.500000
vt 0.093750 1.000000
vt 0.093750 0.500000
vt 0.062500 1.000000
vt 0.062500 0.500000
vt 0.296822 0.485388
vt 0.250000 0.490000
vt 0.203178 0.485388
vt 0.158156 0.471731
vt 0.116663 0.449553
vt 0.080294 0.419706
vt 0.050447 0.383337
vt 0.028269 0.341844
vt 0.014612 0.296822
vt 0.010000 0.250000
vt 0.014612 0.203178
vt 0.028269 0.158156
vt 0.050447 0.116663
vt 0.080294 0.080294
vt 0.116663 0.050447
vt 0.158156 0.028269
vt 0.203178 0.014612
vt 0.250000 0.010000
vt 0.296822 0.014612
vt 0.341844 0.028269
vt 0.383337 0.050447
vt 0.419706 0.080294
vt 0.449553 0.116663
vt 0.471731 0.158156
vt 0.485388 0.203178
vt 0.490000 0.250000
vt 0.485388 0.296822
vt 0.471731 0.341844
vt 0.449553 0.383337
vt 0.419706 0.419706
vt 0.383337 0.449553
vt 0.341844 0.471731
vt 0.031250 1.000000
vt 0.031250 0.500000
vt 0.000000 1.000000
vt 0.000000 0.500000
vt 0.750000 0.490000
vt 0.796822 0.485388
vt 0.841844 0.471731
vt 0.883337 0.449553
vt 0.919706 0.419706
vt 0.949553 0.383337
vt 0.971731 0.341844
vt 0.985388 0.296822
vt 0.990000 0.250000
vt 0.985388 0.203178
vt 0.971731 0.158156
vt 0.949553 0.116663
vt 0.919706 0.080294
vt 0.883337 0.050447
vt 0.841844 0.028269
vt 0.796822 0.014612
vt 0.750000 0.010000
vt 0.703178 0.014612
vt 0.658156 0.028269
vt 0.616663 0.050447
vt 0.580294 0.080294
vt 0.550447 0.116663
vt 0.528269 0.158156
vt 0.514612 0.203178
vt 0.510000 0.250000
vt 0.514612 0.296822
vt 0.528269 0.341844
vt 0.550447 0.383337
vt 0.580294 0.419706
vt 0.616663 0.449553
vt 0.658156 0.471731
vt 0.703178 0.485388
s 0
f 913/1261/853 914/1262/853 916/1263/853 915/1264/853
f 915/1264/854 916/1263/854 918/1265/854 917/1266/854
f 917/1266/855 918/1265/855 920/1267/855 919/1268/855
f 919/1268/856 920/1267/856 922/1269/856 921/1270/856
f 921/1270/857 922/1269/857 924/1271/857 923/1272/857
f 923/1272/858 924/1271/858 926/1273/858 925/1274/858
f 925/1274/859 926/1273/859 928/1275/859 927/1276/859
f 927/1276/860 928/1275/860 930/1277/860 929/1278/860
f 929/1278/861 930/1277/861 932/1279/861 931/1280/861
f 931/1280/862 932/1279/862 934/1281/862 933/1282/862
f 933/1282/863 934/1281/863 936/1283/863 935/1284/863
f 935/1284/864 936/1283/864 938/1285/864 937/1286/864
f 937/1286/865 938/1285/865 940/1287/865 939/1288/865
f 939/1288/866 940/1287/866 942/1289/866 941/1290/866
f 941/1290/867 942/1289/867 944/1291/867 943/1292/867
f 943/1292/868 944/1291/868 946/1293/868 945/1294/868
f 945/1294/869 946/1293/869 948/1295/869 947/1296/869
f 947/1296/870 948/1295/870 950/1297/870 949/1298/870
f 949/1298/871 950/1297/871 952/1299/871 951/1300/871
f 951/1300/872 952/1299/872 954/1301/872 953/1302/872
f 953/1302/873 954/1301/873 956/1303/873 955/1304/873
f 955/1304/874 956/1303/874 958/1305/874 957/1306/874
f 957/1306/875 958/1305/875 960/1307/875 959/1308/875
f 959/1308/876 960/1307/876 962/1309/876 961/1310/876
f 961/1310/877 962/1309/877 964/1311/877 963/1312/877
f 963/1312/878 964/1311/878 966/1313/878 965/1314/878
f 965/1314/879 966/1313/879 968/1315/879 967/1316/879
f 967/1316/880 968/1315/880 970/1317/880 969/1318/880
f 969/1318/881 970/1317/881 972/1319/881 971/1320/881
f 971/1320/882 972/1319/882 974/1321/882 973/1322/882
f 916/1323/883 914/1324/883 976/1325/883 974/1326/883 972/1327/883 970/1328/883 968/1329/883 966/1330/883 964/1331/883 962/1332/883 960/1333/883 958/1334/883 956/1335/883 954/1336/883 952/1337/883 950/1338/883 948/1339/883 946/1340/883 944/1341/883 942/1342/883 940/1343/883 938/1344/883 936/1345/883 934/1346/883 932/1347/883 930/1348/883 928/1349/883 926/1350/883 924/1351/883 922/1352/883 920/1353/883 918/1354/883
f 973/1322/884 974/1321/884 976/1355/884 975/1356/884
f 975/1356/885 976/1355/885 914/1357/885 913/1358/885
f 913/1359/886 915/1360/886 917/1361/886 919/1362/886 921/1363/886 923/1364/886 925/1365/886 927/1366/886 929/1367/886 931/1368/886 933/1369/886 935/1370/886 937/1371/886 939/1372/886 941/1373/886 943/1374/886 945/1375/886 947/1376/886 949/1377/886 951/1378/886 953/1379/886 955/1380/886 957/1381/886 959/1382/886 961/1383/886 963/1384/886 965/1385/886 967/1386/886 969/1387/886 971/1388/886 973/1389/886 975/1390/886
