# Blender 5.0.1
# www.blender.org
mtllib wallyfinished.mtl
o body
v -0.007982 2.100746 0.254096
v -0.007731 1.254231 0.366500
v -0.310889 2.084410 0.291914
v -0.289762 1.270483 0.261247
v -0.007982 2.078046 -0.377276
v -0.008073 1.404728 -0.323727
v -0.368362 2.078046 -0.319406
v -0.364333 1.330098 -0.245506
v -0.007885 1.548665 0.476934
v -0.359090 1.651403 -0.190617
v -0.344098 1.591568 0.357001
v -0.008020 1.628458 -0.260596
v -0.007982 2.232400 0.184678
v -0.355607 2.346161 0.158607
v -0.007982 2.512229 -0.264246
v -0.401004 2.438041 -0.223825
v -0.007982 2.334750 0.181703
v -0.179888 2.402394 0.118442
v -0.007982 2.596856 -0.138449
v -0.222212 2.530993 -0.077200
v -0.007982 2.452587 0.118747
v -0.110175 2.481501 0.089995
v -0.007982 2.587365 -0.015564
v -0.108660 2.531339 0.015503
v -0.007982 2.480394 0.192944
v -0.122099 2.516395 0.168525
v -0.007982 2.644225 0.078525
v -0.120583 2.581899 0.104029
v -0.404446 2.201827 -0.162844
v -0.402932 2.104353 -0.021642
v -0.384303 2.022157 -0.000255
v -0.337631 2.475295 0.016037
v -0.435818 2.439276 0.017914
v -0.429630 2.395247 -0.127467
v -0.408239 2.177773 0.113873
v -0.439408 2.363851 0.127663
v -0.439660 1.624616 0.097804
v -0.933493 2.229622 -0.129794
v -0.936701 2.140274 -0.029512
v -0.929450 2.409180 0.006766
v -0.931686 2.362119 -0.117146
v -0.935052 2.207770 0.074143
v -0.935041 2.340267 0.086919
v -1.607867 2.263216 -0.112149
v -1.610609 2.225801 -0.038061
v -1.604411 2.398549 -0.007052
v -1.606323 2.358324 -0.101338
v -1.618269 2.244538 0.046631
v -1.617936 2.339646 0.057547
v -1.775729 2.231829 -0.130641
v -1.776279 2.247542 -0.030225
v -1.772287 2.420945 0.003796
v -1.792254 2.336883 -0.131145
v -1.792620 2.247985 0.074416
v -1.778437 2.391979 0.106164
v -1.457368 2.256279 -0.123793
v -1.455748 2.360483 -0.112460
v -1.483858 2.236699 0.067996
v -1.460242 2.212551 -0.037636
v -1.483509 2.340904 0.079438
v -1.453745 2.402650 -0.005131
v -0.664204 2.404166 -0.126381
v -0.663283 2.453551 0.012777
v -0.671442 2.381127 0.116797
v -0.666759 2.187490 0.104065
v -0.662020 2.116800 -0.025268
v -0.661359 2.210529 -0.139645
v -1.065426 2.391051 -0.144734
v -1.021919 2.132824 -0.030933
v -1.063495 2.437255 0.004685
v -1.019034 2.214194 -0.159002
v -1.023294 2.192739 0.108629
v -1.070214 2.369596 0.121047
v -1.985588 2.254964 -0.119334
v -1.979926 2.269019 -0.057078
v -1.974849 2.375928 0.000345
v -1.994816 2.335927 -0.134597
v -1.982790 2.276983 0.068666
v -1.980998 2.346962 0.102712
v -1.662488 2.245911 0.059809
v -1.655244 2.227957 -0.043310
v -1.661765 2.355064 0.077466
v -1.655227 2.357534 -0.116334
v -1.648708 2.412469 -0.002768
v -1.652502 2.250582 -0.125445
v -1.814097 2.219625 -0.009810
v -1.848268 2.179301 0.062322
v -1.755980 2.147196 0.053872
v -1.739309 2.165078 -0.021611
v -1.819515 2.143147 0.054152
v -1.716760 2.237911 -0.036660
v -1.784322 2.160933 -0.011630
v -1.719465 2.246819 0.066205
v -1.813701 2.223118 0.075762
v -1.759185 2.177916 0.084186
v -1.716826 2.188538 0.056358
v -0.368599 1.243614 -0.006110
v -0.180990 1.330136 -0.296957
v -0.182031 2.080912 0.296283
v -0.188172 2.078046 -0.348341
v -0.170275 1.252207 0.355492
v -0.188387 1.564411 0.439695
v -0.213871 1.652944 -0.272828
v -0.188172 2.273475 0.184678
v -0.204493 2.475135 -0.244035
v -0.093935 2.360804 0.156206
v -0.115097 2.563925 -0.107825
v -0.059078 2.467044 0.104371
v -0.051764 2.580000 -0.012287
v -0.065040 2.498394 0.180734
v -0.057726 2.633710 0.079020
v -0.376103 2.027335 -0.312311
v -0.007982 2.000670 0.211400
v -0.291949 1.997957 0.212259
v -0.007982 2.018153 -0.351407
v -0.389613 1.975572 0.007318
v -0.186895 2.006597 0.207495
v -0.192042 2.018402 -0.336832
v -0.400514 2.169056 -0.224569
v -0.430439 2.448668 -0.174606
v -0.406993 2.096380 -0.011486
v -0.382734 2.162870 0.170315
v -0.411163 2.455579 0.014330
v -0.417509 2.365160 0.144790
v -0.198083 1.236469 -0.269347
v -0.342546 1.229414 -0.234125
v -0.008028 1.254806 -0.026260
v -0.008161 1.299335 -0.223571
v -0.361195 1.209037 -0.014596
v -0.283207 1.205561 0.225024
v -0.188309 1.181247 0.286795
v -0.007752 1.174490 0.292197
v -0.040634 2.078046 -0.372033
v -0.075436 1.254370 0.367587
v -0.111117 1.639066 -0.272919
v -0.043591 2.505507 -0.260584
v -0.027392 2.590889 -0.132899
v -0.015916 2.586030 -0.014970
v -0.016996 2.642320 0.078615
v -0.119957 1.352505 -0.322338
v -0.081697 2.097152 0.261740
v -0.092116 1.547035 0.469466
v -0.082809 2.239843 0.184678
v -0.065733 2.342287 0.174860
v -0.017241 2.455206 0.116142
v -0.018321 2.483656 0.190731
v -0.082578 2.001744 0.210692
v -0.041335 2.011087 -0.356911
v -0.079608 1.170368 0.291320
v -0.029727 1.218538 -0.023718
v -0.051247 1.235927 -0.269581
v -0.178842 1.163882 -0.189171
v -0.283191 1.154991 -0.150676
v -0.329240 1.142200 -0.049856
v -0.289339 1.140113 0.121465
v -0.077403 1.163664 -0.142783
v -0.187989 1.139907 0.167737
v -0.174675 0.276040 -0.106388
v -0.092834 1.157951 0.135098
v -0.038331 1.154474 -0.038768
v -0.164512 0.706738 -0.144653
v -0.244277 0.703135 -0.105517
v -0.290240 0.704359 -0.003965
v -0.251056 0.691116 0.095597
v -0.101229 0.713055 -0.098410
v -0.174087 0.697447 0.141691
v -0.108008 0.701036 0.102704
v -0.062015 0.718416 0.005804
v -0.235856 0.279627 -0.083054
v -0.262901 0.282931 -0.049051
v -0.239494 0.284038 0.012178
v -0.114852 0.274285 -0.079583
v -0.179670 0.282282 0.038995
v -0.102567 0.657206 -0.111184
v -0.118475 0.278695 0.015663
v -0.091776 0.275377 -0.044142
v -0.073110 0.545438 -0.149562
v -0.038346 0.544574 -0.055832
v -0.260323 0.521131 0.029828
v -0.294560 0.539823 -0.063175
v -0.170835 0.524089 0.069931
v -0.079151 0.524490 0.035021
v -0.254281 0.542079 -0.154754
v -0.162597 0.542479 -0.189664
v -0.170568 0.144267 -0.098420
v -0.269640 0.138175 -0.074658
v -0.294695 0.148170 -0.040554
v -0.271848 0.142680 0.020090
v -0.110780 0.146237 -0.071537
v -0.177064 0.150106 0.046866
v -0.254442 0.045750 0.200225
v -0.115511 0.150324 0.024007
v -0.087953 0.148734 -0.035944
v -0.246109 0.633205 0.059560
v -0.109326 0.642821 0.066471
v -0.064470 0.661222 -0.003057
v -0.284116 0.647597 -0.038352
v -0.172230 0.639343 0.104259
v -0.239351 0.647591 -0.118096
v -0.162761 0.651084 -0.156032
v -0.321979 0.950373 -0.026713
v -0.276019 0.956136 -0.127866
v -0.180904 0.959980 0.163655
v -0.282330 0.956895 0.117619
v -0.076687 0.966237 0.124680
v -0.031155 0.963585 -0.016728
v -0.171802 0.962393 -0.166841
v -0.070376 0.965478 -0.120806
v -0.080112 0.197965 -0.041905
v -0.107070 0.200789 0.017958
v -0.289880 0.236981 -0.046618
v -0.262752 0.234161 -0.080546
v -0.173475 0.211009 -0.104120
v -0.103115 0.196474 -0.077404
v -0.266610 0.238497 0.014595
v -0.178859 0.217137 0.041229
v -0.162153 -0.003266 -0.134947
v -0.300839 -0.003489 -0.112642
v -0.332447 0.006513 -0.043534
v -0.309589 0.000978 0.017570
v -0.101337 -0.002004 -0.098360
v -0.175513 0.002573 0.045436
v -0.170337 0.000713 -0.038180
v -0.096608 -0.019964 0.030800
v -0.086437 0.001144 -0.036791
v -0.192162 0.066593 0.209653
v -0.130422 0.064124 0.188614
v -0.299913 -0.005456 0.187849
v -0.165751 -0.003871 0.215815
v -0.082573 -0.019901 0.190483
v -0.240879 0.049308 0.284183
v -0.181490 0.072144 0.301071
v -0.124760 0.056904 0.288584
v -0.294045 -0.015345 0.289448
v -0.159883 -0.013760 0.317414
v -0.098349 -0.013560 0.294746
v -0.313691 0.077352 -0.068453
v -0.285435 0.067350 -0.131111
v -0.290779 0.071833 0.005661
v -0.106185 0.065176 0.016221
v -0.087348 0.074926 -0.061119
v -0.166314 0.070503 -0.158975
v -0.110041 0.072446 -0.104571
v -0.277178 0.020147 0.218644
v -0.106497 0.022111 0.213190
v -0.170687 0.029192 0.358639
v -0.267462 0.016982 0.331386
v -0.111554 0.021672 0.337279
v 0.294925 2.084410 0.291914
v 0.274030 1.270512 0.260965
v 0.352398 2.078046 -0.319405
v 0.347715 1.330151 -0.246091
v 0.343137 1.651404 -0.190631
v 0.327610 1.591534 0.357300
v 0.339643 2.346161 0.158607
v 0.385040 2.438041 -0.223825
v 0.163924 2.402394 0.118443
v 0.206248 2.530993 -0.077200
v 0.094211 2.481501 0.089995
v 0.092696 2.531339 0.015503
v 0.106135 2.516395 0.168525
v 0.104619 2.581899 0.104029
v 0.388482 2.201827 -0.162844
v 0.386968 2.104353 -0.021642
v 0.368339 2.022157 -0.000255
v 0.321667 2.475294 0.016037
v 0.419854 2.439276 0.017914
v 0.413666 2.395247 -0.127467
v 0.392275 2.177773 0.113873
v 0.423444 2.363851 0.127663
v 0.423694 1.624615 0.097805
v 0.917529 2.229622 -0.129794
v 0.920737 2.140274 -0.029512
v 0.913486 2.409180 0.006766
v 0.915722 2.362119 -0.117146
v 0.919088 2.207770 0.074143
v 0.919077 2.340267 0.086919
v 1.591904 2.263216 -0.112149
v 1.594646 2.225801 -0.038060
v 1.588448 2.398549 -0.007052
v 1.590359 2.358324 -0.101338
v 1.602305 2.244538 0.046631
v 1.601972 2.339646 0.057547
v 1.759765 2.231829 -0.130641
v 1.760315 2.247542 -0.030225
v 1.756324 2.420945 0.003796
v 1.776291 2.336883 -0.131145
v 1.776656 2.247985 0.074417
v 1.762473 2.391978 0.106164
v 1.441404 2.256279 -0.123793
v 1.439785 2.360483 -0.112460
v 1.467895 2.236699 0.067996
v 1.444278 2.212551 -0.037636
v 1.467545 2.340904 0.079438
v 1.437781 2.402650 -0.005131
v 0.648240 2.404166 -0.126381
v 0.647319 2.453551 0.012777
v 0.655478 2.381127 0.116797
v 0.650795 2.187490 0.104065
v 0.646057 2.116800 -0.025268
v 0.645395 2.210529 -0.139645
v 1.049462 2.391051 -0.144734
v 1.005955 2.132823 -0.030932
v 1.047532 2.437255 0.004686
v 1.003071 2.214194 -0.159002
v 1.007330 2.192739 0.108629
v 1.054251 2.369596 0.121047
v 1.969625 2.254964 -0.119333
v 1.963962 2.269019 -0.057078
v 1.958885 2.375928 0.000345
v 1.978852 2.335926 -0.134597
v 1.966826 2.276982 0.068666
v 1.965034 2.346961 0.102713
v 1.646524 2.245911 0.059809
v 1.639280 2.227957 -0.043310
v 1.645801 2.355063 0.077466
v 1.639263 2.357534 -0.116334
v 1.632744 2.412469 -0.002768
v 1.636538 2.250582 -0.125445
v 1.798133 2.219625 -0.009810
v 1.832304 2.179301 0.062322
v 1.740016 2.147197 0.053872
v 1.723346 2.165078 -0.021610
v 1.803551 2.143147 0.054152
v 1.700796 2.237911 -0.036660
v 1.768358 2.160933 -0.011630
v 1.703501 2.246819 0.066205
v 1.797737 2.223118 0.075762
v 1.743221 2.177916 0.084186
v 1.700862 2.188538 0.056358
v 0.352644 1.243624 -0.006203
v 0.164814 1.330149 -0.297094
v 0.166068 2.080911 0.296283
v 0.172208 2.078046 -0.348341
v 0.155025 1.252225 0.355363
v 0.172672 1.564423 0.439578
v 0.197879 1.652946 -0.272849
v 0.172208 2.273475 0.184678
v 0.188529 2.475135 -0.244035
v 0.077971 2.360804 0.156206
v 0.099133 2.563925 -0.107825
v 0.043114 2.467044 0.104371
v 0.035801 2.580000 -0.012287
v 0.049077 2.498394 0.180734
v 0.041762 2.633710 0.079020
v 0.360139 2.027335 -0.312310
v 0.275985 1.997957 0.212260
v 0.373649 1.975572 0.007318
v 0.170931 2.006597 0.207495
v 0.176079 2.018402 -0.336832
v 0.384550 2.169056 -0.224569
v 0.414475 2.448668 -0.174606
v 0.391029 2.096380 -0.011486
v 0.366771 2.162870 0.170315
v 0.395199 2.455579 0.014330
v 0.401545 2.365160 0.144790
v 0.181857 1.236489 -0.269556
v 0.326291 1.229445 -0.234466
v 0.345243 1.209047 -0.014692
v 0.267323 1.205585 0.224786
v 0.172673 1.181270 0.286580
v 0.024670 2.078046 -0.372033
v 0.060004 1.254374 0.367567
v 0.095111 1.639066 -0.272924
v 0.027628 2.505507 -0.260584
v 0.011428 2.590889 -0.132899
v -0.000048 2.586030 -0.014970
v 0.001032 2.642320 0.078615
v 0.103790 1.352511 -0.322401
v 0.065733 2.097152 0.261740
v 0.076332 1.547040 0.469417
v 0.066845 2.239843 0.184678
v 0.049769 2.342287 0.174860
v 0.001277 2.455206 0.116142
v 0.002358 2.483656 0.190731
v 0.066614 2.001744 0.210692
v 0.025371 2.011087 -0.356911
v 0.064128 1.170376 0.291252
v 0.013589 1.218499 -0.023333
v 0.034699 1.235918 -0.269524
v 0.162815 1.163898 -0.189335
v 0.267218 1.155009 -0.150854
v 0.313281 1.142217 -0.050027
v 0.273395 1.140132 0.121271
v 0.061269 1.163672 -0.142875
v 0.172117 1.139929 0.167526
v 0.158713 0.276058 -0.106570
v 0.077057 1.157964 0.134972
v 0.022297 1.154469 -0.038724
v 0.148550 0.706756 -0.144834
v 0.228314 0.703153 -0.105698
v 0.274277 0.704377 -0.004146
v 0.235093 0.691134 0.095415
v 0.085266 0.713073 -0.098591
v 0.158124 0.697465 0.141510
v 0.092045 0.701054 0.102522
v 0.046052 0.718434 0.005623
v 0.219893 0.279645 -0.083235
v 0.246938 0.282949 -0.049232
v 0.223518 0.284055 0.012009
v 0.098889 0.274303 -0.079764
v 0.163704 0.282300 0.038816
v 0.086605 0.657224 -0.111366
v 0.102517 0.278713 0.015485
v 0.075813 0.275395 -0.044324
v 0.057147 0.545456 -0.149743
v 0.022383 0.544592 -0.056013
v 0.244360 0.521148 0.029647
v 0.278598 0.539841 -0.063356
v 0.154872 0.524107 0.069750
v 0.063189 0.524508 0.034839
v 0.238318 0.542097 -0.154935
v 0.146634 0.542497 -0.189846
v 0.154605 0.144285 -0.098601
v 0.253672 0.138186 -0.074769
v 0.278722 0.148179 -0.040647
v 0.255901 0.142687 0.020026
v 0.094823 0.146250 -0.071670
v 0.161105 0.150110 0.046823
v 0.238478 0.045750 0.200225
v 0.099544 0.150330 0.023951
v 0.072005 0.148744 -0.036049
v 0.230146 0.633223 0.059379
v 0.093363 0.642839 0.066290
v 0.048507 0.661240 -0.003238
v 0.268153 0.647615 -0.038533
v 0.156267 0.639360 0.104077
v 0.223388 0.647609 -0.118277
v 0.146799 0.651102 -0.156213
v 0.306016 0.950391 -0.026894
v 0.260056 0.956154 -0.128048
v 0.164941 0.959998 0.163473
v 0.266367 0.956913 0.117438
v 0.060724 0.966255 0.124498
v 0.015192 0.963601 -0.016892
v 0.155839 0.962411 -0.167023
v 0.054402 0.965495 -0.120977
v 0.064159 0.197979 -0.042046
v 0.091124 0.200802 0.017831
v 0.273911 0.236995 -0.046763
v 0.246789 0.234176 -0.080703
v 0.157512 0.211027 -0.104301
v 0.087154 0.196489 -0.077557
v 0.250634 0.238511 0.014453
v 0.162894 0.217151 0.041088
v 0.146194 -0.003265 -0.134955
v 0.284875 -0.003485 -0.112676
v 0.316491 0.006517 -0.043576
v 0.293640 0.000981 0.017543
v 0.085372 -0.002002 -0.098384
v 0.159549 0.002573 0.045436
v 0.154374 0.000713 -0.038180
v 0.080644 -0.019964 0.030800
v 0.070464 0.001146 -0.036815
v 0.176198 0.066593 0.209653
v 0.114458 0.064124 0.188614
v 0.283949 -0.005456 0.187849
v 0.149787 -0.003871 0.215815
v 0.066609 -0.019901 0.190483
v 0.224915 0.049308 0.284183
v 0.165526 0.072144 0.301071
v 0.108796 0.056904 0.288584
v 0.278081 -0.015345 0.289448
v 0.143919 -0.013760 0.317414
v 0.082385 -0.013560 0.294746
v 0.297729 0.077358 -0.068512
v 0.269478 0.067354 -0.131159
v 0.274837 0.071838 0.005614
v 0.090193 0.065179 0.016194
v 0.071375 0.074932 -0.061183
v 0.150373 0.070504 -0.158980
v 0.094076 0.072452 -0.104633
v 0.261214 0.020147 0.218644
v 0.090533 0.022111 0.213190
v 0.154723 0.029192 0.358639
v 0.251498 0.016982 0.331386
v 0.095590 0.021672 0.337279
vn -0.0000 0.0364 0.9993
vn 0.0003 -0.5204 0.8539
vn -0.4276 -0.1432 0.8926
vn -0.7643 -0.3352 0.5510
vn -0.0000 -0.0285 -0.9996
vn -0.0003 -0.0154 -0.9999
vn -0.6533 0.0133 -0.7570
vn -0.7577 -0.0911 -0.6463
vn 0.0002 0.0913 0.9958
vn -0.8078 -0.0486 -0.5874
vn -0.7113 0.0443 0.7015
vn -0.0001 0.0055 -1.0000
vn -0.0000 0.2870 0.9579
vn -0.2921 0.5577 0.7770
vn -0.0000 0.5986 -0.8010
vn -0.5916 0.5742 -0.5660
vn -0.0000 0.2564 0.9666
vn -0.1818 0.6520 0.7361
vn -0.0000 0.9580 -0.2868
vn -0.3114 0.9403 0.1376
vn -0.0000 -0.2549 0.9670
vn -0.7724 0.1684 0.6123
vn -0.0000 0.9732 -0.2299
vn -0.6885 0.7111 0.1427
vn -0.0000 -0.3839 0.9234
vn -0.7159 -0.0784 0.6937
vn -0.0000 0.9821 0.1884
vn -0.7901 0.5646 0.2386
vn -0.8508 -0.2431 -0.4658
vn -0.8159 -0.5781 0.0038
vn -0.9754 -0.1733 0.1360
vn -0.1496 0.9246 0.3503
vn -0.4034 0.8790 0.2542
vn -0.7993 0.3967 -0.4513
vn -0.6642 -0.4272 0.6135
vn -0.3954 0.4408 0.8058
vn -0.9906 -0.0064 0.1367
vn 0.1107 -0.3744 -0.9206
vn 0.0758 -0.9936 -0.0838
vn 0.0390 0.9876 0.1522
vn 0.0963 0.5955 -0.7976
vn 0.0868 -0.5381 0.8384
vn 0.0830 0.3996 0.9129
vn 0.1057 -0.4857 -0.8677
vn -0.0061 -0.9952 -0.0975
vn 0.1358 0.9829 0.1240
vn 0.1015 0.6170 -0.7804
vn 0.0094 -0.7234 0.6903
vn 0.1670 0.3394 0.9257
vn -0.0240 -0.7500 -0.6611
vn -0.3399 -0.8439 -0.4151
vn -0.0190 0.9990 -0.0403
vn -0.0246 0.4924 -0.8700
vn -0.2124 -0.1650 0.9632
vn 0.0311 0.5209 0.8530
vn -0.1095 -0.4577 -0.8823
vn -0.0807 0.6000 -0.7959
vn -0.1463 -0.6344 0.7591
vn -0.1227 -0.9853 -0.1185
vn -0.1208 0.3975 0.9096
vn -0.0827 0.9894 0.1194
vn -0.0556 0.6367 -0.7691
vn -0.0612 0.9882 0.1406
vn -0.0820 0.4433 0.8926
vn -0.0855 -0.5334 0.8415
vn -0.0814 -0.9936 -0.0785
vn -0.0584 -0.3939 -0.9173
vn 0.0711 0.6241 -0.7781
vn 0.0391 -0.9952 -0.0898
vn 0.0798 0.9891 0.1237
vn 0.0834 -0.4380 -0.8951
vn 0.0852 -0.5755 0.8133
vn 0.0667 0.4513 0.8899
vn -0.6264 -0.6329 -0.4550
vn -0.7418 -0.6575 0.1320
vn -0.6875 0.7242 -0.0544
vn -0.6553 0.3871 -0.6486
vn -0.6798 -0.5692 0.4624
vn -0.6086 0.3313 0.7209
vn 0.3636 -0.5304 0.7658
vn 0.1799 -0.9697 -0.1655
vn 0.3054 0.3594 0.8818
vn 0.1347 0.5495 -0.8246
vn 0.2271 0.9726 0.0493
vn 0.1636 -0.5931 -0.7883
vn -0.7737 0.2189 -0.5945
vn -0.9416 -0.0941 0.3234
vn 0.3412 -0.8947 0.2882
vn 0.2537 -0.7320 -0.6323
vn -0.4931 -0.8363 0.2399
vn -0.1208 -0.7500 -0.6503
vn -0.2997 -0.6686 -0.6806
vn 0.1934 -0.1201 0.9737
vn -0.5651 0.4481 0.6927
vn 0.1312 -0.3139 0.9403
vn 0.5808 -0.5891 0.5617
vn -0.9758 -0.2022 0.0837
vn -0.2046 -0.1258 -0.9707
vn 0.1147 -0.1440 0.9829
vn -0.1515 0.0358 -0.9878
vn -0.3452 -0.4585 0.8189
vn -0.3013 0.0872 0.9495
vn -0.2430 -0.0614 -0.9681
vn 0.0345 0.4336 0.9004
vn -0.2317 0.6305 -0.7408
vn -0.0976 0.4110 0.9064
vn -0.3063 0.9437 -0.1247
vn -0.3653 -0.2954 0.8827
vn -0.3865 0.9069 -0.1675
vn -0.3364 -0.2197 0.9158
vn -0.3639 0.9207 0.1412
vn -0.7641 -0.0683 -0.6414
vn 0.0001 0.0432 0.9991
vn -0.6772 -0.1247 0.7251
vn -0.0000 -0.2747 -0.9615
vn -0.9912 0.0124 0.1320
vn -0.0447 -0.1643 0.9854
vn -0.1726 -0.1907 -0.9664
vn -0.9737 -0.1025 -0.2034
vn -0.7527 0.6357 -0.1712
vn -0.9536 -0.2816 0.1069
vn -0.8515 -0.1237 0.5095
vn -0.4492 0.8460 0.2872
vn -0.5632 0.4501 0.6930
vn -0.1080 -0.5514 -0.8272
vn -0.6412 -0.4746 -0.6030
vn -0.0015 -0.9821 -0.1883
vn -0.0004 -0.7223 -0.6916
vn -0.9258 -0.3706 0.0749
vn -0.6926 -0.5581 0.4571
vn -0.2747 -0.7830 0.5581
vn 0.0001 -0.9358 0.3525
vn -0.1047 -0.0034 -0.9945
vn -0.0842 -0.5052 0.8589
vn -0.0359 -0.0222 -0.9991
vn -0.2281 0.5829 -0.7799
vn -0.2704 0.9358 -0.2261
vn -0.2235 0.9453 -0.2377
vn -0.1561 0.9659 0.2068
vn 0.0620 -0.1266 -0.9900
vn 0.1340 -0.0144 0.9909
vn -0.1128 0.0670 0.9914
vn 0.0476 0.3288 0.9432
vn -0.0710 0.2974 0.9521
vn -0.3361 -0.2950 0.8944
vn -0.3158 -0.2397 0.9181
vn 0.0177 -0.0191 0.9997
vn -0.0129 -0.2316 -0.9727
vn 0.1465 -0.8945 0.4225
vn 0.7677 -0.6355 -0.0829
vn 0.4559 -0.5968 -0.6603
vn 0.0157 -0.5520 -0.8337
vn -0.6190 -0.4818 -0.6203
vn -0.9446 -0.3158 -0.0894
vn -0.7970 -0.3618 0.4836
vn 0.7431 -0.3793 -0.5513
vn -0.1139 -0.6382 0.7614
vn 0.0300 -0.1465 -0.9888
vn 0.7618 -0.4792 0.4359
vn 0.9741 -0.2194 -0.0541
vn 0.0728 0.0425 -0.9964
vn -0.7150 -0.0003 -0.6991
vn -0.9884 -0.1513 0.0104
vn -0.7087 -0.2870 0.6445
vn 0.7891 -0.0162 -0.6140
vn 0.0023 -0.3097 0.9508
vn 0.6918 -0.2457 0.6790
vn 0.9915 -0.1192 0.0523
vn -0.5801 -0.0246 -0.8142
vn -0.9715 0.1923 -0.1388
vn -0.6718 0.1016 0.7337
vn 0.6646 -0.1066 -0.7396
vn -0.0165 -0.0173 0.9997
vn 0.7499 0.2448 -0.6146
vn 0.6725 -0.0284 0.7395
vn 0.9983 -0.0369 -0.0458
vn 0.7207 0.0455 -0.6918
vn 0.9994 0.0275 -0.0220
vn -0.7565 -0.1034 0.6458
vn -0.9958 0.0051 -0.0912
vn -0.0146 -0.1801 0.9835
vn 0.7176 -0.1150 0.6869
vn -0.6577 0.0281 -0.7528
vn 0.0356 0.0221 -0.9991
vn 0.1248 0.2807 -0.9517
vn -0.5636 0.3287 -0.7578
vn -0.9816 0.1766 -0.0730
vn -0.7653 0.3424 0.5451
vn 0.6946 0.0969 -0.7128
vn 0.0004 0.5859 0.8103
vn -0.6390 0.7350 0.2268
vn 0.7804 0.2256 0.5832
vn 0.9988 -0.0413 -0.0250
vn -0.7381 -0.2638 0.6209
vn 0.7019 -0.2134 0.6796
vn 0.9940 0.0368 0.1032
vn -0.9948 0.0362 -0.0954
vn 0.0162 -0.4134 0.9104
vn -0.6791 0.2168 -0.7013
vn 0.0573 0.2860 -0.9565
vn -0.9924 -0.0997 -0.0722
vn -0.6875 -0.1230 -0.7157
vn -0.0270 -0.0690 0.9973
vn -0.7633 -0.0761 0.6415
vn 0.7370 -0.0391 0.6748
vn 0.9986 -0.0519 -0.0105
vn 0.0510 -0.1127 -0.9923
vn 0.7522 -0.0877 -0.6531
vn 0.9964 -0.0105 -0.0838
vn 0.7033 0.0468 0.7093
vn -0.9524 0.2645 -0.1516
vn -0.5712 0.1188 -0.8122
vn 0.0549 -0.0353 -0.9979
vn 0.6498 -0.0507 -0.7584
vn -0.6935 0.2308 0.6825
vn 0.0206 0.0820 0.9964
vn 0.1870 -0.7332 -0.6538
vn -0.5296 -0.6693 -0.5212
vn -0.8676 -0.4958 0.0391
vn -0.7697 -0.6205 0.1503
vn 0.6317 -0.6569 -0.4117
vn -0.0902 -0.9948 -0.0472
vn -0.0438 -0.9990 -0.0102
vn 0.6396 -0.7687 -0.0053
vn 0.7839 -0.6203 -0.0261
vn -0.0925 0.9727 0.2127
vn 0.6610 0.7181 0.2180
vn -0.8419 -0.5380 0.0434
vn -0.0696 -0.9966 -0.0441
vn 0.7600 -0.6498 0.0110
vn -0.4937 0.8459 0.2017
vn -0.0549 0.9506 0.3054
vn 0.5815 0.7943 0.1756
vn -0.8191 -0.4974 0.2858
vn 0.0242 -0.9113 0.4110
vn 0.7494 -0.5956 0.2893
vn -0.9413 0.2955 -0.1633
vn -0.5343 0.2125 -0.8182
vn -0.9158 0.3047 0.2616
vn 0.9712 0.1549 0.1811
vn 0.9850 0.0860 -0.1499
vn 0.1793 0.1919 -0.9649
vn 0.7454 0.1614 -0.6468
vn -0.8190 0.5625 0.1137
vn 0.9320 0.3594 0.0467
vn 0.0320 0.1316 0.9908
vn -0.6101 0.1027 0.7857
vn 0.6759 0.1093 0.7289
vn 0.4276 -0.1432 0.8926
vn 0.7650 -0.3352 0.5499
vn 0.6533 0.0133 -0.7570
vn 0.7564 -0.0906 -0.6478
vn 0.8078 -0.0486 -0.5875
vn 0.7109 0.0446 0.7019
vn 0.2921 0.5577 0.7770
vn 0.5916 0.5742 -0.5660
vn 0.1818 0.6520 0.7361
vn 0.3114 0.9403 0.1376
vn 0.7724 0.1684 0.6123
vn 0.6885 0.7111 0.1427
vn 0.7159 -0.0784 0.6937
vn 0.7901 0.5646 0.2386
vn 0.8508 -0.2431 -0.4658
vn 0.8159 -0.5781 0.0038
vn 0.9754 -0.1733 0.1361
vn 0.1496 0.9246 0.3503
vn 0.4034 0.8790 0.2542
vn 0.7993 0.3967 -0.4513
vn 0.6642 -0.4272 0.6135
vn 0.3954 0.4408 0.8058
vn 0.9906 -0.0064 0.1368
vn -0.1107 -0.3744 -0.9206
vn -0.0758 -0.9936 -0.0838
vn -0.0390 0.9876 0.1522
vn -0.0963 0.5955 -0.7976
vn -0.0868 -0.5381 0.8384
vn -0.0830 0.3996 0.9129
vn -0.1057 -0.4857 -0.8677
vn 0.0061 -0.9952 -0.0975
vn -0.1358 0.9829 0.1240
vn -0.1015 0.6170 -0.7804
vn -0.0094 -0.7234 0.6903
vn -0.1670 0.3394 0.9257
vn 0.0240 -0.7500 -0.6611
vn 0.3399 -0.8439 -0.4151
vn 0.0190 0.9990 -0.0403
vn 0.0246 0.4924 -0.8700
vn 0.2124 -0.1650 0.9632
vn -0.0311 0.5209 0.8530
vn 0.1095 -0.4577 -0.8823
vn 0.0807 0.6000 -0.7959
vn 0.1463 -0.6344 0.7591
vn 0.1227 -0.9853 -0.1185
vn 0.1208 0.3975 0.9096
vn 0.0827 0.9894 0.1194
vn 0.0556 0.6367 -0.7691
vn 0.0612 0.9882 0.1406
vn 0.0820 0.4433 0.8926
vn 0.0855 -0.5334 0.8415
vn 0.0814 -0.9936 -0.0785
vn 0.0584 -0.3939 -0.9173
vn -0.0711 0.6241 -0.7781
vn -0.0391 -0.9952 -0.0898
vn -0.0798 0.9891 0.1237
vn -0.0834 -0.4380 -0.8951
vn -0.0852 -0.5755 0.8133
vn -0.0667 0.4513 0.8899
vn 0.6264 -0.6329 -0.4550
vn 0.7418 -0.6575 0.1320
vn 0.6875 0.7242 -0.0544
vn 0.6553 0.3871 -0.6486
vn 0.6798 -0.5692 0.4624
vn 0.6086 0.3313 0.7209
vn -0.3636 -0.5304 0.7658
vn -0.1799 -0.9697 -0.1655
vn -0.3054 0.3594 0.8818
vn -0.1347 0.5495 -0.8246
vn -0.2271 0.9726 0.0493
vn -0.1636 -0.5931 -0.7883
vn 0.7738 0.2189 -0.5945
vn 0.9416 -0.0941 0.3234
vn -0.3412 -0.8947 0.2882
vn -0.2537 -0.7320 -0.6323
vn 0.4931 -0.8363 0.2399
vn 0.1208 -0.7500 -0.6504
vn 0.2997 -0.6686 -0.6806
vn -0.1934 -0.1201 0.9737
vn 0.5651 0.4481 0.6927
vn -0.1312 -0.3139 0.9403
vn -0.5808 -0.5892 0.5617
vn 0.9759 -0.2019 0.0830
vn 0.2035 -0.1258 -0.9710
vn -0.1147 -0.1440 0.9829
vn 0.1515 0.0358 -0.9878
vn 0.3465 -0.4585 0.8183
vn 0.3017 0.0873 0.9494
vn 0.2427 -0.0612 -0.9682
vn -0.0345 0.4336 0.9004
vn 0.2317 0.6305 -0.7408
vn 0.0976 0.4110 0.9064
vn 0.3063 0.9437 -0.1247
vn 0.3653 -0.2954 0.8827
vn 0.3865 0.9069 -0.1675
vn 0.3364 -0.2197 0.9158
vn 0.3639 0.9207 0.1412
vn 0.7642 -0.0683 -0.6414
vn 0.6771 -0.1248 0.7253
vn 0.9911 0.0123 0.1322
vn 0.0445 -0.1643 0.9854
vn 0.1726 -0.1907 -0.9664
vn 0.9737 -0.1025 -0.2034
vn 0.7527 0.6357 -0.1712
vn 0.9536 -0.2816 0.1069
vn 0.8515 -0.1237 0.5095
vn 0.4492 0.8460 0.2872
vn 0.5632 0.4501 0.6930
vn 0.1069 -0.5515 -0.8273
vn 0.6413 -0.4740 -0.6034
vn 0.9260 -0.3701 0.0743
vn 0.6927 -0.5586 0.4563
vn 0.2754 -0.7833 0.5573
vn 0.1047 -0.0034 -0.9945
vn 0.0849 -0.5053 0.8588
vn 0.0357 -0.0221 -0.9991
vn 0.2281 0.5829 -0.7799
vn 0.2704 0.9358 -0.2261
vn 0.2235 0.9453 -0.2377
vn 0.1561 0.9659 0.2068
vn -0.0625 -0.1262 -0.9900
vn -0.1340 -0.0144 0.9909
vn 0.1132 0.0671 0.9913
vn -0.0476 0.3288 0.9432
vn 0.0710 0.2974 0.9521
vn 0.3361 -0.2950 0.8944
vn 0.3158 -0.2397 0.9181
vn -0.0176 -0.0191 0.9997
vn 0.0129 -0.2316 -0.9727
vn -0.1459 -0.8945 0.4226
vn -0.7667 -0.6368 -0.0814
vn -0.4573 -0.5965 -0.6596
vn -0.0160 -0.5520 -0.8337
vn 0.6192 -0.4814 -0.6204
vn 0.9446 -0.3156 -0.0897
vn 0.7970 -0.3620 0.4835
vn -0.7430 -0.3804 -0.5507
vn 0.1142 -0.6382 0.7613
vn -0.0300 -0.1466 -0.9887
vn -0.7609 -0.4797 0.4369
vn -0.9740 -0.2202 -0.0531
vn -0.0728 0.0425 -0.9964
vn 0.7150 -0.0003 -0.6991
vn 0.9884 -0.1513 0.0104
vn 0.7087 -0.2870 0.6445
vn -0.7891 -0.0162 -0.6140
vn -0.0023 -0.3097 0.9508
vn -0.6918 -0.2457 0.6790
vn -0.9915 -0.1192 0.0523
vn 0.5802 -0.0248 -0.8141
vn 0.9715 0.1922 -0.1388
vn 0.6718 0.1018 0.7337
vn -0.6646 -0.1067 -0.7395
vn 0.0165 -0.0170 0.9997
vn -0.7499 0.2448 -0.6146
vn -0.6726 -0.0282 0.7395
vn -0.9983 -0.0369 -0.0458
vn -0.7207 0.0455 -0.6918
vn -0.9994 0.0275 -0.0220
vn 0.7565 -0.1034 0.6458
vn 0.9958 0.0051 -0.0912
vn 0.0146 -0.1801 0.9835
vn -0.7176 -0.1150 0.6869
vn 0.6577 0.0281 -0.7528
vn -0.0356 0.0221 -0.9991
vn -0.1248 0.2800 -0.9519
vn 0.5639 0.3282 -0.7578
vn 0.9816 0.1767 -0.0731
vn 0.7652 0.3428 0.5449
vn -0.6948 0.0964 -0.7127
vn -0.0004 0.5866 0.8099
vn 0.6390 0.7350 0.2268
vn -0.7804 0.2263 0.5829
vn -0.9988 -0.0411 -0.0250
vn 0.7381 -0.2638 0.6209
vn -0.7019 -0.2134 0.6796
vn -0.9940 0.0368 0.1032
vn 0.9948 0.0362 -0.0954
vn -0.0162 -0.4134 0.9104
vn 0.6791 0.2168 -0.7013
vn -0.0573 0.2860 -0.9565
vn 0.9924 -0.0997 -0.0723
vn 0.6875 -0.1229 -0.7157
vn 0.0270 -0.0689 0.9973
vn 0.7633 -0.0761 0.6415
vn -0.7369 -0.0390 0.6749
vn -0.9986 -0.0520 -0.0102
vn -0.0510 -0.1126 -0.9923
vn -0.7523 -0.0878 -0.6530
vn -0.9964 -0.0105 -0.0838
vn -0.7034 0.0475 0.7092
vn 0.9524 0.2645 -0.1515
vn 0.5714 0.1185 -0.8120
vn -0.0548 -0.0355 -0.9979
vn -0.6501 -0.0510 -0.7582
vn 0.6934 0.2313 0.6824
vn -0.0207 0.0829 0.9963
vn -0.1869 -0.7333 -0.6537
vn 0.5295 -0.6693 -0.5212
vn 0.8676 -0.4958 0.0390
vn 0.7697 -0.6205 0.1502
vn -0.6316 -0.6569 -0.4118
vn 0.0902 -0.9948 -0.0472
vn 0.0438 -0.9990 -0.0102
vn -0.6395 -0.7688 -0.0054
vn -0.7839 -0.6204 -0.0261
vn 0.0925 0.9727 0.2127
vn -0.6609 0.7181 0.2180
vn 0.8418 -0.5380 0.0434
vn 0.0696 -0.9966 -0.0441
vn -0.7600 -0.6499 0.0110
vn 0.4937 0.8459 0.2017
vn 0.0549 0.9506 0.3054
vn -0.5815 0.7943 0.1756
vn 0.8191 -0.4974 0.2858
vn -0.0242 -0.9113 0.4110
vn -0.7494 -0.5956 0.2893
vn 0.9413 0.2954 -0.1634
vn 0.5343 0.2121 -0.8183
vn 0.9158 0.3048 0.2615
vn -0.9712 0.1550 0.1810
vn -0.9850 0.0859 -0.1500
vn -0.1792 0.1913 -0.9650
vn -0.7453 0.1609 -0.6470
vn 0.8190 0.5625 0.1137
vn -0.9320 0.3594 0.0467
vn -0.0320 0.1316 0.9908
vn 0.6101 0.1027 0.7857
vn -0.6759 0.1093 0.7289
vt 0.889856 0.778686
vt 0.912748 0.777910
vt 0.909965 0.832376
vt 0.887183 0.832086
vt 0.826572 0.370630
vt 0.830978 0.386689
vt 0.787310 0.373057
vt 0.788290 0.366233
vt 0.698202 0.365267
vt 0.696925 0.374403
vt 0.692594 0.374036
vt 0.693465 0.365489
vt 0.817791 0.274300
vt 0.782928 0.268000
vt 0.782035 0.263129
vt 0.815191 0.265618
vt 0.843150 0.369847
vt 0.844746 0.384107
vt 0.834891 0.272104
vt 0.839676 0.305980
vt 0.822222 0.311124
vt 0.721378 0.271400
vt 0.714043 0.313226
vt 0.699438 0.309908
vt 0.704046 0.274737
vt 0.793442 0.316524
vt 0.714280 0.432938
vt 0.743901 0.431548
vt 0.717474 0.459255
vt 0.700118 0.455926
vt 0.716618 0.376488
vt 0.740687 0.378949
vt 0.859175 0.383922
vt 0.870614 0.383207
vt 0.873624 0.405912
vt 0.862769 0.408383
vt 0.700929 0.475552
vt 0.689441 0.470226
vt 0.796038 0.488218
vt 0.818910 0.455325
vt 0.819848 0.425153
vt 0.848743 0.437632
vt 0.833835 0.476141
vt 0.875645 0.421364
vt 0.867330 0.423721
vt 0.860876 0.454129
vt 0.856323 0.468728
vt 0.878640 0.444385
vt 0.877053 0.444773
vt 0.875232 0.457668
vt 0.877992 0.471097
vt 0.870521 0.468302
vt 0.871182 0.459917
vt 0.880119 0.455790
vt 0.879109 0.456083
vt 0.878649 0.480766
vt 0.869442 0.480019
vt 0.939460 0.779546
vt 0.938429 0.833677
vt 0.784459 0.385346
vt 0.813922 0.398021
vt 0.804125 0.400591
vt 0.782735 0.386650
vt 0.751733 0.393200
vt 0.759923 0.399134
vt 0.751864 0.434811
vt 0.760096 0.428312
vt 0.810481 0.428080
vt 0.807089 0.451790
vt 0.803287 0.449154
vt 0.806477 0.428990
vt 0.794379 0.479042
vt 0.789505 0.468796
vt 0.742235 0.372177
vt 0.844973 0.930704
vt 0.866179 0.931667
vt 0.867540 0.957681
vt 0.850670 0.959283
vt 0.928219 0.929868
vt 0.948216 0.933823
vt 0.941360 0.962444
vt 0.923131 0.958809
vt 0.854212 0.779089
vt 0.858586 0.833293
vt 0.799569 0.785435
vt 0.826972 0.781056
vt 0.833125 0.834969
vt 0.806961 0.837141
vt 0.976018 0.782278
vt 0.966237 0.835701
vt 0.971924 0.553517
vt 0.969395 0.572113
vt 0.950959 0.574079
vt 0.950031 0.552900
vt 0.962148 0.552952
vt 0.966681 0.675213
vt 0.960667 0.692916
vt 0.947960 0.686819
vt 0.938746 0.682549
vt 0.947892 0.671768
vt 0.885931 0.931124
vt 0.886178 0.957120
vt 0.906188 0.927156
vt 0.903405 0.956142
vt 0.827071 0.934413
vt 0.835093 0.962444
vt 0.954668 0.516697
vt 0.953754 0.535422
vt 0.916115 0.531939
vt 0.914994 0.519929
vt 0.953963 0.589212
vt 0.920483 0.589983
vt 0.917798 0.570546
vt 0.973359 0.587795
vt 0.974941 0.609191
vt 0.951124 0.615535
vt 0.978355 0.519267
vt 0.976494 0.535197
vt 0.964793 0.534925
vt 0.978678 0.628703
vt 0.955419 0.634653
vt 0.806481 0.854858
vt 0.833984 0.850627
vt 0.888429 0.859578
vt 0.910350 0.858056
vt 0.936398 0.860899
vt 0.859691 0.851237
vt 0.969328 0.853549
vt 0.821388 0.732507
vt 0.850655 0.730510
vt 0.942980 0.735488
vt 0.981161 0.732698
vt 0.789431 0.737781
vt 0.886924 0.735255
vt 0.913114 0.735324
vt 0.900734 0.599993
vt 0.903493 0.575729
vt 0.898180 0.612116
vt 0.913945 0.615019
vt 0.915525 0.630536
vt 0.917406 0.556091
vt 0.983838 0.606236
vt 0.987148 0.624430
vt 0.987148 0.521880
vt 0.984609 0.537433
vt 0.978373 0.571178
vt 0.981363 0.587344
vt 0.980246 0.553261
vt 0.931495 0.675899
vt 0.940224 0.670778
vt 0.936198 0.708939
vt 0.928656 0.700469
vt 0.932331 0.686441
vt 0.937979 0.693397
vt 0.918706 0.659328
vt 0.935544 0.652440
vt 0.934304 0.661155
vt 0.924939 0.673330
vt 0.920044 0.664770
vt 0.942443 0.655355
vt 0.954151 0.658370
vt 0.965612 0.661665
vt 0.920218 0.682984
vt 0.918706 0.689412
vt 0.753476 0.319965
vt 0.753358 0.277663
vt 0.882583 0.480468
vt 0.881300 0.470843
vt 0.869719 0.447711
vt 0.862612 0.427970
vt 0.847054 0.414368
vt 0.687391 0.452497
vt 0.683981 0.469263
vt 0.691521 0.432530
vt 0.728586 0.317468
vt 0.731225 0.270952
vt 0.845389 0.270049
vt 0.850061 0.302623
vt 0.857784 0.368191
vt 0.828676 0.262711
vt 0.718218 0.368507
vt 0.755144 0.266202
vt 0.738800 0.260009
vt 0.744767 0.245369
vt 0.761181 0.250956
vt 0.778019 0.252309
vt 0.803326 0.254194
vt 0.835640 0.212053
vt 0.840873 0.209270
vt 0.850357 0.254775
vt 0.840896 0.257056
vt 0.707668 0.249446
vt 0.722084 0.251775
vt 0.853020 0.268327
vt 0.712916 0.214890
vt 0.718608 0.214081
vt 0.729740 0.214480
vt 0.732279 0.233038
vt 0.858973 0.301325
vt 0.868384 0.366859
vt 0.686660 0.432447
vt 0.684646 0.451728
vt 0.682823 0.469045
vt 0.882067 0.470780
vt 0.883309 0.480360
vt 0.813543 0.154254
vt 0.796396 0.151136
vt 0.806478 0.111643
vt 0.820855 0.113691
vt 0.906449 0.155629
vt 0.885290 0.158980
vt 0.879311 0.120186
vt 0.896395 0.118661
vt 0.830355 0.155835
vt 0.838994 0.117774
vt 0.869098 0.158967
vt 0.852320 0.158546
vt 0.855767 0.119112
vt 0.868337 0.121586
vt 0.831137 0.237865
vt 0.826078 0.212067
vt 0.819489 0.248201
vt 0.867848 0.090475
vt 0.851678 0.088970
vt 0.855108 0.046762
vt 0.867176 0.047321
vt 0.883655 0.088956
vt 0.878865 0.046892
vt 0.912091 0.085810
vt 0.898560 0.089009
vt 0.890443 0.045634
vt 0.897557 0.044252
vt 0.836048 0.089349
vt 0.842748 0.045507
vt 0.939430 0.148877
vt 0.922843 0.153321
vt 0.914295 0.113549
vt 0.926728 0.110079
vt 0.905740 0.032438
vt 0.894558 0.032350
vt 0.893634 0.025039
vt 0.903085 0.022825
vt 0.838304 0.036617
vt 0.824639 0.033064
vt 0.824673 0.023330
vt 0.839486 0.022825
vt 0.888673 0.033219
vt 0.879380 0.034079
vt 0.878088 0.026702
vt 0.887524 0.026190
vt 0.844372 0.036693
vt 0.845607 0.024337
vt 0.821506 0.086684
vt 0.834908 0.044318
vt 0.806615 0.084172
vt 0.824102 0.042530
vt 0.926328 0.082430
vt 0.908105 0.041888
vt 0.926105 0.101044
vt 0.914019 0.104022
vt 0.820768 0.104128
vt 0.806739 0.102699
vt 0.895284 0.109148
vt 0.880867 0.109311
vt 0.835891 0.107279
vt 0.853832 0.108397
vt 0.868419 0.110822
vt 0.722969 0.632252
vt 0.738715 0.633317
vt 0.738983 0.642109
vt 0.720396 0.643280
vt 0.753684 0.578366
vt 0.749487 0.564951
vt 0.763032 0.557061
vt 0.763963 0.569637
vt 0.689363 0.576957
vt 0.683216 0.587758
vt 0.672876 0.579178
vt 0.679536 0.567133
vt 0.725289 0.565225
vt 0.708597 0.568678
vt 0.710982 0.530219
vt 0.724115 0.530900
vt 0.853540 0.037978
vt 0.855008 0.024204
vt 0.867957 0.036581
vt 0.868772 0.026476
vt 0.885264 0.187925
vt 0.869135 0.186431
vt 0.931237 0.182818
vt 0.913685 0.184051
vt 0.851376 0.186545
vt 0.823936 0.184744
vt 0.948292 0.179301
vt 0.806552 0.184437
vt 0.789331 0.181990
vt 0.738694 0.654820
vt 0.715329 0.653253
vt 0.737888 0.666843
vt 0.718364 0.662295
vt 0.748035 0.645165
vt 0.750919 0.654174
vt 0.749964 0.664724
vt 0.749235 0.633580
vt 0.695997 0.564588
vt 0.684973 0.556635
vt 0.757284 0.586011
vt 0.768644 0.579607
vt 0.751623 0.688335
vt 0.739074 0.691764
vt 0.744289 0.527928
vt 0.736572 0.534665
vt 0.735583 0.517071
vt 0.739424 0.507888
vt 0.706019 0.524949
vt 0.698153 0.527997
vt 0.703634 0.510812
vt 0.712554 0.506364
vt 0.719346 0.687508
vt 0.735433 0.569593
vt 0.738119 0.715114
vt 0.723859 0.710646
vt 0.720110 0.702631
vt 0.739643 0.706509
vt 0.746966 0.711966
vt 0.748715 0.703688
vt 0.726902 0.515521
vt 0.716827 0.515987
vt 0.729241 0.504261
vt 0.753585 0.529489
vt 0.746935 0.513063
vt 0.743362 0.586283
vt 0.740352 0.579654
vt 0.703142 0.578942
vt 0.741075 0.620832
vt 0.751623 0.620782
vt 0.699466 0.585792
vt 0.725838 0.618738
vt 0.656263 0.777866
vt 0.658935 0.831267
vt 0.636153 0.831556
vt 0.633370 0.777090
vt 0.910088 0.359049
vt 0.946009 0.345409
vt 0.948175 0.351516
vt 0.909988 0.376144
vt 0.688875 0.364314
vt 0.688278 0.373523
vt 0.889274 0.260255
vt 0.887830 0.250598
vt 0.917986 0.231347
vt 0.920161 0.236231
vt 0.893614 0.362836
vt 0.895900 0.377227
vt 0.871572 0.265081
vt 0.898440 0.299209
vt 0.879117 0.299720
vt 0.688147 0.266762
vt 0.684318 0.309615
vt 0.932954 0.295095
vt 0.659601 0.427235
vt 0.668651 0.452616
vt 0.651011 0.452240
vt 0.631098 0.419728
vt 0.668559 0.371651
vt 0.644595 0.369433
vt 0.881855 0.380861
vt 0.884757 0.405493
vt 0.676106 0.468819
vt 0.663765 0.471624
vt 0.969727 0.465815
vt 0.930071 0.463706
vt 0.905841 0.430218
vt 0.930657 0.410776
vt 0.939236 0.439770
vt 0.884289 0.421509
vt 0.906427 0.462244
vt 0.898307 0.449278
vt 0.880273 0.444356
vt 0.885324 0.456362
vt 0.889814 0.457504
vt 0.892590 0.465441
vt 0.886084 0.470048
vt 0.881171 0.455817
vt 0.887917 0.479560
vt 0.896624 0.476488
vt 0.607689 0.832857
vt 0.606659 0.778726
vt 0.954681 0.362904
vt 0.956829 0.363630
vt 0.939693 0.382959
vt 0.929538 0.382981
vt 0.631060 0.381210
vt 0.622149 0.385183
vt 0.603476 0.369237
vt 0.602238 0.367779
vt 0.622795 0.421277
vt 0.616140 0.413348
vt 0.940483 0.411237
vt 0.944596 0.411105
vt 0.952800 0.429829
vt 0.949786 0.433347
vt 0.971127 0.445354
vt 0.969006 0.456510
vt 0.601966 0.349618
vt 0.644290 0.362587
vt 0.602169 0.356557
vt 0.701145 0.929885
vt 0.695448 0.958464
vt 0.678578 0.956861
vt 0.679940 0.930848
vt 0.617899 0.929049
vt 0.622988 0.957989
vt 0.604758 0.961625
vt 0.597903 0.933004
vt 0.691906 0.778269
vt 0.687533 0.832474
vt 0.746550 0.784616
vt 0.739157 0.836322
vt 0.712994 0.834149
vt 0.719147 0.780236
vt 0.579881 0.834881
vt 0.570100 0.781458
vt 0.808620 0.552642
vt 0.818396 0.552077
vt 0.830513 0.552025
vt 0.829584 0.573204
vt 0.811148 0.571238
vt 0.814851 0.677194
vt 0.834132 0.672670
vt 0.841496 0.682078
vt 0.834828 0.688260
vt 0.821979 0.695220
vt 0.659940 0.956301
vt 0.660187 0.930304
vt 0.639930 0.926336
vt 0.642713 0.955322
vt 0.719047 0.933594
vt 0.711026 0.961625
vt 0.825876 0.515823
vt 0.865550 0.519054
vt 0.864429 0.531065
vt 0.826790 0.534547
vt 0.862745 0.569671
vt 0.860061 0.589109
vt 0.826581 0.588337
vt 0.807185 0.586920
vt 0.829420 0.614661
vt 0.805603 0.608316
vt 0.802189 0.518392
vt 0.815751 0.534050
vt 0.804050 0.534322
vt 0.825125 0.633779
vt 0.801866 0.627829
vt 0.739637 0.854039
vt 0.712135 0.849807
vt 0.657689 0.858758
vt 0.635768 0.857237
vt 0.609720 0.860079
vt 0.686427 0.850417
vt 0.576791 0.852729
vt 0.724731 0.731687
vt 0.695463 0.729691
vt 0.603138 0.734668
vt 0.564957 0.731879
vt 0.756688 0.736961
vt 0.659194 0.734436
vt 0.633004 0.734504
vt 0.877051 0.574854
vt 0.879810 0.599119
vt 0.882363 0.611241
vt 0.866599 0.614144
vt 0.865019 0.629662
vt 0.863138 0.555216
vt 0.796705 0.605362
vt 0.793396 0.623555
vt 0.793396 0.521005
vt 0.795935 0.536558
vt 0.802171 0.570304
vt 0.799181 0.586469
vt 0.800297 0.552386
vt 0.842021 0.672965
vt 0.848378 0.679836
vt 0.825796 0.701630
vt 0.843492 0.687278
vt 0.837387 0.700055
vt 0.856609 0.696881
vt 0.855033 0.690945
vt 0.855238 0.680141
vt 0.870644 0.686921
vt 0.876419 0.694648
vt 0.843480 0.657153
vt 0.850317 0.665182
vt 0.830583 0.657556
vt 0.818098 0.658475
vt 0.852636 0.697177
vt 0.626087 0.242642
vt 0.654346 0.263632
vt 0.642755 0.306959
vt 0.598821 0.294519
vt 0.884039 0.480278
vt 0.882823 0.470646
vt 0.888115 0.445325
vt 0.889943 0.424410
vt 0.901521 0.407238
vt 0.681801 0.451911
vt 0.681646 0.469016
vt 0.681886 0.431541
vt 0.678592 0.263541
vt 0.668793 0.310313
vt 0.860805 0.267112
vt 0.867909 0.299760
vt 0.878973 0.365236
vt 0.873709 0.253625
vt 0.668545 0.363521
vt 0.656359 0.251441
vt 0.655769 0.234451
vt 0.673318 0.234436
vt 0.674449 0.250486
vt 0.893349 0.234364
vt 0.914722 0.219699
vt 0.846780 0.209708
vt 0.859999 0.253220
vt 0.629378 0.237901
vt 0.638831 0.228732
vt 0.693171 0.247483
vt 0.707716 0.212448
vt 0.689034 0.226434
vt 0.696989 0.209508
vt 0.748913 0.154063
vt 0.741596 0.113503
vt 0.755972 0.111454
vt 0.766058 0.150943
vt 0.656008 0.155451
vt 0.666059 0.118480
vt 0.683143 0.120004
vt 0.677168 0.158799
vt 0.732102 0.155647
vt 0.723459 0.117588
vt 0.693361 0.158784
vt 0.694117 0.121403
vt 0.706687 0.118927
vt 0.710138 0.158360
vt 0.855569 0.205887
vt 0.861267 0.231611
vt 0.876088 0.236364
vt 0.694603 0.090292
vt 0.695274 0.047138
vt 0.707342 0.046578
vt 0.710773 0.088786
vt 0.678796 0.088774
vt 0.683585 0.046709
vt 0.650360 0.085629
vt 0.664892 0.044070
vt 0.672006 0.045451
vt 0.663891 0.088828
vt 0.719701 0.045323
vt 0.726403 0.089164
vt 0.623025 0.148703
vt 0.635723 0.109901
vt 0.648157 0.113370
vt 0.639614 0.153145
vt 0.656708 0.032255
vt 0.659362 0.022642
vt 0.668814 0.024855
vt 0.667891 0.032166
vt 0.724146 0.036433
vt 0.722964 0.022642
vt 0.737776 0.023148
vt 0.737810 0.032881
vt 0.673775 0.033036
vt 0.674925 0.026006
vt 0.684361 0.026518
vt 0.683069 0.033896
vt 0.718077 0.036509
vt 0.716843 0.024153
vt 0.727542 0.044135
vt 0.740944 0.086498
vt 0.738347 0.042346
vt 0.755834 0.083986
vt 0.636121 0.082250
vt 0.654343 0.041706
vt 0.636346 0.100865
vt 0.648432 0.103843
vt 0.741683 0.103942
vt 0.755711 0.102511
vt 0.667168 0.108967
vt 0.681586 0.109129
vt 0.726561 0.107093
vt 0.708621 0.108213
vt 0.694034 0.110639
vt 0.692283 0.630323
vt 0.694795 0.641085
vt 0.676654 0.639943
vt 0.676915 0.631362
vt 0.574873 0.576702
vt 0.564754 0.567787
vt 0.565915 0.555229
vt 0.579313 0.563365
vt 0.639209 0.576466
vt 0.649213 0.566823
vt 0.655653 0.578988
vt 0.645157 0.587377
vt 0.603503 0.564081
vt 0.605302 0.529783
vt 0.618445 0.529341
vt 0.620129 0.567838
vt 0.708909 0.037794
vt 0.707442 0.024020
vt 0.693677 0.026292
vt 0.694492 0.036398
vt 0.677199 0.187744
vt 0.693327 0.186248
vt 0.631223 0.182646
vt 0.648776 0.183875
vt 0.711087 0.186359
vt 0.738525 0.184553
vt 0.614165 0.179131
vt 0.755908 0.184243
vt 0.773128 0.181793
vt 0.699740 0.650820
vt 0.676936 0.652349
vt 0.696778 0.659644
vt 0.677722 0.664083
vt 0.667819 0.642926
vt 0.665004 0.651718
vt 0.665937 0.662015
vt 0.666648 0.631618
vt 0.632801 0.563978
vt 0.643968 0.556228
vt 0.571134 0.584280
vt 0.559892 0.577669
vt 0.676565 0.688406
vt 0.664317 0.685059
vt 0.585186 0.526443
vt 0.590416 0.506496
vt 0.594089 0.515747
vt 0.592779 0.533320
vt 0.623504 0.524163
vt 0.617309 0.505462
vt 0.626147 0.510072
vt 0.631313 0.527354
vt 0.695820 0.684252
vt 0.593281 0.568263
vt 0.677497 0.711195
vt 0.676010 0.702797
vt 0.695073 0.699013
vt 0.691415 0.706835
vt 0.668862 0.708123
vt 0.667155 0.700044
vt 0.602796 0.514356
vt 0.612861 0.515006
vt 0.600663 0.503055
vt 0.575863 0.527834
vt 0.582812 0.511533
vt 0.585048 0.584805
vt 0.588179 0.578233
vt 0.625395 0.578200
vt 0.674612 0.619177
vt 0.664317 0.619128
vt 0.628947 0.585116
vt 0.689483 0.617133
s 1
usemtl Material.001
f 64/1/64 63/2/63 40/3/40 43/4/43
f 114/5/114 3/6/3 31/7/31 116/8/116
f 148/9/148 133/10/133 5/11/5 115/12/115
f 4/13/4 97/14/97 129/15/129 130/16/130
f 117/17/117 99/18/99 3/6/3 114/5/114
f 101/19/101 102/20/102 11/21/11 4/13/4
f 140/22/140 135/23/135 12/24/12 6/25/6
f 4/13/4 11/21/11 37/26/37 97/14/97
f 105/27/105 16/28/16 20/29/20 107/30/107
f 100/31/100 7/32/7 16/28/16 105/27/105
f 141/33/141 1/34/1 13/35/13 143/36/143
f 107/30/107 20/29/20 24/37/24 109/38/109
f 16/39/16 32/40/32 14/41/14 18/42/18 20/43/20
f 143/36/143 13/35/13 17/44/17 144/45/144
f 20/43/20 18/42/18 22/46/22 24/47/24
f 144/45/144 17/44/17 21/48/21 145/49/145
f 110/50/110 111/51/111 28/52/28 26/53/26
f 145/49/145 21/48/21 25/54/25 146/55/146
f 109/56/109 24/57/24 28/52/28 111/51/111
f 24/47/24 22/46/22 26/53/26 28/52/28
f 63/2/63 62/58/62 41/59/41 40/3/40
f 121/60/121 122/61/122 35/62/35 30/63/30
f 119/64/119 121/60/121 30/63/30 29/65/29
f 120/66/120 119/64/119 29/65/29 34/67/34
f 124/68/124 123/69/123 33/70/33 36/71/36
f 122/61/122 124/68/124 36/71/36 35/62/35
f 123/69/123 120/72/120 34/73/34 33/70/33
f 116/8/116 31/7/31 7/32/7 112/74/112
f 59/75/59 58/76/58 48/77/48 45/78/45
f 57/79/57 56/80/56 44/81/44 47/82/47
f 65/83/65 64/1/64 43/4/43 42/84/42
f 67/85/67 66/86/66 39/87/39 38/88/38
f 62/58/62 67/89/67 38/90/38 41/59/41
f 66/86/66 65/83/65 42/84/42 39/87/39
f 80/91/80 82/92/82 55/93/55 54/94/54 93/95/93
f 81/96/81 80/97/80 96/98/96 88/99/88 89/100/89
f 58/76/58 60/101/60 49/102/49 48/77/48
f 61/103/61 57/79/57 47/82/47 46/104/46
f 60/101/60 61/103/61 46/104/46 49/102/49
f 56/105/56 59/75/59 45/78/45 44/106/44
f 50/107/50 51/108/51 75/109/75 74/110/74
f 55/93/55 52/111/52 76/112/76 79/113/79
f 84/114/84 83/115/83 53/116/53 52/111/52
f 82/92/82 84/114/84 52/111/52 55/93/55
f 85/117/85 81/118/81 91/119/91 51/108/51 50/107/50
f 83/115/83 85/120/85 50/121/50 53/116/53
f 71/122/71 69/123/69 59/75/59 56/105/56
f 73/124/73 70/125/70 61/103/61 60/101/60
f 70/125/70 68/126/68 57/79/57 61/103/61
f 72/127/72 73/124/73 60/101/60 58/76/58
f 68/126/68 71/128/71 56/80/56 57/79/57
f 69/123/69 72/127/72 58/76/58 59/75/59
f 30/129/30 35/130/35 65/83/65 66/86/66
f 34/131/34 29/132/29 67/89/67 62/58/62
f 29/133/29 30/129/30 66/86/66 67/85/67
f 35/130/35 36/134/36 64/1/64 65/83/65
f 33/135/33 34/131/34 62/58/62 63/2/63
f 36/134/36 33/135/33 63/2/63 64/1/64
f 39/87/39 42/84/42 72/127/72 69/123/69
f 41/59/41 38/90/38 71/128/71 68/126/68
f 42/84/42 43/4/43 73/124/73 72/127/72
f 40/3/40 41/59/41 68/126/68 70/125/70
f 43/4/43 40/3/40 70/125/70 73/124/73
f 38/88/38 39/87/39 69/123/69 71/122/71
f 76/112/76 75/136/75 78/137/78 79/113/79
f 74/138/74 75/136/75 76/112/76 77/139/77
f 53/116/53 50/121/50 74/140/74 77/139/77
f 51/108/51 54/94/54 78/141/78 75/109/75
f 54/94/54 55/93/55 79/113/79 78/141/78
f 52/111/52 53/116/53 77/139/77 76/112/76
f 47/142/47 44/143/44 85/120/85 83/115/83
f 44/144/44 45/145/45 81/118/81 85/117/85
f 49/146/49 46/147/46 84/114/84 82/92/82
f 46/147/46 47/142/47 83/115/83 84/114/84
f 45/145/45 48/148/48 80/91/80 81/118/81
f 48/148/48 49/146/49 82/92/82 80/91/80
f 89/100/89 88/99/88 90/149/90 92/150/92
f 80/151/80 93/152/93 95/153/95 96/154/96
f 54/155/54 51/156/51 86/157/86 87/158/87 94/159/94
f 51/160/51 91/161/91 92/150/92 86/157/86
f 92/150/92 90/149/90 87/158/87 86/157/86
f 92/150/92 91/161/91 81/162/81 89/100/89
f 90/149/90 95/153/95 94/163/94 87/158/87
f 94/163/94 95/153/95 93/152/93 54/164/54
f 96/154/96 95/153/95 90/149/90 88/99/88
f 97/14/97 37/26/37 10/165/10 8/166/8
f 138/167/138 109/56/109 111/51/111 139/168/139
f 22/46/22 108/169/108 110/50/110 26/53/26
f 146/55/146 139/168/139 111/51/111 110/50/110
f 18/42/18 106/170/106 108/169/108 22/46/22
f 14/41/14 104/171/104 106/170/106 18/42/18
f 137/172/137 107/30/107 109/38/109 138/173/138
f 3/6/3 99/18/99 104/171/104 14/41/14
f 133/10/133 100/31/100 105/27/105 136/174/136
f 136/174/136 105/27/105 107/30/107 137/172/137
f 8/166/8 10/165/10 103/175/103 98/176/98
f 134/177/134 142/178/142 102/20/102 101/19/101
f 147/179/147 141/33/141 99/18/99 117/17/117
f 101/19/101 4/13/4 130/16/130 131/180/131
f 112/74/112 7/32/7 100/31/100 118/181/118
f 10/165/10 112/74/112 118/181/118 103/175/103
f 142/178/142 147/179/147 117/17/117 102/20/102
f 37/26/37 116/8/116 112/74/112 10/165/10
f 102/20/102 117/17/117 114/5/114 11/21/11
f 135/23/135 148/9/148 115/12/115 12/24/12
f 11/21/11 114/5/114 116/8/116 37/26/37
f 32/40/32 16/39/16 120/72/120 123/69/123
f 3/6/3 14/41/14 124/68/124 122/61/122
f 14/41/14 32/40/32 123/69/123 124/68/124
f 16/28/16 7/32/7 119/64/119 120/66/120
f 7/32/7 31/7/31 121/60/121 119/64/119
f 31/7/31 3/6/3 122/61/122 121/60/121
f 126/182/126 125/183/125 152/184/152 153/185/153
f 130/16/130 129/15/129 154/186/154 155/187/155
f 150/188/150 127/189/127 132/190/132 149/191/149
f 129/15/129 126/182/126 153/185/153 154/186/154
f 140/22/140 6/25/6 128/192/128 151/193/151
f 8/166/8 98/176/98 125/183/125 126/182/126
f 134/177/134 101/19/101 131/180/131 149/191/149
f 97/14/97 8/166/8 126/182/126 129/15/129
f 2/194/2 134/177/134 149/191/149 132/190/132
f 98/176/98 140/22/140 151/193/151 125/183/125
f 128/192/128 127/195/127 150/196/150 151/193/151
f 151/193/151 150/196/150 160/197/160 156/198/156
f 103/175/103 118/181/118 148/9/148 135/23/135
f 9/199/9 113/200/113 147/179/147 142/178/142
f 113/200/113 1/34/1 141/33/141 147/179/147
f 2/194/2 9/199/9 142/178/142 134/177/134
f 15/201/15 136/174/136 137/172/137 19/202/19
f 5/11/5 133/10/133 136/174/136 15/201/15
f 19/202/19 137/172/137 138/173/138 23/203/23
f 25/54/25 27/204/27 139/168/139 146/55/146
f 23/205/23 138/167/138 139/168/139 27/204/27
f 108/169/108 145/49/145 146/55/146 110/50/110
f 106/170/106 144/45/144 145/49/145 108/169/108
f 104/171/104 143/36/143 144/45/144 106/170/106
f 99/18/99 141/33/141 143/36/143 104/171/104
f 98/176/98 103/175/103 135/23/135 140/22/140
f 118/181/118 100/31/100 133/10/133 148/9/148
f 202/206/202 207/207/207 161/208/161 162/209/162
f 206/210/206 205/211/205 167/212/167 168/213/168
f 201/214/201 202/206/202 162/209/162 163/215/163
f 203/216/203 204/217/204 164/218/164 166/219/166
f 125/183/125 151/193/151 156/198/156 152/184/152
f 150/188/150 149/191/149 159/220/159 160/221/160
f 149/191/149 131/180/131 157/222/157 159/220/159
f 131/180/131 130/16/130 155/187/155 157/222/157
f 181/223/181 179/224/179 171/225/171 173/226/173
f 182/227/182 181/223/181 173/226/173 175/228/175
f 177/229/177 178/230/178 176/231/176 172/232/172
f 179/224/179 180/233/180 170/234/170 171/225/171
f 207/235/207 208/236/208 165/237/165 161/238/161
f 204/217/204 201/214/201 163/215/163 164/218/164
f 208/236/208 206/210/206 168/213/168 165/237/165
f 205/211/205 203/216/203 166/219/166 167/212/167
f 213/239/213 214/240/214 189/241/189 185/242/185
f 212/243/212 213/244/213 185/245/185 186/246/186
f 209/247/209 210/248/210 192/249/192 193/250/193
f 211/251/211 212/243/212 186/246/186 187/252/187
f 180/233/180 183/253/183 169/254/169 170/234/170
f 178/230/178 182/227/182 175/228/175 176/231/176
f 183/253/183 184/255/184 158/256/158 169/254/169
f 184/257/184 177/229/177 172/232/172 158/258/158
f 200/259/200 174/260/174 177/229/177 184/257/184
f 199/261/199 200/262/200 184/255/184 183/253/183
f 196/263/196 195/264/195 182/227/182 178/230/178
f 197/265/197 199/261/199 183/253/183 180/233/180
f 194/266/194 197/265/197 180/233/180 179/224/179
f 174/260/174 196/263/196 178/230/178 177/229/177
f 195/264/195 198/267/198 181/223/181 182/227/182
f 198/267/198 194/266/194 179/224/179 181/223/181
f 238/268/238 242/269/242 217/270/217 218/271/218
f 241/272/241 240/273/240 224/274/224 225/275/225
f 237/276/237 238/277/238 218/278/218 219/279/219
f 190/280/190 188/281/188 191/282/191 226/283/226
f 215/284/215 211/251/211 187/252/187 188/285/188
f 214/240/214 209/247/209 193/250/193 189/241/189
f 210/248/210 216/286/216 190/287/190 192/249/192
f 216/286/216 215/284/215 188/285/188 190/287/190
f 166/219/166 164/218/164 194/266/194 198/267/198
f 167/212/167 166/219/166 198/267/198 195/264/195
f 165/237/165 168/213/168 196/263/196 174/260/174
f 164/218/164 163/215/163 197/265/197 194/266/194
f 163/215/163 162/209/162 199/261/199 197/265/197
f 168/213/168 167/212/167 195/264/195 196/263/196
f 162/209/162 161/208/161 200/262/200 199/261/199
f 161/238/161 165/237/165 174/260/174 200/259/200
f 159/288/159 157/289/157 203/216/203 205/211/205
f 156/290/156 160/291/160 206/210/206 208/236/208
f 155/292/155 154/293/154 201/214/201 204/217/204
f 152/294/152 156/290/156 208/236/208 207/235/207
f 157/289/157 155/292/155 204/217/204 203/216/203
f 154/293/154 153/295/153 202/206/202 201/214/201
f 160/291/160 159/288/159 205/211/205 206/210/206
f 153/295/153 152/296/152 207/207/207 202/206/202
f 173/226/173 171/225/171 215/284/215 216/286/216
f 175/228/175 173/226/173 216/286/216 210/248/210
f 172/232/172 176/231/176 209/247/209 214/240/214
f 171/225/171 170/234/170 211/251/211 215/284/215
f 170/234/170 169/254/169 212/243/212 211/251/211
f 176/231/176 175/228/175 210/248/210 209/247/209
f 169/254/169 158/256/158 213/244/213 212/243/212
f 158/258/158 172/232/172 214/240/214 213/239/213
f 217/270/217 223/297/223 219/298/219 218/271/218
f 219/298/219 223/297/223 222/299/222 220/300/220
f 221/301/221 225/302/225 223/297/223 217/270/217
f 223/297/223 225/302/225 224/303/224 222/299/222
f 242/269/242 243/304/243 221/301/221 217/270/217
f 239/305/239 237/276/237 219/279/219 220/306/220
f 243/307/243 241/272/241 225/275/225 221/308/221
f 222/299/222 224/303/224 230/309/230 229/310/229
f 245/311/245 227/312/227 233/313/233 248/314/248
f 244/315/244 228/316/228 234/317/234 247/318/247
f 220/300/220 222/299/222 229/310/229 228/319/228
f 239/305/239 220/306/220 228/316/228 244/315/244
f 240/273/240 192/320/192 227/312/227 245/311/245
f 192/320/192 190/280/190 226/283/226 227/312/227
f 246/321/246 247/322/247 234/323/234 235/324/235
f 248/325/248 246/321/246 235/324/235 236/326/236
f 228/319/228 229/310/229 235/324/235 234/323/234
f 227/312/227 226/283/226 232/327/232 233/313/233
f 226/283/226 191/282/191 231/328/231 232/327/232
f 229/310/229 230/309/230 236/326/236 235/324/235
f 233/313/233 232/327/232 246/329/246 248/314/248
f 232/327/232 231/328/231 247/318/247 246/329/246
f 224/274/224 240/273/240 245/311/245 230/330/230
f 188/281/188 239/305/239 244/315/244 191/282/191
f 191/282/191 244/315/244 247/318/247 231/328/231
f 230/330/230 245/311/245 248/314/248 236/331/236
f 189/332/189 193/333/193 241/272/241 243/307/243
f 188/281/188 187/334/187 237/276/237 239/305/239
f 185/335/185 189/336/189 243/304/243 242/269/242
f 187/334/187 186/337/186 238/277/238 237/276/237
f 193/333/193 192/320/192 240/273/240 241/272/241
f 186/338/186 185/335/185 242/269/242 238/268/238
f 298/339/298 277/340/277 274/341/274 297/342/297
f 347/343/347 348/344/348 265/345/265 249/346/249
f 377/347/377 115/12/115 5/11/5 362/348/362
f 250/349/250 360/350/360 359/351/359 331/352/331
f 349/353/349 347/343/347 249/346/249 333/354/333
f 335/355/335 250/349/250 254/356/254 336/357/336
f 369/358/369 6/25/6 12/24/12 364/359/364
f 250/349/250 331/352/331 271/360/271 254/356/254
f 339/361/339 341/362/341 258/363/258 256/364/256
f 334/365/334 339/361/339 256/364/256 251/366/251
f 370/367/370 372/368/372 13/35/13 1/34/1
f 341/362/341 343/369/343 260/370/260 258/363/258
f 256/371/256 258/372/258 257/373/257 255/374/255 266/375/266
f 372/368/372 373/376/373 17/44/17 13/35/13
f 258/372/258 260/377/260 259/378/259 257/373/257
f 373/376/373 374/379/374 21/48/21 17/44/17
f 344/380/344 261/381/261 262/382/262 345/383/345
f 374/379/374 375/384/375 25/54/25 21/48/21
f 343/385/343 345/383/345 262/382/262 260/386/260
f 260/377/260 262/382/262 261/381/261 259/378/259
f 297/342/297 274/341/274 275/387/275 296/388/296
f 353/389/353 264/390/264 269/391/269 354/392/354
f 351/393/351 263/394/263 264/395/264 353/396/353
f 352/397/352 268/398/268 263/394/263 351/393/351
f 356/399/356 270/400/270 267/401/267 355/402/355
f 354/392/354 269/391/269 270/400/270 356/399/356
f 355/402/355 267/401/267 268/403/268 352/404/352
f 348/405/348 346/406/346 251/366/251 265/407/265
f 293/408/293 279/409/279 282/410/282 292/411/292
f 291/412/291 281/413/281 278/414/278 290/415/290
f 299/416/299 276/417/276 277/340/277 298/339/298
f 301/418/301 272/419/272 273/420/273 300/421/300
f 296/388/296 275/387/275 272/422/272 301/423/301
f 300/421/300 273/420/273 276/417/276 299/416/299
f 314/424/314 327/425/327 288/426/288 289/427/289 316/428/316
f 315/429/315 323/430/323 322/431/322 330/432/330 314/433/314
f 292/411/292 282/410/282 283/434/283 294/435/294
f 295/436/295 280/437/280 281/413/281 291/412/291
f 294/435/294 283/434/283 280/437/280 295/436/295
f 290/438/290 278/439/278 279/409/279 293/408/293
f 284/440/284 308/441/308 309/442/309 285/443/285
f 289/427/289 313/444/313 310/445/310 286/446/286
f 318/447/318 286/446/286 287/448/287 317/449/317
f 316/428/316 289/427/289 286/446/286 318/447/318
f 319/450/319 284/440/284 285/443/285 325/451/325 315/452/315
f 317/449/317 287/448/287 284/453/284 319/454/319
f 305/455/305 290/438/290 293/408/293 303/456/303
f 307/457/307 294/435/294 295/436/295 304/458/304
f 304/458/304 295/436/295 291/412/291 302/459/302
f 306/460/306 292/411/292 294/435/294 307/457/307
f 302/459/302 291/412/291 290/415/290 305/461/305
f 303/456/303 293/408/293 292/411/292 306/460/306
f 264/462/264 300/421/300 299/416/299 269/463/269
f 268/464/268 296/388/296 301/423/301 263/465/263
f 263/466/263 301/418/301 300/421/300 264/462/264
f 269/463/269 299/416/299 298/339/298 270/467/270
f 267/468/267 297/342/297 296/388/296 268/464/268
f 270/467/270 298/339/298 297/342/297 267/468/267
f 273/420/273 303/456/303 306/460/306 276/417/276
f 275/387/275 302/459/302 305/461/305 272/422/272
f 276/417/276 306/460/306 307/457/307 277/340/277
f 274/341/274 304/458/304 302/459/302 275/387/275
f 277/340/277 307/457/307 304/458/304 274/341/274
f 272/419/272 305/455/305 303/456/303 273/420/273
f 310/445/310 313/444/313 312/469/312 309/470/309
f 308/471/308 311/472/311 310/445/310 309/470/309
f 287/448/287 311/472/311 308/473/308 284/453/284
f 285/443/285 309/442/309 312/474/312 288/426/288
f 288/426/288 312/474/312 313/444/313 289/427/289
f 286/446/286 310/445/310 311/472/311 287/448/287
f 281/475/281 317/449/317 319/454/319 278/476/278
f 278/477/278 319/450/319 315/452/315 279/478/279
f 283/479/283 316/428/316 318/447/318 280/480/280
f 280/480/280 318/447/318 317/449/317 281/475/281
f 279/478/279 315/452/315 314/424/314 282/481/282
f 282/481/282 314/424/314 316/428/316 283/479/283
f 323/430/323 326/482/326 324/483/324 322/431/322
f 314/484/314 330/432/330 329/485/329 327/486/327
f 288/487/288 328/488/328 321/489/321 320/490/320 285/491/285
f 285/492/285 320/493/320 326/482/326 325/494/325
f 326/482/326 320/493/320 321/489/321 324/483/324
f 326/482/326 323/430/323 315/495/315 325/494/325
f 324/483/324 321/489/321 328/488/328 329/485/329
f 328/488/328 288/496/288 327/486/327 329/485/329
f 330/432/330 322/431/322 324/483/324 329/485/329
f 331/497/331 252/498/252 253/499/253 271/500/271
f 367/501/367 368/502/368 345/383/345 343/385/343
f 259/378/259 261/381/261 344/380/344 342/503/342
f 375/384/375 344/380/344 345/383/345 368/502/368
f 257/373/257 259/378/259 342/503/342 340/504/340
f 255/374/255 257/373/257 340/504/340 338/505/338
f 366/506/366 367/507/367 343/369/343 341/362/341
f 249/346/249 255/374/255 338/505/338 333/354/333
f 362/348/362 365/508/365 339/361/339 334/365/334
f 365/508/365 366/506/366 341/362/341 339/361/339
f 252/498/252 332/509/332 337/510/337 253/499/253
f 363/511/363 335/355/335 336/357/336 371/512/371
f 376/513/376 349/353/349 333/354/333 370/367/370
f 335/355/335 361/514/361 360/350/360 250/349/250
f 346/406/346 350/515/350 334/365/334 251/366/251
f 253/499/253 337/510/337 350/515/350 346/406/346
f 371/512/371 336/357/336 349/353/349 376/513/376
f 271/500/271 253/499/253 346/406/346 348/405/348
f 336/357/336 254/356/254 347/343/347 349/353/349
f 364/359/364 12/24/12 115/12/115 377/347/377
f 254/356/254 271/360/271 348/344/348 347/343/347
f 266/375/266 355/402/355 352/404/352 256/371/256
f 249/346/249 354/392/354 356/399/356 255/374/255
f 255/374/255 356/399/356 355/402/355 266/375/266
f 256/364/256 352/397/352 351/393/351 251/366/251
f 251/366/251 351/393/351 353/396/353 265/407/265
f 265/345/265 353/389/353 354/392/354 249/346/249
f 358/516/358 382/517/382 381/518/381 357/519/357
f 360/350/360 384/520/384 383/521/383 359/351/359
f 379/522/379 378/523/378 132/190/132 127/189/127
f 359/524/359 383/525/383 382/517/382 358/516/358
f 369/358/369 380/526/380 128/192/128 6/25/6
f 252/498/252 358/516/358 357/519/357 332/509/332
f 363/511/363 378/523/378 361/514/361 335/355/335
f 331/497/331 359/524/359 358/516/358 252/498/252
f 2/194/2 132/190/132 378/523/378 363/511/363
f 332/509/332 357/519/357 380/526/380 369/358/369
f 128/192/128 380/526/380 379/527/379 127/195/127
f 380/526/380 385/528/385 389/529/389 379/527/379
f 337/510/337 364/359/364 377/347/377 350/515/350
f 9/199/9 371/512/371 376/513/376 113/200/113
f 113/200/113 376/513/376 370/367/370 1/34/1
f 2/194/2 363/511/363 371/512/371 9/199/9
f 15/201/15 19/202/19 366/506/366 365/508/365
f 5/11/5 15/201/15 365/508/365 362/348/362
f 19/202/19 23/203/23 367/507/367 366/506/366
f 25/54/25 375/384/375 368/502/368 27/204/27
f 23/205/23 27/204/27 368/502/368 367/501/367
f 342/503/342 344/380/344 375/384/375 374/379/374
f 340/504/340 342/503/342 374/379/374 373/376/373
f 338/505/338 340/504/340 373/376/373 372/368/372
f 333/354/333 338/505/338 372/368/372 370/367/370
f 332/509/332 369/358/369 364/359/364 337/510/337
f 350/515/350 377/347/377 362/348/362 334/365/334
f 431/530/431 391/531/391 390/532/390 436/533/436
f 435/534/435 397/535/397 396/536/396 434/537/434
f 430/538/430 392/539/392 391/531/391 431/530/431
f 432/540/432 395/541/395 393/542/393 433/543/433
f 357/519/357 381/518/381 385/528/385 380/526/380
f 379/522/379 389/544/389 388/545/388 378/523/378
f 378/523/378 388/545/388 386/546/386 361/514/361
f 361/514/361 386/546/386 384/520/384 360/350/360
f 410/547/410 402/548/402 400/549/400 408/550/408
f 411/551/411 404/552/404 402/548/402 410/547/410
f 406/553/406 401/554/401 405/555/405 407/556/407
f 408/550/408 400/549/400 399/557/399 409/558/409
f 436/559/436 390/560/390 394/561/394 437/562/437
f 433/543/433 393/542/393 392/539/392 430/538/430
f 437/562/437 394/561/394 397/535/397 435/534/435
f 434/537/434 396/536/396 395/541/395 432/540/432
f 442/563/442 414/564/414 418/565/418 443/566/443
f 441/567/441 415/568/415 414/569/414 442/570/442
f 438/571/438 422/572/422 421/573/421 439/574/439
f 440/575/440 416/576/416 415/568/415 441/567/441
f 409/558/409 399/557/399 398/577/398 412/578/412
f 407/556/407 405/555/405 404/552/404 411/551/411
f 412/578/412 398/577/398 387/579/387 413/580/413
f 413/581/413 387/582/387 401/554/401 406/553/406
f 429/583/429 413/581/413 406/553/406 403/584/403
f 428/585/428 412/578/412 413/580/413 429/586/429
f 425/587/425 407/556/407 411/551/411 424/588/424
f 426/589/426 409/558/409 412/578/412 428/585/428
f 423/590/423 408/550/408 409/558/409 426/589/426
f 403/584/403 406/553/406 407/556/407 425/587/425
f 424/588/424 411/551/411 410/547/410 427/591/427
f 427/591/427 410/547/410 408/550/408 423/590/423
f 467/592/467 447/593/447 446/594/446 471/595/471
f 470/596/470 454/597/454 453/598/453 469/599/469
f 466/600/466 448/601/448 447/602/447 467/603/467
f 419/604/419 455/605/455 420/606/420 417/607/417
f 444/608/444 417/609/417 416/576/416 440/575/440
f 443/566/443 418/565/418 422/572/422 438/571/438
f 439/574/439 421/573/421 419/610/419 445/611/445
f 445/611/445 419/610/419 417/609/417 444/608/444
f 395/541/395 427/591/427 423/590/423 393/542/393
f 396/536/396 424/588/424 427/591/427 395/541/395
f 394/561/394 403/584/403 425/587/425 397/535/397
f 393/542/393 423/590/423 426/589/426 392/539/392
f 392/539/392 426/589/426 428/585/428 391/531/391
f 397/535/397 425/587/425 424/588/424 396/536/396
f 391/531/391 428/585/428 429/586/429 390/532/390
f 390/560/390 429/583/429 403/584/403 394/561/394
f 388/612/388 434/537/434 432/540/432 386/613/386
f 385/614/385 437/562/437 435/534/435 389/615/389
f 384/616/384 433/543/433 430/538/430 383/617/383
f 381/618/381 436/559/436 437/562/437 385/614/385
f 386/613/386 432/540/432 433/543/433 384/616/384
f 383/617/383 430/538/430 431/530/431 382/619/382
f 389/615/389 435/534/435 434/537/434 388/612/388
f 382/619/382 431/530/431 436/533/436 381/620/381
f 402/548/402 445/611/445 444/608/444 400/549/400
f 404/552/404 439/574/439 445/611/445 402/548/402
f 401/554/401 443/566/443 438/571/438 405/555/405
f 400/549/400 444/608/444 440/575/440 399/557/399
f 399/557/399 440/575/440 441/567/441 398/577/398
f 405/555/405 438/571/438 439/574/439 404/552/404
f 398/577/398 441/567/441 442/570/442 387/579/387
f 387/582/387 442/563/442 443/566/443 401/554/401
f 446/594/446 447/593/447 448/621/448 452/622/452
f 448/621/448 449/623/449 451/624/451 452/622/452
f 450/625/450 446/594/446 452/622/452 454/626/454
f 452/622/452 451/624/451 453/627/453 454/626/454
f 471/595/471 446/594/446 450/625/450 472/628/472
f 468/629/468 449/630/449 448/601/448 466/600/466
f 472/631/472 450/632/450 454/597/454 470/596/470
f 451/624/451 458/633/458 459/634/459 453/627/453
f 474/635/474 477/636/477 462/637/462 456/638/456
f 473/639/473 476/640/476 463/641/463 457/642/457
f 449/623/449 457/643/457 458/633/458 451/624/451
f 468/629/468 473/639/473 457/642/457 449/630/449
f 469/599/469 474/635/474 456/638/456 421/644/421
f 421/644/421 456/638/456 455/605/455 419/604/419
f 475/645/475 464/646/464 463/647/463 476/648/476
f 477/649/477 465/650/465 464/646/464 475/645/475
f 457/643/457 463/647/463 464/646/464 458/633/458
f 456/638/456 462/637/462 461/651/461 455/605/455
f 455/605/455 461/651/461 460/652/460 420/606/420
f 458/633/458 464/646/464 465/650/465 459/634/459
f 462/637/462 477/636/477 475/653/475 461/651/461
f 461/651/461 475/653/475 476/640/476 460/652/460
f 453/598/453 459/654/459 474/635/474 469/599/469
f 417/607/417 420/606/420 473/639/473 468/629/468
f 420/606/420 460/652/460 476/640/476 473/639/473
f 459/654/459 465/655/465 477/636/477 474/635/474
f 418/656/418 472/631/472 470/596/470 422/657/422
f 417/607/417 468/629/468 466/600/466 416/658/416
f 414/659/414 471/595/471 472/628/472 418/660/418
f 416/658/416 466/600/466 467/603/467 415/661/415
f 422/657/422 470/596/470 469/599/469 421/644/421
f 415/662/415 467/592/467 471/595/471 414/659/414
o Head
v -0.224484 2.637092 0.051212
v -0.214351 2.989486 0.069490
v 0.003515 2.592893 0.006703
v 0.003515 3.045103 0.002123
v -0.205894 2.490912 0.379943
v -0.198929 2.977243 0.408189
v 0.003515 2.376207 0.446372
v 0.003515 3.065724 0.459009
v -0.134384 2.609105 0.023696
v -0.120630 3.018756 0.028826
v -0.072415 2.407977 0.407223
v -0.141094 3.028014 0.444069
v -0.240068 2.906928 0.049660
v 0.003515 2.945326 -0.017421
v 0.003515 2.926302 0.512310
v -0.247704 2.900840 0.435455
v -0.129344 2.914206 0.492793
v -0.133351 2.941384 -0.018278
v 0.003515 2.660257 -0.012465
v 0.003515 2.588680 0.556043
v -0.223259 2.614845 0.417973
v -0.097502 2.605019 0.492087
v -0.135670 2.673699 -0.016113
v -0.239560 2.690517 0.028721
v -0.246640 2.793934 0.021696
v 0.003515 2.781464 -0.047236
v 0.003515 2.780335 0.530106
v -0.247094 2.809362 0.446214
v -0.112262 2.787825 0.516043
v -0.138298 2.792270 -0.051481
v 0.003515 2.425612 0.298333
v 0.003515 3.117355 0.317325
v -0.214832 2.535982 0.243881
v -0.225556 3.025113 0.284349
v -0.117312 3.095238 0.284607
v -0.115291 2.436342 0.276287
v -0.286278 2.941322 0.287682
v -0.212349 2.575064 0.145948
v -0.272305 2.636320 0.253793
v -0.292982 2.801236 0.287418
v 0.003515 2.514221 0.109725
v -0.228705 3.016887 0.167254
v -0.130975 2.515380 0.129158
v -0.282201 2.910666 0.172522
v -0.277748 2.658269 0.153218
v -0.292264 2.793604 0.166351
v 0.003515 3.081864 0.111652
v -0.116043 3.071897 0.137261
v -0.059350 2.598848 0.499197
v -0.025908 2.782239 0.526383
v -0.023429 2.655612 0.514148
v -0.110571 2.766881 0.513299
v -0.210721 2.754966 0.456333
v -0.025324 2.752407 0.523501
v 0.003515 2.714265 -0.027958
v -0.282784 2.719898 0.270834
v -0.285450 2.730077 0.160186
v -0.237122 2.727978 0.399849
v -0.242898 2.739273 0.025409
v -0.136940 2.731011 -0.033208
v -0.102853 2.671299 0.466224
v -0.023257 2.689499 0.503124
v 0.003515 2.542301 0.500358
v -0.275664 2.793724 0.113721
v -0.266021 2.668172 0.114986
v -0.270972 2.733206 0.114328
v -0.355294 2.684462 0.123247
v -0.372565 2.787339 0.140582
v -0.371915 2.737377 0.128090
v -0.355966 2.787459 0.087953
v -0.343567 2.694365 0.085014
v -0.357436 2.740506 0.082233
v -0.315815 2.806662 0.100837
v -0.332415 2.806513 0.153467
v -0.297253 2.668581 0.104226
v -0.311123 2.730999 0.101444
v -0.325601 2.727087 0.147302
v -0.317899 2.637308 0.140334
v -0.303786 2.797309 0.162653
v -0.282494 2.732572 0.110631
v -0.289271 2.652254 0.149521
v -0.287187 2.797437 0.110024
v -0.274984 2.668290 0.111898
v -0.296973 2.729219 0.156489
v 0.231513 2.637092 0.051212
v 0.221381 2.989486 0.069490
v 0.212923 2.490912 0.379943
v 0.205958 2.977243 0.408189
v 0.141414 2.609105 0.023696
v 0.127659 3.018756 0.028826
v 0.079445 2.407977 0.407223
v 0.148123 3.028014 0.444069
v 0.247097 2.906928 0.049660
v 0.254733 2.900840 0.435455
v 0.136373 2.914206 0.492793
v 0.140380 2.941384 -0.018278
v 0.230289 2.614845 0.417973
v 0.104531 2.605019 0.492087
v 0.142699 2.673699 -0.016113
v 0.246590 2.690517 0.028721
v 0.253669 2.793934 0.021696
v 0.254123 2.809362 0.446214
v 0.119291 2.787825 0.516043
v 0.145327 2.792270 -0.051481
v 0.221862 2.535982 0.243881
v 0.232585 3.025113 0.284349
v 0.124341 3.095238 0.284608
v 0.122321 2.436342 0.276287
v 0.293308 2.941322 0.287683
v 0.219378 2.575064 0.145948
v 0.279334 2.636320 0.253793
v 0.300011 2.801236 0.287418
v 0.235734 3.016887 0.167254
v 0.138004 2.515380 0.129158
v 0.289231 2.910666 0.172522
v 0.284778 2.658269 0.153218
v 0.299293 2.793604 0.166351
v 0.123072 3.071897 0.137261
v 0.066379 2.598848 0.499197
v 0.032937 2.782239 0.526383
v 0.030458 2.655612 0.514148
v 0.117600 2.766881 0.513299
v 0.217751 2.754966 0.456333
v 0.032353 2.752407 0.523501
v 0.289813 2.719898 0.270834
v 0.292479 2.730077 0.160186
v 0.244151 2.727978 0.399849
v 0.249927 2.739273 0.025409
v 0.143969 2.731011 -0.033208
v 0.109882 2.671299 0.466224
v 0.030286 2.689499 0.503124
v 0.282694 2.793724 0.113721
v 0.273050 2.668172 0.114986
v 0.278001 2.733206 0.114328
v 0.362323 2.684462 0.123247
v 0.379595 2.787339 0.140582
v 0.378944 2.737377 0.128090
v 0.362995 2.787459 0.087953
v 0.350596 2.694365 0.085014
v 0.364466 2.740506 0.082233
v 0.322844 2.806662 0.100837
v 0.339444 2.806513 0.153467
v 0.304282 2.668581 0.104226
v 0.318152 2.730999 0.101444
v 0.332630 2.727087 0.147302
v 0.324928 2.637308 0.140334
v 0.310816 2.797309 0.162653
v 0.289524 2.732572 0.110631
v 0.296300 2.652254 0.149521
v 0.294216 2.797437 0.110024
v 0.282013 2.668290 0.111898
v 0.304002 2.729219 0.156489
vn -0.3103 0.3146 -0.8971
vn -0.3180 0.4009 -0.8592
vn -0.0000 0.3606 -0.9327
vn -0.0000 0.2810 -0.9597
vn -0.3294 0.2538 0.9094
vn -0.3390 0.3855 0.8582
vn -0.6428 0.5763 0.5046
vn -0.5921 0.3509 0.7254
vn -0.9503 0.2582 -0.1736
vn -0.7037 0.6814 -0.2012
vn -0.8774 0.3898 -0.2797
vn -0.9237 0.2381 -0.3002
vn -0.3623 -0.8885 -0.2817
vn -0.2797 -0.9369 -0.2098
vn -0.5970 -0.7956 -0.1030
vn -0.7810 -0.6111 -0.1286
vn -0.3205 0.9143 -0.2476
vn -0.3264 0.8741 -0.3597
vn -0.4534 0.8228 -0.3428
vn -0.0000 0.9587 -0.2845
vn -0.0000 0.9261 -0.3774
vn -0.0000 -0.9415 -0.3370
vn -0.0000 -0.9684 -0.2495
vn -0.0000 0.2585 0.9660
vn -0.0000 0.3665 0.9304
vn -0.5514 0.3035 -0.7771
vn -0.5319 0.4325 -0.7280
vn -0.5516 0.0238 -0.8338
vn -0.5509 0.0172 -0.8344
vn -0.0000 0.1402 0.9901
vn -0.2971 -0.0095 0.9548
vn -0.1348 0.0520 0.9895
vn -0.9936 0.0158 -0.1123
vn -0.9513 0.0112 -0.3080
vn -0.9496 0.0498 -0.3095
vn -0.7694 -0.0838 0.6333
vn 0.0147 -0.0320 -0.9994
vn -0.0000 -0.0548 -0.9985
vn -0.2863 -0.6111 -0.7380
vn -0.2365 -0.3434 -0.9089
vn -0.0000 -0.3496 -0.9369
vn -0.0000 -0.6090 -0.7932
vn -0.9171 -0.2407 -0.3177
vn -0.6193 -0.5702 -0.5397
vn -0.6888 -0.6432 -0.3346
vn -0.9094 -0.3889 -0.1476
vn -0.8647 -0.3880 -0.3189
vn -0.4207 -0.3540 0.8353
vn -0.4283 -0.3583 0.8296
vn -0.4503 -0.3706 0.8123
vn -0.4034 -0.3442 0.8478
vn -0.4726 -0.4507 0.7573
vn -0.4570 -0.4262 0.7807
vn -0.4351 -0.3144 -0.8437
vn -0.2510 -0.2405 -0.9376
vn -0.0000 -0.2808 -0.9598
vn -0.4192 0.1911 0.8876
vn -0.4237 0.1849 0.8867
vn -0.4343 0.1703 0.8845
vn 0.3459 0.0358 -0.9376
vn 0.3426 0.0334 -0.9389
vn 0.4005 0.0555 -0.9146
vn 0.3657 0.0510 -0.9293
vn -0.6695 0.0819 0.7383
vn -0.5793 0.1296 0.8048
vn -0.5464 0.1454 0.8248
vn -0.5089 0.1627 0.8453
vn -0.4892 -0.1842 -0.8525
vn -0.9513 -0.2355 0.1989
vn -0.8580 -0.2849 0.4274
vn -0.9765 -0.1443 0.1601
vn -0.9543 -0.2921 0.0638
vn -0.9361 -0.3351 0.1065
vn -0.9624 0.0375 0.2691
vn -0.9285 0.3461 0.1346
vn -0.9866 -0.0662 0.1490
vn -0.0000 -0.8345 -0.5510
vn -0.3348 -0.8072 -0.4861
vn -0.2641 0.9041 0.3360
vn -0.3668 0.9272 0.0765
vn -0.4459 0.8335 0.3262
vn -0.6981 0.7064 0.1170
vn -0.9929 -0.1185 0.0135
vn -0.0000 0.9863 -0.1648
vn -0.5581 -0.3782 0.7385
vn -0.3323 -0.2849 0.8991
vn -0.1963 -0.2716 0.9422
vn -0.9489 -0.0804 -0.3051
vn -0.9488 -0.0803 -0.3054
vn -0.3679 -0.4678 0.8037
vn -0.2445 -0.3925 0.8867
vn -0.5751 -0.6286 0.5236
vn -0.9059 -0.2721 -0.3245
vn -0.9448 -0.0904 -0.3148
vn -0.9428 -0.1061 -0.3161
vn -0.3957 0.9102 -0.1225
vn -0.9523 0.0641 -0.2984
vn -0.3525 -0.1237 0.9276
vn -0.3576 -0.1305 0.9247
vn -0.3913 -0.1538 0.9073
vn -0.4798 -0.1533 0.8639
vn -0.3853 -0.7258 -0.5698
vn -0.3230 -0.1306 0.9374
vn -0.3300 -0.1533 0.9314
vn 0.3250 0.0302 -0.9452
vn 0.3428 0.0481 -0.9382
vn 0.3071 0.0129 -0.9516
vn 0.3105 0.0163 -0.9504
vn -0.2949 -0.1130 0.9488
vn -0.3162 -0.1130 0.9419
vn 0.3515 -0.8912 -0.2866
vn 0.3542 -0.8859 -0.2994
vn 0.3685 -0.8519 -0.3720
vn -0.2738 -0.1099 0.9555
vn 0.2788 0.9561 0.0903
vn 0.2787 0.9561 0.0904
vn 0.3139 0.0191 -0.9493
vn 0.3107 0.0150 -0.9504
vn 0.3140 0.0161 -0.9493
vn 0.2788 0.9561 0.0902
vn -0.2715 -0.1176 0.9552
vn -0.2942 -0.1193 0.9483
vn 0.3320 -0.9216 -0.2013
vn -0.3168 -0.1209 0.9407
vn 0.3072 0.0138 -0.9515
vn 0.3103 0.3146 -0.8971
vn 0.3180 0.4009 -0.8592
vn 0.3294 0.2538 0.9094
vn 0.5921 0.3509 0.7254
vn 0.6428 0.5763 0.5046
vn 0.3390 0.3855 0.8582
vn 0.9503 0.2582 -0.1736
vn 0.9237 0.2381 -0.3002
vn 0.8774 0.3898 -0.2797
vn 0.7037 0.6814 -0.2012
vn 0.3623 -0.8885 -0.2817
vn 0.7810 -0.6111 -0.1286
vn 0.5970 -0.7956 -0.1030
vn 0.2797 -0.9369 -0.2098
vn 0.3205 0.9143 -0.2476
vn 0.4534 0.8228 -0.3428
vn 0.3264 0.8741 -0.3597
vn 0.5514 0.3035 -0.7771
vn 0.5319 0.4325 -0.7280
vn 0.5516 0.0238 -0.8338
vn 0.5509 0.0172 -0.8344
vn 0.1348 0.0520 0.9895
vn 0.2971 -0.0095 0.9548
vn 0.9936 0.0158 -0.1123
vn 0.9496 0.0498 -0.3095
vn 0.9513 0.0112 -0.3080
vn 0.7694 -0.0838 0.6333
vn -0.0147 -0.0320 -0.9994
vn 0.2863 -0.6111 -0.7380
vn 0.2365 -0.3434 -0.9089
vn 0.9171 -0.2407 -0.3177
vn 0.8647 -0.3880 -0.3189
vn 0.9094 -0.3889 -0.1476
vn 0.6888 -0.6432 -0.3346
vn 0.6193 -0.5702 -0.5397
vn 0.4207 -0.3540 0.8353
vn 0.4503 -0.3706 0.8123
vn 0.4283 -0.3583 0.8296
vn 0.4034 -0.3442 0.8478
vn 0.4570 -0.4262 0.7807
vn 0.4726 -0.4507 0.7573
vn 0.4351 -0.3144 -0.8437
vn 0.2510 -0.2405 -0.9376
vn 0.4192 0.1911 0.8876
vn 0.4343 0.1703 0.8845
vn 0.4237 0.1849 0.8867
vn -0.3459 0.0358 -0.9376
vn -0.3657 0.0510 -0.9293
vn -0.4005 0.0555 -0.9146
vn -0.3426 0.0334 -0.9389
vn 0.6695 0.0819 0.7383
vn 0.5089 0.1627 0.8453
vn 0.5464 0.1454 0.8248
vn 0.5793 0.1296 0.8048
vn 0.4892 -0.1842 -0.8525
vn 0.9513 -0.2355 0.1989
vn 0.9543 -0.2921 0.0638
vn 0.9765 -0.1443 0.1601
vn 0.8580 -0.2849 0.4274
vn 0.9361 -0.3351 0.1065
vn 0.9866 -0.0662 0.1490
vn 0.9285 0.3461 0.1346
vn 0.9624 0.0375 0.2691
vn 0.3348 -0.8072 -0.4861
vn 0.2641 0.9041 0.3360
vn 0.4459 0.8335 0.3262
vn 0.3668 0.9272 0.0765
vn 0.6981 0.7064 0.1170
vn 0.9929 -0.1185 0.0135
vn 0.3323 -0.2849 0.8991
vn 0.5581 -0.3782 0.7385
vn 0.1963 -0.2716 0.9422
vn 0.9489 -0.0804 -0.3051
vn 0.9488 -0.0803 -0.3054
vn 0.3679 -0.4678 0.8037
vn 0.2445 -0.3925 0.8867
vn 0.5751 -0.6286 0.5236
vn 0.9059 -0.2721 -0.3245
vn 0.9428 -0.1061 -0.3161
vn 0.9448 -0.0904 -0.3148
vn 0.3957 0.9102 -0.1225
vn 0.9523 0.0641 -0.2984
vn 0.3525 -0.1237 0.9276
vn 0.4798 -0.1533 0.8639
vn 0.3913 -0.1538 0.9073
vn 0.3576 -0.1305 0.9247
vn 0.3853 -0.7258 -0.5698
vn 0.3300 -0.1533 0.9314
vn 0.3230 -0.1306 0.9374
vn -0.3250 0.0302 -0.9452
vn -0.3428 0.0481 -0.9382
vn -0.3071 0.0129 -0.9516
vn -0.3105 0.0163 -0.9504
vn 0.2949 -0.1130 0.9488
vn 0.3162 -0.1130 0.9419
vn -0.3515 -0.8912 -0.2866
vn -0.3685 -0.8519 -0.3720
vn -0.3542 -0.8859 -0.2994
vn 0.2738 -0.1099 0.9555
vn -0.2788 0.9561 0.0903
vn -0.2787 0.9561 0.0904
vn -0.3139 0.0191 -0.9493
vn -0.3107 0.0150 -0.9504
vn -0.3140 0.0161 -0.9493
vn -0.2788 0.9561 0.0902
vn 0.2715 -0.1176 0.9552
vn 0.2942 -0.1193 0.9483
vn -0.3320 -0.9216 -0.2013
vn 0.3168 -0.1209 0.9407
vn -0.3072 0.0138 -0.9515
vt 0.375543 0.905884
vt 0.389788 0.898778
vt 0.404189 0.917701
vt 0.387741 0.926476
vt 0.363787 0.714311
vt 0.352897 0.758141
vt 0.325126 0.739192
vt 0.321716 0.705786
vt 0.356736 0.867261
vt 0.377198 0.865150
vt 0.377255 0.883522
vt 0.362370 0.888712
vt 0.351686 0.525505
vt 0.385692 0.562588
vt 0.345536 0.578085
vt 0.298234 0.559237
vt 0.398747 0.869524
vt 0.395597 0.890606
vt 0.419164 0.874184
vt 0.418950 0.894579
vt 0.405226 0.518858
vt 0.405930 0.565621
vt 0.408238 0.718863
vt 0.409038 0.771960
vt 0.346238 0.898222
vt 0.354312 0.916303
vt 0.407514 0.670760
vt 0.371664 0.674584
vt 0.397840 0.672180
vt 0.336494 0.873564
vt 0.339378 0.883338
vt 0.327318 0.677952
vt 0.360157 0.938943
vt 0.323967 0.924243
vt 0.335791 0.922004
vt 0.338798 0.944973
vt 0.326767 0.947566
vt 0.331836 0.905112
vt 0.323577 0.908832
vt 0.305002 0.908554
vt 0.313558 0.891791
vt 0.319971 0.895500
vt 0.377328 0.618858
vt 0.336284 0.614603
vt 0.406534 0.605680
vt 0.387705 0.618724
vt 0.344833 0.919347
vt 0.348407 0.942561
vt 0.370625 0.637555
vt 0.321819 0.648614
vt 0.590355 0.634442
vt 0.592708 0.647321
vt 0.582664 0.641667
vt 0.580191 0.632125
vt 0.406773 0.621575
vt 0.397049 0.663039
vt 0.394424 0.644551
vt 0.396156 0.635261
vt 0.338486 0.901703
vt 0.273861 0.633655
vt 0.277573 0.601148
vt 0.268732 0.721327
vt 0.271302 0.665832
vt 0.303694 0.948863
vt 0.266653 0.947434
vt 0.271825 0.926484
vt 0.300958 0.925368
vt 0.419799 0.813768
vt 0.419530 0.839327
vt 0.399398 0.844653
vt 0.392534 0.815009
vt 0.377144 0.844533
vt 0.377693 0.819711
vt 0.277298 0.760402
vt 0.286678 0.904935
vt 0.295776 0.885877
vt 0.301003 0.871154
vt 0.319227 0.879882
vt 0.332766 0.851389
vt 0.358158 0.845807
vt 0.338927 0.662468
vt 0.372054 0.668356
vt 0.325222 0.877375
vt 0.318670 0.857842
vt 0.329785 0.888658
vt 0.586968 0.656822
vt 0.581607 0.664187
vt 0.574628 0.658518
vt 0.581677 0.651508
vt 0.585820 0.677699
vt 0.582539 0.686576
vt 0.574461 0.683075
vt 0.578666 0.673469
vt 0.569328 0.666763
vt 0.593094 0.654990
vt 0.590548 0.665725
vt 0.590035 0.618973
vt 0.581277 0.622531
vt 0.596087 0.621105
vt 0.596510 0.634364
vt 0.595260 0.667212
vt 0.590906 0.678384
vt 0.597608 0.647498
vt 0.597062 0.655205
vt 0.588650 0.688289
vt 0.598975 0.634330
vt 0.599489 0.647601
vt 0.593151 0.678616
vt 0.590978 0.688783
vt 0.599253 0.655640
vt 0.597263 0.667763
vt 0.598522 0.621961
vt 0.462110 0.906792
vt 0.449483 0.927123
vt 0.433223 0.918005
vt 0.448018 0.899389
vt 0.452533 0.712974
vt 0.494328 0.703186
vt 0.491925 0.736680
vt 0.464738 0.756456
vt 0.481723 0.868574
vt 0.475640 0.889901
vt 0.460868 0.884400
vt 0.461311 0.866034
vt 0.458942 0.523889
vt 0.513385 0.555996
vt 0.466672 0.576261
vt 0.426068 0.561980
vt 0.439675 0.869954
vt 0.442381 0.891097
vt 0.491568 0.899747
vt 0.483117 0.917654
vt 0.417226 0.671888
vt 0.443462 0.673502
vt 0.501828 0.875301
vt 0.498739 0.885012
vt 0.487890 0.675533
vt 0.476797 0.940165
vt 0.513287 0.926229
vt 0.509998 0.949487
vt 0.498024 0.946642
vt 0.501513 0.923742
vt 0.505821 0.906939
vt 0.517885 0.897578
vt 0.524374 0.894005
vt 0.532576 0.910942
vt 0.514000 0.910830
vt 0.477020 0.612483
vt 0.436123 0.617973
vt 0.425746 0.618151
vt 0.488469 0.944029
vt 0.492529 0.920896
vt 0.492503 0.646043
vt 0.443385 0.636459
vt 0.620033 0.635652
vt 0.630393 0.633888
vt 0.627366 0.643351
vt 0.616946 0.648470
vt 0.417798 0.634935
vt 0.419808 0.644168
vt 0.417741 0.662727
vt 0.499245 0.903390
vt 0.535299 0.597266
vt 0.539988 0.629646
vt 0.543515 0.661732
vt 0.547756 0.717124
vt 0.533037 0.951268
vt 0.536265 0.927837
vt 0.565366 0.929564
vt 0.570098 0.950617
vt 0.447032 0.815582
vt 0.439546 0.845075
vt 0.461771 0.820595
vt 0.461798 0.845422
vt 0.540370 0.756440
vt 0.542275 0.888466
vt 0.550971 0.907710
vt 0.518957 0.881980
vt 0.537359 0.873638
vt 0.506021 0.853209
vt 0.480753 0.847096
vt 0.442885 0.667289
vt 0.475820 0.660406
vt 0.513017 0.879348
vt 0.519978 0.859957
vt 0.508217 0.890532
vt 0.624154 0.656476
vt 0.627916 0.650347
vt 0.636021 0.654987
vt 0.631072 0.661956
vt 0.631214 0.675768
vt 0.636321 0.669587
vt 0.643504 0.676662
vt 0.637542 0.682671
vt 0.642956 0.661062
vt 0.617422 0.656171
vt 0.623134 0.665832
vt 0.621217 0.620093
vt 0.629836 0.624167
vt 0.615004 0.621901
vt 0.613846 0.635234
vt 0.619133 0.668683
vt 0.626554 0.678231
vt 0.612085 0.648488
vt 0.612388 0.657426
vt 0.632717 0.686537
vt 0.611361 0.635065
vt 0.610126 0.648465
vt 0.624642 0.679634
vt 0.630804 0.687940
vt 0.611009 0.659266
vt 0.617417 0.669866
vt 0.609657 0.656942
vt 0.624400 0.678884
vt 0.612503 0.622628
s 1
usemtl Material.001
f 495/663/478 487/664/479 481/665/480 491/666/481
f 494/667/482 489/668/483 483/669/484 493/670/485
f 521/671/486 519/672/487 479/673/488 490/674/489
f 513/675/490 488/676/491 482/677/492 510/678/493
f 525/679/494 487/680/495 479/673/496 519/672/487
f 524/681/497 481/682/498 487/680/495 525/679/494
f 508/683/499 484/684/500 488/676/491 513/675/490
f 492/685/501 485/686/502 489/668/483 494/667/482
f 490/674/503 479/673/504 487/664/479 495/663/478
f 502/687/505 490/674/503 495/663/478 507/688/506
f 504/689/507 492/685/501 494/667/482 506/690/508 527/691/509
f 523/692/510 521/671/486 490/674/489 502/687/511 541/693/512
f 506/690/508 494/667/482 493/670/485 505/694/513
f 507/688/514 495/663/478 491/666/481 503/695/515
f 486/696/516 500/697/517 496/698/518 480/699/519
f 501/700/520 478/701/521 515/702/522 522/703/523 542/704/524
f 488/676/525 499/705/526 498/706/527 482/677/527
f 484/684/528 540/707/529 526/708/530 499/705/526 488/676/525
f 478/701/521 501/700/531 500/697/517 486/696/516
f 500/697/517 537/709/532 532/710/533 496/698/518
f 499/705/534 538/711/535 535/712/536 498/706/536
f 553/713/537 552/714/538 548/715/539 549/716/540
f 497/717/541 504/689/541 527/691/541 531/718/541 539/719/542 528/720/543 526/708/544
f 501/700/531 536/721/545 537/709/532 500/697/517
f 498/706/546 535/712/547 533/722/548 516/723/549
f 482/677/550 498/706/546 516/723/549 510/678/493
f 505/694/513 493/670/551 514/724/552 517/725/553
f 518/726/554 508/727/499 513/728/490 520/729/555
f 485/730/556 509/731/556 512/732/557 489/733/558
f 489/733/558 512/732/557 511/734/559 483/735/484
f 493/670/485 483/669/484 511/736/559 514/724/552
f 480/699/519 518/726/554 520/729/555 486/696/516
f 515/702/522 510/737/493 516/738/549 522/703/523
f 486/696/516 520/729/555 515/702/522 478/701/521
f 516/738/549 533/739/548 534/740/560 522/703/523
f 517/741/553 514/742/552 521/671/486 523/692/510
f 509/731/561 524/681/497 525/679/494 512/732/557
f 512/732/557 525/679/494 519/672/487 511/734/559
f 514/742/552 511/734/559 519/672/487 521/671/486
f 526/708/544 528/720/543 539/719/542 538/711/535 499/705/534
f 505/694/513 530/743/562 529/744/563 506/690/508
f 529/744/563 531/718/564 527/691/509 506/690/508
f 534/745/560 533/746/548 517/741/553 523/692/510
f 533/722/548 535/712/547 505/694/513 517/725/553
f 535/712/547 530/743/562 505/694/513
f 536/721/565 543/747/566 541/693/512 502/687/511
f 532/710/533 537/709/532 507/688/514 503/695/515
f 537/709/532 536/721/545 502/687/505 507/688/506
f 535/712/547 538/711/567 529/744/563 530/743/562
f 538/711/567 539/719/568 531/718/564 529/744/563
f 526/708/530 540/707/529 497/717/569
f 513/728/490 510/737/493 515/702/522 520/729/555
f 544/748/570 546/749/571 549/750/572 548/751/570
f 542/704/524 543/747/566 536/721/565 501/700/520
f 551/752/573 550/753/573 547/754/573 545/755/573
f 547/756/574 549/750/572 546/749/571 545/755/574
f 555/757/575 554/758/576 546/749/577 544/748/578
f 552/714/579 555/757/579 544/748/579 548/751/579
f 554/758/576 551/752/580 545/755/581 546/749/577
f 550/759/582 553/713/537 549/716/540 547/760/583
f 559/761/584 557/762/585 553/713/537 550/759/582
f 561/763/586 556/764/587 551/752/580 554/758/576
f 560/765/588 558/766/589 555/757/590 552/714/590
f 558/766/591 561/763/586 554/758/576 555/757/575
f 556/764/592 559/767/592 550/753/593 551/752/593
f 557/762/585 560/765/594 552/714/538 553/713/537
f 543/768/595 542/769/596 560/765/594 557/762/585
f 523/770/597 541/771/597 559/767/592 556/764/592
f 522/772/598 534/773/599 561/763/586 558/766/591
f 542/769/600 522/772/600 558/766/589 560/765/588
f 534/773/599 523/770/601 556/764/587 561/763/586
f 541/774/602 543/768/595 557/762/585 559/761/584
f 573/775/603 491/776/481 481/777/480 567/778/604
f 572/779/605 571/780/606 565/781/607 569/782/608
f 592/783/609 570/784/610 563/785/611 590/786/612
f 585/787/613 582/788/614 564/789/615 568/790/616
f 595/791/617 590/786/612 563/785/618 567/792/619
f 524/681/497 595/791/617 567/792/619 481/682/498
f 508/683/499 585/787/613 568/790/616 484/684/500
f 492/685/501 572/779/605 569/782/608 485/686/502
f 570/784/620 573/775/603 567/778/604 563/785/621
f 578/793/622 581/794/623 573/775/603 570/784/620
f 504/689/507 597/795/624 580/796/625 572/779/605 492/685/501
f 594/797/626 609/798/627 578/793/628 570/784/610 592/783/609
f 580/796/625 579/799/629 571/780/606 572/779/605
f 581/794/630 503/800/515 491/776/481 573/775/603
f 566/801/631 480/802/519 496/803/518 576/804/632
f 577/805/633 610/806/634 593/807/635 587/808/636 562/809/637
f 568/790/638 564/789/639 574/810/639 575/811/640
f 484/684/641 568/790/638 575/811/640 596/812/642 540/707/643
f 562/809/637 566/801/631 576/804/632 577/805/644
f 576/804/632 496/803/518 532/813/533 606/814/645
f 575/811/646 574/810/647 604/815/647 607/816/648
f 621/817/649 617/818/650 616/819/651 620/820/652
f 497/717/653 596/812/654 598/821/655 608/822/656 601/823/653 597/795/653 504/689/653
f 577/805/644 576/804/632 606/814/645 605/824/657
f 574/810/658 588/825/659 602/826/660 604/815/661
f 564/789/662 582/788/614 588/825/659 574/810/658
f 579/799/629 589/827/663 586/828/664 571/780/665
f 518/829/554 591/830/666 585/831/613 508/832/499
f 485/730/667 569/833/668 584/834/669 509/731/667
f 569/833/668 565/835/607 583/836/670 584/834/669
f 571/780/606 586/828/664 583/837/670 565/781/607
f 480/802/519 566/801/631 591/830/666 518/829/554
f 587/808/636 593/807/635 588/838/659 582/839/614
f 566/801/631 562/809/637 587/808/636 591/830/666
f 588/838/659 593/807/635 603/840/671 602/841/660
f 589/842/663 594/797/626 592/783/609 586/843/664
f 509/731/561 584/834/669 595/791/617 524/681/497
f 584/834/669 583/836/670 590/786/612 595/791/617
f 586/843/664 592/783/609 590/786/612 583/836/670
f 596/812/654 575/811/646 607/816/648 608/822/656 598/821/655
f 579/799/629 580/796/625 599/844/672 600/845/673
f 599/844/672 580/796/625 597/795/624 601/823/674
f 603/846/671 594/797/626 589/842/663 602/847/660
f 602/826/660 589/827/663 579/799/629 604/815/661
f 604/815/661 579/799/629 600/845/673
f 605/824/675 578/793/628 609/798/627 611/848/676
f 532/813/533 503/800/515 581/794/630 606/814/645
f 606/814/645 581/794/623 578/793/622 605/824/657
f 604/815/661 600/845/673 599/844/672 607/816/677
f 607/816/677 599/844/672 601/823/674 608/822/678
f 596/812/642 497/717/679 540/707/643
f 585/831/613 591/830/666 587/808/636 582/839/614
f 612/849/680 616/850/680 617/851/681 614/852/682
f 610/806/634 577/805/633 605/824/675 611/848/676
f 619/853/683 613/854/683 615/855/683 618/856/683
f 615/857/684 613/854/684 614/852/682 617/851/681
f 623/858/685 612/849/686 614/852/687 622/859/688
f 620/820/689 616/850/689 612/849/689 623/858/689
f 622/859/688 614/852/687 613/854/690 619/853/691
f 618/860/692 615/861/693 617/818/650 621/817/649
f 627/862/694 618/860/692 621/817/649 625/863/695
f 629/864/696 622/859/688 619/853/691 624/865/697
f 628/866/698 620/820/699 623/858/699 626/867/700
f 626/867/701 623/858/685 622/859/688 629/864/696
f 624/865/702 619/853/703 618/856/703 627/868/702
f 625/863/695 621/817/649 620/820/652 628/866/704
f 611/869/705 625/863/695 628/866/704 610/870/706
f 594/871/707 624/865/702 627/868/702 609/872/707
f 593/873/708 626/867/701 629/864/696 603/874/709
f 610/870/710 628/866/698 626/867/700 593/875/710
f 603/874/709 629/864/696 624/865/697 594/876/711
f 609/877/712 627/862/694 625/863/695 611/869/705
o gown
v -0.421926 2.360556 0.151461
v -0.412724 2.110444 0.227618
v -0.002846 2.275797 0.236307
v -0.002846 2.096887 0.272391
v -0.390134 1.172382 0.194255
v -0.004078 1.154813 0.390381
v -0.214285 2.370776 0.203359
v -0.271057 2.092681 0.324544
v -0.261895 1.163040 0.325769
v -0.414572 1.620288 0.302114
v -0.002846 1.612222 0.483044
v -0.278628 1.604613 0.442514
v -0.002877 1.926787 0.306934
v -0.383788 1.938847 0.171980
v -0.256416 1.924558 0.288644
v -0.400613 1.338524 0.246847
v -0.273008 1.314790 0.395553
v -0.002659 1.313227 0.455767
v -0.412705 1.803527 0.227497
v -0.275157 1.795982 0.348543
v -0.002883 1.805294 0.382491
v -0.419953 2.233191 0.198033
v -0.002846 2.227108 0.240971
v -0.260234 2.231450 0.256342
v -0.002890 1.999643 0.298431
v -0.412644 2.014473 0.217885
v -0.263230 1.997990 0.313868
v -0.126095 2.090331 0.317914
v -0.108698 1.156900 0.383164
v -0.131362 2.314702 0.236437
v -0.119633 1.610255 0.493026
v -0.123900 1.926236 0.314828
v -0.114492 1.314080 0.456104
v -0.130019 1.802807 0.385416
v -0.126463 2.230135 0.263060
v -0.124379 1.996812 0.324714
v -0.002829 1.457034 0.489960
v -0.408147 1.476856 0.297450
v -0.277062 1.455567 0.438282
v -0.116517 1.458681 0.494064
v -0.420687 0.304518 0.200749
v -0.003697 0.299498 0.378143
v -0.271476 0.300792 0.293607
v -0.109324 0.294864 0.350557
v -0.272974 0.844273 0.286207
v -0.111610 0.849339 0.356209
v -0.391852 0.852683 0.190884
v -0.005816 0.857479 0.361330
v -0.274020 0.544059 0.288913
v -0.423309 0.551534 0.196495
v -0.111753 0.541030 0.346347
v -0.006361 0.536914 0.369708
v -0.412388 2.472176 -0.007663
v -0.217625 2.508704 0.039178
v -0.453954 1.212620 0.020674
v -0.461727 1.645912 0.050970
v -0.475346 1.944939 0.001852
v -0.446763 1.374502 0.014031
v -0.465993 1.798014 0.026586
v -0.454245 1.510207 0.045511
v -0.474480 0.297803 0.069170
v -0.475810 0.847896 0.057590
v -0.476471 0.545990 0.068388
v -0.437724 1.187981 -0.129868
v -0.457541 1.641047 -0.126846
v -0.471133 1.954301 -0.108249
v -0.442577 1.369637 -0.133830
v -0.468101 1.784657 -0.124282
v -0.450160 1.509615 -0.132861
v -0.426778 0.280969 -0.125456
v -0.426838 0.830578 -0.129367
v -0.425515 0.530551 -0.128621
v -0.391368 1.184797 -0.310205
v -0.409236 1.616598 -0.307590
v -0.432876 1.832072 -0.322950
v -0.396173 1.358575 -0.313234
v -0.419402 1.738210 -0.317728
v -0.401855 1.491705 -0.313604
v -0.357775 0.286318 -0.285174
v -0.352612 0.831038 -0.295343
v -0.357678 0.543299 -0.297274
v -0.290294 1.169278 -0.319925
v -0.284470 1.592705 -0.312691
v -0.304617 1.822266 -0.315108
v -0.277488 1.335772 -0.318645
v -0.292713 1.728651 -0.309998
v -0.281171 1.468277 -0.318123
v -0.156851 0.338697 -0.330156
v -0.085137 0.784444 -0.338977
v -0.125085 0.541768 -0.345085
v -0.479444 2.001074 -0.147142
v -0.415752 1.976199 -0.341101
v -0.262538 1.946881 -0.334691
v -0.480325 2.087142 -0.171043
v -0.415752 2.102257 -0.356858
v -0.259921 2.066965 -0.358902
v -0.464819 2.231483 -0.209974
v -0.410791 2.248587 -0.335191
v -0.189057 2.246152 -0.332591
v -0.453548 2.381211 -0.188219
v -0.399194 2.402844 -0.308030
v -0.223853 2.397162 -0.300461
v -0.446963 2.463568 -0.142706
v -0.398093 2.488435 -0.237810
v -0.248989 2.484440 -0.234030
v -0.418201 2.494333 -0.066878
v -0.370444 2.531946 -0.074302
v -0.233648 2.552175 -0.080978
v -0.324271 2.366354 0.176733
v -0.352799 2.485445 0.006601
v -0.571754 2.434243 0.137247
v -0.572461 2.214481 0.213014
v -0.565674 2.020802 0.111341
v -0.574217 2.337254 0.195011
v -0.570102 2.088952 0.171528
v -0.565560 2.486239 0.051162
v -0.556195 1.962866 0.021997
v -0.547497 1.959570 -0.075358
v -0.541304 2.011565 -0.161443
v -0.557261 2.074334 -0.212726
v -0.536642 2.198379 -0.240658
v -0.542268 2.322619 -0.215334
v -0.550651 2.423719 -0.151698
v -0.560130 2.481655 -0.062354
v -0.458481 2.029118 0.203872
v -0.465259 1.985923 0.162853
v -0.496237 1.948083 0.012699
v -0.495848 1.952800 -0.093839
v -0.504449 1.998280 -0.142572
v -0.500109 2.088464 -0.180916
v -0.480979 2.360475 -0.193164
v -0.472532 2.447119 -0.147026
v -0.492305 2.216347 -0.212454
v -0.446105 2.484791 -0.070723
v -0.437086 2.470333 -0.002056
v -0.442764 2.372975 0.142858
v -0.444154 2.253221 0.192506
v -0.446924 2.129640 0.214404
v -0.718297 2.418579 0.164258
v -0.719021 2.193612 0.241820
v -0.700055 2.003083 0.142500
v -0.720818 2.319293 0.223391
v -0.708637 2.106577 0.207643
v -0.711956 2.471806 0.076135
v -0.690352 1.943775 0.051041
v -0.681448 1.940401 -0.048620
v -0.683077 1.952161 -0.145035
v -0.680556 2.051448 -0.204167
v -0.682353 2.177128 -0.222596
v -0.688112 2.304311 -0.196672
v -0.696694 2.407805 -0.131530
v -0.706397 2.467113 -0.040070
v -0.870018 2.395577 0.168004
v -0.870726 2.175814 0.243771
v -0.852015 1.990652 0.146940
v -0.872481 2.298587 0.225768
v -0.860398 2.091752 0.210576
v -0.863825 2.447572 0.081919
v -0.842536 1.932716 0.057597
v -0.833838 1.929420 -0.039758
v -0.835614 1.939949 -0.134134
v -0.833151 2.036938 -0.191899
v -0.834906 2.159712 -0.209901
v -0.840533 2.283952 -0.184577
v -0.848916 2.385052 -0.120941
v -0.858395 2.442987 -0.031595
v -0.157202 1.183439 -0.345429
v -0.158561 1.576306 -0.324667
v -0.178733 1.805865 -0.327064
v -0.150947 1.319495 -0.331905
v -0.166827 1.712250 -0.321955
v -0.155049 1.451942 -0.330768
v -0.003788 0.958178 -0.351373
v -0.136122 1.924514 -0.355187
v -0.112492 2.050565 -0.382314
v -0.091994 2.200549 -0.342713
v -0.005314 1.163783 -0.351802
v -0.002804 1.564021 -0.319076
v -0.002645 1.793590 -0.321553
v -0.004754 1.307280 -0.327109
v -0.002769 1.699968 -0.316396
v -0.004806 1.439741 -0.326005
v -0.004025 1.031527 -0.349659
v -0.002837 1.884333 -0.357562
v -0.002846 2.043331 -0.388632
v -0.002766 2.195450 -0.350412
v 0.416235 2.360556 0.151461
v 0.407032 2.110444 0.227618
v 0.384737 1.172424 0.193858
v 0.208594 2.370776 0.203359
v 0.265365 2.092681 0.324544
v 0.255704 1.163022 0.325906
v 0.408889 1.620289 0.302105
v 0.272937 1.604613 0.442514
v 0.378083 1.938844 0.172017
v 0.250689 1.924556 0.288661
v 0.394964 1.338529 0.246796
v 0.267094 1.314782 0.395613
v 0.407013 1.803527 0.227497
v 0.269441 1.795981 0.348554
v 0.414261 2.233191 0.198033
v 0.254543 2.231450 0.256342
v 0.406952 2.014473 0.217885
v 0.257495 1.997987 0.313888
v 0.120403 2.090331 0.317914
v 0.101826 1.156911 0.382949
v 0.125671 2.314702 0.236437
v 0.113942 1.610255 0.493026
v 0.118187 1.926236 0.314825
v 0.108924 1.314089 0.456000
v 0.124294 1.802808 0.385413
v 0.120771 2.230135 0.263060
v 0.118662 1.996813 0.324711
v 0.402497 1.476860 0.297408
v 0.271395 1.455568 0.438274
v 0.111021 1.458681 0.494081
v 0.414995 0.304525 0.200681
v 0.266479 0.300847 0.293051
v 0.102671 0.294844 0.350759
v 0.267219 0.844274 0.286194
v 0.104472 0.849306 0.356541
v 0.385820 0.852636 0.191344
v 0.268722 0.544097 0.288530
v 0.417194 0.551467 0.197166
v 0.101711 0.540915 0.347502
v 0.406696 2.472176 -0.007663
v 0.211934 2.508704 0.039178
v 0.448237 1.212514 0.021740
v 0.456037 1.645905 0.051042
v 0.469655 1.944939 0.001852
v 0.441085 1.374478 0.014277
v 0.460301 1.798014 0.026586
v 0.448553 1.510201 0.045575
v 0.468790 0.297810 0.069100
v 0.470009 0.847856 0.057978
v 0.470733 0.545977 0.068516
v 0.432535 1.187893 -0.128933
v 0.451896 1.641040 -0.126770
v 0.465442 1.954301 -0.108249
v 0.437515 1.369534 -0.132737
v 0.462456 1.784650 -0.124208
v 0.444527 1.509606 -0.132764
v 0.421087 0.280976 -0.125526
v 0.421160 0.830592 -0.129506
v 0.419935 0.530522 -0.128313
v 0.385447 1.184817 -0.310422
v 0.403675 1.616590 -0.307498
v 0.427185 1.832072 -0.322950
v 0.389499 1.358637 -0.313943
v 0.413858 1.738201 -0.317627
v 0.396762 1.491670 -0.313193
v 0.352084 0.286325 -0.285244
v 0.346913 0.831046 -0.295417
v 0.352324 0.543282 -0.297078
v 0.284662 1.169281 -0.319956
v 0.278955 1.592700 -0.312629
v 0.299445 1.822251 -0.314909
v 0.270705 1.335805 -0.319073
v 0.287213 1.728645 -0.309928
v 0.273554 1.468328 -0.318808
v 0.151160 0.338703 -0.330226
v 0.079348 0.784469 -0.339204
v 0.119401 0.541775 -0.345155
v 0.473753 2.001074 -0.147142
v 0.410061 1.976199 -0.341101
v 0.256878 1.946881 -0.334683
v 0.474634 2.087142 -0.171043
v 0.410061 2.102257 -0.356858
v 0.254230 2.066965 -0.358902
v 0.459127 2.231484 -0.209974
v 0.405099 2.248588 -0.335191
v 0.183366 2.246152 -0.332591
v 0.447857 2.381211 -0.188219
v 0.393503 2.402844 -0.308030
v 0.218162 2.397162 -0.300461
v 0.441271 2.463568 -0.142706
v 0.392402 2.488436 -0.237810
v 0.243298 2.484440 -0.234030
v 0.412509 2.494333 -0.066877
v 0.364752 2.531946 -0.074302
v 0.227956 2.552175 -0.080978
v 0.318580 2.366354 0.176733
v 0.347108 2.485445 0.006601
v 0.566062 2.434243 0.137247
v 0.566770 2.214481 0.213014
v 0.559955 2.020741 0.111953
v 0.568525 2.337254 0.195011
v 0.564305 2.088891 0.172138
v 0.559869 2.486239 0.051162
v 0.550593 1.962812 0.022547
v 0.541806 1.959570 -0.075358
v 0.535803 2.011538 -0.161152
v 0.551569 2.074334 -0.212726
v 0.530950 2.198379 -0.240658
v 0.536577 2.322619 -0.215333
v 0.544960 2.423719 -0.151698
v 0.554438 2.481655 -0.062354
v 0.452790 2.029118 0.203872
v 0.459568 1.985923 0.162853
v 0.490546 1.948083 0.012699
v 0.490156 1.952800 -0.093839
v 0.498758 1.998280 -0.142572
v 0.494418 2.088464 -0.180916
v 0.475288 2.360475 -0.193164
v 0.466841 2.447119 -0.147026
v 0.486613 2.216347 -0.212454
v 0.440414 2.484791 -0.070723
v 0.431395 2.470333 -0.002056
v 0.437072 2.372975 0.142858
v 0.438463 2.253221 0.192506
v 0.441232 2.129640 0.214404
v 0.712605 2.418579 0.164258
v 0.713329 2.193612 0.241820
v 0.694303 2.003020 0.143136
v 0.715126 2.319293 0.223391
v 0.702899 2.106554 0.207881
v 0.706265 2.471806 0.076135
v 0.684699 1.943714 0.051660
v 0.675931 1.940334 -0.047931
v 0.677544 1.952126 -0.144671
v 0.674864 2.051447 -0.204167
v 0.676662 2.177128 -0.222596
v 0.682421 2.304311 -0.196672
v 0.691002 2.407805 -0.131529
v 0.700706 2.467113 -0.040070
v 0.864327 2.395576 0.168004
v 0.865034 2.175814 0.243771
v 0.846324 1.990652 0.146940
v 0.866790 2.298587 0.225768
v 0.854706 2.091752 0.210576
v 0.858133 2.447572 0.081919
v 0.836845 1.932716 0.057597
v 0.828147 1.929420 -0.039758
v 0.829922 1.939949 -0.134134
v 0.827459 2.036938 -0.191899
v 0.829215 2.159712 -0.209901
v 0.834841 2.283952 -0.184577
v 0.843224 2.385052 -0.120941
v 0.852703 2.442988 -0.031598
v 0.149334 1.183553 -0.346551
v 0.153016 1.576305 -0.324647
v 0.173301 1.805866 -0.327049
v 0.142940 1.319507 -0.332164
v 0.161304 1.712251 -0.321949
v 0.147691 1.451929 -0.330773
v 0.130457 1.924514 -0.355188
v 0.106801 2.050565 -0.382314
v 0.086303 2.200549 -0.342713
vn -0.1199 0.5782 0.8070
vn -0.4039 0.0756 0.9117
vn -0.0000 0.2329 0.9725
vn -0.0000 0.2448 0.9696
vn -0.8499 -0.0737 0.5217
vn -0.0002 -0.2499 0.9683
vn -0.2063 0.5192 0.8294
vn -0.2669 0.1440 0.9529
vn -0.5505 -0.2160 0.8064
vn -0.8622 0.0917 0.4981
vn -0.0000 0.2638 0.9646
vn -0.5010 0.1783 0.8469
vn -0.0000 0.2579 0.9662
vn -0.7440 -0.2240 0.6295
vn -0.4349 0.0628 0.8983
vn -0.8856 -0.1773 0.4293
vn -0.5459 -0.3122 0.7775
vn 0.0005 -0.3240 0.9460
vn -0.8283 0.2448 0.5040
vn -0.4452 0.4156 0.7932
vn -0.0000 0.4943 0.8693
vn -0.2402 0.2989 0.9236
vn -0.0000 0.2684 0.9633
vn -0.2035 0.3675 0.9075
vn 0.0001 0.0841 0.9965
vn -0.4905 -0.3445 0.8004
vn -0.3310 -0.2188 0.9179
vn 0.1277 0.2116 0.9690
vn -0.2052 -0.2579 0.9441
vn -0.0082 0.3080 0.9513
vn -0.1215 0.2377 0.9637
vn -0.0456 0.1979 0.9792
vn -0.1714 -0.3321 0.9275
vn -0.1067 0.4781 0.8718
vn 0.0780 0.3220 0.9435
vn 0.0674 -0.0279 0.9973
vn 0.0001 -0.1108 0.9938
vn -0.8832 -0.1172 0.4540
vn -0.5405 -0.1476 0.8283
vn -0.1424 -0.1233 0.9821
vn -0.7620 0.0028 0.6476
vn -0.0032 0.0248 0.9997
vn -0.4293 0.0120 0.9031
vn -0.2835 0.0184 0.9588
vn -0.5076 -0.0220 0.8613
vn -0.2371 -0.0485 0.9703
vn -0.7752 0.0297 0.6310
vn -0.0032 -0.0491 0.9988
vn -0.4525 0.0137 0.8916
vn -0.7602 0.0284 0.6491
vn -0.2678 0.0060 0.9635
vn -0.0061 0.0116 0.9999
vn -0.1991 0.8579 0.4737
vn -0.2118 0.8203 0.5313
vn -0.9949 0.0002 0.1009
vn -0.9947 -0.0212 0.1005
vn -0.7561 -0.6388 0.1424
vn -0.9961 -0.0493 0.0730
vn -0.9883 0.0367 0.1481
vn -0.9944 -0.0678 0.0814
vn -0.9982 -0.0042 0.0593
vn -0.9913 0.0301 0.1278
vn -0.9954 0.0121 0.0954
vn -0.9770 -0.0234 -0.2120
vn -0.9900 -0.0593 -0.1283
vn -0.8203 -0.4540 -0.3479
vn -0.9882 -0.0313 -0.1501
vn -0.9925 -0.0559 -0.1088
vn -0.9889 -0.0493 -0.1400
vn -0.9487 -0.0063 -0.3160
vn -0.9563 -0.0171 -0.2920
vn -0.9478 -0.0031 -0.3188
vn -0.6427 -0.0441 -0.7649
vn -0.6265 -0.0382 -0.7785
vn -0.6519 -0.0911 -0.7528
vn -0.6300 -0.0250 -0.7762
vn -0.6006 -0.0704 -0.7965
vn -0.6186 -0.0119 -0.7856
vn -0.6816 -0.0274 -0.7312
vn -0.6219 -0.0257 -0.7827
vn -0.6282 -0.0043 -0.7781
vn -0.1284 -0.0114 -0.9917
vn -0.0540 0.0205 -0.9983
vn -0.0291 -0.1005 -0.9945
vn -0.0911 0.0137 -0.9957
vn -0.0361 -0.0345 -0.9988
vn -0.0665 0.0221 -0.9975
vn -0.2042 -0.0433 -0.9780
vn -0.1597 -0.0091 -0.9871
vn -0.1894 -0.0031 -0.9819
vn -0.6546 -0.3331 -0.6787
vn -0.5838 -0.1254 -0.8022
vn -0.0875 -0.1579 -0.9836
vn -0.4747 -0.2203 -0.8521
vn -0.5581 0.0031 -0.8298
vn -0.0621 -0.0041 -0.9981
vn -0.5474 0.0606 -0.8347
vn -0.5511 0.1543 -0.8201
vn -0.0148 0.1868 -0.9823
vn -0.6137 0.3416 -0.7118
vn -0.4753 0.3780 -0.7944
vn 0.0373 0.3870 -0.9213
vn -0.5860 0.7348 -0.3415
vn -0.4615 0.7244 -0.5121
vn -0.0038 0.8112 -0.5847
vn -0.4340 0.8896 0.1424
vn -0.3251 0.9404 0.0997
vn -0.1323 0.9885 0.0733
vn -0.2628 0.5913 0.7625
vn -0.2566 0.8183 0.5144
vn 0.1705 0.7033 0.6902
vn 0.0965 -0.0146 0.9952
vn -0.1170 -0.7679 0.6297
vn 0.1634 0.3484 0.9230
vn -0.0875 -0.4378 0.8948
vn 0.0903 0.9538 0.2864
vn -0.0571 -0.9660 0.2523
vn -0.0037 -0.9772 -0.2123
vn 0.2060 -0.6641 -0.7187
vn 0.2232 -0.3611 -0.9054
vn 0.2070 -0.0382 -0.9776
vn 0.0369 0.3221 -0.9460
vn -0.1314 0.6820 -0.7194
vn -0.0847 0.9586 -0.2720
vn -0.4064 -0.3821 0.8300
vn -0.4475 -0.7265 0.5215
vn -0.2910 -0.9439 0.1561
vn -0.1593 -0.9292 -0.3336
vn -0.0132 -0.6448 -0.7642
vn 0.3710 -0.3210 -0.8714
vn 0.0253 0.3249 -0.9454
vn -0.1833 0.7030 -0.6872
vn 0.3491 -0.0730 -0.9342
vn -0.1907 0.9750 -0.1144
vn 0.0882 0.9269 0.3649
vn 0.1936 0.6458 0.7385
vn 0.0398 0.2869 0.9571
vn -0.1969 0.0093 0.9804
vn -0.0155 0.7016 0.7124
vn 0.1080 -0.1004 0.9891
vn 0.1459 -0.6946 0.7044
vn 0.0539 0.3326 0.9415
vn 0.1358 -0.4351 0.8901
vn -0.0944 0.9625 0.2541
vn 0.1426 -0.9372 0.3184
vn 0.1273 -0.9888 -0.0778
vn 0.0971 -0.8216 -0.5617
vn -0.0105 -0.3609 -0.9326
vn -0.0972 0.0136 -0.9952
vn -0.1429 0.3618 -0.9213
vn -0.1623 0.6875 -0.7078
vn -0.1513 0.9419 -0.3000
vn -0.0862 0.6863 0.7222
vn 0.0265 -0.1194 0.9925
vn 0.0776 -0.6914 0.7183
vn -0.0287 0.3189 0.9474
vn 0.0610 -0.4451 0.8934
vn -0.1423 0.9544 0.2625
vn 0.0824 -0.9426 0.3237
vn 0.0714 -0.9969 -0.0338
vn 0.0294 -0.8541 -0.5192
vn -0.0421 -0.3485 -0.9363
vn -0.0847 0.0160 -0.9963
vn -0.1214 0.3589 -0.9254
vn -0.1522 0.6875 -0.7101
vn -0.1658 0.9402 -0.2974
vn -0.0876 0.0378 -0.9954
vn -0.0269 0.0331 -0.9991
vn -0.0741 -0.1312 -0.9886
vn -0.0507 0.0516 -0.9974
vn -0.0313 -0.0204 -0.9993
vn -0.0308 0.0269 -0.9992
vn -0.0010 -0.0333 -0.9994
vn -0.1084 -0.2035 -0.9731
vn -0.0970 0.0203 -0.9951
vn -0.0665 0.2333 -0.9701
vn -0.0033 0.0617 -0.9981
vn -0.0001 0.0378 -0.9993
vn -0.0000 -0.1649 -0.9863
vn -0.0014 0.0765 -0.9971
vn -0.0000 -0.0142 -0.9999
vn 0.0001 0.0302 -0.9995
vn -0.0039 -0.0021 -1.0000
vn -0.0000 -0.2483 -0.9687
vn -0.0000 0.0205 -0.9998
vn -0.0000 0.2528 -0.9675
vn 0.1199 0.5782 0.8070
vn 0.4039 0.0756 0.9117
vn 0.8496 -0.0736 0.5222
vn 0.2063 0.5192 0.8294
vn 0.2669 0.1440 0.9529
vn 0.5490 -0.2164 0.8073
vn 0.8622 0.0917 0.4981
vn 0.5010 0.1784 0.8469
vn 0.7440 -0.2239 0.6296
vn 0.4348 0.0629 0.8983
vn 0.8853 -0.1775 0.4298
vn 0.5452 -0.3131 0.7776
vn 0.8283 0.2448 0.5040
vn 0.4451 0.4156 0.7932
vn 0.2402 0.2989 0.9236
vn 0.2035 0.3675 0.9075
vn 0.4905 -0.3445 0.8004
vn 0.3309 -0.2188 0.9180
vn -0.1277 0.2117 0.9690
vn 0.2037 -0.2582 0.9444
vn 0.0082 0.3080 0.9513
vn 0.1215 0.2378 0.9637
vn 0.0456 0.1979 0.9792
vn 0.1717 -0.3329 0.9272
vn 0.1067 0.4781 0.8718
vn -0.0780 0.3220 0.9435
vn -0.0674 -0.0279 0.9973
vn 0.8832 -0.1173 0.4541
vn 0.5406 -0.1478 0.8282
vn 0.1426 -0.1235 0.9820
vn 0.7618 0.0024 0.6479
vn 0.4288 0.0118 0.9033
vn 0.2793 0.0197 0.9600
vn 0.5062 -0.0219 0.8621
vn 0.2332 -0.0484 0.9712
vn 0.7743 0.0296 0.6321
vn 0.4515 0.0134 0.8922
vn 0.7592 0.0282 0.6502
vn 0.2619 0.0066 0.9651
vn 0.1991 0.8579 0.4737
vn 0.2118 0.8203 0.5313
vn 0.9947 0.0001 0.1032
vn 0.9947 -0.0211 0.1007
vn 0.7561 -0.6388 0.1425
vn 0.9960 -0.0487 0.0745
vn 0.9883 0.0367 0.1482
vn 0.9944 -0.0673 0.0818
vn 0.9982 -0.0041 0.0595
vn 0.9912 0.0298 0.1291
vn 0.9953 0.0122 0.0960
vn 0.9770 -0.0232 -0.2118
vn 0.9901 -0.0590 -0.1277
vn 0.8204 -0.4538 -0.3479
vn 0.9882 -0.0316 -0.1498
vn 0.9925 -0.0557 -0.1086
vn 0.9890 -0.0493 -0.1397
vn 0.9489 -0.0064 -0.3156
vn 0.9564 -0.0170 -0.2915
vn 0.9480 -0.0030 -0.3181
vn 0.6420 -0.0444 -0.7654
vn 0.6269 -0.0373 -0.7782
vn 0.6513 -0.0911 -0.7533
vn 0.6263 -0.0249 -0.7792
vn 0.6009 -0.0702 -0.7963
vn 0.6226 -0.0116 -0.7825
vn 0.6816 -0.0274 -0.7312
vn 0.6219 -0.0257 -0.7827
vn 0.6290 -0.0044 -0.7774
vn 0.1282 -0.0117 -0.9917
vn 0.0545 0.0213 -0.9983
vn 0.0288 -0.1006 -0.9945
vn 0.0905 0.0144 -0.9958
vn 0.0364 -0.0343 -0.9987
vn 0.0667 0.0238 -0.9975
vn 0.2047 -0.0429 -0.9779
vn 0.1600 -0.0098 -0.9871
vn 0.1900 -0.0032 -0.9818
vn 0.6546 -0.3331 -0.6787
vn 0.5836 -0.1257 -0.8022
vn 0.0876 -0.1582 -0.9835
vn 0.4747 -0.2203 -0.8521
vn 0.5581 0.0031 -0.8298
vn 0.0621 -0.0041 -0.9981
vn 0.5474 0.0606 -0.8347
vn 0.5511 0.1543 -0.8201
vn 0.0148 0.1868 -0.9823
vn 0.6137 0.3416 -0.7118
vn 0.4753 0.3780 -0.7944
vn -0.0373 0.3870 -0.9213
vn 0.5860 0.7348 -0.3415
vn 0.4615 0.7244 -0.5121
vn 0.0038 0.8112 -0.5847
vn 0.4340 0.8896 0.1424
vn 0.3251 0.9404 0.0997
vn 0.1323 0.9885 0.0733
vn 0.2628 0.5913 0.7625
vn 0.2566 0.8183 0.5144
vn -0.1705 0.7033 0.6902
vn -0.0969 -0.0134 0.9952
vn 0.1155 -0.7678 0.6302
vn -0.1634 0.3484 0.9230
vn 0.0863 -0.4357 0.8959
vn -0.0903 0.9538 0.2864
vn 0.0559 -0.9660 0.2526
vn 0.0040 -0.9770 -0.2130
vn -0.2039 -0.6657 -0.7179
vn -0.2228 -0.3621 -0.9051
vn -0.2070 -0.0382 -0.9776
vn -0.0369 0.3221 -0.9460
vn 0.1314 0.6820 -0.7194
vn 0.0847 0.9586 -0.2720
vn 0.4051 -0.3821 0.8306
vn 0.4462 -0.7271 0.5218
vn 0.2898 -0.9444 0.1555
vn 0.1595 -0.9291 -0.3338
vn 0.0137 -0.6446 -0.7644
vn -0.3702 -0.3216 -0.8715
vn -0.0253 0.3249 -0.9454
vn 0.1833 0.7030 -0.6872
vn -0.3491 -0.0730 -0.9342
vn 0.1907 0.9750 -0.1144
vn -0.0882 0.9269 0.3649
vn -0.1936 0.6458 0.7385
vn -0.0398 0.2869 0.9571
vn 0.1957 0.0099 0.9806
vn 0.0155 0.7016 0.7124
vn -0.1075 -0.0992 0.9892
vn -0.1444 -0.6943 0.7051
vn -0.0539 0.3326 0.9415
vn -0.1345 -0.4334 0.8911
vn 0.0944 0.9625 0.2541
vn -0.1419 -0.9373 0.3185
vn -0.1270 -0.9889 -0.0776
vn -0.0974 -0.8223 -0.5607
vn 0.0100 -0.3619 -0.9322
vn 0.0972 0.0136 -0.9952
vn 0.1429 0.3618 -0.9213
vn 0.1623 0.6875 -0.7078
vn 0.1513 0.9419 -0.3000
vn 0.0862 0.6863 0.7222
vn -0.0260 -0.1188 0.9926
vn -0.0749 -0.6915 0.7185
vn 0.0287 0.3189 0.9474
vn -0.0592 -0.4440 0.8941
vn 0.1423 0.9544 0.2625
vn -0.0807 -0.9430 0.3229
vn -0.0712 -0.9969 -0.0340
vn -0.0300 -0.8541 -0.5192
vn 0.0415 -0.3492 -0.9361
vn 0.0847 0.0160 -0.9963
vn 0.1214 0.3589 -0.9254
vn 0.1522 0.6875 -0.7101
vn 0.1658 0.9402 -0.2974
vn 0.0857 0.0387 -0.9956
vn 0.0266 0.0338 -0.9991
vn 0.0746 -0.1311 -0.9886
vn 0.0488 0.0532 -0.9974
vn 0.0316 -0.0203 -0.9993
vn 0.0289 0.0278 -0.9992
vn 0.1085 -0.2036 -0.9730
vn 0.0970 0.0203 -0.9951
vn 0.0665 0.2333 -0.9701
vt 0.130710 0.385735
vt 0.130058 0.358875
vt 0.153300 0.361854
vt 0.153300 0.385870
vt 0.108923 0.223822
vt 0.076964 0.225690
vt 0.071926 0.196048
vt 0.104961 0.195838
vt 0.135667 0.224067
vt 0.134332 0.194823
vt 0.075167 0.391175
vt 0.075422 0.367266
vt 0.105108 0.359895
vt 0.106415 0.386808
vt 0.131781 0.303145
vt 0.105986 0.301144
vt 0.111897 0.267941
vt 0.135871 0.268560
vt 0.073907 0.303127
vt 0.082730 0.271628
vt 0.105052 0.343314
vt 0.071666 0.348912
vt 0.068841 0.330787
vt 0.103958 0.328252
vt 0.130401 0.341992
vt 0.130575 0.328853
vt 0.136428 0.246711
vt 0.111694 0.246167
vt 0.082507 0.248974
vt 0.075369 0.417175
vt 0.115204 0.413758
vt 0.094417 0.415603
vt 0.130150 0.401800
vt 0.153300 0.394644
vt 0.153300 0.343266
vt 0.153299 0.329668
vt 0.153299 0.304522
vt 0.153299 0.246146
vt 0.153299 0.223349
vt 0.153299 0.269607
vt 0.153299 0.194577
vt 0.133640 0.084235
vt 0.102478 0.084466
vt 0.103692 0.042049
vt 0.133701 0.041057
vt 0.072016 0.085276
vt 0.072981 0.042505
vt 0.153298 0.083505
vt 0.153298 0.041733
vt 0.133352 0.139373
vt 0.153298 0.140822
vt 0.073961 0.138442
vt 0.101298 0.137939
vt 0.086777 0.453796
vt 0.075158 0.453964
vt 0.046241 0.136757
vt 0.047853 0.084240
vt 0.039751 0.253133
vt 0.036021 0.229110
vt 0.038989 0.200865
vt 0.048331 0.041194
vt 0.040598 0.277016
vt 0.032365 0.329007
vt 0.037639 0.304072
vt 0.563060 0.139869
vt 0.561249 0.204504
vt 0.534063 0.202216
vt 0.528645 0.138981
vt 0.570006 0.256286
vt 0.573632 0.280007
vt 0.541633 0.282791
vt 0.538353 0.259268
vt 0.562259 0.232988
vt 0.536098 0.234279
vt 0.561974 0.086817
vt 0.526211 0.085910
vt 0.559789 0.043355
vt 0.524547 0.042180
vt 0.572866 0.307422
vt 0.573049 0.334196
vt 0.553612 0.341762
vt 0.545161 0.309032
vt 0.509494 0.321013
vt 0.507878 0.303894
vt 0.506800 0.281167
vt 0.501299 0.203897
vt 0.495935 0.140783
vt 0.504606 0.258171
vt 0.502805 0.234406
vt 0.494505 0.089646
vt 0.494142 0.044649
vt 0.483544 0.201081
vt 0.447629 0.133177
vt 0.483607 0.276813
vt 0.482454 0.254262
vt 0.481307 0.230570
vt 0.452972 0.090383
vt 0.458167 0.054571
vt 0.486611 0.318416
vt 0.484863 0.301486
vt 0.506118 0.346947
vt 0.478558 0.340711
vt 0.546568 0.352484
vt 0.504140 0.369389
vt 0.477185 0.362506
vt 0.539905 0.369086
vt 0.503222 0.394382
vt 0.464575 0.394428
vt 0.529287 0.396691
vt 0.500164 0.420474
vt 0.470897 0.421972
vt 0.522901 0.426252
vt 0.502878 0.436939
vt 0.477693 0.442164
vt 0.520129 0.444963
vt 0.508444 0.466172
vt 0.483287 0.473467
vt 0.519241 0.462208
vt 0.112663 0.452682
vt 0.082631 0.470812
vt 0.107347 0.475374
vt 0.072838 0.465524
vt 0.130506 0.531054
vt 0.131830 0.542167
vt 0.106706 0.547897
vt 0.107248 0.529069
vt 0.118851 0.769588
vt 0.118634 0.789783
vt 0.107217 0.791540
vt 0.108585 0.772728
vt 0.117993 0.738906
vt 0.116054 0.757285
vt 0.108990 0.753209
vt 0.105869 0.738462
vt 0.127607 0.670539
vt 0.124738 0.688829
vt 0.112827 0.695521
vt 0.112859 0.673924
vt 0.120423 0.715137
vt 0.110898 0.717274
vt 0.131830 0.641121
vt 0.131544 0.654314
vt 0.110647 0.654730
vt 0.107539 0.635097
vt 0.128910 0.608612
vt 0.104836 0.617936
vt 0.130394 0.560738
vt 0.129164 0.584102
vt 0.104033 0.597966
vt 0.105008 0.574529
vt 0.118635 0.503878
vt 0.107635 0.507882
vt 0.071287 0.419876
vt 0.070771 0.395212
vt 0.525361 0.441818
vt 0.524136 0.459460
vt 0.543607 0.371255
vt 0.535256 0.394913
vt 0.057293 0.344881
vt 0.031808 0.333186
vt 0.069060 0.371769
vt 0.063497 0.353519
vt 0.070629 0.452499
vt 0.067369 0.465129
vt 0.528614 0.422832
vt 0.558639 0.344475
vt 0.551018 0.354291
vt 0.576331 0.336946
vt 0.076537 0.571336
vt 0.078628 0.554029
vt 0.086107 0.695218
vt 0.085819 0.672863
vt 0.081805 0.632459
vt 0.079144 0.614511
vt 0.084042 0.653086
vt 0.079954 0.531169
vt 0.082039 0.510980
vt 0.082112 0.797765
vt 0.083085 0.779303
vt 0.082210 0.761948
vt 0.077269 0.594162
vt 0.083976 0.741604
vt 0.085285 0.718836
vt 0.054026 0.799624
vt 0.055164 0.781636
vt 0.054622 0.764207
vt 0.049413 0.592232
vt 0.048613 0.569101
vt 0.055928 0.743141
vt 0.050235 0.552165
vt 0.051632 0.530035
vt 0.057003 0.719951
vt 0.051339 0.613282
vt 0.057532 0.696077
vt 0.057087 0.673553
vt 0.053817 0.632068
vt 0.055606 0.653445
vt 0.053798 0.510320
vt 0.463887 0.315208
vt 0.462020 0.298267
vt 0.455798 0.336824
vt 0.458798 0.227697
vt 0.459740 0.203523
vt 0.460716 0.273729
vt 0.459769 0.251350
vt 0.451073 0.359252
vt 0.433403 0.163670
vt 0.447653 0.386250
vt 0.431973 0.385053
vt 0.432150 0.357765
vt 0.433170 0.199871
vt 0.433320 0.176606
vt 0.432853 0.249104
vt 0.433005 0.225548
vt 0.432332 0.329672
vt 0.432444 0.312444
vt 0.432552 0.295738
vt 0.432709 0.271401
vt 0.175890 0.385734
vt 0.176541 0.358874
vt 0.197675 0.223822
vt 0.201636 0.195838
vt 0.234672 0.196047
vt 0.229633 0.225690
vt 0.170931 0.224066
vt 0.172266 0.194823
vt 0.231433 0.391174
vt 0.200185 0.386807
vt 0.201491 0.359894
vt 0.231177 0.367264
vt 0.174818 0.303145
vt 0.170727 0.268560
vt 0.194701 0.267941
vt 0.200612 0.301143
vt 0.223867 0.271628
vt 0.232692 0.303126
vt 0.201547 0.343313
vt 0.202641 0.328251
vt 0.237757 0.330786
vt 0.234933 0.348910
vt 0.176198 0.341992
vt 0.176024 0.328853
vt 0.170170 0.246711
vt 0.194904 0.246167
vt 0.224090 0.248973
vt 0.231231 0.417172
vt 0.212183 0.415601
vt 0.191397 0.413757
vt 0.176450 0.401799
vt 0.172956 0.084235
vt 0.172896 0.041057
vt 0.202905 0.042048
vt 0.204119 0.084466
vt 0.233616 0.042505
vt 0.234580 0.085276
vt 0.173245 0.139373
vt 0.205299 0.137939
vt 0.232636 0.138441
vt 0.231443 0.453961
vt 0.219823 0.453793
vt 0.258744 0.084239
vt 0.260356 0.136756
vt 0.270576 0.229109
vt 0.266846 0.253132
vt 0.267609 0.200864
vt 0.258266 0.041193
vt 0.265999 0.277015
vt 0.268959 0.304071
vt 0.274233 0.329005
vt 0.304068 0.138204
vt 0.338489 0.137759
vt 0.332258 0.200916
vt 0.305047 0.202854
vt 0.295623 0.254516
vt 0.327233 0.257906
vt 0.323650 0.281383
vt 0.291692 0.278186
vt 0.303669 0.231321
vt 0.329810 0.232949
vt 0.305836 0.085173
vt 0.341605 0.084726
vt 0.308580 0.041746
vt 0.343832 0.041024
vt 0.292104 0.305608
vt 0.319783 0.307575
vt 0.310911 0.340191
vt 0.291574 0.332375
vt 0.357128 0.302919
vt 0.355291 0.320016
vt 0.358500 0.280209
vt 0.371172 0.139982
vt 0.364997 0.203019
vt 0.360991 0.257245
vt 0.363098 0.233506
vt 0.373260 0.088870
vt 0.374201 0.043884
vt 0.419570 0.132998
vt 0.382786 0.200432
vt 0.383190 0.253621
vt 0.381747 0.276155
vt 0.384643 0.229947
vt 0.414778 0.090141
vt 0.410044 0.054267
vt 0.380171 0.300809
vt 0.378204 0.317714
vt 0.385968 0.340112
vt 0.358331 0.345990
vt 0.317816 0.351002
vt 0.387059 0.361922
vt 0.360018 0.368455
vt 0.324263 0.367689
vt 0.399253 0.394002
vt 0.360612 0.393456
vt 0.334521 0.395427
vt 0.392574 0.421460
vt 0.363332 0.419583
vt 0.340524 0.425065
vt 0.385518 0.441561
vt 0.360405 0.436010
vt 0.343053 0.443809
vt 0.379518 0.472785
vt 0.354461 0.465165
vt 0.343718 0.461062
vt 0.193938 0.452679
vt 0.223970 0.470809
vt 0.199255 0.475371
vt 0.233763 0.465520
vt 0.161151 0.532541
vt 0.184409 0.530556
vt 0.184951 0.549384
vt 0.159827 0.543653
vt 0.172806 0.771074
vt 0.183072 0.774215
vt 0.184440 0.793026
vt 0.173023 0.791269
vt 0.173664 0.740393
vt 0.185788 0.739948
vt 0.182668 0.754696
vt 0.175603 0.758771
vt 0.164050 0.672026
vt 0.178798 0.675411
vt 0.178830 0.697008
vt 0.166919 0.690316
vt 0.180759 0.718760
vt 0.171235 0.716624
vt 0.159827 0.642608
vt 0.184118 0.636584
vt 0.181011 0.656217
vt 0.160113 0.655800
vt 0.162747 0.610098
vt 0.186821 0.619423
vt 0.161263 0.562225
vt 0.186650 0.576016
vt 0.187624 0.599453
vt 0.162493 0.585589
vt 0.173022 0.505364
vt 0.184022 0.509369
vt 0.235828 0.395210
vt 0.235312 0.419874
vt 0.338859 0.458251
vt 0.337863 0.440596
vt 0.328577 0.393572
vt 0.320533 0.369809
vt 0.274790 0.333185
vt 0.249305 0.344880
vt 0.243102 0.353517
vt 0.237539 0.371767
vt 0.235971 0.452496
vt 0.239231 0.465125
vt 0.334856 0.421572
vt 0.313342 0.352752
vt 0.305850 0.342839
vt 0.288258 0.335083
vt 0.213029 0.555515
vt 0.215120 0.572823
vt 0.205838 0.674349
vt 0.205550 0.696705
vt 0.212513 0.615998
vt 0.209852 0.633945
vt 0.207615 0.654572
vt 0.209618 0.512467
vt 0.211704 0.532656
vt 0.208572 0.780790
vt 0.209546 0.799252
vt 0.209447 0.763435
vt 0.214388 0.595649
vt 0.207681 0.743091
vt 0.206372 0.720323
vt 0.236493 0.783123
vt 0.237631 0.801111
vt 0.237035 0.765693
vt 0.243045 0.570588
vt 0.242244 0.593719
vt 0.235730 0.744628
vt 0.240025 0.531522
vt 0.241422 0.553652
vt 0.234654 0.721437
vt 0.240318 0.614769
vt 0.234125 0.697564
vt 0.234571 0.675040
vt 0.237840 0.633554
vt 0.236051 0.654932
vt 0.237859 0.511807
vt 0.403054 0.297886
vt 0.400967 0.314801
vt 0.408776 0.336520
vt 0.406556 0.203181
vt 0.407186 0.227364
vt 0.405910 0.251002
vt 0.404675 0.273367
vt 0.413210 0.359006
vt 0.416279 0.386046
s 1
usemtl Material.001
f 664/878/747 657/879/740 633/880/716 652/881/735
f 646/882/729 645/883/728 634/884/717 638/885/721
f 662/886/745 646/882/729 638/885/721 658/887/741
f 651/888/734 631/889/714 637/890/720 653/891/736
f 663/892/746 649/893/732 641/894/724 660/895/743
f 649/893/732 648/896/731 639/897/722 641/894/724
f 656/898/739 655/899/738 643/900/726 644/901/727
f 665/902/748 656/898/739 644/901/727 661/903/744
f 669/904/752 668/905/751 646/882/729 662/886/745
f 668/905/751 667/906/750 645/883/728 646/882/729
f 644/901/727 643/900/726 648/896/731 649/893/732
f 661/903/744 644/901/727 649/893/732 663/892/746
f 630/907/713 651/888/734 653/891/736 636/908/719 738/909/821
f 659/910/742 664/878/747 652/881/735 632/911/715
f 657/879/740 637/890/720 656/898/739 665/902/748
f 637/890/720 631/889/714 655/899/738 656/898/739
f 633/880/716 657/879/740 665/902/748 654/912/737
f 636/908/719 653/891/736 664/878/747 659/910/742
f 642/913/725 661/903/744 663/892/746 650/914/733
f 666/915/749 669/904/752 662/886/745 647/916/730
f 654/912/737 665/902/748 661/903/744 642/913/725
f 650/914/733 663/892/746 660/895/743 640/917/723
f 647/916/730 662/886/745 658/887/741 635/918/718
f 653/891/736 637/890/720 657/879/740 664/878/747
f 640/917/723 660/895/743 669/904/752 666/915/749
f 641/894/724 639/897/722 667/906/750 668/905/751
f 660/895/743 641/894/724 668/905/751 669/904/752
f 680/919/763 678/920/761 672/921/755 673/922/756
f 678/920/761 679/923/762 670/924/753 672/921/755
f 681/925/764 680/919/763 673/922/756 671/926/754
f 635/918/718 658/887/741 675/927/758 677/928/760
f 638/885/721 634/884/717 676/929/759 674/930/757
f 658/887/741 638/885/721 674/930/757 675/927/758
f 677/928/760 675/927/758 680/919/763 681/925/764
f 674/930/757 676/929/759 679/923/762 678/920/761
f 675/927/758 674/930/757 678/920/761 680/919/763
f 630/907/713 738/909/821 739/931/822 682/932/765
f 679/923/762 676/929/759 691/933/774 692/934/775
f 645/883/728 667/906/750 689/935/772 687/936/770
f 676/929/759 634/884/717 684/937/767 691/933/774
f 670/924/753 679/923/762 692/934/775 690/938/773
f 667/906/750 639/897/722 685/939/768 689/935/772
f 634/884/717 645/883/728 687/936/770 684/937/767
f 648/896/731 643/900/726 686/940/769 688/941/771
f 639/897/722 648/896/731 688/941/771 685/939/768
f 691/942/774 684/943/767 693/944/776 700/945/783
f 689/946/772 685/947/768 694/948/777 698/949/781
f 687/950/770 689/946/772 698/949/781 696/951/779
f 684/943/767 687/950/770 696/951/779 693/944/776
f 692/952/775 691/942/774 700/945/783 701/953/784
f 690/954/773 692/952/775 701/953/784 699/955/782
f 688/956/771 686/957/769 695/958/778 697/959/780
f 685/947/768 688/956/771 697/959/780 694/948/777
f 697/959/780 695/958/778 704/960/787 706/961/789
f 694/948/777 697/959/780 706/961/789 703/962/786
f 700/945/783 693/944/776 702/963/785 709/964/792
f 698/949/781 694/948/777 703/962/786 707/965/790
f 696/951/779 698/949/781 707/965/790 705/966/788
f 693/944/776 696/951/779 705/966/788 702/963/785
f 701/953/784 700/945/783 709/964/792 710/967/793
f 699/955/782 701/953/784 710/967/793 708/968/791
f 709/964/792 702/963/785 711/969/794 718/970/801
f 707/965/790 703/962/786 712/971/795 716/972/799
f 705/966/788 707/965/790 716/972/799 714/973/797
f 702/963/785 705/966/788 714/973/797 711/969/794
f 710/967/793 709/964/792 718/970/801 719/974/802
f 708/968/791 710/967/793 719/974/802 717/975/800
f 706/961/789 704/960/787 713/976/796 715/977/798
f 703/962/786 706/961/789 715/977/798 712/971/795
f 713/976/796 704/960/787 721/978/804 722/979/805
f 704/960/787 695/958/778 720/980/803 721/978/804
f 722/979/805 721/978/804 724/981/807 725/982/808
f 721/978/804 720/980/803 723/983/806 724/981/807
f 725/982/808 724/981/807 727/984/810 728/985/811
f 724/981/807 723/983/806 726/986/809 727/984/810
f 728/985/811 727/984/810 730/987/813 731/988/814
f 727/984/810 726/986/809 729/989/812 730/987/813
f 731/988/814 730/987/813 733/990/816 734/991/817
f 730/987/813 729/989/812 732/992/815 733/990/816
f 734/991/817 733/990/816 736/993/819 737/994/820
f 733/990/816 732/992/815 735/995/818 736/993/819
f 739/931/822 738/909/821 636/908/719 683/996/766
f 736/997/819 739/931/822 683/996/766 737/998/820
f 739/931/822 736/997/819 735/999/818 682/932/765
f 755/1000/838 754/1001/837 744/1002/827 742/1003/825
f 757/1004/840 756/1005/839 746/1006/829 747/1007/830
f 759/1008/842 758/1009/841 748/1010/831 749/1011/832
f 761/1012/844 760/1013/843 751/1014/834 752/1015/835
f 758/1009/841 757/1004/840 747/1007/830 748/1010/831
f 760/1013/843 762/1016/845 750/1017/833 751/1014/834
f 764/1018/847 763/1019/846 753/1020/836 745/1021/828
f 765/1022/848 764/1018/847 745/1021/828 740/1023/823
f 767/1024/850 766/1025/849 743/1026/826 741/1027/824
f 754/1001/837 767/1024/850 741/1027/824 744/1002/827
f 756/1028/839 755/1000/838 742/1003/825 746/1029/829
f 762/1016/845 759/1008/842 749/1011/832 750/1017/833
f 763/1019/846 761/1012/844 752/1015/835 753/1020/836
f 766/1025/849 765/1022/848 740/1023/823 743/1026/826
f 651/888/734 630/907/713 765/1030/848 766/1031/849
f 735/995/818 732/992/815 761/1032/844 763/1033/846
f 726/986/809 723/983/806 759/1034/842 762/1035/845
f 686/940/769 643/900/726 755/1036/838 756/1037/839
f 655/899/738 631/889/714 767/1038/850 754/1039/837
f 631/889/714 651/888/734 766/1031/849 767/1038/850
f 630/907/713 682/932/765 764/1040/847 765/1030/848
f 682/932/765 735/999/818 763/1041/846 764/1040/847
f 729/989/812 726/986/809 762/1035/845 760/1042/843
f 720/980/803 695/958/778 757/1043/840 758/1044/841
f 732/992/815 729/989/812 760/1042/843 761/1032/844
f 723/983/806 720/980/803 758/1044/841 759/1034/842
f 695/958/778 686/957/769 756/1045/839 757/1043/840
f 643/900/726 655/899/738 754/1039/837 755/1036/838
f 744/1002/827 741/1027/824 769/1046/852 772/1047/855
f 752/1015/835 751/1014/834 779/1048/862 780/1049/863
f 740/1023/823 745/1021/828 773/1050/856 768/1051/851
f 753/1020/836 752/1015/835 780/1049/863 781/1052/864
f 746/1029/829 742/1003/825 770/1053/853 774/1054/857
f 745/1021/828 753/1020/836 781/1052/864 773/1050/856
f 747/1007/830 746/1006/829 774/1055/857 775/1056/858
f 748/1010/831 747/1007/830 775/1056/858 776/1057/859
f 741/1027/824 743/1026/826 771/1058/854 769/1046/852
f 749/1011/832 748/1010/831 776/1057/859 777/1059/860
f 742/1003/825 744/1002/827 772/1047/855 770/1053/853
f 750/1017/833 749/1011/832 777/1059/860 778/1060/861
f 743/1026/826 740/1023/823 768/1051/851 771/1058/854
f 751/1014/834 750/1017/833 778/1060/861 779/1048/862
f 775/1056/858 774/1055/857 788/1061/871 789/1062/872
f 776/1057/859 775/1056/858 789/1062/872 790/1063/873
f 769/1046/852 771/1058/854 785/1064/868 783/1065/866
f 777/1059/860 776/1057/859 790/1063/873 791/1066/874
f 770/1053/853 772/1047/855 786/1067/869 784/1068/867
f 778/1060/861 777/1059/860 791/1066/874 792/1069/875
f 771/1058/854 768/1051/851 782/1070/865 785/1064/868
f 779/1048/862 778/1060/861 792/1069/875 793/1071/876
f 772/1047/855 769/1046/852 783/1065/866 786/1067/869
f 780/1049/863 779/1048/862 793/1071/876 794/1072/877
f 768/1051/851 773/1050/856 787/1073/870 782/1070/865
f 781/1052/864 780/1049/863 794/1072/877 795/1074/878
f 774/1054/857 770/1053/853 784/1068/867 788/1075/871
f 773/1050/856 781/1052/864 795/1074/878 787/1073/870
f 715/977/798 713/976/796 798/1076/881 800/1077/883
f 713/976/796 722/979/805 803/1078/886 798/1076/881
f 711/969/794 714/973/797 799/1079/882 796/1080/879
f 716/972/799 712/971/795 797/1081/880 801/1082/884
f 712/971/795 715/977/798 800/1077/883 797/1081/880
f 722/979/805 725/982/808 804/1083/887 803/1078/886
f 714/973/797 716/972/799 801/1082/884 799/1079/882
f 718/970/801 711/969/794 796/1080/879 802/1084/885
f 725/982/808 728/985/811 805/1085/888 804/1083/887
f 804/1083/887 805/1085/888 815/1086/898 814/1087/897
f 802/1084/885 796/1080/879 806/1088/889 812/1089/895
f 799/1079/882 801/1082/884 811/1090/894 809/1091/892
f 798/1076/881 803/1078/886 813/1092/896 808/1093/891
f 800/1077/883 798/1076/881 808/1093/891 810/1094/893
f 796/1080/879 799/1079/882 809/1091/892 806/1088/889
f 803/1078/886 804/1083/887 814/1087/897 813/1092/896
f 801/1082/884 797/1081/880 807/1095/890 811/1090/894
f 797/1081/880 800/1077/883 810/1094/893 807/1095/890
f 841/1096/924 652/881/735 633/880/716 834/1097/917
f 827/1098/910 821/1099/904 818/1100/901 826/1101/909
f 839/1102/922 835/1103/918 821/1099/904 827/1098/910
f 830/1104/913 831/1105/914 820/1106/903 817/1107/900
f 840/1108/923 837/1109/920 823/1110/906 829/1111/912
f 829/1111/912 823/1110/906 822/1112/905 828/1113/911
f 833/1114/916 825/1115/908 824/1116/907 832/1117/915
f 842/1118/925 838/1119/921 825/1115/908 833/1114/916
f 845/1120/928 839/1102/922 827/1098/910 844/1121/927
f 844/1121/927 827/1098/910 826/1101/909 843/1122/926
f 825/1115/908 829/1111/912 828/1113/911 824/1116/907
f 838/1119/921 840/1108/923 829/1111/912 825/1115/908
f 816/1123/899 911/1124/994 819/1125/902 831/1105/914 830/1104/913
f 836/1126/919 632/911/715 652/881/735 841/1096/924
f 834/1097/917 842/1118/925 833/1114/916 820/1106/903
f 820/1106/903 833/1114/916 832/1117/915 817/1107/900
f 633/880/716 654/912/737 842/1118/925 834/1097/917
f 819/1125/902 836/1126/919 841/1096/924 831/1105/914
f 642/913/725 650/914/733 840/1108/923 838/1119/921
f 666/915/749 647/916/730 839/1102/922 845/1120/928
f 654/912/737 642/913/725 838/1119/921 842/1118/925
f 650/914/733 640/917/723 837/1109/920 840/1108/923
f 647/916/730 635/918/718 835/1103/918 839/1102/922
f 831/1105/914 841/1096/924 834/1097/917 820/1106/903
f 640/917/723 666/915/749 845/1120/928 837/1109/920
f 823/1110/906 844/1121/927 843/1122/926 822/1112/905
f 837/1109/920 845/1120/928 844/1121/927 823/1110/906
f 854/1127/937 848/1128/931 847/1129/930 852/1130/935
f 852/1130/935 847/1129/930 846/1131/929 853/1132/936
f 681/925/764 671/926/754 848/1128/931 854/1127/937
f 635/918/718 677/928/760 850/1133/933 835/1103/918
f 821/1099/904 849/1134/932 851/1135/934 818/1100/901
f 835/1103/918 850/1133/933 849/1134/932 821/1099/904
f 677/928/760 681/925/764 854/1127/937 850/1133/933
f 849/1134/932 852/1130/935 853/1132/936 851/1135/934
f 850/1133/933 854/1127/937 852/1130/935 849/1134/932
f 816/1123/899 855/1136/938 912/1137/995 911/1124/994
f 853/1132/936 865/1138/948 864/1139/947 851/1135/934
f 826/1101/909 860/1140/943 862/1141/945 843/1122/926
f 851/1135/934 864/1139/947 857/1142/940 818/1100/901
f 846/1131/929 863/1143/946 865/1138/948 853/1132/936
f 843/1122/926 862/1141/945 858/1144/941 822/1112/905
f 818/1100/901 857/1142/940 860/1140/943 826/1101/909
f 828/1113/911 861/1145/944 859/1146/942 824/1116/907
f 822/1112/905 858/1144/941 861/1145/944 828/1113/911
f 864/1147/947 873/1148/956 866/1149/949 857/1150/940
f 862/1151/945 871/1152/954 867/1153/950 858/1154/941
f 860/1155/943 869/1156/952 871/1152/954 862/1151/945
f 857/1150/940 866/1149/949 869/1156/952 860/1155/943
f 865/1157/948 874/1158/957 873/1148/956 864/1147/947
f 863/1159/946 872/1160/955 874/1158/957 865/1157/948
f 861/1161/944 870/1162/953 868/1163/951 859/1164/942
f 858/1154/941 867/1153/950 870/1162/953 861/1161/944
f 870/1162/953 879/1165/962 877/1166/960 868/1163/951
f 867/1153/950 876/1167/959 879/1165/962 870/1162/953
f 873/1148/956 882/1168/965 875/1169/958 866/1149/949
f 871/1152/954 880/1170/963 876/1167/959 867/1153/950
f 869/1156/952 878/1171/961 880/1170/963 871/1152/954
f 866/1149/949 875/1169/958 878/1171/961 869/1156/952
f 874/1158/957 883/1172/966 882/1168/965 873/1148/956
f 872/1160/955 881/1173/964 883/1172/966 874/1158/957
f 882/1168/965 891/1174/974 884/1175/967 875/1169/958
f 880/1170/963 889/1176/972 885/1177/968 876/1167/959
f 878/1171/961 887/1178/970 889/1176/972 880/1170/963
f 875/1169/958 884/1175/967 887/1178/970 878/1171/961
f 883/1172/966 892/1179/975 891/1174/974 882/1168/965
f 881/1173/964 890/1180/973 892/1179/975 883/1172/966
f 879/1165/962 888/1181/971 886/1182/969 877/1166/960
f 876/1167/959 885/1177/968 888/1181/971 879/1165/962
f 886/1182/969 895/1183/978 894/1184/977 877/1166/960
f 877/1166/960 894/1184/977 893/1185/976 868/1163/951
f 895/1183/978 898/1186/981 897/1187/980 894/1184/977
f 894/1184/977 897/1187/980 896/1188/979 893/1185/976
f 898/1186/981 901/1189/984 900/1190/983 897/1187/980
f 897/1187/980 900/1190/983 899/1191/982 896/1188/979
f 901/1189/984 904/1192/987 903/1193/986 900/1190/983
f 900/1190/983 903/1193/986 902/1194/985 899/1191/982
f 904/1192/987 907/1195/990 906/1196/989 903/1193/986
f 903/1193/986 906/1196/989 905/1197/988 902/1194/985
f 907/1195/990 910/1198/993 909/1199/992 906/1196/989
f 906/1196/989 909/1199/992 908/1200/991 905/1197/988
f 912/1137/995 856/1201/939 819/1125/902 911/1124/994
f 909/1202/992 910/1203/993 856/1201/939 912/1137/995
f 912/1137/995 855/1136/938 908/1204/991 909/1202/992
f 928/1205/1011 915/1206/998 917/1207/1000 927/1208/1010
f 930/1209/1013 920/1210/1003 919/1211/1002 929/1212/1012
f 932/1213/1015 922/1214/1005 921/1215/1004 931/1216/1014
f 934/1217/1017 925/1218/1008 924/1219/1007 933/1220/1016
f 931/1216/1014 921/1215/1004 920/1210/1003 930/1209/1013
f 933/1220/1016 924/1219/1007 923/1221/1006 935/1222/1018
f 937/1223/1020 918/1224/1001 926/1225/1009 936/1226/1019
f 938/1227/1021 913/1228/996 918/1224/1001 937/1223/1020
f 940/1229/1023 914/1230/997 916/1231/999 939/1232/1022
f 927/1208/1010 917/1207/1000 914/1230/997 940/1229/1023
f 929/1233/1012 919/1234/1002 915/1206/998 928/1205/1011
f 935/1222/1018 923/1221/1006 922/1214/1005 932/1213/1015
f 936/1226/1019 926/1225/1009 925/1218/1008 934/1217/1017
f 939/1232/1022 916/1231/999 913/1228/996 938/1227/1021
f 830/1104/913 939/1235/1022 938/1236/1021 816/1123/899
f 908/1200/991 936/1237/1019 934/1238/1017 905/1197/988
f 899/1191/982 935/1239/1018 932/1240/1015 896/1188/979
f 859/1146/942 929/1241/1012 928/1242/1011 824/1116/907
f 832/1117/915 927/1243/1010 940/1244/1023 817/1107/900
f 817/1107/900 940/1244/1023 939/1235/1022 830/1104/913
f 816/1123/899 938/1236/1021 937/1245/1020 855/1136/938
f 855/1136/938 937/1245/1020 936/1246/1019 908/1204/991
f 902/1194/985 933/1247/1016 935/1239/1018 899/1191/982
f 893/1185/976 931/1248/1014 930/1249/1013 868/1163/951
f 905/1197/988 934/1238/1017 933/1247/1016 902/1194/985
f 896/1188/979 932/1240/1015 931/1248/1014 893/1185/976
f 868/1163/951 930/1249/1013 929/1250/1012 859/1164/942
f 824/1116/907 928/1242/1011 927/1243/1010 832/1117/915
f 917/1207/1000 945/1251/1028 942/1252/1025 914/1230/997
f 925/1218/1008 953/1253/1036 952/1254/1035 924/1219/1007
f 913/1228/996 941/1255/1024 946/1256/1029 918/1224/1001
f 926/1225/1009 954/1257/1037 953/1253/1036 925/1218/1008
f 919/1234/1002 947/1258/1030 943/1259/1026 915/1206/998
f 918/1224/1001 946/1256/1029 954/1257/1037 926/1225/1009
f 920/1210/1003 948/1260/1031 947/1261/1030 919/1211/1002
f 921/1215/1004 949/1262/1032 948/1260/1031 920/1210/1003
f 914/1230/997 942/1252/1025 944/1263/1027 916/1231/999
f 922/1214/1005 950/1264/1033 949/1262/1032 921/1215/1004
f 915/1206/998 943/1259/1026 945/1251/1028 917/1207/1000
f 923/1221/1006 951/1265/1034 950/1264/1033 922/1214/1005
f 916/1231/999 944/1263/1027 941/1255/1024 913/1228/996
f 924/1219/1007 952/1254/1035 951/1265/1034 923/1221/1006
f 948/1260/1031 962/1266/1045 961/1267/1044 947/1261/1030
f 949/1262/1032 963/1268/1046 962/1266/1045 948/1260/1031
f 942/1252/1025 956/1269/1039 958/1270/1041 944/1263/1027
f 950/1264/1033 964/1271/1047 963/1268/1046 949/1262/1032
f 943/1259/1026 957/1272/1040 959/1273/1042 945/1251/1028
f 951/1265/1034 965/1274/1048 964/1271/1047 950/1264/1033
f 944/1263/1027 958/1270/1041 955/1275/1038 941/1255/1024
f 952/1254/1035 966/1276/1049 965/1274/1048 951/1265/1034
f 945/1251/1028 959/1273/1042 956/1269/1039 942/1252/1025
f 953/1253/1036 967/1277/1050 966/1276/1049 952/1254/1035
f 941/1255/1024 955/1275/1038 960/1278/1043 946/1256/1029
f 954/1257/1037 968/1279/1051 967/1277/1050 953/1253/1036
f 947/1258/1030 961/1280/1044 957/1272/1040 943/1259/1026
f 946/1256/1029 960/1278/1043 968/1279/1051 954/1257/1037
f 888/1181/971 973/1281/1056 971/1282/1054 886/1182/969
f 886/1182/969 971/1282/1054 975/1283/1058 895/1183/978
f 884/1175/967 969/1284/1052 972/1285/1055 887/1178/970
f 889/1176/972 974/1286/1057 970/1287/1053 885/1177/968
f 885/1177/968 970/1287/1053 973/1281/1056 888/1181/971
f 895/1183/978 975/1283/1058 976/1288/1059 898/1186/981
f 887/1178/970 972/1285/1055 974/1286/1057 889/1176/972
f 891/1174/974 802/1084/885 969/1284/1052 884/1175/967
f 898/1186/981 976/1288/1059 977/1289/1060 901/1189/984
f 976/1288/1059 814/1087/897 815/1086/898 977/1289/1060
f 802/1084/885 812/1089/895 806/1088/889 969/1284/1052
f 972/1285/1055 809/1091/892 811/1090/894 974/1286/1057
f 971/1282/1054 808/1093/891 813/1092/896 975/1283/1058
f 973/1281/1056 810/1094/893 808/1093/891 971/1282/1054
f 969/1284/1052 806/1088/889 809/1091/892 972/1285/1055
f 975/1283/1058 813/1092/896 814/1087/897 976/1288/1059
f 974/1286/1057 811/1090/894 807/1095/890 970/1287/1053
f 970/1287/1053 807/1095/890 810/1094/893 973/1281/1056
o hair
v -0.048419 3.097703 0.076287
v -0.310895 2.955873 0.107542
v -0.003163 3.098161 0.400846
v -0.214015 2.993752 0.443200
v -0.059878 3.156778 0.256880
v -0.317115 3.014754 0.379376
v -0.304665 2.785250 0.207286
v -0.267401 2.887531 0.464290
v -0.336070 2.763575 0.411546
v -0.287280 2.719939 0.495635
v -0.298629 2.577602 0.477563
v -0.050968 3.131600 0.181001
v -0.314005 2.985314 0.243459
v -0.309674 2.855363 0.297683
v -0.286619 2.537447 0.263193
v -0.314350 2.684456 0.310017
v -0.037276 3.049274 0.010098
v -0.259521 2.921842 0.021042
v -0.339668 2.833086 0.119983
v 0.000545 3.019442 -0.034321
v -0.173249 2.854031 -0.059724
v -0.162537 2.654173 -0.030987
v 0.057130 2.981335 -0.043621
v 0.040289 2.810173 -0.061580
v -0.031199 2.705847 -0.036533
v -0.226107 3.043534 0.087111
v -0.110289 3.061962 0.421065
v -0.234946 3.102511 0.313325
v -0.228936 3.075202 0.207427
v -0.177970 3.005454 0.003808
v -0.116541 2.950936 -0.076629
v 0.053362 2.913354 -0.057756
v 0.261888 3.018793 0.161663
v 0.156018 3.081883 0.165135
v 0.250038 3.016688 0.294192
v 0.145779 3.092947 0.308284
v 0.324542 2.922611 0.201489
v 0.315170 2.924125 0.296118
v 0.339661 2.822837 0.228892
v 0.330960 2.818387 0.298852
v 0.311973 2.681246 0.266195
v 0.326605 2.768195 0.289682
v 0.232219 3.000569 0.033352
v 0.154374 3.077130 0.039808
v 0.347982 2.913406 0.125721
v 0.322314 2.916868 0.037803
v -0.224121 2.887937 -0.019341
v -0.264618 2.769789 0.034210
v 0.000376 3.034358 -0.012112
v -0.145748 2.978195 -0.036411
v 0.361458 2.808261 0.091988
v 0.337927 2.813780 0.033129
v 0.348328 2.657205 0.045513
v 0.339517 2.744458 0.048723
v -0.026028 3.121375 0.134971
v 0.017614 3.114925 0.140448
v -0.016198 3.117054 0.088251
v 0.019664 3.103081 0.096850
v -0.067842 3.140337 0.113349
v -0.057279 3.132947 0.082920
v -0.085193 3.168623 0.090818
v -0.075575 3.163453 0.070642
v -0.099206 3.213575 0.058374
v -0.085191 3.187119 0.068613
v -0.072626 3.122146 0.134647
v -0.044848 3.122158 0.138277
v -0.065906 3.121283 0.105207
v -0.042273 3.115813 0.110611
v -0.100389 3.130408 0.121091
v -0.092986 3.127391 0.101861
v -0.113793 3.146811 0.107300
v -0.107230 3.144890 0.094562
v -0.126659 3.174099 0.087594
v -0.115458 3.158756 0.093653
v 0.021971 3.083962 0.459206
v 0.056111 3.110287 0.381428
v 0.100721 3.049428 0.458983
v 0.128192 3.087167 0.398317
v 0.006032 3.000699 0.533597
v 0.065535 2.977499 0.530316
v -0.000225 2.913201 0.550823
v 0.041341 2.899642 0.543659
v -0.005531 2.785794 0.549804
v 0.014745 2.851792 0.542093
vn -0.2851 0.8616 -0.4200
vn -0.9030 0.3692 -0.2199
vn -0.1563 0.8754 0.4575
vn -0.4524 0.5415 0.7086
vn -0.2827 0.9578 0.0525
vn -0.8164 0.4653 0.3419
vn -0.9958 -0.0099 -0.0907
vn -0.6838 0.2134 0.6978
vn -0.8808 0.1167 0.4589
vn -0.8348 0.1072 0.5400
vn -0.3282 0.9024 -0.2791
vn -0.9359 0.3293 -0.1249
vn -0.9960 -0.0190 -0.0875
vn -0.9875 -0.0556 -0.1476
vn -0.2083 0.7481 -0.6301
vn -0.7540 0.2703 -0.5986
vn -0.9497 0.1440 -0.2781
vn -0.0462 0.5629 -0.8253
vn -0.3843 -0.0260 -0.9228
vn -0.2894 -0.1649 -0.9429
vn 0.1326 0.2763 -0.9519
vn 0.0082 -0.1174 -0.9930
vn -0.0173 -0.1707 -0.9852
vn -0.5334 0.7378 -0.4137
vn -0.2074 0.8227 0.5294
vn -0.4907 0.8572 0.1560
vn -0.5571 0.7966 -0.2349
vn -0.4256 0.6140 -0.6647
vn -0.2107 0.3266 -0.9214
vn 0.0780 0.0895 -0.9929
vn 0.6702 0.7387 -0.0718
vn 0.5748 0.8161 -0.0599
vn 0.6901 0.7222 0.0466
vn 0.5536 0.8326 0.0173
vn 0.9077 0.4089 0.0939
vn 0.9199 0.3801 0.0963
vn 0.9946 0.0382 0.0970
vn 0.9956 0.0069 0.0934
vn 0.9854 -0.1539 0.0733
vn 0.6443 0.7423 -0.1839
vn 0.5938 0.7915 -0.1450
vn 0.8366 0.4765 -0.2703
vn -0.6548 0.1172 -0.7467
vn -0.7044 -0.0861 -0.7045
vn -0.1933 0.7418 -0.6422
vn -0.3917 0.5516 -0.7365
vn 0.9173 0.1145 -0.3814
vn 0.9177 0.1156 -0.3802
vn 0.8790 0.0207 -0.4763
vn -0.3313 -0.9395 0.0873
vn -0.2689 -0.9536 0.1353
vn -0.3317 -0.9394 0.0870
vn -0.6011 -0.7968 -0.0619
vn -0.6012 -0.7967 -0.0619
vn -0.7991 -0.5371 -0.2700
vn -0.7991 -0.5379 -0.2685
vn -0.7920 -0.4691 -0.3908
vn -0.1866 -0.9808 0.0563
vn -0.1231 -0.9869 0.1045
vn -0.1870 -0.9808 0.0560
vn -0.4739 -0.8758 -0.0916
vn -0.7074 -0.6427 -0.2942
vn -0.7073 -0.6435 -0.2927
vn -0.7099 -0.5707 -0.4128
vn 0.2709 0.7249 0.6334
vn 0.2609 0.8266 0.4986
vn 0.2704 0.7334 0.6237
vn 0.2302 0.4250 0.8754
vn 0.2231 0.3968 0.8904
vn 0.2127 0.0601 0.9753
vn 0.2185 0.0504 0.9745
vn 0.2860 -0.0662 0.9559
vt 0.152084 0.926952
vt 0.156103 0.909160
vt 0.173104 0.914181
vt 0.174580 0.934959
vt 0.137243 0.928958
vt 0.137290 0.909715
vt 0.117737 0.912467
vt 0.123436 0.883379
vt 0.140765 0.888548
vt 0.160114 0.873805
vt 0.175810 0.899371
vt 0.178990 0.849348
vt 0.175757 0.870756
vt 0.120117 0.930413
vt 0.118682 0.845912
vt 0.132884 0.864276
vt 0.103903 0.918160
vt 0.110467 0.895453
vt 0.120431 0.957632
vt 0.106542 0.957077
vt 0.107000 0.935518
vt 0.088567 0.901864
vt 0.095407 0.920829
vt 0.085937 0.925017
vt 0.062764 0.907579
vt 0.099584 0.938161
vt 0.100024 0.961103
vt 0.095693 0.959961
vt 0.092104 0.940068
vt 0.063146 0.947442
vt 0.056417 0.928602
vt 0.085356 0.964041
vt 0.075917 0.958202
vt 0.138048 0.956911
vt 0.150723 0.954549
vt 0.176219 0.952079
vt 0.067852 0.875803
vt 0.070160 0.892531
vt 0.054782 0.900087
vt 0.052444 0.884103
vt 0.044313 0.874430
vt 0.052644 0.865411
vt 0.033798 0.867729
vt 0.038877 0.860100
vt 0.028883 0.863993
vt 0.019704 0.856592
vt 0.085459 0.880033
vt 0.084508 0.892756
vt 0.079698 0.859188
vt 0.088455 0.866139
vt 0.092321 0.850944
vt 0.097322 0.857408
vt 0.111044 0.842908
vt 0.102572 0.850332
vt 0.231087 0.924135
vt 0.229364 0.912019
vt 0.242533 0.910981
vt 0.243386 0.921885
vt 0.231050 0.898300
vt 0.240247 0.898781
vt 0.233704 0.887851
vt 0.239952 0.888056
vt 0.236415 0.867440
vt 0.237719 0.881060
vt 0.181061 0.930766
vt 0.180512 0.911100
vt 0.201734 0.911836
vt 0.201114 0.929407
vt 0.185692 0.889503
vt 0.200302 0.891926
vt 0.191790 0.873297
vt 0.201734 0.874719
vt 0.198735 0.849418
vt 0.199377 0.863140
vt 0.210941 0.929634
vt 0.208690 0.914708
vt 0.223666 0.915670
vt 0.224253 0.929111
vt 0.212590 0.896083
vt 0.223601 0.896600
vt 0.216708 0.881764
vt 0.224253 0.881772
vt 0.220783 0.860553
vt 0.221974 0.872230
s 1
usemtl Material.001
f 1005/1290/1086 983/1291/1066 981/1292/1064 1004/1293/1085
f 1006/1294/1087 990/1295/1072 983/1291/1066 1005/1290/1086
f 990/1295/1072 979/1296/1062 984/1297/1067 991/1298/1073
f 981/1292/1064 983/1291/1066 986/1299/1069 985/1300/1068
f 985/1300/1068 986/1299/1069 988/1301/1070 987/1302/1070
f 983/1291/1066 990/1295/1072 991/1298/1073 986/1299/1069
f 1003/1303/1084 979/1296/1062 990/1295/1072 1006/1294/1087
f 991/1298/1073 984/1297/1067 992/1304/1074 993/1305/1074
f 984/1297/1067 979/1296/1062 995/1306/1076 996/1307/1077
f 1003/1303/1084 978/1308/1061 994/1309/1075 1007/1310/1088
f 1025/1311/1104 1024/1312/1103 998/1313/1079 999/1314/1080
f 1027/1315/1106 1026/1316/1105 997/1317/1078 1008/1318/1089
f 999/1314/1080 998/1313/1079 1001/1319/1082 1002/1320/1083
f 1008/1318/1089 997/1317/1078 1000/1321/1081 1009/1322/1090
f 998/1313/1079 1008/1318/1089 1009/1322/1090 1001/1319/1082
f 1024/1312/1103 1027/1315/1106 1008/1318/1089 998/1313/1079
f 979/1296/1062 1003/1303/1084 1007/1310/1088 995/1306/1076
f 978/1308/1061 1003/1303/1084 1006/1294/1087 989/1323/1071
f 989/1323/1071 1006/1294/1087 1005/1290/1086 982/1324/1065
f 982/1324/1065 1005/1290/1086 1004/1293/1085 980/1325/1063
f 1010/1326/1091 1011/1327/1092 1013/1328/1094 1012/1329/1093
f 1010/1326/1091 1012/1329/1093 1015/1330/1096 1014/1331/1095
f 1014/1331/1095 1015/1330/1096 1017/1332/1098 1016/1333/1097
f 1016/1333/1097 1017/1332/1098 1019/1334/1099 1018/1335/1099
f 1011/1327/1092 1010/1326/1091 1020/1336/1100 1021/1337/1101
f 1020/1336/1100 1010/1326/1091 1022/1338/1102 1023/1339/1102
f 995/1306/1076 1007/1310/1088 1027/1315/1106 1024/1312/1103
f 1007/1310/1088 994/1309/1075 1026/1316/1105 1027/1315/1106
f 996/1307/1077 995/1306/1076 1024/1312/1103 1025/1311/1104
f 1023/1339/1102 1022/1338/1102 1028/1340/1107 1029/1341/1108
f 1029/1341/1108 1028/1340/1107 1030/1342/1109 1031/1343/1109
f 1033/1344/1111 1032/1345/1110 1034/1346/1112 1035/1347/1111
f 1034/1346/1112 1032/1345/1110 1036/1348/1113 1037/1349/1114
f 1037/1349/1114 1036/1348/1113 1038/1350/1115 1039/1351/1116
f 1039/1351/1116 1038/1350/1115 1040/1352/1117 1041/1353/1117
f 1043/1354/1119 1042/1355/1118 1044/1356/1120 1045/1357/1119
f 1044/1356/1120 1042/1355/1118 1046/1358/1121 1047/1359/1121
f 1047/1359/1121 1046/1358/1121 1048/1360/1122 1049/1361/1123
f 1049/1361/1123 1048/1360/1122 1050/1362/1124 1051/1363/1124
f 1053/1364/1126 1052/1365/1125 1054/1366/1127 1055/1367/1126
f 1054/1366/1127 1052/1365/1125 1056/1368/1128 1057/1369/1129
f 1057/1369/1129 1056/1368/1128 1058/1370/1130 1059/1371/1131
f 1059/1371/1131 1058/1370/1130 1060/1372/1132 1061/1373/1132
