# Blender 4.4.3
# www.blender.org
mtllib eva 9.mtl
o Head
v -0.636803 1.353995 -0.000000
v -0.425760 0.551911 -0.000000
v 0.612636 1.503440 0.000000
v 0.599857 0.225790 0.000000
v -0.639038 0.885742 -0.000000
v 0.703260 0.902034 0.000000
v 0.707343 1.182283 0.000000
v -0.682082 1.118216 -0.000000
v -0.025187 1.704311 -0.000000
v 0.110126 0.322253 0.000000
v 0.376005 0.271098 0.000000
v 0.295352 1.688569 0.000000
v -0.320540 1.606710 -0.000000
v -0.155319 0.389856 -0.000000
v -0.565540 1.315198 -0.321368
v -0.334515 0.536247 -0.259225
v 0.495712 1.466637 -0.324062
v 0.513751 0.332770 -0.298025
v -0.526931 0.883686 -0.341721
v 0.617809 0.896680 -0.361701
v 0.607396 1.151274 -0.365942
v -0.569994 1.090602 -0.343612
v -0.008389 1.310452 -0.590070
v 0.057115 0.423447 -0.363922
v 0.011038 0.869965 -0.631221
v 0.011988 1.054964 -0.631471
v 0.306630 0.369510 -0.360935
v 0.303454 0.847645 -0.612833
v 0.282174 1.056803 -0.624348
v 0.213613 1.327109 -0.570531
v -0.363171 1.277901 -0.576363
v -0.171440 0.486216 -0.346045
v -0.284162 0.872773 -0.609177
v -0.328982 1.081256 -0.612625
v -0.596581 0.755694 -0.000000
v 0.690052 0.658337 0.000000
v -0.473354 0.724058 -0.339771
v 0.610070 0.673507 -0.343737
v 0.016617 0.698217 -0.593068
v 0.319659 0.687342 -0.588715
v -0.234424 0.712915 -0.555914
v -0.353258 1.504037 -0.346512
v 0.253475 1.585870 -0.345371
v -0.020784 1.600032 -0.354955
v -0.514328 0.641118 -0.000000
v -0.432958 0.625803 -0.333590
v 0.664772 0.423136 0.000000
v 0.588189 0.484921 -0.310661
v 0.025409 0.560951 -0.520786
v 0.325756 0.511456 -0.542555
v -0.194524 0.604279 -0.510016
v -0.565540 1.315198 0.321368
v -0.334515 0.536247 0.259225
v 0.495712 1.466637 0.324062
v 0.513751 0.332770 0.298025
v -0.526931 0.883686 0.341721
v 0.617809 0.896680 0.361701
v 0.607396 1.151274 0.365942
v -0.569994 1.090602 0.343612
v -0.008389 1.310452 0.590070
v 0.057115 0.423447 0.363922
v 0.011038 0.869965 0.631221
v 0.011988 1.054964 0.631471
v 0.306630 0.369510 0.360935
v 0.303454 0.847645 0.612833
v 0.282174 1.056803 0.624348
v 0.213613 1.327109 0.570531
v -0.363171 1.277901 0.576363
v -0.171440 0.486216 0.346045
v -0.284162 0.872773 0.609177
v -0.328982 1.081256 0.612625
v -0.473354 0.724058 0.339771
v 0.610070 0.673507 0.343738
v 0.016617 0.698217 0.593068
v 0.319659 0.687342 0.588715
v -0.234424 0.712915 0.555914
v -0.353259 1.504037 0.346512
v 0.253475 1.585870 0.345371
v -0.020784 1.600032 0.354955
v -0.432958 0.625803 0.333590
v 0.588189 0.484921 0.310661
v 0.025409 0.560951 0.520786
v 0.325756 0.511456 0.542555
v -0.194524 0.604279 0.510016
vn -0.8797 0.4756 -0.0000
vn -0.5855 -0.8107 -0.0000
vn 0.7842 0.6205 -0.0000
vn 0.5108 -0.8597 -0.0000
vn -0.9676 -0.2523 -0.0000
vn 0.9998 -0.0216 -0.0000
vn 0.9847 0.1742 -0.0000
vn -0.9996 -0.0284 -0.0000
vn -0.1211 0.9926 -0.0000
vn -0.2270 -0.9739 -0.0000
vn -0.1699 -0.9855 -0.0000
vn 0.2822 0.9593 -0.0000
vn -0.4585 0.8887 -0.0000
vn -0.3588 -0.9334 -0.0000
vn -0.8143 0.3984 -0.4223
vn -0.5148 -0.8156 -0.2642
vn 0.6344 0.5652 -0.5273
vn 0.3947 -0.7694 -0.5022
vn -0.8376 -0.2481 -0.4868
vn 0.8431 -0.0241 -0.5372
vn 0.8092 0.1693 -0.5626
vn -0.8738 -0.0538 -0.4833
vn -0.0289 0.4273 -0.9036
vn -0.2126 -0.8758 -0.4334
vn -0.0272 -0.1266 -0.9916
vn -0.0045 0.0744 -0.9972
vn -0.0134 -0.8604 -0.5095
vn 0.3472 -0.0748 -0.9348
vn 0.3367 0.1122 -0.9349
vn 0.2438 0.4218 -0.8733
vn -0.4395 0.3523 -0.8263
vn -0.3432 -0.8544 -0.3902
vn -0.4188 -0.2037 -0.8849
vn -0.4329 0.0073 -0.9014
vn -0.9168 -0.3993 -0.0000
vn 0.9957 -0.0925 -0.0000
vn -0.7820 -0.3978 -0.4798
vn 0.8417 -0.1154 -0.5275
vn -0.0729 -0.3195 -0.9448
vn 0.3316 -0.2121 -0.9193
vn -0.3985 -0.3765 -0.8363
vn -0.4263 0.7781 -0.4613
vn 0.2351 0.8117 -0.5347
vn -0.0907 0.8439 -0.5288
vn -0.7828 -0.6223 -0.0000
vn -0.6673 -0.6092 -0.4284
vn 0.9636 -0.2673 -0.0000
vn 0.7871 -0.3209 -0.5268
vn -0.1538 -0.6078 -0.7790
vn 0.2302 -0.5010 -0.8343
vn -0.3444 -0.6073 -0.7159
vn -0.8143 0.3984 0.4223
vn -0.5148 -0.8156 0.2642
vn 0.6344 0.5652 0.5273
vn 0.3947 -0.7694 0.5022
vn -0.8376 -0.2481 0.4868
vn 0.8431 -0.0241 0.5372
vn 0.8092 0.1693 0.5626
vn -0.8738 -0.0538 0.4833
vn -0.0289 0.4273 0.9036
vn -0.2126 -0.8758 0.4334
vn -0.0272 -0.1266 0.9916
vn -0.0045 0.0744 0.9972
vn -0.0134 -0.8604 0.5095
vn 0.3472 -0.0748 0.9348
vn 0.3367 0.1122 0.9349
vn 0.2438 0.4218 0.8733
vn -0.4395 0.3523 0.8263
vn -0.3432 -0.8544 0.3902
vn -0.4188 -0.2037 0.8849
vn -0.4329 0.0073 0.9014
vn -0.7820 -0.3978 0.4798
vn 0.8417 -0.1154 0.5275
vn -0.0729 -0.3195 0.9448
vn 0.3316 -0.2121 0.9193
vn -0.3985 -0.3765 0.8363
vn -0.4263 0.7781 0.4613
vn 0.2351 0.8117 0.5347
vn -0.0907 0.8439 0.5288
vn -0.6673 -0.6092 0.4284
vn 0.7871 -0.3209 0.5268
vn -0.1538 -0.6078 0.7790
vn 0.2302 -0.5010 0.8343
vn -0.3444 -0.6073 0.7159
vt 0.439738 0.192448
vt 0.377474 0.192136
vt 0.379468 0.162254
vt 0.418597 0.156097
vt 0.456439 0.290921
vt 0.383934 0.303219
vt 0.383587 0.261616
vt 0.452735 0.253194
vt 0.456432 0.343486
vt 0.385013 0.361624
vt 0.251071 0.116526
vt 0.250800 0.109949
vt 0.257005 0.110701
vt 0.253926 0.116681
vt 0.260767 0.113240
vt 0.256963 0.117747
vt 0.260995 0.120778
vt 0.265626 0.119654
vt 0.267277 0.124656
vt 0.262013 0.124302
vt 0.249672 0.102345
vt 0.260990 0.103051
vt 0.267614 0.107392
vt 0.274565 0.117456
vt 0.274900 0.125716
vt 0.257330 0.123585
vt 0.258869 0.125191
vt 0.251734 0.120845
vt 0.254074 0.121910
vt 0.249306 0.119921
vt 0.260697 0.130887
vt 0.265851 0.133972
vt 0.249457 0.124159
vt 0.251722 0.125515
vt 0.322773 0.222023
vt 0.381314 0.224605
vt 0.322716 0.262326
vt 0.223415 0.108572
vt 0.234061 0.100689
vt 0.239573 0.108063
vt 0.233130 0.114387
vt 0.322651 0.308501
vt 0.243088 0.120347
vt 0.246943 0.117315
vt 0.247235 0.122829
vt 0.254653 0.127269
vt 0.256121 0.128149
vt 0.238891 0.117835
vt 0.243503 0.112914
vt 0.272349 0.137861
vt 0.280479 0.130660
vt 0.278716 0.141673
vt 0.322571 0.364997
vt 0.256072 0.122869
vt 0.253122 0.126353
vt 0.322829 0.182484
vt 0.259357 0.119309
vt 0.271520 0.111730
vt 0.263644 0.116360
vt 0.447495 0.224510
vt 0.322880 0.146455
vt 0.205893 0.192117
vt 0.227137 0.155825
vt 0.266249 0.162093
vt 0.268158 0.191981
vt 0.188913 0.290542
vt 0.192724 0.252825
vt 0.261848 0.261444
vt 0.261383 0.303046
vt 0.188771 0.343107
vt 0.260138 0.361447
vt 0.243491 0.129189
vt 0.244978 0.131632
vt 0.241162 0.137171
vt 0.237567 0.132057
vt 0.247352 0.133804
vt 0.245176 0.139286
vt 0.251928 0.135927
vt 0.255515 0.135158
vt 0.258314 0.139630
vt 0.253126 0.140538
vt 0.236302 0.144297
vt 0.230332 0.134656
vt 0.243257 0.148084
vt 0.262850 0.145849
vt 0.255411 0.149455
vt 0.252670 0.131370
vt 0.254813 0.131967
vt 0.247612 0.127732
vt 0.249656 0.129291
vt 0.245651 0.126029
vt 0.264225 0.224439
vt 0.230600 0.123054
vt 0.221497 0.121679
vt 0.242237 0.125177
vt 0.236733 0.124225
vt 0.269843 0.148429
vt 0.251445 0.130600
vt 0.249859 0.135177
vt 0.249286 0.140349
vt 0.248926 0.149477
vt 0.198045 0.224156
s 1
usemtl Material
f 50/1/50 48/2/48 18/3/18 27/4/27
f 29/5/29 21/6/21 20/7/20 28/8/28
f 30/9/30 17/10/17 21/6/21 29/5/29
f 31/11/31 23/12/23 26/13/26 34/14/34
f 34/14/34 26/13/26 25/15/25 33/16/33
f 51/17/51 49/18/49 24/19/24 32/20/32
f 23/12/23 30/21/30 29/22/29 26/13/26
f 26/13/26 29/22/29 28/23/28 25/15/25
f 49/18/49 50/24/50 27/25/27 24/19/24
f 46/26/46 51/17/51 32/20/32 16/27/16
f 22/28/22 34/14/34 33/16/33 19/29/19
f 15/30/15 31/11/31 34/14/34 22/28/22
f 14/31/14 32/20/32 24/19/24 10/32/10
f 8/33/8 22/28/22 19/29/19 5/34/5
f 36/35/36 38/36/38 20/7/20 6/37/6
f 3/38/3 17/39/17 43/40/43 12/41/12
f 6/37/6 20/7/20 21/6/21 7/42/7
f 13/43/13 42/44/42 15/30/15 1/45/1
f 1/45/1 15/30/15 22/28/22 8/33/8
f 45/46/45 46/26/46 16/27/16 2/47/2
f 9/48/9 44/49/44 42/44/42 13/43/13
f 11/50/11 27/25/27 18/51/18 4/52/4
f 10/32/10 24/19/24 27/25/27 11/50/11
f 12/41/12 43/40/43 44/49/44 9/48/9
f 2/47/2 16/27/16 32/20/32 14/31/14
f 7/42/7 21/6/21 17/10/17 3/53/3
f 5/34/5 19/29/19 37/54/37 35/55/35
f 47/56/47 48/2/48 38/36/38 36/35/36
f 19/29/19 33/16/33 41/57/41 37/54/37
f 25/15/25 28/23/28 40/58/40 39/59/39
f 33/16/33 25/15/25 39/59/39 41/57/41
f 28/8/28 20/7/20 38/36/38 40/60/40
f 42/44/42 31/11/31 15/30/15
f 17/39/17 30/21/30 43/40/43
f 43/40/43 30/21/30 23/12/23 44/49/44
f 44/49/44 23/12/23 31/11/31 42/44/42
f 4/61/4 18/3/18 48/2/48 47/56/47
f 35/55/35 37/54/37 46/26/46 45/46/45
f 37/54/37 41/57/41 51/17/51 46/26/46
f 39/59/39 40/58/40 50/24/50 49/18/49
f 41/57/41 39/59/39 49/18/49 51/17/51
f 40/60/40 38/36/38 48/2/48 50/1/50
f 83/62/83 64/63/64 55/64/55 81/65/81
f 66/66/66 65/67/65 57/68/57 58/69/58
f 67/70/67 66/66/66 58/69/58 54/71/54
f 68/72/68 71/73/71 63/74/63 60/75/60
f 71/73/71 70/76/70 62/77/62 63/74/63
f 84/78/84 69/79/69 61/80/61 82/81/82
f 60/75/60 63/74/63 66/82/66 67/83/67
f 63/74/63 62/77/62 65/84/65 66/82/66
f 82/81/82 61/80/61 64/85/64 83/86/83
f 80/87/80 53/88/53 69/79/69 84/78/84
f 59/89/59 56/90/56 70/76/70 71/73/71
f 52/91/52 59/89/59 71/73/71 68/72/68
f 14/31/14 10/32/10 61/80/61 69/79/69
f 8/33/8 5/34/5 56/90/56 59/89/59
f 36/35/36 6/37/6 57/68/57 73/92/73
f 3/38/3 12/41/12 78/93/78 54/94/54
f 6/37/6 7/42/7 58/69/58 57/68/57
f 13/43/13 1/45/1 52/91/52 77/95/77
f 1/45/1 8/33/8 59/89/59 52/91/52
f 45/46/45 2/47/2 53/88/53 80/87/80
f 9/48/9 13/43/13 77/95/77 79/96/79
f 11/50/11 4/52/4 55/97/55 64/85/64
f 10/32/10 11/50/11 64/85/64 61/80/61
f 12/41/12 9/48/9 79/96/79 78/93/78
f 2/47/2 14/31/14 69/79/69 53/88/53
f 7/42/7 3/53/3 54/71/54 58/69/58
f 5/34/5 35/55/35 72/98/72 56/90/56
f 47/56/47 36/35/36 73/92/73 81/65/81
f 56/90/56 72/98/72 76/99/76 70/76/70
f 62/77/62 74/100/74 75/101/75 65/84/65
f 70/76/70 76/99/76 74/100/74 62/77/62
f 65/67/65 75/102/75 73/92/73 57/68/57
f 77/95/77 52/91/52 68/72/68
f 54/94/54 78/93/78 67/83/67
f 78/93/78 79/96/79 60/75/60 67/83/67
f 79/96/79 77/95/77 68/72/68 60/75/60
f 4/61/4 47/56/47 81/65/81 55/64/55
f 35/55/35 45/46/45 80/87/80 72/98/72
f 72/98/72 80/87/80 84/78/84 76/99/76
f 74/100/74 82/81/82 83/86/83 75/101/75
f 76/99/76 84/78/84 82/81/82 74/100/74
f 75/102/75 83/62/83 81/65/81 73/92/73
o Cap
v -0.862818 1.589128 -0.000000
v -0.678258 0.982819 -0.000000
v 0.352808 2.213748 0.000000
v 0.697810 1.706987 0.000000
v -0.995289 1.337759 -0.000000
v 0.628041 2.030883 0.000000
v 0.105454 2.050125 0.000000
v 0.611422 1.618115 0.000000
v -0.637536 1.669148 -0.000000
v -0.913353 1.123161 -0.000000
v 0.710108 1.823126 0.000000
v -0.209538 1.803629 -0.000000
v -0.871712 1.588685 -0.353957
v -0.531030 1.011675 -0.422944
v 0.352009 2.125802 -0.404390
v 0.580503 1.605959 -0.413967
v -0.913440 1.358613 -0.398450
v 0.544637 1.994828 -0.419116
v 0.108168 2.017742 -0.440476
v 0.518768 1.437370 -0.426923
v -0.663189 1.670367 -0.349933
v -0.328049 1.049997 -0.593086
v -0.760675 1.197403 -0.434495
v 0.605130 1.790333 -0.423721
v -0.030818 1.206793 -0.617360
v -0.210262 1.762671 -0.363794
v -0.744807 1.570235 -0.486621
v -0.579830 1.127786 -0.509165
v 0.278218 2.050488 -0.591198
v 0.480969 1.535335 -0.600046
v -0.695630 1.405947 -0.550867
v 0.416584 1.947211 -0.617280
v 0.153141 1.938125 -0.769134
v 0.370542 1.470652 -0.722782
v 0.251560 1.828780 -0.845267
v -0.520027 1.649387 -0.533350
v -0.346098 1.169310 -0.639117
v -0.447183 1.489023 -0.605664
v -0.663224 1.236498 -0.557537
v 0.484916 1.744233 -0.593394
v 0.333099 1.624513 -0.818558
v -0.390466 1.369235 -0.609774
v -0.104417 1.267122 -0.704795
v -0.170131 1.606952 -0.644057
v -0.196453 1.729378 -0.546196
v -0.152902 1.426297 -0.694131
v -0.018932 1.936895 -0.000000
v 0.272516 1.334845 -0.576740
v -0.040849 1.898012 -0.443815
v 0.185106 1.349725 -0.862965
v 0.059955 1.659563 -0.947482
v 0.121633 1.490280 -0.906192
v -0.015443 1.826977 -0.794069
v 0.648895 1.666152 -0.190505
v 0.567578 1.576565 -0.201931
v -0.906326 1.156315 -0.187439
v -0.994233 1.345541 -0.170916
v 0.361920 2.183566 -0.207778
v 0.620815 2.024481 -0.174086
v 0.696546 1.810556 -0.165580
v -0.205632 1.787454 -0.188828
v 0.114241 2.033936 -0.220202
v -0.904655 1.573200 -0.184622
v -0.672366 1.669758 -0.174966
v -0.635985 0.997943 -0.181612
v -0.035632 1.913187 -0.213880
v 0.662416 1.640527 0.000000
v -0.713289 0.970315 -0.000000
v 0.273917 1.336569 -0.600814
v 0.534496 1.444994 -0.440251
v -0.554340 1.003965 -0.446510
v -0.331139 1.058223 -0.612296
v -0.040892 1.201679 -0.647361
v 0.602214 1.534842 -0.258315
v -0.664729 0.989382 -0.192603
v -0.809118 1.218487 -0.000000
v 0.503022 1.625992 0.000000
v -0.558653 1.588725 -0.000000
v -0.268624 1.700519 -0.000000
v -0.722114 1.253990 -0.408983
v 0.426577 1.611600 -0.456758
v -0.492395 1.394948 -0.506946
v -0.162667 1.516604 -0.613544
v 0.038279 1.801772 0.000000
v 0.259911 1.579982 -0.523819
v -0.202308 1.676692 -0.240150
v -0.563160 1.560578 -0.244950
v 0.484604 1.651303 -0.268609
v -0.812219 1.264166 -0.188970
v 0.162430 1.737741 -0.308653
v -0.675250 0.935869 -0.000000
v 0.659384 1.608875 0.000000
v -0.513951 0.967483 -0.437602
v 0.557874 1.424077 -0.424341
v -0.332097 0.999046 -0.617115
v -0.005188 1.146208 -0.645142
v 0.322639 1.300924 -0.597492
v 0.612876 1.565496 -0.182095
v -0.628937 0.952438 -0.173205
v 0.700874 1.663692 0.000000
v -0.754241 0.961970 -0.000000
v 0.301582 1.328695 -0.625984
v 0.564919 1.464633 -0.452744
v -0.578215 0.999861 -0.466816
v -0.349841 1.066327 -0.640948
v -0.033058 1.201018 -0.682668
v 0.637957 1.556343 -0.256044
v -0.701867 0.982535 -0.185582
v 1.163872 1.661476 0.000000
v 1.078597 1.398510 -0.619048
v 0.991142 1.238392 -0.849038
v 1.126001 1.585388 -0.299319
v 1.184902 1.749057 0.000000
v 0.964687 1.278366 -0.904247
v 1.082344 1.434442 -0.663583
v 1.150353 1.658768 -0.312082
v 0.858373 1.425579 -0.550965
v 0.913209 1.575587 -0.264608
v 0.958990 1.621697 0.000000
v 0.786893 1.237501 -0.816467
v 0.864229 1.452340 -0.599340
v 0.806649 1.198866 -0.782166
v 0.937656 1.640160 -0.294255
v 0.973124 1.745562 0.000000
v 0.663442 1.436438 -0.474633
v 0.720112 1.564598 -0.225691
v 0.671660 1.452916 -0.527314
v 0.817220 1.719726 0.000000
v 0.766268 1.609297 0.000000
v 0.531386 1.270232 -0.718052
v 0.547515 1.256298 -0.677593
v 0.773867 1.605839 -0.274529
v -0.760521 1.055570 -0.190556
v -0.655434 1.098741 -0.440623
v -0.778786 1.020354 -0.000000
v -0.499954 1.017186 -0.486906
v -0.759693 1.013038 -0.000000
v -0.724784 1.032713 -0.193733
v -0.796666 0.993708 -0.000000
v -0.758281 1.016317 -0.184539
v -0.710986 0.978954 -0.153267
v -0.772811 0.975862 -0.000000
v -0.740757 0.997378 -0.154838
v -0.744727 0.976403 -0.000000
v -0.701472 0.993387 -0.149138
v -0.763297 0.990295 -0.000000
v -0.731243 1.011811 -0.150709
v -0.871712 1.588685 0.353957
v -0.531030 1.011675 0.422944
v 0.352009 2.125802 0.404390
v 0.580503 1.605959 0.413968
v -0.913440 1.358613 0.398450
v 0.544637 1.994828 0.419116
v 0.108168 2.017742 0.440476
v 0.518768 1.437370 0.426923
v -0.663189 1.670367 0.349932
v -0.328049 1.049997 0.593086
v -0.760675 1.197403 0.434495
v 0.605130 1.790333 0.423721
v -0.030818 1.206793 0.617360
v -0.210262 1.762671 0.363794
v -0.744807 1.570235 0.486621
v -0.579830 1.127786 0.509165
v 0.278218 2.050488 0.591198
v 0.480969 1.535335 0.600046
v -0.695630 1.405947 0.550867
v 0.416584 1.947211 0.617280
v 0.153141 1.938125 0.769134
v 0.370542 1.470652 0.722782
v 0.251560 1.828780 0.845267
v -0.520027 1.649387 0.533350
v -0.346098 1.169310 0.639117
v -0.447183 1.489023 0.605664
v -0.663224 1.236498 0.557537
v 0.484916 1.744233 0.593394
v 0.333099 1.624513 0.818558
v -0.390466 1.369235 0.609774
v -0.104417 1.267122 0.704795
v -0.170131 1.606952 0.644057
v -0.196453 1.729378 0.546196
v -0.152902 1.426297 0.694131
v 0.272516 1.334845 0.576740
v -0.040849 1.898012 0.443815
v 0.185106 1.349725 0.862965
v 0.059955 1.659563 0.947482
v 0.121633 1.490280 0.906192
v -0.015443 1.826977 0.794069
v 0.648895 1.666152 0.190505
v 0.567578 1.576565 0.201931
v -0.906326 1.156315 0.187439
v -0.994233 1.345541 0.170916
v 0.361920 2.183566 0.207778
v 0.620815 2.024481 0.174086
v 0.696546 1.810556 0.165580
v -0.205632 1.787454 0.188828
v 0.114241 2.033936 0.220202
v -0.904655 1.573200 0.184622
v -0.672366 1.669758 0.174966
v -0.635985 0.997943 0.181612
v -0.035632 1.913187 0.213880
v 0.273917 1.336569 0.600814
v 0.534496 1.444994 0.440251
v -0.554340 1.003965 0.446510
v -0.331139 1.058223 0.612296
v -0.040893 1.201679 0.647361
v 0.602214 1.534842 0.258315
v -0.664729 0.989382 0.192603
v -0.722114 1.253990 0.408983
v 0.426577 1.611600 0.456758
v -0.492396 1.394948 0.506946
v -0.162667 1.516604 0.613544
v 0.259910 1.579982 0.523819
v -0.202308 1.676692 0.240150
v -0.563160 1.560578 0.244950
v 0.484604 1.651303 0.268609
v -0.812219 1.264166 0.188970
v 0.162430 1.737741 0.308653
v -0.513951 0.967483 0.437602
v 0.557874 1.424077 0.424341
v -0.332097 0.999046 0.617115
v -0.005188 1.146208 0.645142
v 0.322639 1.300924 0.597492
v 0.612876 1.565496 0.182095
v -0.628937 0.952438 0.173205
v 0.301582 1.328695 0.625984
v 0.564919 1.464633 0.452744
v -0.578215 0.999861 0.466816
v -0.349841 1.066327 0.640948
v -0.033058 1.201018 0.682668
v 0.637957 1.556343 0.256044
v -0.701867 0.982535 0.185582
v 1.078597 1.398510 0.619049
v 0.991142 1.238392 0.849038
v 1.126001 1.585388 0.299319
v 0.964687 1.278366 0.904247
v 1.082344 1.434442 0.663583
v 1.150353 1.658768 0.312082
v 0.858373 1.425579 0.550965
v 0.913209 1.575587 0.264608
v 0.786893 1.237501 0.816467
v 0.864229 1.452340 0.599341
v 0.806649 1.198866 0.782166
v 0.937656 1.640160 0.294255
v 0.663442 1.436438 0.474633
v 0.720112 1.564598 0.225691
v 0.671660 1.452916 0.527314
v 0.531386 1.270232 0.718052
v 0.547515 1.256298 0.677593
v 0.773867 1.605839 0.274529
v -0.760521 1.055570 0.190556
v -0.655434 1.098741 0.440623
v -0.499954 1.017186 0.486906
v -0.724784 1.032713 0.193733
v -0.758281 1.016317 0.184539
v -0.710986 0.978954 0.153267
v -0.740757 0.997378 0.154838
v -0.701472 0.993387 0.149138
v -0.731243 1.011811 0.150709
v -0.271666 1.397770 0.651959
v -0.379250 1.750304 -0.000000
v -0.370399 1.730036 -0.358893
v -0.279759 1.395827 -0.649085
v -0.208162 1.225135 0.676602
v -0.375734 1.744559 -0.183776
v -0.379972 1.743491 0.183650
v -0.371633 1.686072 0.539241
v -0.323824 1.541532 0.622758
v -0.223714 1.218841 -0.672375
v -0.359171 1.689152 -0.539736
v -0.325423 1.540851 -0.622537
v -0.378759 1.728333 0.358637
vn -0.8223 -0.0855 -0.5626
vn -0.4348 0.0485 -0.8992
vn -0.4222 -0.2718 -0.8648
vn -0.6263 -0.5089 -0.5906
vn 0.8497 -0.3682 -0.3774
vn 0.7222 -0.4021 -0.5627
vn 0.8446 -0.1749 -0.5060
vn 0.9129 -0.1824 -0.3651
vn -0.2611 -0.4028 -0.8773
vn -0.2426 -0.2506 -0.9372
vn -0.1489 -0.2065 -0.9671
vn -0.1503 -0.4404 -0.8851
vn 0.1747 -0.7618 -0.6238
vn -0.4252 -0.4031 -0.8104
vn -0.5482 -0.6394 -0.5391
vn 0.4947 -0.7996 -0.3403
vn 0.2305 -0.5902 -0.7737
vn -0.3097 0.9311 -0.1926
vn -0.2790 0.6852 -0.6728
vn -0.4748 0.5141 -0.7144
vn -0.6816 0.6295 -0.3730
vn 0.0857 0.9437 -0.3196
vn 0.0339 0.8886 -0.4574
vn -0.1573 0.7967 -0.5836
vn -0.5112 0.8433 -0.1657
vn 0.8978 0.0685 -0.4350
vn 0.8107 0.0806 -0.5798
vn 0.6127 0.5016 -0.6107
vn 0.7197 0.5436 -0.4318
vn -0.4385 0.8874 -0.1423
vn -0.5488 0.6989 -0.4586
vn -0.2404 0.7623 -0.6010
vn -0.2222 0.9625 -0.1558
vn -0.6202 0.7718 -0.1405
vn -0.5982 0.5698 -0.5634
vn -0.4359 -0.5600 0.7046
vn -0.4873 -0.5871 0.6464
vn -0.1937 -0.5671 0.8005
vn -0.1423 -0.3434 0.9283
vn 0.9450 -0.2513 -0.2091
vn 0.9476 -0.2580 -0.1885
vn -0.9862 -0.0361 -0.1614
vn -0.7536 -0.5971 -0.2746
vn 0.7774 0.5989 -0.1925
vn 0.0395 0.9841 -0.1734
vn 0.9767 0.0601 -0.2059
vn -0.6201 0.7826 -0.0550
vn -0.4378 0.8959 -0.0749
vn -0.7450 0.6657 -0.0422
vn -0.2482 0.9673 -0.0524
vn -0.3386 -0.9409 -0.0000
vn -0.3725 -0.9280 -0.0000
vn -0.5271 -0.8092 0.2595
vn -0.4845 -0.8083 0.3344
vn -0.5642 0.8209 -0.0888
vn -0.3121 0.9500 0.0008
vn -0.5851 -0.7571 -0.2907
vn 0.6512 -0.0119 -0.7589
vn 0.3676 0.4136 -0.8329
vn -0.2716 0.1407 -0.9521
vn -0.0621 -0.1820 -0.9813
vn -0.2557 -0.0262 -0.9664
vn -0.2317 0.1636 -0.9589
vn -0.4517 -0.0565 -0.8904
vn -0.5723 0.2075 -0.7934
vn -0.2447 0.2734 -0.9303
vn -0.2852 0.0637 -0.9564
vn 0.1008 -0.2428 0.9648
vn 0.1626 -0.5100 0.8447
vn 0.4862 -0.3934 0.7803
vn 0.4137 -0.1530 0.8974
vn -0.5924 0.8056 -0.0000
vn -0.6211 0.7837 -0.0000
vn -0.7732 -0.6342 -0.0000
vn -0.5876 -0.8091 -0.0000
vn -0.3106 0.9505 -0.0001
vn -0.6432 0.7657 -0.0000
vn -0.0085 1.0000 -0.0000
vn 0.9964 0.0843 -0.0000
vn 0.7792 0.6268 -0.0000
vn -0.4382 0.8989 -0.0001
vn -0.2718 0.9623 0.0001
vn -1.0000 0.0082 -0.0000
vn 0.9630 -0.2696 -0.0000
vn 0.9368 -0.3498 -0.0000
vn 0.7518 0.1950 0.6299
vn 0.7875 -0.0125 0.6162
vn 0.8063 0.5351 0.2521
vn 0.8798 0.3681 0.3008
vn -0.0156 -0.8285 0.5597
vn -0.0925 -0.9335 0.3466
vn 0.6134 0.7616 0.2089
vn 0.6273 0.7788 -0.0000
vn -0.2666 0.9469 0.1799
vn -0.2502 0.9512 0.1807
vn -0.1476 0.9853 0.0862
vn -0.1483 0.9854 0.0835
vn -0.1213 0.9752 0.1852
vn 0.1602 -0.3934 0.9053
vn -0.0648 -0.9701 0.2340
vn -0.1730 0.9848 -0.0170
vn 0.9422 0.3350 -0.0000
vn 0.9913 0.1314 -0.0000
vn 0.9336 0.1653 0.3179
vn -0.0930 -0.9957 -0.0000
vn -0.5105 0.8599 -0.0000
vn -0.4457 0.8952 -0.0000
vn -0.4182 0.8639 -0.2808
vn -0.5249 0.8261 -0.2049
vn 0.5682 -0.7782 0.2674
vn 0.2672 -0.9031 0.3362
vn 0.7739 -0.6140 0.1549
vn -0.0536 -0.9530 0.2982
vn 0.2995 -0.9541 -0.0000
vn 0.0367 -0.9993 -0.0000
vn 0.7987 -0.6017 -0.0000
vn 0.5777 -0.8162 -0.0000
vn 0.8518 0.5238 -0.0000
vn -0.2139 -0.8165 -0.5362
vn -0.0968 -0.7721 -0.6281
vn -0.2019 -0.8128 -0.5464
vn -0.3857 -0.8041 -0.4524
vn -0.3820 -0.8266 -0.4133
vn -0.1286 -0.5516 -0.8241
vn -0.1879 -0.5816 -0.7915
vn 0.2020 -0.4451 -0.8724
vn 0.2123 -0.4470 -0.8690
vn -0.1842 0.8203 -0.5415
vn -0.1778 0.8296 -0.5293
vn -0.2543 0.8016 -0.5411
vn -0.2207 0.7784 -0.5878
vn -0.3333 -0.9428 -0.0000
vn -0.4060 -0.8916 -0.2004
vn -0.3618 -0.7535 -0.5489
vn -0.3410 -0.9190 -0.1980
vn 0.0757 -0.6990 -0.7111
vn 0.1047 -0.9408 0.3225
vn 0.1056 -0.9354 0.3373
vn 0.1338 -0.9910 -0.0000
vn 0.1091 -0.9940 -0.0000
vn 0.7899 -0.0397 0.6120
vn -0.3136 0.9123 -0.2634
vn -0.2607 0.9027 -0.3422
vn -0.3587 0.9278 -0.1022
vn -0.3680 0.9287 -0.0456
vn 0.5044 -0.2803 0.8167
vn -0.3166 0.8740 -0.3686
vn -0.4011 0.8955 -0.1930
vn 0.9384 -0.1363 -0.3174
vn 0.9629 -0.1868 -0.1950
vn 0.9682 -0.2089 -0.1374
vn 0.9646 -0.2627 -0.0229
vn 0.9635 -0.2661 -0.0277
vn 0.9617 -0.2743 -0.0000
vn 0.1411 -0.8281 0.5425
vn 0.1543 -0.8291 0.5374
vn -0.1289 0.9917 -0.0000
vn -0.0652 0.9979 -0.0000
vn -0.0801 0.9116 -0.4032
vn -0.1384 0.9034 -0.4058
vn 0.1853 -0.7662 0.6153
vn 0.2198 -0.7791 0.5871
vn -0.2673 0.8902 -0.3690
vn -0.1935 0.8283 -0.5259
vn -0.1082 -0.9861 0.1262
vn 0.1596 -0.8406 0.5176
vn -0.2909 0.9568 -0.0000
vn 0.1268 -0.9393 0.3189
vn 0.0613 -0.9981 -0.0000
vn -0.1494 0.7825 -0.6045
vn -0.3262 -0.8597 -0.3931
vn -0.5366 -0.5852 -0.6079
vn -0.4553 -0.4158 -0.7873
vn -0.5920 -0.7533 -0.2865
vn -0.5864 -0.8100 -0.0000
vn -0.4508 0.8925 0.0124
vn -0.4509 0.8926 -0.0000
vn 0.8249 -0.5573 0.0946
vn 0.8286 -0.5598 -0.0000
vn -0.4552 -0.6805 -0.5742
vn -0.1475 -0.2239 -0.9634
vn -0.5569 -0.8306 -0.0000
vn -0.5428 -0.8096 -0.2232
vn -0.5502 -0.8350 -0.0000
vn -0.5344 -0.8109 -0.2383
vn -0.1586 -0.1735 0.9720
vn -0.8234 0.5674 -0.0000
vn -0.8116 0.5592 -0.1694
vn -0.8223 -0.0855 0.5626
vn -0.6263 -0.5089 0.5906
vn -0.4222 -0.2718 0.8648
vn -0.4348 0.0485 0.8992
vn 0.8497 -0.3682 0.3774
vn 0.9129 -0.1824 0.3651
vn 0.8446 -0.1749 0.5060
vn 0.7222 -0.4021 0.5627
vn -0.2611 -0.4028 0.8773
vn 0.1747 -0.7618 0.6238
vn -0.1503 -0.4411 0.8848
vn -0.1486 -0.2080 0.9668
vn -0.2423 -0.2510 0.9372
vn -0.5482 -0.6394 0.5391
vn -0.4252 -0.4031 0.8104
vn 0.4947 -0.7996 0.3403
vn 0.2305 -0.5902 0.7737
vn -0.3097 0.9311 0.1925
vn -0.6816 0.6295 0.3730
vn -0.4748 0.5141 0.7143
vn -0.2795 0.6844 0.6734
vn 0.0857 0.9437 0.3196
vn -0.5112 0.8433 0.1657
vn -0.1573 0.7967 0.5836
vn 0.0339 0.8886 0.4574
vn 0.8978 0.0685 0.4350
vn 0.7197 0.5436 0.4318
vn 0.6127 0.5016 0.6107
vn 0.8107 0.0806 0.5798
vn -0.4385 0.8874 0.1424
vn -0.2221 0.9625 0.1556
vn -0.2397 0.7600 0.6041
vn -0.5481 0.6988 0.4596
vn -0.6202 0.7718 0.1405
vn -0.5982 0.5698 0.5634
vn -0.4359 -0.5600 -0.7046
vn -0.1423 -0.3434 -0.9283
vn -0.1937 -0.5671 -0.8005
vn -0.4873 -0.5871 -0.6464
vn 0.9450 -0.2513 0.2091
vn 0.9476 -0.2580 0.1885
vn -0.9862 -0.0361 0.1614
vn -0.7536 -0.5971 0.2746
vn 0.7774 0.5989 0.1925
vn 0.0395 0.9841 0.1734
vn 0.9767 0.0601 0.2059
vn -0.6201 0.7826 0.0550
vn -0.4377 0.8960 0.0746
vn -0.7450 0.6657 0.0422
vn -0.2481 0.9673 0.0518
vn -0.4845 -0.8083 -0.3344
vn -0.5271 -0.8092 -0.2595
vn -0.5642 0.8209 0.0888
vn -0.3122 0.9500 -0.0011
vn -0.5851 -0.7571 0.2907
vn 0.6512 -0.0119 0.7589
vn 0.3676 0.4136 0.8329
vn -0.2716 0.1407 0.9521
vn -0.0621 -0.1820 0.9813
vn -0.2564 -0.0260 0.9662
vn -0.2332 0.1634 0.9586
vn -0.5711 0.2079 0.7941
vn -0.4515 -0.0565 0.8905
vn -0.2857 0.0653 0.9561
vn -0.2452 0.2742 0.9299
vn 0.1008 -0.2428 -0.9648
vn 0.4137 -0.1530 -0.8974
vn 0.4862 -0.3934 -0.7803
vn 0.1626 -0.5100 -0.8447
vn 0.7518 0.1950 -0.6299
vn 0.8798 0.3681 -0.3008
vn 0.8063 0.5351 -0.2521
vn 0.7875 -0.0125 -0.6162
vn -0.0925 -0.9335 -0.3466
vn -0.0156 -0.8285 -0.5597
vn 0.6134 0.7616 -0.2089
vn -0.2666 0.9469 -0.1799
vn -0.1213 0.9752 -0.1852
vn -0.1483 0.9854 -0.0835
vn -0.1476 0.9853 -0.0862
vn -0.2502 0.9512 -0.1807
vn -0.0648 -0.9701 -0.2340
vn 0.1602 -0.3934 -0.9053
vn -0.1730 0.9848 0.0170
vn 0.9336 0.1653 -0.3179
vn -0.5249 0.8261 0.2049
vn -0.4182 0.8639 0.2808
vn 0.5682 -0.7782 -0.2674
vn 0.2672 -0.9031 -0.3362
vn 0.7739 -0.6140 -0.1549
vn -0.0536 -0.9530 -0.2982
vn -0.2139 -0.8165 0.5362
vn -0.2019 -0.8128 0.5464
vn -0.0968 -0.7721 0.6281
vn -0.3857 -0.8041 0.4524
vn -0.1879 -0.5816 0.7915
vn -0.1286 -0.5516 0.8241
vn -0.3820 -0.8266 0.4133
vn 0.2123 -0.4470 0.8690
vn 0.2020 -0.4451 0.8724
vn -0.1842 0.8203 0.5415
vn -0.2207 0.7784 0.5878
vn -0.2543 0.8016 0.5411
vn -0.1778 0.8296 0.5293
vn -0.3410 -0.9190 0.1980
vn -0.3618 -0.7535 0.5489
vn -0.4060 -0.8916 0.2004
vn 0.0757 -0.6990 0.7111
vn 0.1047 -0.9408 -0.3225
vn 0.1056 -0.9354 -0.3373
vn 0.7899 -0.0397 -0.6120
vn -0.3136 0.9123 0.2634
vn -0.3680 0.9287 0.0456
vn -0.3587 0.9278 0.1022
vn -0.2607 0.9027 0.3422
vn 0.5044 -0.2803 -0.8167
vn -0.4011 0.8955 0.1930
vn -0.3166 0.8740 0.3686
vn 0.9384 -0.1363 0.3174
vn 0.9682 -0.2089 0.1374
vn 0.9629 -0.1868 0.1950
vn 0.9646 -0.2627 0.0229
vn 0.9635 -0.2661 0.0277
vn 0.1411 -0.8281 -0.5425
vn 0.1543 -0.8291 -0.5374
vn -0.1384 0.9034 0.4058
vn -0.0801 0.9116 0.4032
vn 0.1853 -0.7662 -0.6153
vn 0.2198 -0.7791 -0.5871
vn -0.2673 0.8902 0.3690
vn -0.1935 0.8283 0.5259
vn -0.1082 -0.9861 -0.1262
vn 0.1596 -0.8406 -0.5176
vn 0.1268 -0.9393 -0.3189
vn -0.1494 0.7825 0.6045
vn -0.3262 -0.8597 0.3931
vn -0.5366 -0.5852 0.6079
vn -0.4553 -0.4158 0.7873
vn -0.5920 -0.7533 0.2865
vn -0.4508 0.8925 -0.0124
vn 0.8249 -0.5573 -0.0946
vn -0.1475 -0.2239 0.9634
vn -0.4552 -0.6805 0.5742
vn -0.5428 -0.8096 0.2232
vn -0.5344 -0.8109 0.2383
vn -0.1586 -0.1735 -0.9720
vn -0.8116 0.5592 0.1694
vt 0.617536 0.510354
vt 0.607341 0.475484
vt 0.632436 0.467286
vt 0.642214 0.490645
vt 0.652979 0.987313
vt 0.614094 0.939146
vt 0.642076 0.951016
vt 0.678902 0.964057
vt 0.454941 0.909451
vt 0.468887 0.889321
vt 0.496429 0.898167
vt 0.523499 0.905371
vt 0.521437 0.928582
vt 0.655894 0.456029
vt 0.663003 0.475519
vt 0.585858 0.968662
vt 0.580734 0.921073
vt 0.561617 0.503771
vt 0.559472 0.464178
vt 0.586650 0.491914
vt 0.589745 0.514786
vt 0.706937 0.878561
vt 0.679477 0.874021
vt 0.646852 0.864815
vt 0.692163 0.843858
vt 0.693768 0.936610
vt 0.663727 0.925988
vt 0.674261 0.896642
vt 0.703610 0.908396
vt 0.684328 0.769192
vt 0.645466 0.778689
vt 0.639710 0.741787
vt 0.680331 0.734146
vt 0.680874 0.813933
vt 0.617260 0.841978
vt 0.892438 0.266542
vt 0.894659 0.269289
vt 0.893578 0.271738
vt 0.889144 0.271669
vt 0.700753 0.991034
vt 0.722641 0.969761
vt 0.620583 0.539101
vt 0.648101 0.534036
vt 0.736010 0.915904
vt 0.732853 0.877649
vt 0.733570 0.946835
vt 0.721293 0.806813
vt 0.720710 0.766760
vt 0.590870 0.536006
vt 0.718919 0.729533
vt 0.901802 0.264161
vt 0.901794 0.266272
vt 0.897183 0.267681
vt 0.897659 0.265377
vt 0.725286 0.838434
vt 0.554820 0.531227
vt 0.676878 0.525173
vt 0.622758 0.912304
vt 0.635280 0.884850
vt 0.601508 0.879434
vt 0.589091 0.900564
vt 0.602700 0.419435
vt 0.642414 0.401546
vt 0.582399 0.436576
vt 0.534705 0.872766
vt 0.552624 0.836845
vt 0.563772 0.415851
vt 0.591645 0.396624
vt 0.626809 0.376423
vt 0.533930 0.440972
vt 0.561068 0.804335
vt 0.888318 0.277995
vt 0.893571 0.277810
vt 0.895215 0.282281
vt 0.889044 0.284480
vt 0.758652 0.836337
vt 0.758779 0.808884
vt 0.654115 0.561578
vt 0.683024 0.562116
vt 0.546184 0.559511
vt 0.583699 0.560250
vt 0.758486 0.876688
vt 0.758231 0.947301
vt 0.758338 0.916508
vt 0.759014 0.765001
vt 0.759256 0.727893
vt 0.621757 0.560973
vt 0.758167 0.966672
vt 0.758121 0.981225
vt 0.892840 0.288364
vt 0.896906 0.285350
vt 0.899511 0.285950
vt 0.897947 0.290969
vt 0.802879 0.552589
vt 0.802356 0.549325
vt 0.824961 0.544617
vt 0.823892 0.548566
vt 0.698748 0.517294
vt 0.714487 0.518286
vt 0.715405 0.562721
vt 0.701101 0.562454
vt 0.912540 0.568085
vt 0.916138 0.569748
vt 0.895234 0.589225
vt 0.892960 0.587303
vt 0.897209 0.582889
vt 0.948801 0.541388
vt 0.938602 0.540370
vt 0.944001 0.518719
vt 0.952913 0.523204
vt 0.855176 0.604320
vt 0.858807 0.597984
vt 0.839345 0.620455
vt 0.839442 0.615461
vt 0.863832 0.612378
vt 0.867794 0.617005
vt 0.840387 0.540711
vt 0.840429 0.544614
vt 0.839232 0.461529
vt 0.839143 0.455838
vt 0.873264 0.469796
vt 0.873615 0.475493
vt 0.899014 0.281735
vt 0.898730 0.277356
vt 0.897595 0.272646
vt 0.901751 0.277965
vt 0.901765 0.274028
vt 0.901719 0.286719
vt 0.901738 0.281560
vt 0.901702 0.291196
vt 0.971907 0.460271
vt 0.980812 0.429617
vt 0.991165 0.433979
vt 0.980081 0.463303
vt 0.903341 0.594366
vt 0.923154 0.573705
vt 0.928528 0.539358
vt 0.927287 0.442750
vt 0.938409 0.411417
vt 0.839576 0.609995
vt 0.850549 0.607285
vt 0.937217 0.520311
vt 0.818718 0.520322
vt 0.816024 0.503614
vt 0.839954 0.499800
vt 0.840129 0.516344
vt 0.906296 0.599688
vt 0.788621 0.571898
vt 0.785638 0.567860
vt 0.931835 0.523475
vt 0.923697 0.539299
vt 0.930484 0.575597
vt 0.902202 0.485012
vt 0.900378 0.490357
vt 0.980012 0.418144
vt 0.938494 0.403035
vt 0.884670 0.388333
vt 0.879904 0.398554
vt 0.838651 0.395862
vt 0.838567 0.382875
vt 0.793311 0.525195
vt 0.787252 0.508076
vt 0.838826 0.421538
vt 0.878178 0.427661
vt 0.768280 0.530782
vt 0.765572 0.515411
vt 0.875674 0.450171
vt 0.914919 0.470434
vt 0.778441 0.550554
vt 0.799273 0.540540
vt 0.838981 0.440371
vt 0.821568 0.535889
vt 0.840295 0.531989
vt 0.949591 0.497448
vt 0.955647 0.500865
vt 0.944470 0.522322
vt 0.685759 0.458182
vt 0.682253 0.443423
vt 0.667468 0.399006
vt 0.848256 0.601955
vt 0.847504 0.603346
vt 0.839739 0.603767
vt 0.839791 0.602674
vt 0.847207 0.604803
vt 0.846611 0.605514
vt 0.839711 0.604443
vt 0.839724 0.604117
vt 0.831373 0.564414
vt 0.831280 0.560223
vt 0.859352 0.561909
vt 0.859350 0.568244
vt 0.847400 0.607062
vt 0.839600 0.609270
vt 0.615637 0.611424
vt 0.639593 0.632036
vt 0.628983 0.655040
vt 0.604157 0.645946
vt 0.863162 0.987966
vt 0.837411 0.964569
vt 0.874283 0.951779
vt 0.902306 0.940104
vt 0.836037 0.683733
vt 0.781794 0.720960
vt 0.773020 0.700618
vt 0.792393 0.687992
vt 0.817439 0.669724
vt 0.659817 0.647902
vt 0.652017 0.667112
vt 0.934104 0.969051
vt 0.866951 0.987258
vt 0.906095 0.939396
vt 0.939524 0.921567
vt 0.559380 0.615913
vt 0.587993 0.605949
vt 0.584030 0.628741
vt 0.555723 0.655587
vt 0.809990 0.878955
vt 0.825010 0.844411
vt 0.870087 0.865660
vt 0.837451 0.874621
vt 0.822737 0.937046
vt 0.813097 0.908787
vt 0.842500 0.897251
vt 0.852821 0.926637
vt 0.833499 0.770007
vt 0.838001 0.733619
vt 0.878331 0.740454
vt 0.872008 0.779783
vt 0.836514 0.814635
vt 0.899769 0.843059
vt 0.911147 0.266611
vt 0.914403 0.271762
vt 0.909969 0.271799
vt 0.908907 0.269341
vt 0.815406 0.991387
vt 0.793665 0.969988
vt 0.619760 0.582789
vt 0.647078 0.588879
vt 0.780664 0.916063
vt 0.784102 0.877848
vt 0.782891 0.947000
vt 0.796254 0.807192
vt 0.797264 0.767293
vt 0.589928 0.584759
vt 0.799663 0.729020
vt 0.905935 0.265407
vt 0.906394 0.267714
vt 0.791982 0.838727
vt 0.553660 0.588133
vt 0.675506 0.598804
vt 0.893829 0.913242
vt 0.873876 0.864953
vt 0.885295 0.885035
vt 0.846289 0.896544
vt 0.841241 0.873913
vt 0.903558 0.842351
vt 0.919053 0.879851
vt 0.931314 0.901031
vt 0.897618 0.912534
vt 0.636623 0.721014
vt 0.597675 0.701891
vt 0.577839 0.684077
vt 0.968155 0.837591
vt 0.985798 0.873625
vt 0.856610 0.925929
vt 0.584960 0.726147
vt 0.558298 0.704600
vt 0.618177 0.748511
vt 0.531362 0.676187
vt 0.996773 0.906274
vt 0.959843 0.805110
vt 0.998675 0.929446
vt 0.915183 0.278094
vt 0.914410 0.284573
vt 0.908255 0.282328
vt 0.909931 0.277870
vt 0.910585 0.288429
vt 0.905459 0.290997
vt 0.903932 0.285966
vt 0.906542 0.285386
vt 0.878139 0.551791
vt 0.857045 0.548215
vt 0.855893 0.544289
vt 0.878592 0.548517
vt 0.697061 0.607487
vt 0.712825 0.607086
vt 0.769382 0.568113
vt 0.784757 0.582817
vt 0.789233 0.587524
vt 0.786931 0.589378
vt 0.765888 0.569766
vt 0.732213 0.542146
vt 0.727008 0.525234
vt 0.735847 0.520456
vt 0.742320 0.541021
vt 0.820992 0.598332
vt 0.824262 0.603924
vt 0.812259 0.615821
vt 0.816132 0.611518
vt 0.804700 0.476783
vt 0.805025 0.470948
vt 0.904460 0.281755
vt 0.904776 0.277378
vt 0.905945 0.272676
vt 0.705587 0.461771
vt 0.697407 0.464879
vt 0.686065 0.435535
vt 0.696422 0.431080
vt 0.779031 0.594167
vt 0.759073 0.573733
vt 0.752305 0.539940
vt 0.750238 0.443831
vt 0.738831 0.412500
vt 0.828773 0.606764
vt 0.742714 0.521859
vt 0.861620 0.519867
vt 0.863959 0.503106
vt 0.778130 0.599416
vt 0.892803 0.570793
vt 0.895699 0.566693
vt 0.748196 0.524909
vt 0.757119 0.539849
vt 0.751940 0.575633
vt 0.777392 0.491361
vt 0.775538 0.486034
vt 0.697139 0.419563
vt 0.738678 0.404096
vt 0.792492 0.388905
vt 0.797375 0.399094
vt 0.887124 0.524200
vt 0.892819 0.506957
vt 0.799461 0.428308
vt 0.912268 0.529255
vt 0.914649 0.513830
vt 0.802295 0.450986
vt 0.762818 0.471478
vt 0.902529 0.549239
vt 0.881488 0.539668
vt 0.859101 0.535491
vt 0.728295 0.498905
vt 0.722241 0.502399
vt 0.735435 0.523963
vt 0.681911 0.666040
vt 0.677878 0.680645
vt 0.661536 0.724444
vt 0.830974 0.601265
vt 0.831775 0.602818
vt 0.832050 0.604341
vt 0.832638 0.605096
vt 0.858735 0.572739
vt 0.830501 0.573194
vt 0.831257 0.566904
vt 0.859329 0.568590
vt 0.831827 0.606651
vt 0.495769 0.515958
vt 0.509377 0.477750
vt 0.738902 0.600314
vt 0.755784 0.630761
vt 0.726263 0.647323
vt 0.708864 0.620528
vt 0.494762 0.600684
vt 0.492191 0.558251
vt 0.772298 0.657178
vt 0.753167 0.674484
vt 0.508226 0.861001
vt 0.517406 0.829886
vt 0.507571 0.639126
vt 0.527316 0.795293
s 1
usemtl Material.001
f 101/103/85 115/104/86 123/105/87 107/106/88
f 154/107/89 118/108/90 114/109/91 100/110/92
f 156/111/93 121/112/94 352/113/95 127/114/96 157/115/97
f 107/106/88 123/105/87 112/116/98 218/117/99
f 153/118/100 134/119/101 118/108/90 154/107/89
f 105/120/102 120/121/103 111/122/104 97/123/105
f 99/124/106 113/125/107 117/126/108 103/127/109
f 108/128/110 124/129/111 116/130/112 102/131/113
f 110/132/114 129/133/115 353/134/116 345/135/117
f 97/123/105 111/122/104 115/104/86 101/103/85
f 133/136/118 137/137/119 129/133/115 110/132/114
f 104/138/120 165/139/121 169/140/122 132/141/123
f 158/142/124 154/107/89 100/110/92 138/143/125
f 141/144/126 101/103/85 107/106/88 140/145/127
f 143/146/128 102/131/113 99/124/106 142/147/129
f 138/143/125 100/110/92 108/128/110 144/148/130
f 150/149/131 133/136/118 110/132/114 145/150/132
f 147/151/133 97/123/105 101/103/85 141/144/126
f 145/150/132 110/132/114 345/135/117 348/152/134
f 144/148/130 108/128/110 102/131/113 143/146/128
f 92/153/135 161/154/136 172/155/137 139/156/138
f 142/147/129 99/124/106 103/127/109 146/157/139
f 148/158/140 105/120/102 97/123/105 147/151/133
f 140/145/127 107/106/88 218/117/99 217/159/141
f 125/160/142 124/129/111 114/109/91 118/108/90
f 117/126/108 113/125/107 116/130/112 119/161/143
f 137/137/119 117/126/108 119/161/143 135/162/144
f 136/163/145 125/160/142 118/108/90 134/119/101
f 123/105/87 126/164/146 121/165/94 112/116/98
f 111/122/104 120/121/103 122/166/147 115/104/86
f 115/104/86 122/166/147 126/164/146 123/105/87
f 135/162/144 136/163/145 130/167/148 128/168/149
f 119/161/143 116/130/112 124/129/111 125/160/142
f 122/166/147 354/169/150 346/170/151 126/164/146
f 126/164/146 346/170/151 352/171/95 121/165/94
f 120/121/103 353/172/116 354/169/150 122/166/147
f 102/131/113 116/130/112 113/125/107 99/124/106
f 100/110/92 114/109/91 124/129/111 108/128/110
f 146/157/139 103/127/109 133/136/118 150/149/131
f 130/167/148 136/163/145 134/119/101 127/114/96
f 119/161/143 125/160/142 136/163/145 135/162/144
f 129/173/115 137/137/119 135/162/144 128/168/149
f 103/127/109 117/126/108 137/137/119 133/136/118
f 157/115/97 127/114/96 134/119/101 153/118/100
f 109/174/152 167/175/153 166/176/154 106/177/155
f 91/178/156 146/157/139 150/149/131 131/179/157
f 94/180/158 140/145/127 217/159/141 219/181/159
f 132/141/123 169/140/122 167/175/153 109/174/152
f 93/182/160 148/158/140 147/151/133 85/183/161
f 87/184/162 142/147/129 146/157/139 91/178/156
f 95/185/163 144/148/130 143/146/128 90/186/164
f 96/187/165 145/150/132 348/152/134 344/188/166
f 85/183/161 147/151/133 141/144/126 89/189/167
f 131/179/157 150/149/131 145/150/132 96/187/165
f 88/190/168 138/143/125 144/148/130 95/185/163
f 90/186/164 143/146/128 142/147/129 87/184/162
f 89/189/167 141/144/126 140/145/127 94/180/158
f 151/191/169 158/142/124 138/143/125 88/190/168
f 98/192/170 164/193/171 173/194/172 149/195/173
f 104/196/120 178/197/174 182/198/175 139/199/138
f 159/200/176 222/201/176 221/202/177 152/203/177
f 156/204/178 189/205/179 188/206/180 155/207/181 220/208/182
f 109/209/152 180/210/183 181/211/184 132/212/123
f 155/207/181 188/206/180 192/213/185 159/214/185
f 86/215/186 175/216/187 183/217/188 149/218/173
f 139/199/138 182/198/175 176/219/189 92/220/135
f 151/221/190 184/222/191 191/223/192 158/224/193
f 171/225/194 166/176/154 167/175/153 170/226/195
f 173/194/196 164/193/171 166/176/154 171/225/194
f 174/227/197 169/140/122 165/139/121 172/155/137
f 170/226/195 167/175/153 169/140/122 174/227/197
f 163/228/198 170/226/195 174/227/197 168/229/199
f 168/229/199 174/227/197 172/155/137 161/154/136
f 160/230/200 173/194/196 171/225/194 162/231/201
f 162/231/201 171/225/194 170/226/195 163/228/198
f 139/156/138 172/155/137 165/139/121 104/138/120
f 149/195/173 173/194/172 160/230/202 86/232/186
f 106/177/155 166/176/154 164/193/171 98/192/170
f 204/233/203 198/234/204 195/235/204 206/236/205
f 177/237/206 188/206/207 189/205/208 179/238/209
f 179/238/209 189/205/208 190/239/210 180/210/211
f 205/240/212 199/241/213 198/234/214 204/233/215
f 175/216/216 185/242/216 225/243/217 192/213/218 183/217/219
f 180/210/211 190/239/210 186/244/220 181/211/184
f 202/245/221 196/246/222 193/247/223 203/248/224
f 183/217/219 192/213/218 188/206/207 177/237/206
f 149/218/173 183/217/188 177/237/225 98/249/170
f 132/250/123 181/251/184 178/197/174 104/196/120
f 153/252/226 186/244/227 190/239/228 157/253/229
f 98/249/170 177/237/225 179/238/230 106/254/155
f 157/253/229 190/239/228 189/205/179 156/204/178
f 158/224/193 191/223/192 187/255/231 154/256/232
f 154/256/232 187/255/231 186/244/227 153/252/226
f 106/254/155 179/238/230 180/210/183 109/209/152
f 195/257/233 198/234/233 199/241/234 194/258/235
f 196/259/236 200/260/237 197/261/238 193/262/238
f 194/258/235 199/241/234 200/260/237 196/259/236
f 201/263/239 194/264/240 196/246/222 202/245/221
f 208/265/241 197/261/242 200/260/243 207/266/244
f 206/267/245 195/268/246 194/264/240 201/263/239
f 207/266/244 200/260/243 199/241/213 205/240/212
f 216/269/247 207/266/244 205/240/212 211/270/248
f 215/271/249 206/267/245 201/263/239 209/272/250
f 212/273/251 208/265/241 207/266/244 216/269/247
f 209/272/250 201/263/239 202/245/221 210/274/252
f 210/274/252 202/245/221 203/248/224 213/275/253
f 211/270/248 205/240/212 204/233/215 214/276/254
f 214/276/255 204/233/203 206/236/205 215/277/249
f 186/244/220 214/276/255 215/277/249 181/278/184
f 187/255/231 211/270/248 214/276/254 186/244/227
f 182/198/175 210/274/252 213/275/253 176/219/189
f 178/197/174 209/272/250 210/274/252 182/198/175
f 184/222/191 212/273/251 216/269/247 191/223/192
f 181/251/184 215/271/249 209/272/250 178/197/174
f 191/223/192 216/269/247 211/270/248 187/255/231
f 155/279/256 218/117/99 112/116/98 220/280/257
f 217/159/141 159/200/258 152/203/259 219/181/159
f 218/117/99 155/279/256 159/200/258 217/159/141
f 112/116/98 121/165/94 156/281/93 220/280/257
f 222/282/260 224/283/260 223/284/261 221/285/261
f 227/286/262 231/287/262 230/288/263 226/289/263
f 192/213/218 224/283/264 222/282/265 159/214/265
f 226/289/266 223/284/266 224/283/264 192/213/218 225/243/217 227/286/267
f 228/290/268 230/291/268 231/292/269 229/293/269
f 225/243/270 229/294/270 231/287/270 227/286/270
f 185/242/271 228/295/271 229/294/272 225/243/272
f 236/296/273 242/297/274 258/298/275 250/299/276
f 286/300/277 235/301/278 249/302/279 253/303/280
f 288/304/281 289/305/282 262/306/283 347/307/284 256/308/285
f 242/297/274 335/309/286 247/310/287 258/298/275
f 285/311/288 286/312/277 253/313/280 268/314/289
f 240/315/290 232/316/291 246/317/292 255/318/293
f 234/319/294 238/320/295 252/321/296 248/322/297
f 243/323/298 237/324/299 251/325/300 259/326/301
f 245/327/302 355/328/303 350/329/304 264/330/305
f 232/316/291 236/296/273 250/299/276 246/317/292
f 267/331/306 245/327/302 264/330/305 271/332/307
f 239/333/308 266/334/309 296/335/310 293/336/311
f 290/337/312 272/338/313 235/301/278 286/300/277
f 275/339/314 274/340/315 242/297/274 236/296/273
f 277/341/316 276/342/317 234/319/294 237/324/299
f 272/338/313 278/343/318 243/323/298 235/301/278
f 284/344/319 279/345/320 245/327/302 267/331/306
f 281/346/321 275/339/314 236/296/273 232/316/291
f 279/345/320 349/347/322 355/328/303 245/327/302
f 278/343/318 277/341/316 237/324/299 243/323/298
f 92/153/135 273/348/323 299/349/324 161/154/136
f 276/342/317 280/350/325 238/320/295 234/319/294
f 282/351/326 281/346/321 232/316/291 240/315/290
f 274/340/315 334/352/327 335/309/286 242/297/274
f 260/353/328 253/303/280 249/302/279 259/326/301
f 252/354/296 254/355/329 251/356/300 248/357/297
f 271/358/307 269/359/330 254/355/329 252/354/296
f 270/360/331 268/314/289 253/313/280 260/361/328
f 258/298/275 247/310/287 256/362/285 261/363/332
f 246/317/292 250/299/276 257/364/333 255/318/293
f 250/299/276 258/298/275 261/363/332 257/364/333
f 269/359/330 263/365/334 265/366/335 270/360/331
f 254/355/329 260/361/328 259/367/301 251/356/300
f 257/364/333 261/363/332 343/368/336 351/369/337
f 261/363/332 256/362/285 347/370/284 343/368/336
f 255/318/293 257/364/333 351/369/337 350/371/304
f 237/324/299 234/319/294 248/322/297 251/325/300
f 235/301/278 243/323/298 259/326/301 249/302/279
f 280/350/325 284/344/319 267/331/306 238/320/295
f 265/366/335 262/372/283 268/314/289 270/360/331
f 254/355/329 269/359/330 270/360/331 260/361/328
f 264/373/305 263/365/334 269/359/330 271/358/307
f 238/320/295 267/331/306 271/332/307 252/321/296
f 289/374/282 285/311/288 268/314/289 262/372/283
f 244/375/338 241/376/339 294/377/340 295/378/341
f 91/178/156 131/179/157 284/344/319 280/350/325
f 94/180/158 219/181/159 334/352/327 274/340/315
f 266/334/309 244/375/338 295/378/341 296/335/310
f 93/182/160 85/183/161 281/346/321 282/351/326
f 87/184/162 91/178/156 280/350/325 276/342/317
f 95/185/163 90/186/164 277/341/316 278/343/318
f 96/187/165 344/188/166 349/347/322 279/345/320
f 85/183/161 89/189/167 275/339/314 281/346/321
f 131/179/157 96/187/165 279/345/320 284/344/319
f 88/190/168 95/185/163 278/343/318 272/338/313
f 90/186/164 87/184/162 276/342/317 277/341/316
f 89/189/167 94/180/158 274/340/315 275/339/314
f 151/191/169 88/190/168 272/338/313 290/337/312
f 233/379/342 283/380/343 300/381/344 292/382/345
f 239/383/308 273/384/323 307/385/346 303/386/347
f 291/387/348 152/203/177 221/202/177 337/388/348
f 288/389/349 336/390/350 287/391/351 311/392/352 312/393/353
f 244/394/338 266/395/309 306/396/354 305/397/355
f 287/391/351 291/398/356 315/399/356 311/392/352
f 86/215/186 283/400/343 308/401/357 175/216/187
f 273/384/323 92/220/135 176/219/189 307/385/346
f 151/221/190 290/402/358 314/403/359 184/222/191
f 298/404/360 297/405/361 295/378/341 294/377/340
f 300/381/362 298/404/360 294/377/340 292/382/345
f 301/406/363 299/349/324 293/336/311 296/335/310
f 297/405/361 301/406/363 296/335/310 295/378/341
f 163/228/198 168/229/199 301/406/363 297/405/361
f 168/229/199 161/154/136 299/349/324 301/406/363
f 160/230/200 162/231/201 298/404/360 300/381/362
f 162/231/201 163/228/198 297/405/361 298/404/360
f 273/348/323 239/333/308 293/336/311 299/349/324
f 283/380/343 86/232/186 160/230/202 300/381/344
f 241/376/339 233/379/342 292/382/345 294/377/340
f 324/407/364 326/408/365 317/409/366 319/410/366
f 302/411/367 304/412/368 312/393/369 311/392/370
f 304/412/368 305/397/371 313/413/372 312/393/369
f 325/414/373 324/407/374 319/410/375 320/415/376
f 175/216/216 308/401/377 315/399/378 339/416/379 185/242/216
f 305/397/371 306/396/354 309/417/380 313/413/372
f 323/418/381 203/248/224 193/247/223 318/419/382
f 308/401/377 302/411/367 311/392/370 315/399/378
f 283/400/343 233/420/342 302/411/383 308/401/357
f 266/421/309 239/383/308 303/386/347 306/422/354
f 285/423/384 289/424/385 313/413/386 309/417/387
f 233/420/342 241/425/339 304/412/388 302/411/383
f 289/424/385 288/389/349 312/393/353 313/413/386
f 290/402/358 286/426/389 310/427/390 314/403/359
f 286/426/389 285/423/384 309/417/387 310/427/390
f 241/425/339 244/394/338 305/397/355 304/412/388
f 317/428/391 316/429/392 320/415/393 319/410/391
f 318/430/394 193/262/238 197/261/238 321/431/395
f 316/429/392 318/430/394 321/431/395 320/415/393
f 322/432/396 323/418/381 318/419/382 316/433/397
f 208/265/241 327/434/398 321/431/399 197/261/242
f 326/435/400 322/432/396 316/433/397 317/436/401
f 327/434/398 325/414/373 320/415/376 321/431/399
f 333/437/402 330/438/403 325/414/373 327/434/398
f 332/439/404 328/440/405 322/432/396 326/435/400
f 212/273/251 333/437/402 327/434/398 208/265/241
f 328/440/405 329/441/406 323/418/381 322/432/396
f 329/441/406 213/275/253 203/248/224 323/418/381
f 330/438/403 331/442/407 324/407/374 325/414/373
f 331/442/408 332/443/404 326/408/365 324/407/364
f 309/417/380 306/444/354 332/443/404 331/442/408
f 310/427/390 309/417/387 331/442/407 330/438/403
f 307/385/346 176/219/189 213/275/253 329/441/406
f 303/386/347 307/385/346 329/441/406 328/440/405
f 184/222/191 314/403/359 333/437/402 212/273/251
f 306/422/354 303/386/347 328/440/405 332/439/404
f 314/403/359 310/427/390 330/438/403 333/437/402
f 287/445/409 336/446/410 247/310/287 335/309/286
f 334/352/327 219/181/159 152/203/259 291/387/411
f 335/309/286 334/352/327 291/387/411 287/445/409
f 247/310/287 336/446/410 288/447/281 256/362/285
f 337/448/412 221/285/261 223/284/261 338/449/412
f 340/450/413 226/289/263 230/288/263 342/451/413
f 315/399/378 291/398/414 337/448/414 338/449/415
f 226/289/266 340/450/416 339/416/379 315/399/378 338/449/415 223/284/266
f 228/452/268 341/453/417 342/454/417 230/455/268
f 339/416/418 340/450/418 342/451/418 341/456/418
f 185/242/271 339/416/419 341/456/419 228/295/271
f 348/457/134 345/458/117 105/120/102 148/158/140
f 350/459/304 351/460/337 263/461/334 264/462/305
f 349/463/322 344/464/166 93/182/160 282/351/326
f 351/460/337 343/465/336 265/466/335 263/461/334
f 343/465/336 347/307/284 262/306/283 265/466/335
f 344/464/166 348/457/134 148/158/140 93/182/160
f 346/467/151 354/468/150 128/168/149 130/167/148
f 350/371/304 355/469/303 240/315/290 255/318/293
f 352/113/95 346/467/151 130/167/148 127/114/96
f 355/469/303 349/463/322 282/351/326 240/315/290
f 354/468/150 353/470/116 129/173/115 128/168/149
f 345/458/117 353/172/116 120/121/103 105/120/102
o headphones
v -0.521035 1.714132 0.000000
v -0.274610 1.777057 0.000000
v -0.492293 1.849819 0.000000
v -0.342343 1.873478 0.000000
v -0.523179 1.703466 -0.203060
v -0.255156 1.773150 -0.214744
v -0.490068 1.846727 -0.168327
v -0.342930 1.868598 -0.180062
v -0.535362 1.637300 -0.542025
v -0.249160 1.735263 -0.517181
v -0.493887 1.806857 -0.396817
v -0.343231 1.831554 -0.418226
v -0.502943 1.599935 -0.691475
v -0.278521 1.662710 -0.710034
v -0.488929 1.749592 -0.597372
v -0.352002 1.769267 -0.596242
v -0.473475 1.483090 -0.606256
v -0.228689 1.550387 -0.617178
v -0.482537 1.475021 -0.714585
v -0.252916 1.541684 -0.729392
v -0.282923 1.861180 0.000000
v -0.528873 1.789546 0.000000
v -0.285132 1.854812 -0.251546
v -0.530316 1.783661 -0.230447
v -0.293345 1.818824 -0.492149
v -0.549948 1.741806 -0.471831
v -0.297958 1.738533 -0.651326
v -0.494745 1.689079 -0.650740
v -0.354327 1.145118 -0.652420
v -0.117621 1.208453 -0.644499
v -0.378483 1.141974 -0.838813
v -0.122119 1.222520 -0.838383
v -0.442242 1.008188 -0.652771
v -0.007608 1.158617 -0.651126
v -0.491549 0.975251 -0.839488
v 0.048448 1.162090 -0.839712
v -0.486201 0.828360 -0.652407
v 0.117564 1.037328 -0.650121
v -0.492458 0.840354 -0.839560
v 0.104235 1.042643 -0.839799
v -0.441949 0.646484 -0.654647
v 0.130310 0.887403 -0.653035
v -0.452616 0.678125 -0.839661
v 0.121760 0.872490 -0.839888
v -0.321569 0.559721 -0.655250
v 0.079511 0.698538 -0.655071
v -0.362967 0.615179 -0.839571
v 0.080722 0.706527 -0.839831
v -0.152484 0.790665 -0.654912
v -0.279335 1.169100 -0.643059
v -0.202691 0.927624 -0.651414
v -0.106477 0.557745 -0.655165
v -0.246381 1.077116 -0.652110
v -0.242700 1.203857 -0.839378
v -0.090261 0.596731 -0.839657
v -0.423720 1.329190 -0.631408
v -0.430161 1.332172 -0.738805
v -0.208083 1.397597 -0.760494
v -0.184910 1.407251 -0.641978
v -0.295651 1.778679 -0.571738
v -0.263840 1.698987 -0.613608
v -0.519152 1.618617 -0.616750
v -0.522346 1.715443 -0.561286
v -0.234157 1.547209 -0.659305
v -0.478006 1.479056 -0.660421
v -0.112934 1.229589 -0.712345
v -0.446806 1.138661 -0.707349
v 0.033532 1.175400 -0.741032
v -0.533456 0.993138 -0.738872
v 0.115208 1.047554 -0.745714
v -0.553365 0.831212 -0.739647
v 0.148911 0.889700 -0.744477
v -0.501497 0.656754 -0.742251
v 0.099369 0.707826 -0.744797
v -0.356484 0.580695 -0.741350
v -0.096744 0.581590 -0.742477
v -0.193592 1.405928 -0.676077
v -0.428978 1.333083 -0.673077
v -0.346694 1.102566 -0.839099
v -0.137153 1.168401 -0.838958
v -0.439110 0.966294 -0.839321
v 0.002261 1.119008 -0.839394
v -0.439853 0.856035 -0.839344
v 0.047859 1.021377 -0.839423
v -0.407288 0.723435 -0.839378
v 0.062183 0.882301 -0.839452
v -0.334013 0.671986 -0.839348
v 0.028641 0.746650 -0.839433
v -0.235712 1.153146 -0.839284
v -0.111114 0.656907 -0.839376
v -0.341650 1.096862 -0.813545
v -0.139050 1.160540 -0.815499
v -0.431005 0.965055 -0.810478
v -0.004254 1.112765 -0.809462
v -0.431723 0.858409 -0.810154
v 0.039833 1.018333 -0.809065
v -0.400236 0.730155 -0.809692
v 0.053683 0.883815 -0.808660
v -0.329388 0.680391 -0.810101
v 0.021252 0.752609 -0.808921
v -0.234344 1.145785 -0.810979
v -0.113873 0.665807 -0.809710
v -0.348837 1.105317 -0.778479
v -0.136659 1.172005 -0.780525
v -0.442416 0.967279 -0.775266
v 0.004510 1.121972 -0.774202
v -0.443167 0.855591 -0.774927
v 0.050681 1.023076 -0.773787
v -0.410193 0.721274 -0.774443
v 0.065185 0.882198 -0.773362
v -0.335995 0.669158 -0.774871
v 0.031221 0.744790 -0.773636
v -0.236457 1.156552 -0.775791
v -0.110292 0.653884 -0.774462
v -0.322457 1.068456 -0.834880
v -0.139660 1.126331 -0.836110
v -0.393909 0.961387 -0.832980
v -0.032507 1.086059 -0.832366
v -0.400315 0.862028 -0.832404
v 0.012703 1.002494 -0.831448
v -0.370836 0.758710 -0.832097
v 0.023941 0.887020 -0.831151
v -0.297742 0.710191 -0.832291
v -0.010795 0.774095 -0.831371
v -0.229650 1.116686 -0.833862
v -0.129245 0.703005 -0.831984
v -0.171666 0.905869 -0.839565
v -0.302032 0.878162 -0.839471
v -0.085662 1.011676 -0.839437
v -0.049476 0.891630 -0.838698
v -0.299360 0.936263 -0.839818
v -0.071210 0.823335 -0.838836
v -0.058229 0.961490 -0.838890
v -0.143336 0.783554 -0.839216
v -0.204982 1.030299 -0.840347
v -0.240222 0.791944 -0.839405
v -0.260829 1.002365 -0.840977
v -0.281660 0.820512 -0.839297
v -0.150541 1.033565 -0.841638
v -0.372408 1.174587 -0.673019
v -0.377549 1.186661 -0.673665
v -0.152609 1.222693 -0.660933
v -0.143498 1.213058 -0.657834
v -0.369764 1.190835 -0.767146
v -0.367233 1.178343 -0.776737
v -0.164860 1.217286 -0.768939
v -0.171262 1.225711 -0.759544
v -0.153215 1.234315 -0.687036
v -0.144571 1.226247 -0.692001
v -0.384669 1.186673 -0.712417
v -0.386979 1.175586 -0.714024
v -0.465744 2.075922 -0.701778
v -0.540458 2.065310 -0.695136
v -0.472217 2.067098 -0.719272
v -0.457502 1.984542 -0.690263
v -0.535769 2.058037 -0.716171
v -0.510086 1.977222 -0.688969
v -0.489373 2.086952 -0.666455
v -0.470384 2.083221 -0.683507
v -0.529917 2.000875 -0.620014
v -0.516113 2.083601 -0.661914
v -0.528272 2.143081 -0.783118
v -0.577796 2.309857 -0.868266
v -0.532158 2.142528 -0.783113
v -0.548970 2.160653 -0.731339
v -0.481181 1.948846 -0.546061
v -0.409375 1.947388 -0.582489
v -0.408322 1.937250 -0.605130
v -0.440389 1.954818 -0.551584
v -0.412309 1.924419 -0.632531
v -0.427113 1.873995 -0.631195
v -0.510219 1.898206 -0.537327
v -0.481574 1.866322 -0.630510
v -0.512066 1.910703 -0.627333
v -0.513943 1.921088 -0.597872
v -0.353597 1.805093 -0.513021
v -0.360270 1.796044 -0.510152
v -0.488676 1.783650 -0.505185
v -0.477873 1.775819 -0.504015
v -0.355212 1.788434 -0.549860
v -0.363270 1.780652 -0.547689
v -0.398646 1.770442 -0.575863
v -0.392640 1.768541 -0.565106
v -0.477026 1.763152 -0.541142
v -0.489482 1.770324 -0.542687
v -0.454869 1.762451 -0.575757
v -0.453664 1.759823 -0.565051
v -0.386868 1.818618 -0.444321
v -0.393692 1.828854 -0.442076
v -0.359272 1.811495 -0.472974
v -0.351222 1.817911 -0.486198
v -0.491767 1.802021 -0.459863
v -0.479397 1.796213 -0.452892
v -0.450027 1.808505 -0.436762
v -0.447883 1.820394 -0.435628
v -0.523179 1.703466 0.203060
v -0.255156 1.773150 0.214744
v -0.490068 1.846727 0.168327
v -0.342930 1.868598 0.180062
v -0.535362 1.637300 0.542025
v -0.249160 1.735263 0.517181
v -0.493887 1.806857 0.396817
v -0.343231 1.831554 0.418226
v -0.502943 1.599935 0.691475
v -0.278521 1.662710 0.710034
v -0.488929 1.749592 0.597372
v -0.352002 1.769267 0.596242
v -0.473475 1.483090 0.606257
v -0.228689 1.550387 0.617178
v -0.482537 1.475021 0.714585
v -0.252916 1.541684 0.729392
v -0.285132 1.854812 0.251546
v -0.530316 1.783661 0.230447
v -0.293345 1.818824 0.492149
v -0.549948 1.741806 0.471831
v -0.297958 1.738533 0.651327
v -0.494745 1.689079 0.650740
v -0.354327 1.145118 0.652420
v -0.117621 1.208453 0.644499
v -0.378483 1.141974 0.838813
v -0.122119 1.222520 0.838383
v -0.442242 1.008188 0.652771
v -0.007608 1.158617 0.651126
v -0.491549 0.975251 0.839488
v 0.048448 1.162090 0.839712
v -0.486201 0.828360 0.652407
v 0.117564 1.037328 0.650121
v -0.492458 0.840354 0.839560
v 0.104235 1.042643 0.839799
v -0.441949 0.646484 0.654647
v 0.130310 0.887403 0.653035
v -0.452616 0.678125 0.839661
v 0.121760 0.872490 0.839888
v -0.321569 0.559721 0.655250
v 0.079511 0.698538 0.655071
v -0.362967 0.615179 0.839571
v 0.080722 0.706527 0.839831
v -0.152484 0.790665 0.654912
v -0.279335 1.169100 0.643059
v -0.202691 0.927624 0.651414
v -0.106477 0.557745 0.655165
v -0.246381 1.077116 0.652110
v -0.242700 1.203856 0.839378
v -0.090261 0.596730 0.839657
v -0.423720 1.329190 0.631408
v -0.430161 1.332172 0.738805
v -0.208082 1.397597 0.760494
v -0.184910 1.407250 0.641978
v -0.295651 1.778679 0.571738
v -0.263840 1.698987 0.613608
v -0.519152 1.618617 0.616750
v -0.522346 1.715443 0.561286
v -0.234157 1.547209 0.659305
v -0.478006 1.479056 0.660421
v -0.112934 1.229589 0.712345
v -0.446806 1.138661 0.707349
v 0.033532 1.175400 0.741032
v -0.533456 0.993138 0.738872
v 0.115208 1.047554 0.745714
v -0.553365 0.831212 0.739647
v 0.148911 0.889700 0.744477
v -0.501497 0.656754 0.742251
v 0.099369 0.707826 0.744797
v -0.356484 0.580695 0.741350
v -0.096744 0.581589 0.742477
v -0.193592 1.405928 0.676077
v -0.428978 1.333083 0.673077
v -0.346694 1.102566 0.839099
v -0.137153 1.168401 0.838958
v -0.439110 0.966294 0.839321
v 0.002261 1.119008 0.839394
v -0.439853 0.856035 0.839344
v 0.047859 1.021377 0.839423
v -0.407288 0.723435 0.839378
v 0.062183 0.882301 0.839452
v -0.334013 0.671986 0.839348
v 0.028641 0.746650 0.839433
v -0.235711 1.153146 0.839285
v -0.111114 0.656907 0.839376
v -0.341650 1.096862 0.813545
v -0.139050 1.160539 0.815499
v -0.431005 0.965055 0.810478
v -0.004254 1.112765 0.809462
v -0.431723 0.858409 0.810154
v 0.039833 1.018333 0.809065
v -0.400236 0.730155 0.809692
v 0.053683 0.883815 0.808660
v -0.329388 0.680391 0.810101
v 0.021252 0.752609 0.808921
v -0.234344 1.145785 0.810979
v -0.113873 0.665807 0.809710
v -0.348837 1.105317 0.778479
v -0.136659 1.172004 0.780525
v -0.442416 0.967279 0.775266
v 0.004510 1.121972 0.774202
v -0.443167 0.855591 0.774927
v 0.050681 1.023076 0.773787
v -0.410193 0.721274 0.774443
v 0.065185 0.882198 0.773362
v -0.335995 0.669158 0.774871
v 0.031221 0.744789 0.773636
v -0.236457 1.156552 0.775791
v -0.110292 0.653884 0.774462
v -0.322457 1.068456 0.834880
v -0.139660 1.126331 0.836110
v -0.393909 0.961387 0.832980
v -0.032507 1.086058 0.832366
v -0.400315 0.862028 0.832405
v 0.012703 1.002494 0.831448
v -0.370836 0.758710 0.832097
v 0.023941 0.887020 0.831151
v -0.297742 0.710191 0.832291
v -0.010795 0.774095 0.831371
v -0.229650 1.116686 0.833862
v -0.129245 0.703005 0.831984
v -0.171666 0.905869 0.839566
v -0.302032 0.878162 0.839471
v -0.085662 1.011676 0.839437
v -0.049476 0.891630 0.838698
v -0.299360 0.936262 0.839819
v -0.071210 0.823335 0.838836
v -0.058229 0.961490 0.838890
v -0.143336 0.783554 0.839216
v -0.204982 1.030299 0.840347
v -0.240222 0.791944 0.839405
v -0.260828 1.002365 0.840977
v -0.281660 0.820511 0.839297
v -0.150541 1.033565 0.841638
v -0.372408 1.174587 0.673020
v -0.377549 1.186661 0.673665
v -0.152609 1.222693 0.660934
v -0.143498 1.213058 0.657834
v -0.369764 1.190835 0.767146
v -0.367233 1.178343 0.776737
v -0.164860 1.217286 0.768939
v -0.171262 1.225711 0.759544
v -0.153215 1.234315 0.687036
v -0.144571 1.226247 0.692001
v -0.384669 1.186673 0.712417
v -0.386979 1.175586 0.714024
v -0.465744 2.075922 0.701778
v -0.540458 2.065310 0.695136
v -0.472217 2.067098 0.719272
v -0.457502 1.984541 0.690263
v -0.535769 2.058037 0.716172
v -0.510086 1.977222 0.688969
v -0.489373 2.086952 0.666455
v -0.470384 2.083221 0.683507
v -0.529917 2.000875 0.620014
v -0.516113 2.083601 0.661914
v -0.528272 2.143081 0.783118
v -0.577796 2.309857 0.868266
v -0.532158 2.142528 0.783113
v -0.548970 2.160653 0.731340
v -0.481181 1.948846 0.546061
v -0.409375 1.947388 0.582489
v -0.408322 1.937250 0.605130
v -0.440389 1.954818 0.551584
v -0.412309 1.924419 0.632531
v -0.427113 1.873995 0.631195
v -0.510219 1.898206 0.537327
v -0.481574 1.866322 0.630510
v -0.512066 1.910703 0.627333
v -0.513943 1.921088 0.597872
v -0.353597 1.805093 0.513021
v -0.360270 1.796044 0.510152
v -0.488676 1.783650 0.505185
v -0.477873 1.775819 0.504015
v -0.355212 1.788434 0.549860
v -0.363270 1.780652 0.547689
v -0.398646 1.770442 0.575864
v -0.392640 1.768541 0.565106
v -0.477026 1.763152 0.541142
v -0.489482 1.770323 0.542687
v -0.454869 1.762451 0.575757
v -0.453664 1.759823 0.565051
v -0.386868 1.818618 0.444322
v -0.393692 1.828854 0.442076
v -0.359272 1.811495 0.472974
v -0.351222 1.817910 0.486198
v -0.491767 1.802021 0.459863
v -0.479397 1.796213 0.452892
v -0.450027 1.808505 0.436762
v -0.447883 1.820394 0.435628
vn -0.0000 -0.0000 1.0000
vn 0.9530 0.3029 -0.0053
vn 0.8797 0.4263 -0.2105
vn 0.8878 0.4395 -0.1364
vn 0.9406 0.3387 -0.0237
vn 0.9724 0.2314 0.0309
vn -0.9714 0.2376 -0.0012
vn -0.9564 0.2920 -0.0075
vn -0.9929 -0.1116 0.0413
vn -0.9955 -0.0937 0.0118
vn 0.0253 0.9994 -0.0255
vn 0.0026 0.9972 -0.0750
vn -0.5256 0.8483 -0.0648
vn -0.5485 0.8359 -0.0203
vn 0.2503 -0.9672 0.0441
vn 0.2672 -0.9587 0.0980
vn 0.2679 -0.9582 0.1004
vn 0.8991 0.3565 -0.2539
vn 0.9177 0.3014 -0.2590
vn 0.8428 0.4593 -0.2807
vn 0.8206 0.4910 -0.2924
vn -0.9113 0.3784 -0.1624
vn -0.9862 -0.0450 -0.1593
vn -0.4500 0.8356 -0.3150
vn -0.4854 0.8574 -0.1709
vn -0.2063 0.9594 -0.1924
vn 0.2829 -0.9472 0.1509
vn -0.1419 0.3063 -0.9413
vn -0.5944 0.4845 -0.6418
vn -0.1362 0.6858 -0.7149
vn -0.1460 0.3313 -0.9322
vn -0.8685 0.4022 -0.2898
vn -0.9869 -0.0913 -0.1327
vn -0.9829 -0.0677 -0.1711
vn 0.9430 0.2861 -0.1701
vn 0.9370 0.3027 -0.1743
vn 0.7863 0.5613 0.2582
vn 0.8333 0.5164 0.1973
vn -0.1184 0.1480 -0.9819
vn -0.1185 0.1480 -0.9819
vn 0.0476 0.7742 0.6312
vn 0.1783 0.8948 0.4093
vn 0.1445 0.9836 0.1080
vn 0.3376 0.9371 0.0887
vn -0.9557 -0.2938 0.0186
vn -0.9464 -0.3223 0.0225
vn 0.1047 -0.4128 0.9048
vn 0.0967 -0.2861 0.9533
vn 0.0964 -0.2822 0.9545
vn 0.9357 0.2759 -0.2197
vn 0.9285 0.2855 -0.2373
vn 0.2015 0.9791 -0.0268
vn 0.0753 0.9894 -0.1241
vn -0.1452 0.9312 -0.3344
vn -0.0803 0.9750 -0.2073
vn -0.2407 -0.7649 -0.5974
vn -0.3550 -0.5055 -0.7864
vn -0.4015 -0.5025 -0.7657
vn -0.2969 -0.4926 -0.8180
vn 0.3402 -0.3464 -0.8742
vn 0.4060 -0.3318 -0.8515
vn 0.3523 -0.3593 -0.8641
vn 0.3374 -0.6769 -0.6542
vn 0.9021 -0.3163 -0.2935
vn 0.8520 0.0223 -0.5230
vn 0.9437 0.2783 -0.1790
vn -0.7978 -0.5754 0.1797
vn -0.9820 -0.1885 -0.0065
vn -0.9825 -0.1858 -0.0129
vn -0.8329 -0.5284 0.1648
vn 0.9461 0.2634 -0.1885
vn 0.8809 0.4667 -0.0784
vn 0.7833 0.5704 -0.2471
vn 0.9386 0.2626 -0.2236
vn -0.4869 0.7880 -0.3767
vn -0.5587 0.7829 -0.2739
vn -0.7024 0.6257 -0.3394
vn -0.9288 0.3472 -0.1291
vn -0.5553 0.5900 0.5861
vn -0.5980 0.3729 0.7095
vn -0.2744 0.3574 0.8927
vn -0.3339 0.4850 0.8083
vn -0.0018 0.0043 -1.0000
vn -0.0016 0.0043 -1.0000
vn -0.0052 0.0028 -1.0000
vn -0.0051 0.0029 -1.0000
vn 0.0621 -0.1569 0.9857
vn -0.0137 -0.0473 0.9988
vn -0.0309 -0.0048 0.9995
vn 0.0632 -0.1561 0.9857
vn -0.9433 -0.3280 0.0510
vn -0.9855 -0.1697 -0.0017
vn -0.9532 -0.2329 0.1930
vn -0.9389 -0.3256 0.1114
vn -0.9444 -0.3265 -0.0384
vn -0.9746 -0.0482 -0.2189
vn -0.3899 0.1334 0.9111
vn -0.4822 -0.0329 0.8754
vn -0.0005 -0.0079 1.0000
vn -0.0020 -0.0283 0.9996
vn 0.6163 0.7811 0.1003
vn 0.6788 0.7325 -0.0529
vn 0.0472 0.9946 -0.0923
vn -0.1044 0.3398 0.9347
vn -0.6941 0.1906 0.6942
vn -0.7793 -0.0352 0.6257
vn -0.8268 -0.5625 -0.0090
vn -0.6829 -0.6542 0.3250
vn -0.0069 0.0005 -1.0000
vn -0.0069 0.0006 -1.0000
vn 0.9272 0.3734 0.0284
vn 0.9385 0.3223 -0.1235
vn 0.9986 -0.0397 -0.0343
vn 0.8331 -0.5517 -0.0398
vn 0.7816 -0.6040 -0.1559
vn 0.9747 -0.0727 -0.2115
vn -0.0016 0.0017 -1.0000
vn -0.0015 0.0018 -1.0000
vn 0.0018 0.0017 -1.0000
vn 0.0021 0.0015 -1.0000
vn 0.0036 -0.0100 0.9999
vn 0.0019 -0.0118 0.9999
vn -0.2978 -0.9425 -0.1518
vn -0.2863 -0.9086 -0.3040
vn 0.2832 -0.9432 -0.1737
vn 0.2896 -0.9424 -0.1671
vn 0.0010 -0.0022 1.0000
vn -0.0001 -0.0036 1.0000
vn -0.2029 -0.9723 -0.1160
vn 0.0039 0.0010 -1.0000
vn 0.0039 0.0009 -1.0000
vn 0.0036 0.0021 -1.0000
vn 0.0034 0.0023 -1.0000
vn 0.0034 -0.0203 0.9998
vn 0.0263 -0.0836 0.9962
vn -0.0015 -0.0054 1.0000
vn 0.0009 -0.0161 0.9999
vn -0.0011 -0.0105 0.9999
vn 0.7899 -0.6110 0.0529
vn 0.2640 -0.9488 -0.1735
vn 0.0013 0.0037 -1.0000
vn 0.0016 0.0036 -1.0000
vn 0.0015 0.0026 -1.0000
vn 0.0006 0.0023 -1.0000
vn 0.0001 0.0047 -1.0000
vn 0.0012 0.0046 -1.0000
vn -0.0871 0.1103 -0.9901
vn -0.0890 0.1123 -0.9897
vn -0.9583 -0.2855 0.0118
vn 0.9450 0.2596 -0.1990
vn 0.9530 0.2601 -0.1557
vn -0.6937 -0.5685 -0.4422
vn 0.9074 0.3831 0.1728
vn 0.9878 -0.0596 0.1440
vn 0.5551 0.7770 0.2968
vn -0.8483 0.2968 -0.4386
vn -0.8715 -0.0796 -0.4839
vn -0.8708 -0.0836 -0.4845
vn -0.8415 0.3202 -0.4352
vn -0.0777 0.9624 -0.2602
vn -0.2457 0.9607 -0.1290
vn 0.8420 0.5248 0.1245
vn -0.5690 0.7677 -0.2946
vn -0.1445 0.9150 -0.3767
vn -0.0668 0.9248 -0.3746
vn -0.1061 0.8836 -0.4560
vn -0.0836 0.9353 -0.3439
vn -0.0762 0.4104 -0.9087
vn -0.0727 0.3591 -0.9305
vn 0.3557 0.3831 0.8524
vn 0.3316 0.6833 0.6505
vn -0.2883 0.5790 0.7627
vn -0.1943 0.2735 0.9420
vn -0.9603 0.0701 -0.2700
vn -0.9975 0.0670 0.0232
vn -0.9647 -0.2622 0.0239
vn -0.9270 -0.2592 -0.2710
vn 0.6221 -0.7347 -0.2707
vn 0.6446 -0.7644 0.0128
vn 0.9529 -0.3025 0.0211
vn 0.9194 -0.2792 -0.2769
vn 0.7791 0.5445 -0.3107
vn 0.8320 0.5542 0.0247
vn 0.3232 0.9461 0.0189
vn 0.3244 0.8950 -0.3063
vn 0.9933 0.1136 0.0216
vn 0.9546 0.1153 -0.2747
vn -0.2465 0.9690 0.0189
vn -0.2400 0.9237 -0.2986
vn -0.7742 0.5585 -0.2979
vn -0.8158 0.5779 0.0232
vn -0.0962 -0.9518 -0.2911
vn -0.0866 -0.9962 0.0040
vn 0.2902 -0.9568 0.0197
vn 0.2722 -0.9230 -0.2721
vn -0.0062 -0.0012 -1.0000
vn -0.0063 -0.0011 -1.0000
vn -0.0047 0.0017 -1.0000
vn -0.0047 0.0013 -1.0000
vn -0.9476 0.0687 0.3119
vn -0.9139 -0.2557 0.3154
vn -0.6717 -0.7403 0.0258
vn -0.6434 -0.7033 -0.3024
vn 0.5255 0.5501 -0.6490
vn 0.3531 0.3806 -0.8547
vn 0.0587 0.4977 -0.8653
vn 0.0805 0.7765 -0.6250
vn 0.9104 -0.2715 0.3122
vn 0.9420 0.1149 0.3152
vn 0.2762 -0.9143 0.2964
vn 0.6149 -0.7286 0.3017
vn -0.0929 -0.9442 0.3159
vn -0.2388 0.9122 0.3328
vn -0.7649 0.5485 0.3377
vn -0.6434 -0.6863 0.3391
vn 0.3233 0.8823 0.3420
vn 0.7682 0.5349 0.3518
vn -0.4878 0.1609 -0.8580
vn -0.0406 0.0023 -0.9992
vn -0.0387 -0.0090 -0.9992
vn -0.4945 -0.0583 -0.8672
vn -0.5931 -0.4316 -0.6797
vn -0.4138 -0.2744 -0.8680
vn -0.1356 -0.4741 -0.8700
vn -0.2702 -0.6870 -0.6745
vn 0.7983 -0.0674 -0.5985
vn 0.5278 -0.0431 -0.8482
vn 0.5075 0.1358 -0.8509
vn 0.7620 0.2278 -0.6061
vn -0.7481 0.2173 -0.6270
vn -0.7761 -0.0911 -0.6240
vn -0.2323 0.7668 -0.5984
vn -0.1585 0.4935 -0.8552
vn -0.3439 0.3858 -0.8561
vn -0.5125 0.6039 -0.6104
vn 0.1988 -0.7288 -0.6552
vn 0.1186 -0.4933 -0.8617
vn 0.4166 -0.3087 -0.8551
vn 0.6099 -0.4417 -0.6580
vn 0.0041 -0.0060 -1.0000
vn 0.0500 0.0222 -0.9985
vn 0.0560 0.0093 -0.9984
vn -0.0176 0.0343 -0.9993
vn -0.0250 0.0239 -0.9994
vn 0.0080 0.0261 -0.9996
vn 0.0602 -0.0066 -0.9982
vn 0.0500 -0.0350 -0.9981
vn 0.0167 -0.0511 -0.9986
vn -0.0116 -0.0438 -0.9990
vn -0.0326 -0.0251 -0.9992
vn -0.9575 -0.1278 0.2588
vn 0.8067 -0.0142 -0.5908
vn -0.2653 0.8055 -0.5298
vn -0.7949 -0.5974 -0.1059
vn -0.9046 -0.3252 -0.2756
vn -0.2665 0.5926 0.7601
vn -0.6471 0.4492 0.6161
vn -0.9089 0.1424 0.3919
vn -0.5581 0.4479 0.6985
vn -0.5495 0.3230 0.7705
vn 0.3246 0.6922 0.6446
vn -0.8542 -0.3620 -0.3733
vn -0.9908 -0.1329 0.0261
vn -0.1174 0.9764 -0.1814
vn -0.4805 0.7758 -0.4090
vn -0.5656 0.8112 -0.1487
vn 0.8284 0.4907 0.2699
vn -0.1677 0.9662 -0.1958
vn -0.1636 0.9176 -0.3624
vn -0.1479 0.9637 -0.2223
vn 0.8060 -0.5560 0.2031
vn 0.7851 -0.5830 0.2089
vn 0.7881 -0.5793 0.2081
vn -0.4821 -0.8754 -0.0345
vn -0.5505 -0.7863 0.2805
vn 0.6740 -0.7097 -0.2050
vn 0.4374 -0.8091 -0.3924
vn -0.1836 -0.9491 -0.2561
vn 0.7173 0.3459 0.6048
vn 0.5706 0.2075 0.7946
vn -0.5587 -0.7784 0.2861
vn -0.2682 -0.0419 0.9624
vn -0.4852 0.0081 0.8744
vn 0.9530 0.3029 0.0053
vn 0.9406 0.3387 0.0237
vn 0.8878 0.4395 0.1364
vn 0.8797 0.4263 0.2105
vn 0.9724 0.2314 -0.0309
vn -0.9714 0.2376 0.0012
vn -0.9955 -0.0937 -0.0118
vn -0.9929 -0.1116 -0.0413
vn -0.9564 0.2920 0.0075
vn 0.0253 0.9994 0.0255
vn -0.5485 0.8359 0.0203
vn -0.5256 0.8483 0.0648
vn 0.0026 0.9972 0.0750
vn 0.2503 -0.9672 -0.0441
vn 0.2679 -0.9582 -0.1004
vn 0.2672 -0.9587 -0.0980
vn 0.8991 0.3565 0.2539
vn 0.8206 0.4910 0.2924
vn 0.8428 0.4593 0.2807
vn 0.9177 0.3014 0.2590
vn -0.9862 -0.0450 0.1593
vn -0.9113 0.3784 0.1624
vn -0.4500 0.8356 0.3150
vn -0.2063 0.9594 0.1924
vn -0.4854 0.8574 0.1709
vn 0.2829 -0.9472 -0.1509
vn -0.1419 0.3063 0.9413
vn -0.1460 0.3313 0.9322
vn -0.1362 0.6858 0.7149
vn -0.5944 0.4845 0.6418
vn -0.8685 0.4022 0.2898
vn -0.9829 -0.0677 0.1711
vn -0.9869 -0.0913 0.1327
vn 0.9430 0.2861 0.1701
vn 0.8333 0.5164 -0.1973
vn 0.7863 0.5613 -0.2582
vn 0.9370 0.3027 0.1743
vn -0.1185 0.1480 0.9819
vn -0.1184 0.1480 0.9819
vn 0.0476 0.7742 -0.6312
vn 0.3376 0.9371 -0.0887
vn 0.1445 0.9836 -0.1080
vn 0.1783 0.8948 -0.4093
vn -0.9464 -0.3223 -0.0225
vn -0.9557 -0.2938 -0.0186
vn 0.1047 -0.4128 -0.9048
vn 0.0964 -0.2822 -0.9545
vn 0.0967 -0.2861 -0.9533
vn 0.9285 0.2855 0.2373
vn 0.9357 0.2759 0.2197
vn 0.0753 0.9894 0.1241
vn 0.2015 0.9791 0.0268
vn -0.0803 0.9750 0.2073
vn -0.1452 0.9312 0.3344
vn -0.2407 -0.7649 0.5974
vn 0.3374 -0.6769 0.6542
vn 0.3523 -0.3593 0.8641
vn 0.4060 -0.3318 0.8515
vn 0.3402 -0.3464 0.8742
vn -0.2969 -0.4926 0.8180
vn -0.4015 -0.5025 0.7657
vn -0.3550 -0.5055 0.7864
vn 0.9021 -0.3163 0.2935
vn 0.9437 0.2783 0.1790
vn 0.8520 0.0223 0.5230
vn -0.7978 -0.5754 -0.1797
vn -0.8329 -0.5284 -0.1648
vn -0.9825 -0.1858 0.0129
vn -0.9820 -0.1885 0.0065
vn 0.9461 0.2634 0.1885
vn 0.9386 0.2626 0.2236
vn 0.7833 0.5704 0.2471
vn 0.8809 0.4667 0.0784
vn -0.4869 0.7880 0.3767
vn -0.9288 0.3472 0.1291
vn -0.7024 0.6257 0.3394
vn -0.5587 0.7829 0.2739
vn -0.5553 0.5900 -0.5861
vn -0.3339 0.4850 -0.8083
vn -0.2744 0.3574 -0.8927
vn -0.5980 0.3729 -0.7095
vn -0.0018 0.0043 1.0000
vn -0.0051 0.0029 1.0000
vn -0.0052 0.0028 1.0000
vn -0.0016 0.0043 1.0000
vn 0.0621 -0.1569 -0.9857
vn 0.0632 -0.1561 -0.9857
vn -0.0309 -0.0048 -0.9995
vn -0.0137 -0.0473 -0.9988
vn -0.9433 -0.3280 -0.0510
vn -0.9389 -0.3256 -0.1114
vn -0.9532 -0.2329 -0.1930
vn -0.9855 -0.1697 0.0017
vn -0.9444 -0.3265 0.0384
vn -0.9746 -0.0482 0.2189
vn -0.3899 0.1334 -0.9111
vn -0.0020 -0.0283 -0.9996
vn -0.0005 -0.0079 -1.0000
vn -0.4822 -0.0329 -0.8754
vn 0.0472 0.9946 0.0923
vn 0.6788 0.7325 0.0529
vn 0.6163 0.7811 -0.1003
vn -0.1044 0.3398 -0.9347
vn -0.6941 0.1906 -0.6942
vn -0.7793 -0.0352 -0.6257
vn -0.6829 -0.6542 -0.3250
vn -0.8268 -0.5625 0.0090
vn -0.0069 0.0006 1.0000
vn -0.0069 0.0005 1.0000
vn 0.9385 0.3223 0.1235
vn 0.9272 0.3734 -0.0284
vn 0.9986 -0.0397 0.0343
vn 0.9747 -0.0727 0.2115
vn 0.7816 -0.6040 0.1559
vn 0.8331 -0.5517 0.0398
vn -0.0016 0.0017 1.0000
vn 0.0021 0.0015 1.0000
vn 0.0018 0.0017 1.0000
vn -0.0015 0.0018 1.0000
vn 0.0019 -0.0118 -0.9999
vn 0.0036 -0.0100 -0.9999
vn -0.2978 -0.9425 0.1518
vn 0.2896 -0.9424 0.1671
vn 0.2832 -0.9432 0.1737
vn -0.2863 -0.9086 0.3040
vn -0.0001 -0.0036 -1.0000
vn 0.0010 -0.0022 -1.0000
vn -0.2029 -0.9723 0.1160
vn 0.0039 0.0010 1.0000
vn 0.0034 0.0023 1.0000
vn 0.0036 0.0021 1.0000
vn 0.0039 0.0009 1.0000
vn 0.0263 -0.0836 -0.9962
vn 0.0034 -0.0203 -0.9998
vn 0.0009 -0.0161 -0.9999
vn -0.0015 -0.0054 -1.0000
vn -0.0011 -0.0105 -0.9999
vn 0.2640 -0.9488 0.1735
vn 0.7899 -0.6110 -0.0529
vn 0.0016 0.0036 1.0000
vn 0.0013 0.0037 1.0000
vn 0.0015 0.0026 1.0000
vn 0.0006 0.0023 1.0000
vn 0.0001 0.0047 1.0000
vn 0.0012 0.0046 1.0000
vn -0.0890 0.1123 0.9897
vn -0.0871 0.1103 0.9901
vn -0.9583 -0.2855 -0.0118
vn 0.9450 0.2596 0.1990
vn 0.9530 0.2601 0.1557
vn -0.6937 -0.5685 0.4422
vn 0.9074 0.3831 -0.1728
vn 0.9878 -0.0596 -0.1440
vn 0.5551 0.7770 -0.2968
vn -0.8483 0.2968 0.4386
vn -0.8415 0.3202 0.4352
vn -0.8708 -0.0836 0.4845
vn -0.8715 -0.0796 0.4839
vn -0.0777 0.9624 0.2602
vn -0.2457 0.9607 0.1290
vn 0.8420 0.5248 -0.1245
vn -0.5690 0.7677 0.2946
vn -0.1445 0.9150 0.3767
vn -0.0836 0.9353 0.3439
vn -0.1061 0.8836 0.4560
vn -0.0668 0.9248 0.3746
vn -0.0727 0.3590 0.9305
vn -0.0762 0.4104 0.9087
vn 0.3557 0.3831 -0.8524
vn -0.1943 0.2735 -0.9420
vn -0.2883 0.5790 -0.7627
vn 0.3316 0.6833 -0.6505
vn -0.9603 0.0701 0.2700
vn -0.9270 -0.2592 0.2710
vn -0.9647 -0.2623 -0.0239
vn -0.9975 0.0670 -0.0232
vn 0.6221 -0.7347 0.2707
vn 0.9194 -0.2792 0.2769
vn 0.9529 -0.3025 -0.0211
vn 0.6446 -0.7644 -0.0128
vn 0.7791 0.5445 0.3107
vn 0.3244 0.8950 0.3063
vn 0.3232 0.9461 -0.0189
vn 0.8320 0.5542 -0.0247
vn 0.9546 0.1153 0.2747
vn 0.9933 0.1136 -0.0216
vn -0.2400 0.9237 0.2986
vn -0.2465 0.9690 -0.0189
vn -0.7742 0.5585 0.2979
vn -0.8158 0.5779 -0.0232
vn -0.0962 -0.9518 0.2911
vn 0.2722 -0.9230 0.2721
vn 0.2902 -0.9568 -0.0197
vn -0.0866 -0.9962 -0.0040
vn -0.0062 -0.0012 1.0000
vn -0.0047 0.0013 1.0000
vn -0.0047 0.0017 1.0000
vn -0.0063 -0.0011 1.0000
vn -0.9139 -0.2557 -0.3154
vn -0.9476 0.0687 -0.3119
vn -0.6434 -0.7033 0.3024
vn -0.6717 -0.7403 -0.0258
vn 0.5255 0.5501 0.6490
vn 0.0805 0.7765 0.6250
vn 0.0587 0.4977 0.8653
vn 0.3531 0.3806 0.8547
vn 0.9420 0.1149 -0.3152
vn 0.9104 -0.2715 -0.3122
vn 0.6149 -0.7286 -0.3017
vn 0.2762 -0.9143 -0.2964
vn -0.0929 -0.9442 -0.3159
vn -0.7649 0.5485 -0.3377
vn -0.2388 0.9122 -0.3328
vn -0.6434 -0.6863 -0.3391
vn 0.3233 0.8823 -0.3420
vn 0.7682 0.5349 -0.3518
vn -0.4878 0.1609 0.8580
vn -0.4945 -0.0583 0.8672
vn -0.0387 -0.0090 0.9992
vn -0.0406 0.0023 0.9992
vn -0.5931 -0.4316 0.6797
vn -0.2702 -0.6870 0.6745
vn -0.1356 -0.4741 0.8700
vn -0.4138 -0.2744 0.8680
vn 0.7983 -0.0674 0.5985
vn 0.7620 0.2278 0.6061
vn 0.5075 0.1358 0.8509
vn 0.5278 -0.0431 0.8482
vn -0.7481 0.2173 0.6270
vn -0.7761 -0.0911 0.6240
vn -0.2323 0.7668 0.5984
vn -0.5125 0.6039 0.6104
vn -0.3439 0.3858 0.8561
vn -0.1585 0.4935 0.8552
vn 0.1988 -0.7288 0.6552
vn 0.6099 -0.4417 0.6580
vn 0.4166 -0.3087 0.8551
vn 0.1186 -0.4933 0.8617
vn 0.0041 -0.0060 1.0000
vn 0.0560 0.0093 0.9984
vn 0.0500 0.0222 0.9985
vn -0.0250 0.0239 0.9994
vn -0.0176 0.0343 0.9993
vn 0.0080 0.0261 0.9996
vn 0.0602 -0.0066 0.9982
vn 0.0500 -0.0350 0.9981
vn 0.0167 -0.0511 0.9986
vn -0.0116 -0.0438 0.9990
vn -0.0326 -0.0251 0.9992
vn -0.9575 -0.1278 -0.2588
vn -0.2653 0.8055 0.5298
vn 0.8067 -0.0142 0.5908
vn -0.7949 -0.5974 0.1059
vn -0.9046 -0.3252 0.2756
vn -0.5495 0.3230 -0.7705
vn -0.5581 0.4479 -0.6985
vn -0.9089 0.1424 -0.3919
vn -0.6471 0.4492 -0.6161
vn -0.2665 0.5926 -0.7601
vn 0.3246 0.6922 -0.6446
vn -0.8542 -0.3620 0.3733
vn -0.9908 -0.1329 -0.0261
vn -0.1174 0.9764 0.1814
vn -0.5656 0.8112 0.1487
vn -0.4805 0.7758 0.4090
vn 0.8284 0.4907 -0.2699
vn -0.1677 0.9662 0.1958
vn -0.1636 0.9176 0.3624
vn -0.1479 0.9637 0.2223
vn 0.8060 -0.5560 -0.2031
vn 0.7881 -0.5793 -0.2081
vn 0.7851 -0.5830 -0.2089
vn -0.5505 -0.7863 -0.2805
vn -0.4821 -0.8754 0.0345
vn 0.6740 -0.7097 0.2050
vn 0.4374 -0.8091 0.3924
vn -0.1836 -0.9491 0.2561
vn 0.7173 0.3459 -0.6048
vn 0.5706 0.2075 -0.7946
vn -0.5587 -0.7784 -0.2861
vn -0.2682 -0.0419 -0.9624
vn -0.4852 0.0081 -0.8744
vt 0.075685 0.174673
vt 0.053033 0.173790
vt 0.048425 0.166861
vt 0.074334 0.165845
vt 0.041882 0.189173
vt 0.026314 0.222035
vt 0.019635 0.211528
vt 0.032232 0.186874
vt 0.101498 0.162313
vt 0.099726 0.172315
vt 0.054461 0.163865
vt 0.051429 0.146230
vt 0.067742 0.146298
vt 0.067023 0.161714
vt 0.070970 0.197894
vt 0.016933 0.232081
vt 0.007473 0.240491
vt 0.009701 0.229195
vt 0.015613 0.220760
vt 0.131008 0.162609
vt 0.141227 0.173941
vt 0.066204 0.112986
vt 0.067992 0.119753
vt 0.062567 0.115237
vt 0.061656 0.234088
vt 0.072216 0.074081
vt 0.069237 0.085661
vt 0.044615 0.087171
vt 0.043821 0.075302
vt 0.142596 0.164186
vt 0.154279 0.165677
vt 0.160307 0.175989
vt 0.150763 0.175003
vt 0.953919 0.256147
vt 0.954604 0.289638
vt 0.950861 0.289201
vt 0.949478 0.255477
vt 0.043944 0.060080
vt 0.073023 0.058460
vt 0.153547 0.287053
vt 0.151943 0.290571
vt 0.146261 0.283845
vt 0.150773 0.283127
vt 0.159322 0.191511
vt 0.152704 0.192428
vt 0.056554 0.253242
vt 0.024088 0.250744
vt 0.018806 0.252593
vt 0.010169 0.255102
vt 0.043884 0.138872
vt 0.075873 0.138729
vt 0.043135 0.109364
vt 0.049606 0.118269
vt 0.076604 0.108877
vt 0.978263 0.231963
vt 0.976964 0.252754
vt 0.973230 0.277134
vt 0.962487 0.311936
vt 0.961773 0.311716
vt 0.963500 0.274569
vt 0.966975 0.250590
vt 0.969466 0.230043
vt 0.960145 0.228196
vt 0.959680 0.257186
vt 0.953740 0.226158
vt 0.919850 0.229647
vt 0.923529 0.251416
vt 0.919535 0.263494
vt 0.911081 0.231314
vt 0.020526 0.271132
vt 0.021632 0.294256
vt 0.012175 0.294193
vt 0.010419 0.273251
vt 0.146020 0.252535
vt 0.138291 0.253007
vt 0.144882 0.239857
vt 0.150296 0.245416
vt 0.157342 0.237007
vt 0.154945 0.241940
vt 0.092472 0.259139
vt 0.096725 0.259556
vt 0.098635 0.270982
vt 0.094338 0.273172
vt 0.055195 0.271307
vt 0.055010 0.289508
vt 0.025375 0.296089
vt 0.024910 0.270518
vt 0.164259 0.209856
vt 0.172660 0.228142
vt 0.167693 0.228988
vt 0.159275 0.211431
vt 0.172141 0.208444
vt 0.179703 0.226406
vt 0.139519 0.222787
vt 0.118621 0.224941
vt 0.116226 0.213285
vt 0.128353 0.212234
vt 0.131372 0.290980
vt 0.126288 0.284112
vt 0.136801 0.274811
vt 0.136733 0.218505
vt 0.136363 0.211925
vt 0.130634 0.234618
vt 0.119170 0.233417
vt 0.107946 0.233889
vt 0.103582 0.227732
vt 0.106484 0.277912
vt 0.103925 0.281685
vt 0.116696 0.293833
vt 0.116493 0.285127
vt 0.101201 0.290393
vt 0.087947 0.278390
vt 0.134621 0.254649
vt 0.126297 0.246035
vt 0.127587 0.242465
vt 0.105261 0.214361
vt 0.095672 0.236993
vt 0.101700 0.243626
vt 0.083586 0.257304
vt 0.086600 0.229558
vt 0.088176 0.221566
vt 0.118648 0.240771
vt 0.118912 0.244208
vt 0.109740 0.244313
vt 0.108070 0.240459
vt 0.126714 0.191707
vt 0.134100 0.198368
vt 0.089931 0.202217
vt 0.101763 0.191043
vt 0.113287 0.186597
vt 0.078134 0.281509
vt 0.073966 0.253749
vt 0.104098 0.247201
vt 0.139852 0.265081
vt 0.135798 0.264033
vt 0.133341 0.271719
vt 0.042305 0.041421
vt 0.070534 0.039896
vt 0.165937 0.190640
vt 0.115639 0.306310
vt 0.095351 0.299980
vt 0.138813 0.299957
vt 0.145365 0.274613
vt 0.066217 0.106307
vt 0.073362 0.097023
vt 0.051624 0.106301
vt 0.043787 0.098229
vt 0.050832 0.095195
vt 0.052106 0.101350
vt 0.042530 0.020051
vt 0.067022 0.021223
vt 0.937570 0.225532
vt 0.940991 0.255498
vt 0.933226 0.256977
vt 0.929168 0.226805
vt 0.107608 0.275976
vt 0.116447 0.278464
vt 0.116387 0.280735
vt 0.132805 0.255491
vt 0.125387 0.247865
vt 0.110344 0.246234
vt 0.105287 0.248751
vt 0.118774 0.246045
vt 0.098785 0.259869
vt 0.100502 0.269922
vt 0.131745 0.270658
vt 0.133620 0.263743
vt 0.124815 0.279530
vt 0.108656 0.273959
vt 0.116672 0.276030
vt 0.123958 0.277418
vt 0.403328 0.822850
vt 0.417047 0.803471
vt 0.449386 0.809549
vt 0.450258 0.831895
vt 0.124146 0.249839
vt 0.118361 0.248258
vt 0.131097 0.263548
vt 0.130677 0.256445
vt 0.129384 0.269401
vt 0.100857 0.260228
vt 0.102737 0.268541
vt 0.122870 0.274900
vt 0.106850 0.250344
vt 0.110878 0.248626
vt 0.515122 0.750573
vt 0.486655 0.747910
vt 0.484724 0.731000
vt 0.512309 0.721348
vt 0.513602 0.674029
vt 0.498511 0.693201
vt 0.475158 0.683138
vt 0.486551 0.660557
vt 0.368689 0.749783
vt 0.391658 0.748728
vt 0.400028 0.781675
vt 0.381319 0.794577
vt 0.539164 0.750692
vt 0.533755 0.714071
vt 0.482887 0.824101
vt 0.474956 0.802981
vt 0.499178 0.784355
vt 0.516463 0.800187
vt 0.415316 0.667374
vt 0.427067 0.689472
vt 0.395125 0.715024
vt 0.374918 0.703794
vt 0.448561 0.745170
vt 0.428826 0.779558
vt 0.418588 0.766401
vt 0.463877 0.779292
vt 0.478587 0.768667
vt 0.448439 0.782756
vt 0.412922 0.746727
vt 0.415983 0.726164
vt 0.434786 0.711568
vt 0.462740 0.709281
vt 0.476078 0.715423
vt 0.054977 0.291037
vt 0.025046 0.297800
vt 0.067119 0.019286
vt 0.042062 0.018395
vt 0.020939 0.295701
vt 0.173109 0.229526
vt 0.181214 0.227743
vt 0.011136 0.295579
vt 0.167755 0.230580
vt 0.164297 0.238244
vt 0.169678 0.240765
vt 0.165997 0.242373
vt 0.958353 0.290499
vt 0.955430 0.348112
vt 0.987057 0.232002
vt 0.982194 0.261897
vt 0.941111 0.290577
vt 0.943930 0.310940
vt 0.929983 0.276331
vt 0.946068 0.289389
vt 0.972714 0.294097
vt 0.988453 0.262043
vt 0.977068 0.294641
vt 0.932267 0.295659
vt 0.063086 0.098668
vt 0.066754 0.094839
vt 0.066042 0.101477
vt 0.996462 0.238720
vt 0.948812 0.225987
vt 0.055812 0.098959
vt 0.051456 0.111207
vt 0.054833 0.114761
vt 0.946690 0.223841
vt 0.954418 0.223890
vt 0.985677 0.229578
vt 0.995431 0.236004
vt 0.961538 0.226876
vt 0.968353 0.228040
vt 0.979020 0.230149
vt 0.938724 0.223704
vt 0.910137 0.228613
vt 0.920842 0.226977
vt 0.927831 0.225048
s 1
usemtl Material.002
f 356/471/420 357/472/420 376/473/420 377/474/420
f 361/475/421 365/476/422 380/477/423 378/478/424
f 357/472/425 361/475/421 378/478/424 376/473/425
f 377/474/426 379/479/427 360/480/428 356/471/429
f 359/481/430 363/482/431 362/483/432 358/484/433
f 356/471/434 360/485/435 361/475/436 357/472/434
f 416/486/437 369/487/438 382/488/439 415/489/440
f 379/479/427 381/490/441 364/491/442 360/480/428
f 548/492/443 366/493/444 549/494/445
f 360/485/435 364/495/446 365/476/446 361/475/436
f 368/496/447 383/497/448 382/498/449 369/499/450
f 418/500/451 383/501/448 368/502/452 417/503/453
f 523/504/454 507/505/455 514/506/456 522/507/457
f 369/499/450 375/508/458 374/509/459 368/496/447
f 498/510/460 385/511/461 421/512/462 504/513/463
f 417/503/453 420/514/464 372/515/465 364/491/442
f 364/495/466 372/516/467 373/517/468 365/476/466
f 416/486/437 419/518/469 375/519/470 369/487/438
f 358/484/420 377/474/420 376/473/420 359/481/420
f 359/481/430 376/473/471 378/520/472 363/482/431
f 362/483/432 379/521/427 377/474/426 358/484/433
f 363/482/431 378/520/472 380/522/473 367/523/474
f 366/493/444 381/524/441 379/521/427 362/483/432
f 541/525/475 528/526/476 512/527/477 519/528/478 517/529/479 510/530/480 526/531/481 537/532/482
f 535/533/483 525/534/484 523/504/454 531/535/485
f 547/536/486 527/537/487 530/538/488 533/539/489
f 432/540/490 503/541/491 502/542/492 413/543/493
f 500/544/494 386/545/495 422/546/496 506/547/497
f 506/547/498 422/546/499 384/548/500 495/549/501
f 410/550/502 445/551/503 443/552/504 403/553/505
f 411/554/506 496/555/507 497/556/508 414/557/509
f 433/558/510 505/559/511 496/560/512 411/561/513
f 412/562/514 499/563/515 505/559/511 433/558/510
f 388/564/516 392/565/517 406/566/518 408/567/519
f 421/512/462 423/568/520 391/569/521 387/570/522
f 384/571/500 388/564/516 408/567/519 405/572/523
f 422/546/499 424/573/524 388/564/516 384/548/500
f 426/574/525 428/575/526 396/576/527 392/565/517
f 424/573/524 426/574/525 392/565/517 388/564/516
f 403/553/505 443/552/504 441/577/528 399/578/529
f 423/568/520 425/579/530 395/580/531 391/569/521
f 427/581/532 429/582/533 403/553/534 399/578/535
f 386/545/536 434/583/537 436/584/538 390/585/539
f 425/579/530 427/581/532 399/578/535 395/580/531
f 392/565/517 396/576/540 404/586/541 406/566/518
f 430/587/542 402/588/543 410/550/544 431/589/545
f 396/576/540 400/590/546 407/591/547 404/586/541
f 428/575/526 430/587/542 400/590/548 396/576/527
f 394/592/549 438/593/550 440/594/551 398/595/552
f 372/516/467 411/554/506 414/557/509 373/517/468
f 408/567/519 389/596/553 385/597/554 405/572/523
f 407/591/547 401/598/555 397/599/556 404/586/541
f 406/566/518 393/600/557 389/596/553 408/567/519
f 404/586/541 397/599/556 393/600/557 406/566/518
f 390/585/539 436/584/538 438/593/550 394/592/549
f 431/589/545 429/582/533 401/601/558 407/602/559
f 398/595/552 440/594/551 442/603/560 402/588/561
f 409/604/562 444/605/563 434/583/537 386/545/536
f 387/570/564 435/606/565 444/605/563 409/604/562
f 419/518/469 432/540/490 413/543/493 375/519/470
f 375/508/458 413/607/566 412/608/567 374/509/459
f 420/514/464 433/558/510 411/561/513 372/515/465
f 374/609/568 412/562/514 433/558/510 420/514/464
f 373/517/569 414/557/570 432/540/490 419/518/469
f 410/550/544 403/553/534 429/582/533 431/589/545
f 398/595/571 402/588/543 430/587/542 428/575/526
f 400/590/548 430/587/542 431/589/545 407/602/559
f 393/610/572 397/611/573 427/581/532 425/579/530
f 397/611/573 401/601/558 429/582/533 427/581/532
f 389/612/574 393/610/572 425/579/530 423/568/520
f 390/585/575 394/592/576 426/574/577 424/573/578
f 394/592/576 398/595/571 428/575/526 426/574/577
f 386/545/495 390/585/575 424/573/578 422/546/496
f 385/511/461 389/612/574 423/568/520 421/512/462
f 504/513/463 421/512/462 387/570/522 501/613/579
f 501/613/579 387/570/522 409/604/580 386/545/495 500/544/494
f 414/557/570 497/556/581 503/541/491 432/540/490
f 534/614/582 418/615/451 381/524/441 366/493/444 548/492/443
f 532/616/583 415/617/584 382/498/449 371/618/585 536/619/586
f 365/476/422 373/517/569 419/518/469 416/486/437
f 368/502/452 374/609/568 420/514/464 417/503/453
f 413/607/566 502/620/587 499/621/588 412/608/567
f 544/622/589 524/623/590 521/624/591 550/625/592
f 381/490/441 418/500/451 417/503/453 364/491/442
f 365/476/422 416/486/437 415/489/440 380/477/423
f 441/577/593 453/626/594 451/627/595 439/628/596
f 434/583/597 446/629/598 448/630/599 436/584/600
f 440/594/601 452/631/602 454/632/603 442/603/604
f 436/584/600 448/630/599 450/633/605 438/593/606
f 442/603/604 454/632/603 457/634/607 445/551/608
f 438/593/606 450/633/605 452/631/602 440/594/601
f 443/552/609 455/635/610 453/626/594 441/577/593
f 435/606/611 447/636/612 456/637/613 444/605/614
f 395/580/615 439/628/616 437/638/617 391/569/618
f 391/569/618 437/638/617 435/606/565 387/570/564
f 399/578/529 441/577/528 439/628/616 395/580/615
f 402/588/561 442/603/560 445/551/503 410/550/502
f 453/626/594 465/639/619 463/640/620 451/627/595
f 439/628/596 451/627/595 449/641/621 437/638/622
f 444/605/614 456/637/613 446/629/598 434/583/597
f 437/638/622 449/641/621 447/636/612 435/606/611
f 445/551/608 457/634/607 455/635/610 443/552/609
f 461/642/623 473/643/624 471/644/625 459/645/626
f 448/630/599 460/646/627 462/647/628 450/633/605
f 456/637/613 468/648/629 458/649/630 446/629/598
f 447/636/612 459/650/631 468/648/629 456/637/613
f 457/634/607 469/651/632 467/652/633 455/635/610
f 451/627/595 463/640/620 461/653/634 449/641/621
f 454/632/603 466/654/635 469/651/632 457/634/607
f 446/629/598 458/649/630 460/646/627 448/630/599
f 455/635/610 467/652/633 465/639/619 453/626/594
f 450/633/605 462/647/628 464/655/636 452/631/602
f 449/641/621 461/653/634 459/650/631 447/636/612
f 452/631/602 464/655/636 466/654/635 454/632/603
f 472/656/637 486/657/638 483/658/639 474/659/640
f 464/660/641 476/661/642 478/662/643 466/663/644
f 465/664/645 477/665/646 475/666/647 463/667/648
f 460/668/649 472/656/637 474/659/640 462/669/650
f 468/670/651 480/671/652 470/672/653 458/673/654
f 459/645/626 471/644/625 480/671/652 468/670/651
f 469/674/655 481/675/656 479/676/657 467/677/658
f 463/667/648 475/666/647 473/643/624 461/642/623
f 466/663/644 478/662/643 481/675/656 469/674/655
f 458/673/654 470/672/653 472/656/637 460/668/649
f 467/677/658 479/676/657 477/665/646 465/664/645
f 462/669/650 474/659/640 476/661/642 464/660/641
f 482/678/659 484/679/660 488/680/661
f 480/671/652 490/681/662 492/682/663 470/672/653
f 482/678/659 486/657/638 492/682/663
f 471/644/625 494/683/664 490/681/662 480/671/652
f 473/643/624 484/679/660 494/683/664 471/644/625
f 482/678/659 488/680/661 485/684/665
f 482/678/659 485/684/665 487/685/666
f 482/678/659 487/685/666 489/686/667
f 482/678/659 489/686/667 491/687/668
f 482/678/659 491/687/668 493/688/669
f 482/678/659 493/688/669 483/658/639
f 490/681/662 482/678/659 492/682/663
f 494/683/664 482/678/659 490/681/662
f 488/680/661 475/666/647 477/665/646 485/684/665
f 487/685/666 479/676/657 481/675/656 489/686/667
f 491/687/668 478/662/643 476/661/642 493/688/669
f 486/657/638 482/678/659 483/658/639
f 484/679/660 473/643/624 475/666/647 488/680/661
f 486/657/638 472/656/637 470/672/653 492/682/663
f 484/679/660 482/678/659 494/683/664
f 485/684/665 477/665/646 479/676/657 487/685/666
f 489/686/667 481/675/656 478/662/643 491/687/668
f 493/688/669 476/661/642 474/659/640 483/658/639
f 496/555/507 495/689/501 498/690/460 497/556/508
f 500/691/494 499/621/588 502/620/587 501/692/579
f 504/693/463 503/541/491 497/556/581 498/690/460
f 506/694/497 505/559/511 499/563/515 500/695/494
f 501/696/579 502/542/492 503/541/491 504/693/463
f 495/697/670 496/560/512 505/559/511 506/694/497
f 495/549/501 384/548/500 405/698/523 385/699/461 498/700/460
f 507/505/455 509/701/671 518/702/672
f 537/532/482 526/531/481 525/534/484 535/533/483
f 540/703/673 529/704/674 528/526/476 541/525/475
f 550/625/592 521/624/591 516/705/675 520/706/676 515/707/677 527/537/678 547/536/679
f 514/506/456 518/702/672 513/708/680
f 522/507/457 514/506/456 513/708/680 524/623/590
f 529/704/674 511/709/681 512/527/477 528/526/476
f 526/531/481 510/530/480 509/701/671 525/534/484
f 530/710/488 508/711/682 511/709/681 529/704/674
f 527/537/487 515/707/677 508/712/682 530/538/488
f 524/623/590 513/708/680 516/705/675 521/624/591
f 525/534/484 509/701/671 507/505/455 523/504/454
f 542/713/683 370/714/684 539/715/685
f 517/529/479 519/528/478 518/702/672
f 518/702/672 520/706/676 516/705/675
f 519/528/478 512/527/477 511/709/681 518/702/672
f 511/709/681 508/711/682 518/702/672
f 520/706/676 518/702/672 508/712/682 515/707/677
f 518/702/672 516/705/675 513/708/680
f 518/702/672 514/506/456 507/505/455
f 533/716/489 530/710/488 529/704/674 540/703/673
f 509/701/671 510/530/480 517/529/479 518/702/672
f 546/717/686 522/507/457 524/623/590 544/622/589
f 371/618/585 370/714/684 542/713/683 538/718/687
f 363/482/431 367/523/474 366/493/444 362/483/432
f 367/523/474 380/522/473 415/617/584 532/616/583 545/719/688
f 536/619/586 371/618/585 538/718/687
f 370/714/684 418/615/451 534/614/582 539/715/685
f 367/523/474 545/719/688 543/720/689
f 546/717/690 545/721/690 532/722/691 531/535/692
f 540/703/673 539/723/693 534/724/694 533/716/489
f 531/535/692 532/722/691 536/725/695 535/533/483
f 538/726/696 537/532/482 535/533/483 536/725/695
f 537/532/482 538/726/696 542/727/697 541/525/475
f 541/525/475 542/727/697 539/723/693 540/703/673
f 545/721/698 546/717/686 544/622/589 543/728/699
f 533/539/489 534/729/694 548/730/700 547/536/486
f 543/728/699 544/622/589 550/625/592 549/731/701
f 549/731/701 550/625/592 547/536/679 548/730/702
f 531/535/485 523/504/454 522/507/457 546/717/686
f 367/523/474 543/720/689 549/494/445 366/493/444
f 418/615/451 370/714/684 383/497/448
f 370/714/684 371/618/585 382/498/449 383/497/448
f 552/475/703 567/478/704 569/477/705 556/476/706
f 357/472/707 376/473/707 567/478/704 552/475/703
f 377/474/708 356/471/709 551/480/710 568/479/711
f 359/481/712 358/484/713 553/483/714 554/482/715
f 356/471/716 357/472/716 552/475/717 551/485/718
f 605/486/719 604/489/720 571/488/721 560/487/722
f 568/479/711 551/480/710 555/491/723 570/490/724
f 737/492/725 738/494/726 557/493/727
f 551/485/718 552/475/717 556/476/728 555/495/728
f 559/496/729 560/499/730 571/498/731 572/497/732
f 607/500/733 606/503/734 559/502/735 572/501/732
f 712/504/736 711/507/737 703/506/738 696/505/739
f 560/499/730 559/496/729 565/509/740 566/508/741
f 687/510/742 693/513/743 610/512/744 574/511/745
f 606/503/734 555/491/723 563/515/746 609/514/747
f 555/495/748 556/476/748 564/517/749 563/516/750
f 605/486/719 560/487/722 566/519/751 608/518/752
f 359/481/712 554/482/715 567/520/753 376/473/754
f 553/483/714 358/484/713 377/474/708 568/521/711
f 554/482/715 558/523/755 569/522/756 567/520/753
f 557/493/727 553/483/714 568/521/711 570/524/724
f 730/525/757 726/532/758 715/531/759 699/530/760 706/529/761 708/528/762 701/527/763 717/526/764
f 724/533/765 720/535/766 712/504/736 714/534/767
f 736/536/768 722/539/769 719/538/770 716/537/771
f 621/540/772 602/543/773 691/542/774 692/541/775
f 689/544/776 695/547/777 611/546/778 575/545/779
f 695/547/780 684/549/781 573/548/782 611/546/783
f 599/550/784 592/553/785 632/552/786 634/551/787
f 600/554/788 603/557/789 686/556/790 685/555/791
f 622/558/792 600/561/793 685/560/794 694/559/795
f 601/562/796 622/558/792 694/559/795 688/563/797
f 577/564/798 597/567/799 595/566/800 581/565/801
f 610/512/744 576/570/802 580/569/803 612/568/804
f 573/571/782 594/572/805 597/567/799 577/564/798
f 611/546/783 573/548/782 577/564/798 613/573/806
f 615/574/807 581/565/801 585/576/808 617/575/809
f 613/573/806 577/564/798 581/565/801 615/574/807
f 592/553/785 588/578/810 630/577/811 632/552/786
f 612/568/804 580/569/803 584/580/812 614/579/813
f 616/581/814 588/578/815 592/553/816 618/582/817
f 575/545/818 579/585/819 625/584/820 623/583/821
f 614/579/813 584/580/812 588/578/815 616/581/814
f 581/565/801 595/566/800 593/586/822 585/576/823
f 619/587/824 620/589/825 599/550/826 591/588/827
f 585/576/823 593/586/822 596/591/828 589/590/829
f 617/575/809 585/576/808 589/590/830 619/587/824
f 583/592/831 587/595/832 629/594/833 627/593/834
f 563/516/750 564/517/749 603/557/789 600/554/788
f 597/567/799 594/572/805 574/597/835 578/596/836
f 596/591/828 593/586/822 586/599/837 590/598/838
f 595/566/800 597/567/799 578/596/836 582/600/839
f 593/586/822 595/566/800 582/600/839 586/599/837
f 579/585/819 583/592/831 627/593/834 625/584/820
f 620/589/825 596/602/840 590/601/841 618/582/817
f 587/595/832 591/588/842 631/603/843 629/594/833
f 598/604/844 575/545/818 623/583/821 633/605/845
f 576/570/846 598/604/844 633/605/845 624/606/847
f 608/518/752 566/519/751 602/543/773 621/540/772
f 566/508/741 565/509/740 601/608/848 602/607/849
f 609/514/747 563/515/746 600/561/793 622/558/792
f 565/609/850 609/514/747 622/558/792 601/562/796
f 564/517/851 608/518/752 621/540/772 603/557/852
f 599/550/826 620/589/825 618/582/817 592/553/816
f 587/595/853 617/575/809 619/587/824 591/588/827
f 589/590/830 596/602/840 620/589/825 619/587/824
f 582/610/854 614/579/813 616/581/814 586/611/855
f 586/611/855 616/581/814 618/582/817 590/601/841
f 578/612/856 612/568/804 614/579/813 582/610/854
f 579/585/857 613/573/858 615/574/859 583/592/860
f 583/592/860 615/574/859 617/575/809 587/595/853
f 575/545/779 611/546/778 613/573/858 579/585/857
f 574/511/745 610/512/744 612/568/804 578/612/856
f 693/513/743 690/613/861 576/570/802 610/512/744
f 690/613/861 689/544/776 575/545/779 598/604/862 576/570/802
f 603/557/852 621/540/772 692/541/775 686/556/863
f 723/614/864 737/492/725 557/493/727 570/524/724 607/615/733
f 721/616/865 725/619/866 562/618/867 571/498/731 604/617/868
f 556/476/706 605/486/719 608/518/752 564/517/851
f 559/502/735 606/503/734 609/514/747 565/609/850
f 602/607/849 601/608/848 688/621/869 691/620/870
f 733/622/871 739/625/872 710/624/873 713/623/874
f 570/490/724 555/491/723 606/503/734 607/500/733
f 556/476/706 569/477/705 604/489/720 605/486/719
f 630/577/875 628/628/876 640/627/877 642/626/878
f 623/583/879 625/584/880 637/630/881 635/629/882
f 629/594/883 631/603/884 643/632/885 641/631/886
f 625/584/880 627/593/887 639/633/888 637/630/881
f 631/603/884 634/551/889 646/634/890 643/632/885
f 627/593/887 629/594/883 641/631/886 639/633/888
f 632/552/891 630/577/875 642/626/878 644/635/892
f 624/606/893 633/605/894 645/637/895 636/636/896
f 584/580/897 580/569/898 626/638/899 628/628/900
f 580/569/898 576/570/846 624/606/847 626/638/899
f 588/578/810 584/580/897 628/628/900 630/577/811
f 591/588/842 599/550/784 634/551/787 631/603/843
f 642/626/878 640/627/877 652/640/901 654/639/902
f 628/628/876 626/638/903 638/641/904 640/627/877
f 633/605/894 623/583/879 635/629/882 645/637/895
f 626/638/903 624/606/893 636/636/896 638/641/904
f 634/551/889 632/552/891 644/635/892 646/634/890
f 650/642/905 648/645/906 660/644/907 662/643/908
f 637/630/881 639/633/888 651/647/909 649/646/910
f 645/637/895 635/629/882 647/649/911 657/648/912
f 636/636/896 645/637/895 657/648/912 648/650/913
f 646/634/890 644/635/892 656/652/914 658/651/915
f 640/627/877 638/641/904 650/653/916 652/640/901
f 643/632/885 646/634/890 658/651/915 655/654/917
f 635/629/882 637/630/881 649/646/910 647/649/911
f 644/635/892 642/626/878 654/639/902 656/652/914
f 639/633/888 641/631/886 653/655/918 651/647/909
f 638/641/904 636/636/896 648/650/913 650/653/916
f 641/631/886 643/632/885 655/654/917 653/655/918
f 661/656/919 663/659/920 672/658/921 675/657/922
f 653/660/923 655/663/924 667/662/925 665/661/926
f 654/664/927 652/667/928 664/666/929 666/665/930
f 649/668/931 651/669/932 663/659/920 661/656/919
f 657/670/933 647/673/934 659/672/935 669/671/936
f 648/645/906 657/670/933 669/671/936 660/644/907
f 658/674/937 656/677/938 668/676/939 670/675/940
f 652/667/928 650/642/905 662/643/908 664/666/929
f 655/663/924 658/674/937 670/675/940 667/662/925
f 647/673/934 649/668/931 661/656/919 659/672/935
f 656/677/938 654/664/927 666/665/930 668/676/939
f 651/669/932 653/660/923 665/661/926 663/659/920
f 671/678/941 677/680/942 673/679/943
f 669/671/936 659/672/935 681/682/944 679/681/945
f 671/678/941 681/682/944 675/657/922
f 660/644/907 669/671/936 679/681/945 683/683/946
f 662/643/908 660/644/907 683/683/946 673/679/943
f 671/678/941 674/684/947 677/680/942
f 671/678/941 676/685/948 674/684/947
f 671/678/941 678/686/949 676/685/948
f 671/678/941 680/687/950 678/686/949
f 671/678/941 682/688/951 680/687/950
f 671/678/941 672/658/921 682/688/951
f 679/681/945 681/682/944 671/678/941
f 683/683/946 679/681/945 671/678/941
f 677/680/942 674/684/947 666/665/930 664/666/929
f 676/685/948 678/686/949 670/675/940 668/676/939
f 680/687/950 682/688/951 665/661/926 667/662/925
f 675/657/922 672/658/921 671/678/941
f 673/679/943 677/680/942 664/666/929 662/643/908
f 675/657/922 681/682/944 659/672/935 661/656/919
f 673/679/943 683/683/946 671/678/941
f 674/684/947 676/685/948 668/676/939 666/665/930
f 678/686/949 680/687/950 667/662/925 670/675/940
f 682/688/951 672/658/921 663/659/920 665/661/926
f 685/555/791 686/556/790 687/690/742 684/689/781
f 689/691/776 690/692/861 691/620/870 688/621/869
f 693/693/743 687/690/742 686/556/863 692/541/775
f 695/694/777 689/695/776 688/563/797 694/559/795
f 690/696/861 693/693/743 692/541/775 691/542/774
f 684/697/952 695/694/777 694/559/795 685/560/794
f 684/549/781 687/700/742 574/699/745 594/698/805 573/548/782
f 696/505/739 707/702/953 698/701/954
f 726/532/758 724/533/765 714/534/767 715/531/759
f 729/703/955 730/525/757 717/526/764 718/704/956
f 739/625/872 736/536/957 716/537/958 704/707/959 709/706/960 705/705/961 710/624/873
f 703/506/738 702/708/962 707/702/953
f 711/507/737 713/623/874 702/708/962 703/506/738
f 718/704/956 717/526/764 701/527/763 700/709/963
f 715/531/759 714/534/767 698/701/954 699/530/760
f 719/710/770 718/704/956 700/709/963 697/711/964
f 716/537/771 719/538/770 697/712/964 704/707/959
f 713/623/874 710/624/873 705/705/961 702/708/962
f 714/534/767 712/504/736 696/505/739 698/701/954
f 731/713/965 728/715/966 561/714/967
f 706/529/761 707/702/953 708/528/762
f 707/702/953 705/705/961 709/706/960
f 708/528/762 707/702/953 700/709/963 701/527/763
f 700/709/963 707/702/953 697/711/964
f 709/706/960 704/707/959 697/712/964 707/702/953
f 707/702/953 702/708/962 705/705/961
f 707/702/953 696/505/739 703/506/738
f 722/716/769 729/703/955 718/704/956 719/710/770
f 698/701/954 707/702/953 706/529/761 699/530/760
f 735/717/968 733/622/871 713/623/874 711/507/737
f 562/618/867 727/718/969 731/713/965 561/714/967
f 554/482/715 553/483/714 557/493/727 558/523/755
f 558/523/755 734/719/970 721/616/865 604/617/868 569/522/756
f 725/619/866 727/718/969 562/618/867
f 561/714/967 728/715/966 723/614/864 607/615/733
f 558/523/755 732/720/971 734/719/970
f 735/717/972 720/535/973 721/722/974 734/721/972
f 729/703/955 722/716/769 723/724/975 728/723/976
f 720/535/973 724/533/765 725/725/977 721/722/974
f 727/726/978 725/725/977 724/533/765 726/532/758
f 726/532/758 730/525/757 731/727/979 727/726/978
f 730/525/757 729/703/955 728/723/976 731/727/979
f 734/721/980 732/728/981 733/622/871 735/717/968
f 722/539/769 736/536/768 737/730/982 723/729/975
f 732/728/981 738/731/983 739/625/872 733/622/871
f 738/731/983 737/730/984 736/536/957 739/625/872
f 720/535/766 735/717/968 711/507/737 712/504/736
f 558/523/755 557/493/727 738/494/726 732/720/971
f 607/615/733 572/497/732 561/714/967
f 561/714/967 572/497/732 571/498/731 562/618/867
o abdomen
v -0.250541 -0.830246 0.000000
v 0.301816 -0.915685 0.000000
v -0.195849 -0.343380 0.000000
v 0.185585 -0.391905 0.000000
v -0.204890 -0.764341 -0.271870
v 0.225489 -0.812308 -0.266345
v -0.162768 -0.397369 -0.208721
v 0.168346 -0.427728 -0.200456
v -0.004334 -0.794432 -0.340630
v -0.003776 -0.445383 -0.265152
v -0.199339 -0.578005 0.000000
v 0.188313 -0.630531 0.000000
v -0.152446 -0.576224 -0.213575
v 0.164194 -0.603689 -0.203880
v -0.005513 -0.625860 -0.257994
v -0.111396 -0.209522 0.000000
v 0.131227 -0.239501 0.000000
v -0.094800 -0.250426 -0.186710
v 0.122459 -0.271525 -0.181308
v 0.011311 -0.275815 -0.232211
v -0.034120 -0.159568 0.000000
v 0.071875 -0.171880 0.000000
v -0.039541 -0.187440 -0.102405
v 0.074195 -0.202745 -0.098879
v 0.020353 -0.151850 0.000000
v 0.020332 -0.183592 -0.113025
v -0.204890 -0.764341 0.271871
v 0.225489 -0.812308 0.266345
v -0.162768 -0.397369 0.208721
v 0.168346 -0.427728 0.200456
v -0.004334 -0.794432 0.340630
v -0.003776 -0.445383 0.265152
v -0.152446 -0.576224 0.213575
v 0.164194 -0.603689 0.203880
v -0.005513 -0.625860 0.257994
v -0.094800 -0.250426 0.186710
v 0.122459 -0.271525 0.181308
v 0.011311 -0.275815 0.232211
v -0.039541 -0.187440 0.102406
v 0.074195 -0.202745 0.098879
v 0.020332 -0.183592 0.113026
vn -0.9688 0.2479 -0.0000
vn 0.9384 0.3455 -0.0000
vn -0.9605 0.2782 -0.0000
vn 0.9846 0.1747 -0.0000
vn -0.6892 0.3733 -0.6210
vn 0.7497 0.4185 -0.5126
vn -0.7493 0.1849 -0.6359
vn 0.7906 0.1276 -0.5989
vn 0.0571 0.3965 -0.9162
vn 0.0110 0.0871 -0.9961
vn -0.9927 0.1208 -0.0000
vn 0.9817 0.1906 -0.0000
vn -0.7356 0.1680 -0.6562
vn 0.7642 0.2107 -0.6096
vn 0.0279 0.2318 -0.9724
vn -0.7278 0.6858 -0.0000
vn 0.8517 0.5239 -0.0000
vn -0.5148 0.6124 -0.6000
vn 0.6601 0.5049 -0.5562
vn 0.0651 0.4886 -0.8701
vn -0.3360 0.9419 -0.0000
vn 0.5493 0.8357 -0.0000
vn -0.3040 0.8830 -0.3577
vn 0.5100 0.7944 -0.3299
vn 0.1265 0.9920 -0.0000
vn 0.1152 0.8884 -0.4444
vn -0.6892 0.3733 0.6210
vn 0.7497 0.4185 0.5126
vn -0.7493 0.1849 0.6359
vn 0.7906 0.1276 0.5989
vn 0.0571 0.3965 0.9162
vn 0.0110 0.0871 0.9961
vn -0.7356 0.1680 0.6562
vn 0.7642 0.2107 0.6096
vn 0.0279 0.2318 0.9724
vn -0.5148 0.6124 0.6000
vn 0.6601 0.5049 0.5562
vn 0.0651 0.4886 0.8701
vn -0.3040 0.8830 0.3577
vn 0.5100 0.7944 0.3299
vn 0.1152 0.8884 0.4444
vt 0.929789 0.336350
vt 0.924549 0.350484
vt 0.910671 0.346419
vt 0.914218 0.331910
vt 0.895561 0.327861
vt 0.895249 0.347827
vt 0.724565 0.304820
vt 0.724971 0.308352
vt 0.721763 0.309304
vt 0.720444 0.304842
vt 0.907818 0.357800
vt 0.895060 0.359902
vt 0.727505 0.307552
vt 0.727872 0.309960
vt 0.725263 0.310968
vt 0.722739 0.312575
vt 0.727907 0.304802
vt 0.895990 0.300396
vt 0.919906 0.312006
vt 0.938686 0.322324
vt 0.902729 0.364621
vt 0.894958 0.366426
vt 0.916205 0.362884
vt 0.729891 0.304791
vt 0.729532 0.307145
vt 0.730259 0.308679
vt 0.731937 0.304780
vt 0.731574 0.306645
vt 0.730747 0.306213
vt 0.731073 0.304785
vt 0.904777 0.368974
vt 0.894886 0.371052
vt 0.861084 0.335277
vt 0.876787 0.331325
vt 0.879879 0.345938
vt 0.865880 0.349568
vt 0.721715 0.300366
vt 0.724933 0.301284
vt 0.882374 0.357403
vt 0.725197 0.298665
vt 0.727816 0.299645
vt 0.727476 0.302057
vt 0.722656 0.297085
vt 0.871723 0.311253
vt 0.852630 0.320979
vt 0.887248 0.364379
vt 0.873833 0.362222
vt 0.729507 0.302442
vt 0.730218 0.300900
vt 0.730732 0.303361
vt 0.731554 0.302920
vt 0.885065 0.368666
s 1
usemtl Material.011
f 754/732/999 749/733/994 747/734/992 753/735/998
f 751/736/996 753/735/998 747/734/992 743/737/988
f 750/738/995 752/739/997 744/740/989 740/741/985
f 743/737/988 747/734/992 758/742/1003 756/743/1001
f 752/739/997 746/744/991 749/745/994 754/746/999
f 744/740/989 752/739/997 754/746/999 748/747/993
f 742/748/987 746/744/991 752/739/997 750/738/995
f 741/749/986 745/750/990 753/735/998 751/736/996
f 748/751/993 754/732/999 753/735/998 745/750/990
f 756/743/1001 758/742/1003 763/752/1008 761/753/1006
f 747/734/992 749/733/994 759/754/1004 758/742/1003
f 746/744/991 742/748/987 755/755/1000 757/756/1002
f 749/745/994 746/744/991 757/756/1002 759/757/1004
f 764/758/1009 765/759/1010 762/760/1007 760/761/1005
f 761/753/1006 763/752/1008 765/762/1010 764/763/1009
f 758/742/1003 759/754/1004 765/762/1010 763/752/1008
f 757/756/1002 755/755/1000 760/761/1005 762/760/1007
f 759/757/1004 757/756/1002 762/760/1007 765/759/1010
f 774/764/1019 773/765/1018 769/766/1014 771/767/1016
f 751/736/996 743/737/988 769/766/1014 773/765/1018
f 750/738/995 740/741/985 766/768/1011 772/769/1017
f 743/737/988 756/743/1001 776/770/1021 769/766/1014
f 772/769/1017 774/771/1019 771/772/1016 768/773/1013
f 766/768/1011 770/774/1015 774/771/1019 772/769/1017
f 742/748/987 750/738/995 772/769/1017 768/773/1013
f 741/749/986 751/736/996 773/765/1018 767/775/1012
f 770/776/1015 767/775/1012 773/765/1018 774/764/1019
f 756/743/1001 761/753/1006 779/777/1024 776/770/1021
f 769/766/1014 776/770/1021 777/778/1022 771/767/1016
f 768/773/1013 775/779/1020 755/755/1000 742/748/987
f 771/772/1016 777/780/1022 775/779/1020 768/773/1013
f 764/758/1009 760/761/1005 778/781/1023 780/782/1025
f 761/753/1006 764/763/1009 780/783/1025 779/777/1024
f 776/770/1021 779/777/1024 780/783/1025 777/778/1022
f 775/779/1020 778/781/1023 760/761/1005 755/755/1000
f 777/780/1022 780/782/1025 778/781/1023 775/779/1020
o waist
v -0.324416 -1.219028 0.000000
v 0.337562 -1.132000 0.000000
v -0.268354 -0.603233 0.000000
v -0.261447 -0.977773 -0.438405
v 0.212118 -0.912604 -0.391054
v -0.161414 -0.608253 -0.328801
v 0.246570 -0.662538 -0.345454
v 0.309657 -1.042703 -0.139701
v -0.347094 -1.118116 -0.247071
v 0.339969 -0.694864 -0.217511
v -0.244809 -0.601411 -0.242054
v -0.290914 -0.901574 0.000000
v 0.349711 -0.889756 0.000000
v -0.238953 -0.747308 -0.386434
v 0.228110 -0.805338 -0.353936
v -0.353647 -0.823565 -0.245019
v 0.323728 -0.864804 -0.173745
v 0.019224 -1.223576 0.000000
v 0.000610 -0.920965 -0.449477
v 0.027224 -0.631923 -0.378875
v 0.064036 -1.036547 -0.195049
v -0.001331 -0.768754 -0.393118
v -0.348709 -1.050001 0.000000
v -0.270825 -0.856039 -0.429614
v 0.316692 -0.964770 -0.156723
v 0.343636 -1.004267 0.000000
v 0.220114 -0.869011 -0.372495
v -0.387802 -0.994488 -0.229515
v -0.000361 -0.844860 -0.434518
v -0.284260 -0.796655 0.000000
v -0.315223 -0.745136 -0.243972
v 0.354662 -0.827907 0.000000
v 0.009200 -0.718291 -0.387865
v 0.330144 -0.797670 -0.191034
v 0.234924 -0.752629 -0.350805
v -0.279024 -0.702585 0.000000
v -0.290001 -0.693654 -0.243285
v -0.208085 -0.691950 -0.363490
v -0.224055 -0.754199 -0.356319
v 0.212591 -0.808450 -0.325937
v 0.301981 -0.864043 -0.157481
v -0.001908 -0.774249 -0.362567
v -0.266411 -0.757970 0.000000
v -0.295357 -0.752169 -0.223135
v 0.007937 -0.727072 -0.357657
v 0.307980 -0.801282 -0.173644
v 0.218961 -0.759174 -0.323010
v -0.261516 -0.712390 0.000000
v -0.271778 -0.704040 -0.222492
v -0.195197 -0.702447 -0.334869
v -0.245104 -0.603016 0.000000
v 0.280114 -0.698483 -0.218466
v -0.209321 -0.615416 -0.239580
v 0.356322 -0.708422 -0.067844
v 0.357335 -0.794509 0.000000
v 0.030535 -0.656372 -0.331730
v 0.323713 -0.714087 -0.061164
v 0.206635 -0.661644 -0.323957
v -0.141080 -0.617533 -0.302172
v 0.305976 -0.830747 0.000000
v 0.033821 -0.806593 0.000000
v 0.024309 -0.767796 -0.226323
v -0.220847 -0.682524 0.000000
v 0.233620 -0.755142 -0.222985
v -0.189885 -0.683265 -0.241254
v 0.299562 -0.763742 -0.092653
v 0.300439 -0.838233 0.000000
v 0.017661 -0.718704 -0.320991
v 0.277849 -0.768645 -0.086872
v 0.170039 -0.723265 -0.314265
v -0.130836 -0.695203 -0.277491
v 0.344798 -0.815742 -0.076855
v 0.323411 -0.833743 0.000000
v 0.338017 -0.888566 0.000000
v 0.342605 -0.828740 0.000000
v 0.320578 -0.875651 0.000000
v 0.325261 -0.814910 -0.072052
v 0.310488 -0.865702 -0.049470
v 0.314378 -0.822955 -0.048154
v 0.316455 -0.874592 -0.073103
v 0.337269 -0.877170 0.000000
v 0.348117 -0.889567 0.000000
v 0.352705 -0.829742 0.000000
v 0.340102 -0.835262 0.000000
v 0.335361 -0.815911 -0.073234
v 0.331069 -0.830991 -0.050737
v 0.327179 -0.867221 -0.052052
v 0.326555 -0.875593 -0.074286
v 0.280273 -0.788177 -0.220133
v 0.268120 -0.842984 -0.221293
v 0.269728 -0.783188 -0.237828
v 0.257199 -0.836193 -0.241873
v 0.290897 -0.790290 -0.226741
v 0.278743 -0.845097 -0.227901
v 0.280351 -0.785301 -0.244436
v 0.267822 -0.838306 -0.248482
v -0.261447 -0.977773 0.438406
v 0.212118 -0.912604 0.391054
v -0.161414 -0.608253 0.328801
v 0.246570 -0.662539 0.345454
v 0.309657 -1.042703 0.139701
v -0.347094 -1.118116 0.247071
v 0.339969 -0.694864 0.217511
v -0.244809 -0.601411 0.242054
v -0.238953 -0.747308 0.386435
v 0.228110 -0.805338 0.353936
v -0.353647 -0.823565 0.245019
v 0.323728 -0.864804 0.173745
v 0.000610 -0.920965 0.449477
v 0.027224 -0.631924 0.378875
v 0.064036 -1.036547 0.195049
v -0.001331 -0.768755 0.393118
v -0.270825 -0.856039 0.429615
v 0.316692 -0.964770 0.156723
v 0.220114 -0.869011 0.372495
v -0.387802 -0.994488 0.229516
v -0.000361 -0.844860 0.434518
v -0.315223 -0.745136 0.243972
v 0.009200 -0.718291 0.387865
v 0.330144 -0.797670 0.191035
v 0.234924 -0.752629 0.350805
v -0.290001 -0.693654 0.243285
v -0.208085 -0.691950 0.363491
v -0.224055 -0.754199 0.356319
v 0.212591 -0.808450 0.325937
v 0.301981 -0.864043 0.157481
v -0.001908 -0.774250 0.362567
v -0.295357 -0.752169 0.223135
v 0.007937 -0.727072 0.357657
v 0.307980 -0.801282 0.173645
v 0.218961 -0.759174 0.323010
v -0.271778 -0.704040 0.222493
v -0.195197 -0.702447 0.334870
v 0.280114 -0.698483 0.218466
v -0.209321 -0.615416 0.239580
v 0.356322 -0.708422 0.067845
v 0.030535 -0.656372 0.331731
v 0.323713 -0.714087 0.061164
v 0.206635 -0.661644 0.323957
v -0.141080 -0.617533 0.302172
v 0.024309 -0.767796 0.226324
v 0.233620 -0.755142 0.222985
v -0.189885 -0.683265 0.241255
v 0.299562 -0.763742 0.092653
v 0.017661 -0.718704 0.320992
v 0.277849 -0.768645 0.086873
v 0.170039 -0.723265 0.314265
v -0.130836 -0.695203 0.277491
v 0.344798 -0.815742 0.076855
v 0.325261 -0.814910 0.072052
v 0.310488 -0.865702 0.049470
v 0.314378 -0.822955 0.048155
v 0.316455 -0.874592 0.073103
v 0.335361 -0.815911 0.073235
v 0.331069 -0.830991 0.050737
v 0.327179 -0.867221 0.052053
v 0.326555 -0.875593 0.074286
v 0.280273 -0.788177 0.220133
v 0.268120 -0.842984 0.221293
v 0.269728 -0.783188 0.237828
v 0.257199 -0.836193 0.241874
v 0.290897 -0.790290 0.226742
v 0.278743 -0.845098 0.227901
v 0.280351 -0.785301 0.244436
v 0.267822 -0.838306 0.248482
vn -0.3482 -0.9242 -0.1568
vn -0.4228 -0.9026 -0.0811
vn -0.4875 -0.8731 -0.0000
vn 0.1529 -0.8377 -0.5242
vn 0.1704 -0.8639 -0.4739
vn 0.1198 -0.8775 -0.4644
vn 0.1575 -0.8070 -0.5692
vn -0.0284 -0.9769 -0.2120
vn -0.0216 -0.9823 -0.1860
vn -0.0384 -0.9675 -0.2499
vn -0.0665 -0.9620 -0.2647
vn -0.0726 -0.9607 -0.2679
vn -0.9899 0.0370 -0.1369
vn -0.8735 0.1128 -0.4735
vn -0.8456 -0.1167 -0.5209
vn -0.9645 -0.1861 -0.1872
vn -0.6088 0.5572 0.5647
vn 0.1050 0.2060 0.9729
vn 0.1229 0.2093 0.9701
vn -0.2306 0.6092 0.7588
vn -0.4094 0.3740 0.8322
vn -1.0000 -0.0024 -0.0000
vn -0.9755 -0.2199 -0.0000
vn -0.1232 -0.9515 -0.2818
vn -0.1224 -0.9516 -0.2818
vn -0.2236 -0.9433 -0.2453
vn -0.2114 -0.9446 -0.2512
vn 0.1450 -0.8065 -0.5732
vn 0.1766 -0.7634 -0.6213
vn 0.9969 -0.0788 -0.0000
vn 0.9445 -0.0870 -0.3167
vn 0.9332 -0.0765 -0.3512
vn 0.9972 -0.0748 -0.0000
vn -0.9600 0.2800 -0.0000
vn -0.8533 0.4046 -0.3289
vn -0.8767 0.3886 -0.2836
vn -0.4147 0.4008 -0.8170
vn -0.4609 0.4156 -0.7841
vn 0.8921 -0.0912 -0.4425
vn 0.8848 -0.0770 -0.4596
vn 0.1157 0.2942 -0.9487
vn 0.1129 0.3993 -0.9099
vn 0.2512 0.3709 -0.8941
vn 0.2598 0.3137 -0.9133
vn -0.0303 0.2568 -0.9660
vn -0.0123 0.4178 -0.9085
vn 0.1222 -0.8345 -0.5373
vn 0.1602 -0.8442 -0.5115
vn -0.3818 0.8481 0.3673
vn -0.4166 0.7982 0.4351
vn -0.7738 0.5644 0.2876
vn -0.4070 0.8910 0.2013
vn -0.0444 0.9816 0.1855
vn 0.0391 0.9504 0.3087
vn 0.1488 0.9394 0.3089
vn 0.1394 0.9408 0.3090
vn 0.2046 -0.8533 -0.4797
vn 0.2283 0.9736 -0.0000
vn 0.2418 0.9518 0.1888
vn 0.2375 0.9641 0.1188
vn -0.0447 0.1168 -0.9922
vn 0.0998 0.1779 -0.9790
vn 0.2687 0.2451 -0.9315
vn 0.9566 -0.0879 -0.2777
vn 0.8991 -0.1058 -0.4248
vn 0.9967 -0.0817 -0.0000
vn -0.9635 0.2676 -0.0000
vn -0.9508 0.2916 -0.1047
vn -0.8535 0.2872 -0.4349
vn -0.9052 0.4156 -0.0884
vn -0.8810 0.4732 -0.0000
vn 0.0636 0.1680 -0.9837
vn 0.0723 0.1589 -0.9847
vn 0.1727 0.0509 -0.9837
vn 0.5401 -0.0579 -0.8396
vn 0.5123 -0.0491 -0.8574
vn 0.9013 -0.1378 -0.4107
vn 0.9443 -0.1263 -0.3040
vn 0.0080 0.1816 -0.9833
vn 0.0185 0.1732 -0.9847
vn 0.9858 -0.1053 -0.1310
vn 0.9943 -0.1062 -0.0000
vn 0.9971 -0.0759 -0.0000
vn 0.9755 -0.0743 -0.2069
vn 0.9353 -0.1631 -0.3142
vn 0.8295 -0.1949 -0.5234
vn 0.8981 -0.1773 -0.4025
vn -0.0258 -0.9997 -0.0000
vn -0.0182 -0.9876 -0.1560
vn -0.0174 -0.9878 -0.1547
vn -0.0372 0.2709 -0.9619
vn -0.7458 0.4911 -0.4500
vn -0.8241 0.5663 -0.0103
vn -0.8838 0.4181 -0.2099
vn -0.8546 0.5192 -0.0000
vn -0.9570 0.2901 -0.0000
vn 0.1543 0.9689 0.1932
vn 0.1621 0.9668 0.1973
vn 0.1932 0.9576 0.2135
vn 0.1755 0.9723 0.1543
vn 0.1821 0.9673 0.1763
vn 0.2292 0.9674 0.1080
vn 0.1652 0.9760 0.1416
vn 0.1547 0.9770 0.1471
vn 0.1101 0.9779 0.1780
vn 0.1085 0.9780 0.1780
vn 0.1590 0.9452 0.2852
vn 0.1307 0.9099 0.3938
vn 0.3980 0.6025 0.6918
vn 0.6917 0.5924 0.4131
vn -0.0924 0.9894 0.1120
vn 0.2463 0.9197 0.3058
vn 0.1749 0.9846 -0.0000
vn 0.7600 0.6499 -0.0000
vn -0.0450 0.9990 -0.0000
vn -0.0433 0.9618 0.2702
vn 0.7231 -0.5349 -0.4369
vn 0.4546 0.2432 0.8568
vn 0.9591 0.2830 -0.0000
vn 0.8547 0.2826 0.4354
vn 0.2880 -0.6088 0.7392
vn 0.9728 -0.1404 -0.1844
vn 0.1081 0.9941 -0.0000
vn 0.1067 0.9811 0.1613
vn -0.1065 -0.9821 -0.1551
vn -0.1078 -0.9942 -0.0000
vn -0.1129 0.0341 -0.9930
vn 0.1632 0.9800 0.1141
vn 0.1643 0.9864 -0.0000
vn -0.2819 -0.9594 -0.0000
vn -0.2807 -0.9552 -0.0942
vn 0.6240 -0.7814 -0.0000
vn 0.8467 -0.5197 -0.1138
vn 0.9199 -0.3887 -0.0517
vn 0.8452 0.5344 -0.0000
vn 0.9955 0.0942 0.0044
vn 0.9643 0.2620 -0.0387
vn 0.1396 -0.0467 0.9891
vn 0.1025 0.9798 0.1717
vn 0.1040 0.9946 -0.0000
vn 0.8373 -0.1665 -0.5208
vn -0.2870 -0.9446 -0.1594
vn 0.8484 -0.1216 -0.5153
vn 0.5049 -0.1300 0.8533
vn -0.4932 0.1815 -0.8508
vn 0.2617 0.9584 0.1142
vn -0.3482 -0.9242 0.1568
vn -0.4228 -0.9026 0.0811
vn 0.1529 -0.8377 0.5242
vn 0.1575 -0.8070 0.5692
vn 0.1198 -0.8775 0.4644
vn 0.1704 -0.8639 0.4739
vn -0.0284 -0.9769 0.2120
vn -0.0726 -0.9607 0.2679
vn -0.0665 -0.9620 0.2647
vn -0.0384 -0.9675 0.2499
vn -0.0216 -0.9823 0.1860
vn -0.9899 0.0370 0.1369
vn -0.9645 -0.1861 0.1872
vn -0.8456 -0.1167 0.5209
vn -0.8735 0.1128 0.4735
vn -0.6088 0.5572 -0.5647
vn 0.1050 0.2060 -0.9729
vn -0.4094 0.3740 -0.8322
vn -0.2306 0.6092 -0.7588
vn 0.1229 0.2093 -0.9701
vn -0.1232 -0.9515 0.2818
vn -0.2114 -0.9446 0.2512
vn -0.2236 -0.9433 0.2453
vn -0.1224 -0.9516 0.2818
vn 0.1450 -0.8065 0.5732
vn 0.1766 -0.7634 0.6213
vn 0.9332 -0.0765 0.3512
vn 0.9445 -0.0870 0.3167
vn -0.8767 0.3886 0.2836
vn -0.8533 0.4046 0.3289
vn -0.4609 0.4156 0.7841
vn -0.4147 0.4008 0.8170
vn 0.8848 -0.0770 0.4596
vn 0.8921 -0.0912 0.4425
vn 0.1157 0.2942 0.9487
vn 0.2598 0.3137 0.9133
vn 0.2512 0.3709 0.8941
vn 0.1129 0.3993 0.9099
vn -0.0303 0.2568 0.9660
vn -0.0123 0.4178 0.9085
vn 0.1222 -0.8345 0.5373
vn 0.1602 -0.8442 0.5115
vn -0.3818 0.8481 -0.3673
vn -0.4070 0.8910 -0.2013
vn -0.7738 0.5644 -0.2876
vn -0.4166 0.7982 -0.4351
vn -0.0444 0.9816 -0.1855
vn 0.0391 0.9504 -0.3087
vn 0.1394 0.9408 -0.3090
vn 0.1488 0.9394 -0.3089
vn 0.2046 -0.8533 0.4797
vn 0.2375 0.9641 -0.1188
vn 0.2418 0.9518 -0.1888
vn -0.0447 0.1168 0.9922
vn 0.0998 0.1779 0.9790
vn 0.2687 0.2451 0.9315
vn 0.9566 -0.0879 0.2777
vn 0.8991 -0.1058 0.4248
vn -0.9508 0.2916 0.1047
vn -0.8535 0.2872 0.4349
vn -0.9052 0.4156 0.0884
vn 0.0636 0.1680 0.9837
vn 0.1727 0.0509 0.9837
vn 0.0723 0.1589 0.9847
vn 0.5401 -0.0579 0.8396
vn 0.9443 -0.1263 0.3040
vn 0.9013 -0.1378 0.4107
vn 0.5123 -0.0491 0.8574
vn 0.0080 0.1816 0.9833
vn 0.0185 0.1732 0.9847
vn 0.9858 -0.1053 0.1310
vn 0.9755 -0.0743 0.2069
vn 0.9353 -0.1631 0.3142
vn 0.8981 -0.1773 0.4025
vn 0.8295 -0.1949 0.5234
vn -0.0174 -0.9878 0.1547
vn -0.0182 -0.9876 0.1560
vn -0.0372 0.2709 0.9619
vn -0.7458 0.4911 0.4500
vn -0.8838 0.4181 0.2099
vn -0.8241 0.5663 0.0103
vn 0.1543 0.9689 -0.1932
vn 0.1821 0.9673 -0.1763
vn 0.1755 0.9723 -0.1543
vn 0.1932 0.9576 -0.2135
vn 0.1621 0.9668 -0.1973
vn 0.2292 0.9674 -0.1080
vn 0.1547 0.9770 -0.1471
vn 0.1652 0.9760 -0.1416
vn 0.1085 0.9780 -0.1780
vn 0.1101 0.9779 -0.1780
vn 0.1590 0.9452 -0.2852
vn 0.6917 0.5924 -0.4131
vn 0.3980 0.6025 -0.6918
vn 0.1307 0.9099 -0.3938
vn -0.0924 0.9894 -0.1120
vn 0.2463 0.9197 -0.3058
vn -0.0433 0.9618 -0.2702
vn 0.7231 -0.5349 0.4369
vn 0.4546 0.2432 -0.8568
vn 0.8547 0.2826 -0.4354
vn 0.2880 -0.6088 -0.7392
vn 0.9728 -0.1404 0.1844
vn 0.1067 0.9811 -0.1613
vn -0.1065 -0.9821 0.1551
vn -0.1129 0.0341 0.9930
vn 0.1632 0.9800 -0.1141
vn -0.2807 -0.9552 0.0942
vn 0.9199 -0.3887 0.0517
vn 0.8467 -0.5197 0.1138
vn 0.9643 0.2620 0.0387
vn 0.9955 0.0942 -0.0044
vn 0.1396 -0.0467 -0.9891
vn 0.1025 0.9798 -0.1717
vn 0.8373 -0.1665 0.5208
vn -0.2870 -0.9446 0.1594
vn 0.8484 -0.1216 0.5153
vn 0.5049 -0.1300 -0.8533
vn -0.4932 0.1815 0.8508
vn 0.2617 0.9584 -0.1142
vt 0.733264 0.328246
vt 0.734025 0.328786
vt 0.734290 0.337132
vt 0.733564 0.337114
vt 0.505324 0.221677
vt 0.508241 0.258178
vt 0.488222 0.238806
vt 0.488347 0.210199
vt 0.737046 0.327522
vt 0.735957 0.327972
vt 0.735781 0.325479
vt 0.735739 0.324520
vt 0.735704 0.319736
vt 0.736983 0.318887
vt 0.541697 0.222665
vt 0.538514 0.243387
vt 0.531117 0.236736
vt 0.532562 0.220457
vt 0.583313 0.171917
vt 0.570932 0.164788
vt 0.578954 0.144595
vt 0.588050 0.153521
vt 0.746871 0.336843
vt 0.747009 0.335252
vt 0.750533 0.335610
vt 0.751179 0.337334
vt 0.540633 0.204465
vt 0.530320 0.207682
vt 0.733406 0.317203
vt 0.734507 0.317398
vt 0.734080 0.324374
vt 0.733043 0.324209
vt 0.513309 0.203297
vt 0.494863 0.200233
vt 0.485499 0.194759
vt 0.480454 0.212945
vt 0.469048 0.217612
vt 0.468178 0.187328
vt 0.570847 0.354383
vt 0.579834 0.309743
vt 0.595770 0.314148
vt 0.592756 0.358348
vt 0.581986 0.289883
vt 0.596725 0.293983
vt 0.483261 0.240083
vt 0.476171 0.242431
vt 0.497006 0.265529
vt 0.484540 0.270386
vt 0.547225 0.251554
vt 0.529054 0.275327
vt 0.516827 0.267164
vt 0.753799 0.333826
vt 0.752095 0.333257
vt 0.753540 0.330008
vt 0.755452 0.329971
vt 0.594973 0.192374
vt 0.604250 0.217360
vt 0.588313 0.251847
vt 0.581040 0.245841
vt 0.597287 0.220791
vt 0.588575 0.199081
vt 0.566519 0.353033
vt 0.574071 0.306321
vt 0.568258 0.190779
vt 0.552932 0.232105
vt 0.559600 0.239359
vt 0.585298 0.205243
vt 0.569936 0.291282
vt 0.569016 0.298806
vt 0.536647 0.296647
vt 0.536973 0.288857
vt 0.619355 0.209371
vt 0.606118 0.180447
vt 0.602091 0.259366
vt 0.618971 0.223934
vt 0.593068 0.150130
vt 0.599169 0.162664
vt 0.584525 0.256578
vt 0.557146 0.336959
vt 0.565178 0.337550
vt 0.565678 0.344261
vt 0.557861 0.343504
vt 0.554197 0.327359
vt 0.565791 0.328847
vt 0.566166 0.337623
vt 0.557556 0.336989
vt 0.736907 0.336481
vt 0.736349 0.336435
vt 0.735887 0.332801
vt 0.736790 0.332699
vt 0.570608 0.282143
vt 0.566508 0.291030
vt 0.535899 0.287144
vt 0.537287 0.279692
vt 0.567824 0.300471
vt 0.568180 0.310251
vt 0.544793 0.308531
vt 0.546806 0.300447
vt 0.571219 0.273836
vt 0.535536 0.278520
vt 0.536368 0.271385
vt 0.733909 0.313835
vt 0.734838 0.314512
vt 0.731633 0.329003
vt 0.730687 0.328821
vt 0.730331 0.325336
vt 0.730301 0.324466
vt 0.730230 0.321557
vt 0.731138 0.322012
vt 0.728887 0.325553
vt 0.728099 0.326360
vt 0.728290 0.321010
vt 0.729381 0.320863
vt 0.727907 0.312837
vt 0.729095 0.312745
vt 0.729377 0.337138
vt 0.727364 0.337052
vt 0.732283 0.336898
vt 0.731124 0.336749
vt 0.747399 0.332826
vt 0.743783 0.334354
vt 0.742517 0.333610
vt 0.578035 0.173738
vt 0.752029 0.336749
vt 0.574654 0.256965
vt 0.576155 0.288676
vt 0.747682 0.327343
vt 0.740849 0.328165
vt 0.754359 0.327312
vt 0.754061 0.330227
vt 0.577299 0.144852
vt 0.742630 0.335990
vt 0.738889 0.328711
vt 0.740989 0.334282
vt 0.567087 0.165867
vt 0.551178 0.309000
vt 0.564647 0.309991
vt 0.567478 0.319790
vt 0.551258 0.318450
vt 0.756225 0.322441
vt 0.755710 0.323859
vt 0.748389 0.318731
vt 0.748527 0.317586
vt 0.743068 0.318951
vt 0.743473 0.319748
vt 0.738829 0.324917
vt 0.738283 0.324018
vt 0.730882 0.317569
vt 0.732052 0.313909
vt 0.732610 0.313920
vt 0.754948 0.324853
vt 0.754084 0.326054
vt 0.748667 0.324127
vt 0.748873 0.321728
vt 0.739885 0.325447
vt 0.743679 0.321659
vt 0.744196 0.323367
vt 0.740824 0.326115
vt 0.738538 0.317751
vt 0.738828 0.315165
vt 0.744724 0.315138
vt 0.744591 0.317402
vt 0.738585 0.312508
vt 0.738507 0.311180
vt 0.741109 0.311168
vt 0.741187 0.312495
vt 0.551150 0.318589
vt 0.566430 0.320505
vt 0.566853 0.328291
vt 0.551077 0.327130
vt 0.744583 0.313809
vt 0.744600 0.315139
vt 0.738537 0.315167
vt 0.738519 0.313837
vt 0.738519 0.313837
vt 0.738548 0.312508
vt 0.744444 0.312480
vt 0.744415 0.313810
vt 0.740791 0.309840
vt 0.740775 0.311170
vt 0.738523 0.309851
s 1
usemtl Material.014
f 817/784/1026 829/785/1027 828/786/1028 816/787/1028
f 801/788/1029 799/789/1030 785/790/1031 788/791/1032
f 814/792/1033 826/793/1034 869/794/1035 871/795/1035 827/796/1036 815/797/1037
f 808/798/1038 804/799/1039 784/800/1040 789/801/1041
f 834/802/1042 846/803/1042 847/804/1042 835/805/1042
f 836/806/1043 848/807/1044 850/808/1045 838/809/1046
f 803/810/1047 808/798/1038 789/801/1041 781/811/1048
f 813/812/1049 825/813/1050 830/814/1051 818/815/1052
f 798/816/1053 801/788/1029 788/791/1032 782/817/1054
f 806/818/1055 805/819/1056 797/820/1057 793/821/1058
f 783/822/1059 791/823/1060 817/824/1061 816/825/1059
f 791/823/1060 786/826/1062 818/827/1063 817/824/1061
f 805/819/1056 807/828/1064 795/829/1065 797/820/1057
f 809/830/1066 802/831/1067 795/829/1068 807/828/1069
f 804/799/1070 794/832/1071 802/833/1067 809/834/1066
f 781/811/1072 789/801/1073 801/788/1029 798/816/1053
f 832/835/1074 844/836/1075 849/837/1076 837/838/1077
f 790/839/1078 787/840/1079 800/841/1080 836/842/1081 838/843/1079 832/844/1074
f 789/801/1073 784/800/1082 799/789/1030 801/788/1029
f 783/822/1083 831/845/1083 833/846/1084 791/823/1085
f 784/800/1086 804/799/1070 809/834/1066 799/789/1087
f 799/789/1087 809/830/1066 807/828/1069 785/790/1088
f 788/791/1089 785/790/1090 807/828/1064 805/819/1056
f 782/817/1091 788/791/1089 805/819/1056 806/818/1055
f 792/847/1092 796/848/1093 808/798/1038 803/810/1047
f 796/848/1093 794/832/1094 804/799/1039 808/798/1038
f 794/832/1094 796/848/1093 811/849/1095
f 811/849/1095 796/848/1093 792/847/1092 810/850/1096
f 822/851/1097 825/852/1098 827/853/1099 820/854/1099
f 815/855/1100 787/840/1101 790/839/1102 814/856/1103
f 813/857/1104 800/841/1105 787/840/1101 815/858/1100
f 814/856/1103 790/839/1102 834/802/1106 835/805/1107 812/859/1107 852/860/1106
f 818/815/1052 830/814/1051 829/785/1027 817/784/1026
f 818/827/1063 786/826/1062 800/861/1105 813/857/1104
f 856/862/1108 858/863/1109 859/864/1109 853/865/1108
f 821/866/1110 870/867/1111 869/868/1111 826/869/1112
f 812/870/1113 855/871/1113 857/872/1114 852/873/1115
f 819/874/1116 830/875/1116 825/876/1098 822/877/1097
f 830/878/1117 819/879/1117 824/880/1118 829/881/1119
f 829/882/1119 824/874/1118 823/883/1120 828/884/1121
f 815/885/1037 827/886/1036 825/813/1050 813/812/1049
f 795/887/1122 820/888/1123 872/889/1124 870/890/1124 821/891/1125 797/892/1126
f 811/893/1127 824/894/1127 819/895/1128 794/896/1129
f 857/872/1114 826/793/1034 814/792/1033 852/873/1115
f 794/896/1129 819/895/1128 822/897/1130 802/898/1131
f 810/899/1096 823/900/1120 824/894/1118 811/893/1095
f 802/901/1131 822/902/1130 820/888/1123 795/887/1122
f 842/903/1132 848/807/1133 851/904/1134 845/905/1135
f 834/802/1136 790/839/1078 832/844/1074 837/906/1077
f 838/907/1046 850/808/1045 844/836/1075 832/835/1074
f 836/908/1081 800/861/1080 786/826/1137 791/823/1085 833/846/1084 839/909/1137
f 841/910/1138 842/903/1132 845/905/1135 843/911/1139
f 840/912/1140 846/913/1141 849/837/1141 844/836/1075 842/903/1132 841/910/1138
f 846/803/1142 840/914/1142 847/804/1142
f 848/807/1133 842/903/1132 844/836/1075 850/808/1045
f 839/915/1143 851/904/1134 848/807/1044 836/806/1043
f 831/916/1144 843/911/1139 845/905/1135 833/917/1145
f 837/906/1146 849/918/1146 846/803/1146 834/802/1146
f 833/917/1145 845/905/1135 851/904/1134 839/915/1143
f 860/919/1147 821/920/1110 826/921/1112 857/922/1147
f 855/923/1148 863/924/1148 865/925/1149 857/926/1149
f 860/927/1150 868/928/1150 862/929/1151 854/930/1151
f 857/926/1152 865/925/1152 868/928/1152 860/927/1152
f 797/892/1126 821/891/1125 860/931/1153 854/932/1154 793/933/1154
f 864/934/1155 853/935/1155 859/936/1156 866/937/1156
f 863/924/1157 864/934/1157 866/937/1158 865/925/1159
f 861/938/1160 862/929/1160 868/928/1161 867/939/1162
f 865/925/1159 866/937/1158 867/939/1162 868/928/1161
f 866/937/1163 859/936/1163 858/940/1163 867/939/1163
f 867/939/1164 858/940/1164 856/941/1165 861/938/1165
f 874/942/1166 876/943/1166 875/944/1166 873/945/1166
f 872/946/1167 876/947/1167 874/948/1167 870/949/1167
f 872/950/1168 820/951/1168 827/952/1168 871/953/1168
f 870/954/1169 874/955/1169 873/956/1169 869/957/1169
f 871/958/1170 875/959/1170 876/960/1170 872/961/1170
f 869/962/1171 873/963/1171 875/947/1171 871/964/1171
f 902/784/1172 816/787/1028 828/786/1028 912/785/1173
f 891/788/1174 881/791/1175 878/790/1176 889/789/1177
f 900/792/1178 901/797/1179 911/796/1180 940/795/1181 938/794/1181 910/793/1182
f 896/798/1183 882/801/1184 877/800/1185 893/799/1186
f 916/802/1187 835/805/1187 847/804/1187 924/803/1187
f 917/806/1188 919/809/1189 927/808/1190 925/807/1191
f 803/810/1047 781/811/1048 882/801/1184 896/798/1183
f 899/812/1192 903/815/1193 913/814/1194 909/813/1195
f 798/816/1196 782/817/1197 881/791/1175 891/788/1174
f 806/818/1055 793/821/1058 888/820/1198 894/819/1199
f 783/822/1059 816/825/1059 902/824/1200 884/823/1201
f 884/823/1201 902/824/1200 903/827/1202 879/826/1203
f 894/819/1199 888/820/1198 886/829/1204 895/828/1205
f 897/830/1206 895/828/1207 886/829/1208 892/831/1209
f 893/799/1210 897/834/1206 892/833/1209 885/832/1211
f 781/811/1212 798/816/1196 891/788/1174 882/801/1213
f 914/835/1214 918/838/1215 926/837/1216 922/836/1217
f 883/839/1218 914/844/1214 919/843/1219 917/842/1220 890/841/1221 880/840/1219
f 882/801/1213 891/788/1174 889/789/1177 877/800/1222
f 783/822/1083 884/823/1223 915/846/1224 831/845/1083
f 877/800/1225 889/789/1226 897/834/1206 893/799/1210
f 889/789/1226 878/790/1227 895/828/1207 897/830/1206
f 881/791/1228 894/819/1199 895/828/1205 878/790/1229
f 782/817/1091 806/818/1055 894/819/1199 881/791/1228
f 792/847/1092 803/810/1047 896/798/1183 887/848/1230
f 887/848/1230 896/798/1183 893/799/1186 885/832/1231
f 885/832/1231 898/849/1232 887/848/1230
f 898/849/1232 810/850/1096 792/847/1092 887/848/1230
f 907/851/1233 905/854/1234 911/853/1234 909/852/1235
f 901/855/1236 900/856/1237 883/839/1238 880/840/1239
f 899/857/1240 901/858/1236 880/840/1239 890/841/1241
f 900/856/1237 929/860/1242 812/859/1107 835/805/1107 916/802/1242 883/839/1238
f 903/815/1193 902/784/1172 912/785/1173 913/814/1194
f 903/827/1202 899/857/1240 890/861/1241 879/826/1203
f 856/862/1108 853/865/1108 932/864/1243 931/863/1243
f 906/866/1244 910/869/1245 938/868/1246 939/867/1246
f 812/870/1113 929/873/1247 930/872/1248 855/871/1113
f 904/874/1249 907/877/1233 909/876/1235 913/875/1249
f 913/878/1250 912/881/1251 908/880/1252 904/879/1250
f 912/882/1251 828/884/1121 823/883/1120 908/874/1252
f 901/885/1179 899/812/1192 909/813/1195 911/886/1180
f 886/887/1253 888/892/1254 906/891/1255 939/890/1256 941/889/1256 905/888/1257
f 898/893/1258 885/896/1259 904/895/1260 908/894/1258
f 930/872/1248 929/873/1247 900/792/1178 910/793/1182
f 885/896/1259 892/898/1261 907/897/1262 904/895/1260
f 810/899/1096 898/893/1232 908/894/1252 823/900/1120
f 892/901/1261 886/887/1253 905/888/1257 907/902/1262
f 921/903/1263 923/905/1264 928/904/1265 925/807/1266
f 916/802/1267 918/906/1215 914/844/1214 883/839/1218
f 919/907/1189 914/835/1214 922/836/1217 927/808/1190
f 917/908/1220 920/909/1268 915/846/1224 884/823/1223 879/826/1268 890/861/1221
f 841/910/1138 843/911/1139 923/905/1264 921/903/1263
f 840/912/1140 841/910/1138 921/903/1263 922/836/1217 926/837/1269 924/913/1269
f 924/803/1270 847/804/1270 840/914/1270
f 925/807/1266 927/808/1190 922/836/1217 921/903/1263
f 920/915/1271 917/806/1188 925/807/1191 928/904/1265
f 831/916/1144 915/917/1272 923/905/1264 843/911/1139
f 918/906/1273 916/802/1273 924/803/1273 926/918/1273
f 915/917/1272 920/915/1271 928/904/1265 923/905/1264
f 933/919/1274 930/922/1274 910/921/1245 906/920/1244
f 855/923/1148 930/926/1275 934/925/1275 863/924/1148
f 933/927/1276 854/930/1151 862/929/1151 937/928/1276
f 930/926/1277 933/927/1277 937/928/1277 934/925/1277
f 888/892/1254 793/933/1154 854/932/1154 933/931/1278 906/891/1255
f 864/934/1155 935/937/1279 932/936/1279 853/935/1155
f 863/924/1157 934/925/1280 935/937/1281 864/934/1157
f 861/938/1160 936/939/1282 937/928/1283 862/929/1160
f 934/925/1280 937/928/1283 936/939/1282 935/937/1281
f 935/937/1284 936/939/1284 931/940/1284 932/936/1284
f 936/939/1285 861/938/1165 856/941/1165 931/940/1285
f 943/942/1286 942/945/1286 944/944/1286 945/943/1286
f 941/946/1287 939/949/1287 943/948/1287 945/947/1287
f 941/950/1288 940/953/1288 911/952/1288 905/951/1288
f 939/954/1289 938/957/1289 942/956/1289 943/955/1289
f 940/958/1290 941/961/1290 945/960/1290 944/959/1290
f 938/962/1291 940/964/1291 944/947/1291 942/963/1291
o frontstrands
v 0.474018 0.091222 -0.469278
v 0.497392 0.190555 -0.473820
v 0.318035 1.029147 -0.569999
v 0.362315 0.994668 -0.572262
v 0.297013 0.593829 -0.592619
v 0.366806 0.611363 -0.592619
v 0.354112 0.790952 -0.597142
v 0.293292 0.776220 -0.598041
v 0.339186 0.356407 -0.519191
v 0.405699 0.405634 -0.520057
v 0.339359 0.161770 -0.477545
v 0.246325 1.071062 -0.567231
v 0.184898 0.600386 -0.592619
v 0.212196 0.814985 -0.595469
v 0.215985 0.360559 -0.520261
v 0.476324 0.072168 -0.648039
v 0.501757 0.177564 -0.648039
v 0.318915 1.016847 -0.661278
v 0.351560 0.992525 -0.659292
v 0.295961 0.564053 -0.706408
v 0.358419 0.593731 -0.691348
v 0.348409 0.791184 -0.697093
v 0.290802 0.763941 -0.713889
v 0.339032 0.343314 -0.677028
v 0.396960 0.401085 -0.661335
v 0.334878 0.146833 -0.648039
v 0.281553 1.048299 -0.659112
v 0.230145 0.567157 -0.698864
v 0.252740 0.800645 -0.703930
v 0.263761 0.342809 -0.668865
v 0.394083 0.231443 -0.493253
v 0.438451 0.302935 -0.498714
v 0.270472 0.251370 -0.502374
v 0.392715 0.220006 -0.664183
v 0.427395 0.303853 -0.647026
v 0.300713 0.242613 -0.655126
v 0.355317 0.784223 -0.667393
v 0.368373 0.595203 -0.649513
v 0.185465 0.584674 -0.649513
v 0.213128 0.808256 -0.641146
v 0.252940 1.064823 -0.612882
v 0.406800 0.397170 -0.597820
v 0.535735 0.098113 -0.539478
v 0.484570 -0.005825 -0.539911
v 0.364349 0.988503 -0.617904
v 0.216111 0.349574 -0.598275
v 0.329206 0.061564 -0.543248
v 0.253193 0.242177 -0.581630
v 0.439289 0.298791 -0.578870
v 0.389588 1.144938 -0.482871
v 0.444169 1.102438 -0.485661
v 0.301195 1.196605 -0.479460
v 0.390672 1.129777 -0.595386
v 0.430913 1.099796 -0.592938
v 0.344618 1.168546 -0.592716
v 0.309349 1.188914 -0.535731
v 0.446677 1.094838 -0.541922
v 0.430765 1.208707 -0.422102
v 0.476268 1.162576 -0.436729
v 0.367207 1.231033 -0.434546
v 0.467482 1.234592 -0.510545
v 0.495537 1.189476 -0.514288
v 0.407575 1.249433 -0.511834
v 0.390856 1.259035 -0.465476
v 0.473636 1.265480 -0.446294
v 0.500551 1.186838 -0.467949
v 0.474018 0.091222 0.469277
v 0.497392 0.190555 0.473820
v 0.318035 1.029147 0.569999
v 0.362315 0.994668 0.572262
v 0.297013 0.593829 0.592618
v 0.366806 0.611363 0.592618
v 0.354112 0.790952 0.597142
v 0.293292 0.776220 0.598041
v 0.339186 0.356407 0.519191
v 0.405699 0.405634 0.520057
v 0.339359 0.161770 0.477545
v 0.246325 1.071062 0.567231
v 0.184898 0.600386 0.592618
v 0.212196 0.814985 0.595469
v 0.215985 0.360559 0.520261
v 0.476324 0.072168 0.648039
v 0.501757 0.177564 0.648039
v 0.318915 1.016847 0.661278
v 0.351560 0.992525 0.659292
v 0.295961 0.564053 0.706408
v 0.358419 0.593731 0.691348
v 0.348409 0.791184 0.697093
v 0.290802 0.763941 0.713888
v 0.339032 0.343314 0.677028
v 0.396960 0.401085 0.661335
v 0.334878 0.146833 0.648039
v 0.281553 1.048299 0.659111
v 0.230145 0.567157 0.698864
v 0.252740 0.800645 0.703929
v 0.263761 0.342809 0.668865
v 0.394083 0.231443 0.493253
v 0.438451 0.302935 0.498714
v 0.270472 0.251370 0.502374
v 0.392715 0.220006 0.664182
v 0.427395 0.303853 0.647026
v 0.300713 0.242613 0.655126
v 0.355317 0.784223 0.667392
v 0.368373 0.595203 0.649513
v 0.185465 0.584674 0.649513
v 0.213128 0.808256 0.641146
v 0.252940 1.064823 0.612882
v 0.406800 0.397170 0.597820
v 0.535735 0.098113 0.539478
v 0.484570 -0.005825 0.539911
v 0.364349 0.988503 0.617904
v 0.216111 0.349574 0.598275
v 0.329206 0.061564 0.543247
v 0.253193 0.242176 0.581630
v 0.439289 0.298791 0.578869
v 0.389588 1.144938 0.482871
v 0.444169 1.102438 0.485661
v 0.301195 1.196605 0.479460
v 0.390672 1.129777 0.595386
v 0.430913 1.099796 0.592938
v 0.344618 1.168546 0.592716
v 0.309349 1.188914 0.535731
v 0.446677 1.094838 0.541922
v 0.430765 1.208707 0.422102
v 0.476268 1.162576 0.436728
v 0.367207 1.231033 0.434546
v 0.467482 1.234592 0.510544
v 0.495537 1.189476 0.514287
v 0.407575 1.249433 0.511834
v 0.390856 1.259035 0.465476
v 0.473636 1.265480 0.446294
v 0.500551 1.186838 0.467949
vn -0.0040 -0.0295 0.9996
vn -0.0108 -0.0536 0.9985
vn -0.1357 -0.2599 0.9561
vn -0.1580 -0.3031 0.9398
vn -0.0632 0.2165 0.9742
vn -0.1282 0.2388 0.9626
vn -0.0708 0.1501 0.9861
vn -0.0318 0.1720 0.9846
vn -0.0649 0.1661 0.9840
vn -0.1241 0.1445 0.9817
vn -0.0061 -0.0568 0.9984
vn 0.0138 0.1532 0.9881
vn -0.0036 0.2478 0.9688
vn -0.0154 0.1835 0.9829
vn -0.1606 -0.3377 0.9275
vn 0.0533 0.0420 -0.9977
vn 0.1758 0.2671 -0.9475
vn 0.2410 0.2443 -0.9393
vn 0.2223 0.1052 -0.9693
vn 0.0870 -0.0979 -0.9914
vn 0.0634 -0.0765 -0.9951
vn 0.2799 -0.0448 -0.9590
vn 0.3083 -0.0481 -0.9501
vn 0.0469 -0.0631 -0.9969
vn 0.2794 0.0160 -0.9600
vn -0.5362 -0.0901 -0.8393
vn -0.4666 0.1478 -0.8720
vn -0.5231 -0.3020 -0.7970
vn -0.5260 -0.2503 -0.8128
vn -0.3648 0.3832 -0.8486
vn 0.9871 0.1183 -0.1075
vn 0.9742 0.0966 -0.2040
vn 0.9685 0.0350 -0.2467
vn 0.9917 0.0286 -0.1255
vn -0.9299 0.1459 -0.3377
vn -0.9448 -0.0311 -0.3262
vn 0.9447 -0.1588 -0.2871
vn 0.8610 -0.4254 -0.2789
vn 0.8433 -0.5334 -0.0657
vn 0.9537 -0.2683 -0.1362
vn 0.9239 0.3800 -0.0451
vn 0.9282 0.3631 -0.0820
vn 0.9645 0.2088 -0.1618
vn 0.9679 0.2374 -0.0829
vn 0.8623 -0.3147 -0.3967
vn 0.3175 -0.5314 -0.7854
vn 0.7653 0.1927 -0.6142
vn 0.9875 -0.1164 0.1064
vn -0.8368 0.3912 -0.3832
vn -0.9336 -0.2771 -0.2272
vn -0.9113 -0.3971 -0.1086
vn -0.4885 -0.4217 -0.7639
vn -0.6479 -0.7544 0.1054
vn -0.3503 -0.7453 -0.5673
vn 0.7902 -0.5979 0.1345
vn 0.8854 -0.4552 0.0939
vn 0.2380 -0.3200 0.9170
vn -0.4279 -0.1768 0.8864
vn 0.6548 0.2934 0.6965
vn 0.9255 0.3774 -0.0316
vn -0.9639 -0.2518 0.0866
vn -0.8825 -0.3603 0.3022
vn -0.6411 0.7001 -0.3144
vn -0.1500 0.6388 -0.7546
vn -0.2904 -0.5445 0.7869
vn -0.9998 0.0112 -0.0139
vn 0.9997 0.0057 0.0223
vn 0.9679 0.2508 -0.0134
vn 0.9924 0.1229 -0.0016
vn -0.9133 0.3747 -0.1599
vn -0.9871 0.1408 -0.0761
vn 0.7380 -0.2580 0.6235
vn -0.6748 0.7342 -0.0752
vn -0.3110 -0.4791 0.8208
vn -0.3184 -0.5158 0.7953
vn -0.3107 -0.5205 0.7953
vn -0.2940 -0.4936 0.8185
vn 0.3072 0.4038 -0.8617
vn 0.5204 0.6570 -0.5456
vn 0.8656 0.1178 -0.4867
vn 0.3590 0.3620 -0.8603
vn -0.2634 0.9586 0.1082
vn -0.0264 0.8277 -0.5606
vn 0.9744 -0.0543 0.2182
vn -0.2721 -0.4999 0.8222
vn 0.4895 0.8145 -0.3115
vn 0.7970 -0.2977 0.5255
vn 0.2750 0.3643 0.8898
vn 0.2355 0.3942 0.8884
vn -0.4303 0.8284 0.3585
vn -0.3030 -0.5251 0.7953
vn -0.0040 -0.0295 -0.9996
vn -0.1580 -0.3031 -0.9398
vn -0.1357 -0.2599 -0.9561
vn -0.0108 -0.0536 -0.9985
vn -0.0632 0.2165 -0.9742
vn -0.0318 0.1720 -0.9846
vn -0.0708 0.1501 -0.9861
vn -0.1282 0.2388 -0.9626
vn -0.0649 0.1661 -0.9840
vn -0.1241 0.1445 -0.9817
vn 0.0138 0.1532 -0.9881
vn -0.0061 -0.0568 -0.9984
vn -0.0154 0.1835 -0.9829
vn -0.0036 0.2478 -0.9688
vn -0.1606 -0.3377 -0.9275
vn 0.0533 0.0420 0.9977
vn 0.2223 0.1052 0.9693
vn 0.2410 0.2443 0.9393
vn 0.1758 0.2671 0.9475
vn 0.0870 -0.0979 0.9914
vn 0.3083 -0.0481 0.9501
vn 0.2799 -0.0448 0.9590
vn 0.0634 -0.0765 0.9951
vn 0.0469 -0.0631 0.9969
vn 0.2794 0.0160 0.9600
vn -0.4666 0.1478 0.8720
vn -0.5362 -0.0901 0.8393
vn -0.5260 -0.2503 0.8128
vn -0.5231 -0.3020 0.7970
vn -0.3648 0.3832 0.8486
vn 0.9871 0.1183 0.1075
vn 0.9917 0.0286 0.1255
vn 0.9685 0.0350 0.2467
vn 0.9742 0.0966 0.2040
vn -0.9299 0.1459 0.3377
vn -0.9448 -0.0311 0.3262
vn 0.9447 -0.1588 0.2871
vn 0.9537 -0.2683 0.1362
vn 0.8433 -0.5334 0.0657
vn 0.8610 -0.4254 0.2789
vn 0.9239 0.3800 0.0451
vn 0.9679 0.2374 0.0829
vn 0.9645 0.2088 0.1618
vn 0.9282 0.3631 0.0820
vn 0.8623 -0.3147 0.3967
vn 0.9875 -0.1164 -0.1064
vn 0.7653 0.1927 0.6142
vn 0.3175 -0.5314 0.7854
vn -0.8368 0.3912 0.3832
vn -0.9336 -0.2771 0.2272
vn -0.9113 -0.3971 0.1086
vn -0.6479 -0.7544 -0.1054
vn -0.4885 -0.4217 0.7639
vn -0.3503 -0.7453 0.5673
vn 0.8854 -0.4552 -0.0939
vn 0.7902 -0.5979 -0.1345
vn 0.2380 -0.3200 -0.9170
vn -0.4279 -0.1768 -0.8864
vn 0.6548 0.2934 -0.6965
vn 0.9255 0.3774 0.0316
vn -0.9639 -0.2518 -0.0866
vn -0.8825 -0.3603 -0.3022
vn -0.1500 0.6388 0.7546
vn -0.6411 0.7001 0.3144
vn -0.2904 -0.5445 -0.7869
vn -0.9998 0.0112 0.0139
vn 0.9997 0.0057 -0.0223
vn 0.9679 0.2508 0.0134
vn 0.9924 0.1229 0.0016
vn -0.9133 0.3747 0.1599
vn -0.9871 0.1408 0.0761
vn 0.7380 -0.2580 -0.6235
vn -0.6748 0.7342 0.0752
vn -0.3110 -0.4791 -0.8208
vn -0.2940 -0.4936 -0.8185
vn -0.3107 -0.5205 -0.7953
vn -0.3184 -0.5158 -0.7953
vn 0.3072 0.4038 0.8617
vn 0.3590 0.3620 0.8603
vn 0.8656 0.1178 0.4867
vn 0.5204 0.6570 0.5456
vn -0.0264 0.8277 0.5606
vn -0.2634 0.9586 -0.1082
vn 0.9744 -0.0543 -0.2182
vn -0.2721 -0.4999 -0.8222
vn 0.4895 0.8145 0.3115
vn 0.7970 -0.2977 -0.5255
vn 0.2355 0.3942 -0.8884
vn 0.2750 0.3643 -0.8898
vn -0.4303 0.8284 -0.3585
vn -0.3030 -0.5251 -0.7953
vt 0.810562 0.198726
vt 0.814582 0.199724
vt 0.815150 0.212849
vt 0.812222 0.215057
vt 0.813919 0.170565
vt 0.818303 0.173841
vt 0.815475 0.187932
vt 0.810865 0.186736
vt 0.817652 0.162188
vt 0.820553 0.166948
vt 0.805199 0.201187
vt 0.803451 0.187090
vt 0.805770 0.170763
vt 0.809449 0.163490
vt 0.807479 0.217729
vt 0.838869 0.198183
vt 0.836826 0.214877
vt 0.834658 0.213274
vt 0.834997 0.199984
vt 0.835447 0.170324
vt 0.838460 0.184949
vt 0.834275 0.186914
vt 0.831564 0.174147
vt 0.831824 0.162165
vt 0.829474 0.167706
vt 0.842772 0.185130
vt 0.841344 0.200593
vt 0.837862 0.163629
vt 0.840380 0.170264
vt 0.839288 0.216947
vt 0.855227 0.176823
vt 0.857831 0.176421
vt 0.858597 0.187145
vt 0.856734 0.186976
vt 0.868302 0.173158
vt 0.872256 0.173508
vt 0.871892 0.189024
vt 0.868749 0.188041
vt 0.856644 0.198518
vt 0.852425 0.207273
vt 0.849220 0.207511
vt 0.854044 0.198711
vt 0.850028 0.162643
vt 0.854264 0.162559
vt 0.855459 0.166952
vt 0.851518 0.167031
vt 0.846869 0.147126
vt 0.853674 0.151289
vt 0.853757 0.158093
vt 0.846807 0.154752
vt 0.866664 0.156044
vt 0.869574 0.157025
vt 0.870141 0.203705
vt 0.865688 0.203442
vt 0.864763 0.210384
vt 0.869394 0.210172
vt 0.869048 0.216361
vt 0.862604 0.222003
vt 0.835454 0.151549
vt 0.835558 0.157293
vt 0.826207 0.152387
vt 0.825171 0.147126
vt 0.845800 0.207807
vt 0.851270 0.198951
vt 0.824547 0.159369
vt 0.823037 0.152846
vt 0.814095 0.157449
vt 0.824547 0.159407
vt 0.843131 0.158539
vt 0.845130 0.162786
vt 0.860900 0.202707
vt 0.859943 0.209697
vt 0.877328 0.168686
vt 0.875083 0.159977
vt 0.879379 0.161004
vt 0.880813 0.169519
vt 0.813257 0.151463
vt 0.823553 0.147126
vt 0.858597 0.215334
vt 0.865256 0.186998
vt 0.852449 0.187259
vt 0.846776 0.167409
vt 0.851779 0.177632
vt 0.863845 0.155653
vt 0.865496 0.172711
vt 0.842772 0.152144
vt 0.858597 0.147126
vt 0.862070 0.147608
vt 0.820787 0.219192
vt 0.823037 0.222718
vt 0.820061 0.225578
vt 0.817177 0.221914
vt 0.831818 0.222306
vt 0.826391 0.229182
vt 0.824547 0.226207
vt 0.829145 0.220330
vt 0.875025 0.151797
vt 0.877866 0.152997
vt 0.847486 0.214515
vt 0.844620 0.214509
vt 0.811332 0.225207
vt 0.834853 0.224858
vt 0.878010 0.147126
vt 0.880813 0.150596
vt 0.847467 0.216055
vt 0.843562 0.217956
vt 0.824547 0.224600
vt 0.822812 0.229540
vt 0.817286 0.229232
vt 0.815818 0.227107
vt 0.842772 0.212271
vt 0.872256 0.158069
vt 0.873008 0.152477
vt 0.830354 0.230150
s 1
usemtl Material.005
f 953/965/1292 952/966/1293 949/967/1294 948/968/1295
f 954/969/1296 955/970/1297 951/971/1298 950/972/1299
f 950/972/1299 951/971/1298 952/966/1293 953/965/1292
f 976/973/1300 977/974/1301 955/970/1297 954/969/1296
f 950/972/1299 953/965/1292 959/975/1302 958/976/1303
f 976/973/1300 954/969/1296 960/977/1304 978/978/1305
f 954/969/1296 950/972/1299 958/976/1303 960/977/1304
f 953/965/1292 948/968/1295 957/979/1306 959/975/1302
f 968/980/1307 963/981/1308 964/982/1309 967/983/1310
f 969/984/1311 965/985/1312 966/986/1313 970/987/1314
f 965/985/1312 968/980/1307 967/983/1310 966/986/1313
f 979/988/1315 969/984/1311 970/987/1314 980/989/1316
f 965/985/1312 973/990/1317 974/991/1318 968/980/1307
f 979/988/1315 981/992/1319 975/993/1320 969/984/1311
f 969/984/1311 975/993/1320 973/990/1317 965/985/1312
f 968/980/1307 974/991/1318 972/994/1321 963/981/1308
f 983/995/1322 966/996/1323 967/997/1324 982/998/1325
f 985/999/1326 974/1000/1318 973/1001/1317 984/1002/1327
f 964/1003/1328 999/1004/1329 1002/1005/1330 990/1006/1331
f 994/1007/1332 980/1008/1333 970/1009/1334 987/1010/1335
f 989/1011/1336 961/1012/1337 962/1013/1338 988/1014/1339
f 986/1015/1340 972/1016/1321 974/1000/1318 985/999/1326
f 987/1010/1335 970/1009/1334 966/996/1323 983/995/1322
f 982/998/1325 967/997/1324 964/1003/1328 990/1006/1331
f 984/1002/1327 973/1001/1317 975/1017/1320 991/1018/1341
f 993/1019/1342 981/1020/1319 971/1021/1343 992/1022/1344
f 992/1023/1344 971/1024/1343 961/1025/1337 989/1026/1345
f 990/1006/1331 1002/1005/1330 996/1027/1346 949/1028/1347
f 991/1018/1341 975/1017/1320 981/1020/1319 993/1019/1342
f 988/1014/1339 962/1013/1338 980/1008/1333 994/1007/1332
f 961/1025/1337 971/1024/1343 981/992/1319 979/988/1315
f 961/1025/1337 979/988/1315 980/989/1316 962/1029/1338
f 946/1030/1348 976/973/1300 978/978/1305 956/1031/1349
f 946/1030/1348 947/1032/1350 977/974/1301 976/973/1300
f 947/1033/1350 988/1014/1339 994/1007/1332 977/1034/1351
f 960/1035/1352 991/1018/1341 993/1019/1342 978/1036/1353
f 986/1037/1340 1001/1038/1354 1000/1039/1355 972/1040/1321
f 956/1031/1349 992/1041/1344 989/1042/1356 946/1030/1348
f 978/1036/1353 993/1019/1342 992/1022/1344 956/1043/1349
f 958/1044/1357 984/1002/1327 991/1018/1341 960/1035/1352
f 952/1045/1358 982/998/1325 990/1006/1331 949/1028/1347
f 955/1046/1359 987/1010/1335 983/995/1322 951/1047/1360
f 957/1048/1361 986/1015/1340 985/999/1326 959/1049/1362
f 946/1050/1348 989/1011/1363 988/1014/1339 947/1033/1350
f 977/1034/1351 994/1007/1332 987/1010/1335 955/1046/1359
f 957/1048/1361 997/1051/1364 1001/1052/1354 986/1015/1340
f 959/1049/1362 985/999/1326 984/1002/1327 958/1044/1357
f 951/1047/1360 983/995/1322 982/998/1325 952/1045/1358
f 996/1053/1365 1004/1054/1366 1003/1055/1367 995/1056/1368
f 998/1057/1369 1006/1058/1370 1007/1059/1371 999/1060/1372
f 1001/1038/1354 1009/1061/1373 1008/1062/1374 1000/1039/1355
f 999/1004/1329 1007/1063/1371 1011/1064/1375 1002/1005/1330
f 949/967/1294 996/1053/1365 995/1056/1368 948/968/1295
f 963/981/1308 998/1057/1369 999/1060/1372 964/982/1309
f 948/968/1295 995/1056/1368 997/1065/1376 957/979/1306
f 972/994/1321 1000/1066/1355 998/1057/1369 963/981/1308
f 1010/1067/1377 1006/1068/1370 1008/1062/1374 1009/1061/1373
f 1011/1064/1375 1007/1063/1371 1006/1069/1370 1010/1070/1377
f 1004/1054/1378 1011/1071/1375 1010/1072/1379 1003/1055/1380
f 1003/1055/1380 1010/1072/1379 1009/1073/1373 1005/1074/1381
f 1002/1005/1330 1011/1064/1375 1004/1075/1378 996/1027/1346
f 997/1076/1364 1005/1077/1381 1009/1061/1373 1001/1038/1354
f 1000/1066/1355 1008/1078/1374 1006/1058/1370 998/1057/1369
f 995/1056/1368 1003/1055/1367 1005/1074/1382 997/1065/1376
f 1019/965/1383 1014/968/1384 1015/967/1385 1018/966/1386
f 1020/969/1387 1016/972/1388 1017/971/1389 1021/970/1390
f 1016/972/1388 1019/965/1383 1018/966/1386 1017/971/1389
f 1042/973/1391 1020/969/1387 1021/970/1390 1043/974/1392
f 1016/972/1388 1024/976/1393 1025/975/1394 1019/965/1383
f 1042/973/1391 1044/978/1395 1026/977/1396 1020/969/1387
f 1020/969/1387 1026/977/1396 1024/976/1393 1016/972/1388
f 1019/965/1383 1025/975/1394 1023/979/1397 1014/968/1384
f 1034/980/1398 1033/983/1399 1030/982/1400 1029/981/1401
f 1035/984/1402 1036/987/1403 1032/986/1404 1031/985/1405
f 1031/985/1405 1032/986/1404 1033/983/1399 1034/980/1398
f 1045/988/1406 1046/989/1407 1036/987/1403 1035/984/1402
f 1031/985/1405 1034/980/1398 1040/991/1408 1039/990/1409
f 1045/988/1406 1035/984/1402 1041/993/1410 1047/992/1411
f 1035/984/1402 1031/985/1405 1039/990/1409 1041/993/1410
f 1034/980/1398 1029/981/1401 1038/994/1412 1040/991/1408
f 1049/995/1413 1048/998/1414 1033/997/1415 1032/996/1416
f 1051/999/1417 1050/1002/1418 1039/1001/1409 1040/1000/1408
f 1030/1003/1419 1056/1006/1420 1068/1005/1421 1065/1004/1422
f 1060/1007/1423 1053/1010/1424 1036/1009/1425 1046/1008/1426
f 1055/1011/1427 1054/1014/1428 1028/1013/1429 1027/1012/1430
f 1052/1015/1431 1051/999/1417 1040/1000/1408 1038/1016/1412
f 1053/1010/1424 1049/995/1413 1032/996/1416 1036/1009/1425
f 1048/998/1414 1056/1006/1420 1030/1003/1419 1033/997/1415
f 1050/1002/1418 1057/1018/1432 1041/1017/1410 1039/1001/1409
f 1059/1019/1433 1058/1022/1434 1037/1021/1435 1047/1020/1411
f 1058/1023/1434 1055/1026/1436 1027/1025/1430 1037/1024/1435
f 1056/1006/1420 1015/1028/1437 1062/1027/1438 1068/1005/1421
f 1057/1018/1432 1059/1019/1433 1047/1020/1411 1041/1017/1410
f 1054/1014/1428 1060/1007/1423 1046/1008/1426 1028/1013/1429
f 1027/1025/1430 1045/988/1406 1047/992/1411 1037/1024/1435
f 1027/1025/1430 1028/1029/1429 1046/989/1407 1045/988/1406
f 1012/1030/1439 1022/1031/1440 1044/978/1395 1042/973/1391
f 1012/1030/1439 1042/973/1391 1043/974/1392 1013/1032/1441
f 1013/1033/1441 1043/1034/1442 1060/1007/1423 1054/1014/1428
f 1026/1035/1443 1044/1036/1444 1059/1019/1433 1057/1018/1432
f 1052/1037/1431 1038/1040/1412 1066/1039/1445 1067/1038/1446
f 1022/1031/1440 1012/1030/1439 1055/1042/1447 1058/1041/1434
f 1044/1036/1444 1022/1043/1440 1058/1022/1434 1059/1019/1433
f 1024/1044/1448 1026/1035/1443 1057/1018/1432 1050/1002/1418
f 1018/1045/1449 1015/1028/1437 1056/1006/1420 1048/998/1414
f 1021/1046/1450 1017/1047/1451 1049/995/1413 1053/1010/1424
f 1023/1048/1452 1025/1049/1453 1051/999/1417 1052/1015/1431
f 1012/1050/1439 1013/1033/1441 1054/1014/1428 1055/1011/1454
f 1043/1034/1442 1021/1046/1450 1053/1010/1424 1060/1007/1423
f 1023/1048/1452 1052/1015/1431 1067/1052/1446 1063/1051/1455
f 1025/1049/1453 1024/1044/1448 1050/1002/1418 1051/999/1417
f 1017/1047/1451 1018/1045/1449 1048/998/1414 1049/995/1413
f 1062/1053/1456 1061/1056/1457 1069/1055/1458 1070/1054/1459
f 1064/1057/1460 1065/1060/1461 1073/1059/1462 1072/1058/1463
f 1067/1038/1446 1066/1039/1445 1074/1062/1464 1075/1061/1465
f 1065/1004/1422 1068/1005/1421 1077/1064/1466 1073/1063/1462
f 1015/967/1385 1014/968/1384 1061/1056/1457 1062/1053/1456
f 1029/981/1401 1030/982/1400 1065/1060/1461 1064/1057/1460
f 1014/968/1384 1023/979/1397 1063/1065/1467 1061/1056/1457
f 1038/994/1412 1029/981/1401 1064/1057/1460 1066/1066/1445
f 1076/1067/1468 1075/1061/1465 1074/1062/1464 1072/1068/1463
f 1077/1064/1466 1076/1070/1468 1072/1069/1463 1073/1063/1462
f 1070/1054/1469 1069/1055/1470 1076/1072/1471 1077/1071/1466
f 1069/1055/1470 1071/1074/1472 1075/1073/1465 1076/1072/1471
f 1068/1005/1421 1062/1027/1438 1070/1075/1469 1077/1064/1466
f 1063/1076/1455 1067/1038/1446 1075/1061/1465 1071/1077/1472
f 1066/1066/1445 1064/1057/1460 1072/1058/1463 1074/1078/1464
f 1061/1056/1457 1063/1065/1467 1071/1074/1473 1069/1055/1458
o Ponytal
v -0.667015 0.585960 -0.000000
v -0.640527 0.707044 -0.000000
v -0.747364 0.989990 -0.000000
v -0.656370 0.946115 -0.000000
v -0.838941 0.762817 -0.000000
v -0.821523 0.906827 -0.000000
v -0.795749 0.616780 -0.000000
v -0.870678 1.051958 -0.000000
v -0.893645 0.948775 -0.000000
v -1.040926 1.133580 -0.000000
v -1.063250 0.982742 -0.000000
v -1.205219 1.140924 -0.000000
v -1.186525 0.974731 -0.000000
v -1.450657 1.092144 -0.000000
v -1.386731 0.942295 -0.000000
v -1.486342 1.008849 -0.000000
v -0.914532 0.762938 -0.000000
v -0.887152 0.905271 -0.000000
v -1.098568 0.690074 -0.000000
v -1.085804 0.891702 -0.000000
v -1.302244 0.600142 -0.000000
v -1.328058 0.809676 -0.000000
v -1.466249 0.496076 -0.000000
v -1.529603 0.702625 -0.000000
v -1.609819 0.362942 -0.000000
v -1.699943 0.551190 -0.000000
v -1.730671 0.364933 -0.000000
v -0.964370 0.665740 -0.000000
v -0.896837 0.540878 -0.000000
v -1.202392 0.517391 -0.000000
v -1.066208 0.350341 -0.000000
v -1.374972 0.345151 -0.000000
v -1.208016 0.166781 -0.000000
v -1.484174 0.161925 -0.000000
v -1.287373 0.006439 -0.000000
v -1.540610 0.008611 -0.000000
v -1.376747 -0.122026 -0.000000
v -1.497279 -0.142271 -0.000000
v -0.737810 0.418750 -0.000000
v -0.860285 0.510719 -0.000000
v -0.789875 0.169604 -0.000000
v -0.965301 0.185398 -0.000000
v -0.785583 0.053547 -0.000000
v -0.950125 0.025307 -0.000000
v -0.861656 -0.029268 -0.000000
v -0.594339 0.777097 -0.000000
v -0.601444 0.912050 -0.000000
v -0.581487 0.846859 -0.000000
v -0.585618 0.877605 -0.000000
v -0.587707 0.805537 -0.000000
v -0.704454 0.608697 -0.067031
v -0.648358 0.713614 -0.058862
v -0.763133 0.965090 -0.049452
v -0.676119 0.934075 -0.047374
v -0.792854 0.776417 -0.065340
v -0.680534 0.822913 -0.086534
v -0.675349 0.890162 -0.078835
v -0.777250 0.893456 -0.052849
v -0.762667 0.680997 -0.068863
v -0.671342 0.755604 -0.087278
v -0.893164 1.025246 -0.053292
v -0.898377 0.968381 -0.057101
v -1.062564 1.075139 -0.060653
v -1.064212 1.011352 -0.062975
v -1.237420 1.096756 -0.082521
v -1.228010 0.990530 -0.082934
v -1.401250 1.076989 -0.082799
v -1.369535 0.973783 -0.081669
v -1.312616 1.039871 -0.126950
v -1.413479 1.020560 -0.099785
v -0.930417 0.781174 -0.068726
v -0.914473 0.859899 -0.064079
v -1.108056 0.734378 -0.079495
v -1.112322 0.822116 -0.075425
v -1.295877 0.652721 -0.093386
v -1.323272 0.749502 -0.089884
v -1.468840 0.520783 -0.114423
v -1.505248 0.656810 -0.107657
v -1.586114 0.424402 -0.115398
v -1.634686 0.551951 -0.110122
v -1.553878 0.539350 -0.155498
v -1.630151 0.468242 -0.130025
v -0.972923 0.627052 -0.079464
v -0.933257 0.563703 -0.080656
v -1.152265 0.475329 -0.094928
v -1.101321 0.397671 -0.095538
v -1.311047 0.312426 -0.111343
v -1.232144 0.233101 -0.110736
v -1.441074 0.155090 -0.127421
v -1.318785 0.051462 -0.125984
v -1.496039 0.027487 -0.119706
v -1.382727 -0.063870 -0.118306
v -1.412480 0.038842 -0.167111
v -1.449627 -0.038275 -0.134009
v -0.767358 0.436762 -0.077873
v -0.833706 0.470953 -0.080508
v -0.810600 0.196789 -0.090303
v -0.920683 0.214958 -0.093779
v -0.817903 0.076588 -0.081671
v -0.923281 0.070180 -0.085545
v -0.871212 0.055599 -0.097246
v -0.870904 0.133416 -0.128188
v -0.614403 0.764215 -0.043290
v -0.625028 0.912601 -0.035094
v -0.616214 0.842476 -0.050863
v -0.619091 0.884341 -0.047373
v -0.614215 0.798124 -0.052389
v -0.704454 0.608697 0.067031
v -0.648358 0.713614 0.058862
v -0.763133 0.965090 0.049451
v -0.676119 0.934075 0.047374
v -0.792854 0.776417 0.065340
v -0.680534 0.822913 0.086533
v -0.675349 0.890162 0.078835
v -0.777250 0.893456 0.052849
v -0.762667 0.680997 0.068863
v -0.671342 0.755604 0.087277
v -0.893164 1.025246 0.053292
v -0.898377 0.968381 0.057100
v -1.062564 1.075139 0.060653
v -1.064212 1.011352 0.062975
v -1.237420 1.096756 0.082521
v -1.228010 0.990530 0.082934
v -1.401250 1.076989 0.082799
v -1.369535 0.973783 0.081668
v -1.312616 1.039871 0.126950
v -1.413479 1.020560 0.099785
v -0.930417 0.781174 0.068726
v -0.914473 0.859899 0.064078
v -1.108056 0.734378 0.079495
v -1.112322 0.822116 0.075425
v -1.295877 0.652721 0.093385
v -1.323272 0.749502 0.089884
v -1.468840 0.520783 0.114422
v -1.505248 0.656810 0.107656
v -1.586114 0.424402 0.115397
v -1.634686 0.551951 0.110122
v -1.553878 0.539350 0.155498
v -1.630151 0.468242 0.130025
v -0.972923 0.627052 0.079463
v -0.933257 0.563703 0.080655
v -1.152265 0.475329 0.094928
v -1.101321 0.397671 0.095538
v -1.311047 0.312426 0.111343
v -1.232144 0.233101 0.110736
v -1.441074 0.155090 0.127420
v -1.318785 0.051462 0.125984
v -1.496039 0.027487 0.119706
v -1.382727 -0.063870 0.118306
v -1.412480 0.038842 0.167111
v -1.449627 -0.038275 0.134009
v -0.767358 0.436762 0.077873
v -0.833706 0.470953 0.080508
v -0.810600 0.196789 0.090303
v -0.920683 0.214958 0.093779
v -0.817903 0.076588 0.081671
v -0.923281 0.070180 0.085544
v -0.871212 0.055599 0.097245
v -0.870904 0.133416 0.128187
v -0.614403 0.764215 0.043290
v -0.625028 0.912601 0.035094
v -0.616214 0.842476 0.050863
v -0.619091 0.884341 0.047373
v -0.614215 0.798124 0.052389
vn -0.0816 0.2805 -0.9564
vn 0.2019 0.5245 -0.8271
vn 0.2895 0.6450 -0.7072
vn 0.1624 0.2581 -0.9524
vn 0.0233 -0.0284 -0.9993
vn -0.0787 0.0546 -0.9954
vn 0.1146 0.0770 -0.9904
vn 0.2179 -0.0822 -0.9725
vn 0.5260 -0.1926 -0.8284
vn 0.6458 -0.3199 -0.6932
vn 0.0555 0.0474 -0.9973
vn 0.2164 0.4458 -0.8686
vn 0.1331 0.0382 -0.9904
vn 0.1837 0.4549 -0.8714
vn 0.1759 -0.6223 -0.7627
vn -0.0397 0.0282 -0.9988
vn 0.0411 0.6024 -0.7971
vn -0.1479 -0.7985 -0.5835
vn -0.3374 -0.7006 -0.6287
vn -0.5385 0.4680 -0.7007
vn -0.3954 0.6839 -0.6132
vn 0.0465 0.0616 -0.9970
vn -0.0281 0.4868 -0.8731
vn 0.0500 0.0494 -0.9975
vn -0.0828 0.4771 -0.8749
vn 0.1088 0.0702 -0.9916
vn -0.1410 0.5004 -0.8542
vn 0.4609 -0.4805 -0.7462
vn -0.0756 0.0513 -0.9958
vn -0.2769 0.5268 -0.8036
vn 0.2660 -0.7298 -0.6297
vn -0.4086 -0.2345 -0.8821
vn 0.0433 0.0448 -0.9981
vn 0.0426 0.0451 -0.9981
vn -0.6416 0.4316 -0.6341
vn 0.4066 -0.2857 -0.8678
vn -0.2941 0.4204 -0.8584
vn 0.4741 -0.2070 -0.8558
vn -0.3432 0.3873 -0.8557
vn 0.5702 -0.2717 -0.7753
vn -0.0701 -0.0693 -0.9951
vn -0.5218 0.3355 -0.7843
vn 0.4179 -0.6431 -0.6417
vn -0.3229 -0.4636 -0.8251
vn 0.5356 -0.0934 -0.8393
vn 0.0614 0.0670 -0.9959
vn -0.7971 0.0359 -0.6027
vn 0.6376 -0.0431 -0.7692
vn 0.0002 -0.1190 -0.9929
vn -0.6019 0.1284 -0.7882
vn 0.7357 -0.3157 -0.5993
vn 0.0397 -0.5482 -0.8354
vn 0.5710 0.6051 -0.5549
vn 0.6482 0.2694 -0.7122
vn -0.6900 -0.3299 -0.6443
vn 0.7242 -0.0611 -0.6869
vn 0.8093 -0.3229 -0.4906
vn 0.6809 0.0550 -0.7303
vn -0.8985 0.4391 -0.0000
vn -0.8406 0.1205 -0.5281
vn -0.9953 0.0970 -0.0000
vn -0.8138 -0.5811 -0.0000
vn 0.0210 -0.8426 -0.5381
vn 0.4547 -0.8907 -0.0000
vn -0.0509 -0.9987 -0.0000
vn -0.0321 -0.9393 -0.3415
vn -0.3339 -0.8916 -0.3058
vn -0.3905 -0.9206 -0.0000
vn 0.9044 -0.4267 -0.0000
vn 0.9959 -0.0905 -0.0000
vn -0.1298 0.9915 -0.0000
vn -0.1451 0.7847 -0.6027
vn -0.8829 0.4696 -0.0000
vn -0.9997 -0.0226 -0.0000
vn 0.0896 -0.7830 -0.6155
vn 0.3740 -0.9274 -0.0000
vn 0.3339 -0.8352 -0.4370
vn 0.1654 -0.9244 -0.3437
vn 0.1325 -0.9912 -0.0000
vn 0.8722 -0.4891 -0.0000
vn 0.2036 0.7511 -0.6281
vn 0.0086 1.0000 -0.0000
vn -0.6195 0.7850 -0.0000
vn -0.5939 0.7526 -0.2843
vn -0.5415 0.7412 -0.3967
vn -0.6015 0.7989 -0.0000
vn 0.1298 -0.9915 -0.0000
vn 0.6620 -0.7495 -0.0000
vn 0.5977 -0.6495 -0.4700
vn 0.5345 -0.7252 -0.4341
vn 0.5933 -0.8050 -0.0000
vn -0.3676 0.9300 -0.0000
vn -0.9354 -0.3537 -0.0000
vn -0.5814 -0.8136 -0.0000
vn -0.2545 -0.9671 -0.0000
vn 0.8094 0.2158 -0.5462
vn 0.7796 0.6262 -0.0000
vn 0.5219 -0.8530 -0.0000
vn 0.4561 -0.8019 -0.3858
vn -0.6816 0.7317 -0.0000
vn -0.6381 0.7700 -0.0000
vn 0.9951 -0.0988 -0.0000
vn 0.8412 0.0400 -0.5393
vn 0.7719 -0.6358 -0.0000
vn -0.5480 0.8365 -0.0000
vn -0.9150 0.4035 -0.0000
vn -0.8765 0.3865 -0.2868
vn -0.8787 0.3329 -0.3423
vn -0.9287 0.3709 -0.0000
vn 0.9483 -0.3172 -0.0000
vn 0.6271 -0.7789 -0.0000
vn 0.9655 -0.2604 -0.0000
vn 0.9398 -0.3417 -0.0000
vn -0.7808 0.3321 -0.5292
vn -0.7603 0.6496 -0.0000
vn -0.1628 -0.7790 -0.6055
vn 0.1954 -0.9807 -0.0000
vn 0.8701 -0.4929 -0.0000
vn 0.4549 0.8905 -0.0000
vn 0.4159 0.9094 -0.0000
vn 0.3373 0.7416 -0.5799
vn 0.9002 -0.4355 -0.0000
vn -0.5003 -0.8355 -0.2273
vn -0.5137 -0.8579 -0.0000
vn -0.1427 0.9898 -0.0000
vn -0.0185 -0.9718 -0.2349
vn -0.0190 -0.9998 -0.0000
vn -0.0816 0.2805 0.9564
vn 0.1624 0.2581 0.9524
vn 0.2895 0.6450 0.7072
vn 0.2019 0.5245 0.8271
vn 0.0233 -0.0284 0.9993
vn 0.2179 -0.0822 0.9725
vn 0.1146 0.0770 0.9904
vn -0.0787 0.0546 0.9954
vn 0.5260 -0.1926 0.8284
vn 0.6458 -0.3199 0.6932
vn 0.2164 0.4458 0.8686
vn 0.0555 0.0474 0.9973
vn 0.1837 0.4549 0.8714
vn 0.1331 0.0382 0.9904
vn 0.0411 0.6024 0.7971
vn -0.0397 0.0282 0.9988
vn 0.1759 -0.6223 0.7627
vn -0.3374 -0.7006 0.6287
vn -0.1479 -0.7985 0.5835
vn -0.5385 0.4680 0.7007
vn -0.3954 0.6839 0.6132
vn -0.0281 0.4868 0.8731
vn 0.0465 0.0616 0.9970
vn -0.0828 0.4771 0.8749
vn 0.0500 0.0494 0.9975
vn -0.1410 0.5004 0.8542
vn 0.1088 0.0702 0.9916
vn -0.2769 0.5268 0.8036
vn -0.0756 0.0513 0.9958
vn 0.4609 -0.4805 0.7462
vn -0.4086 -0.2345 0.8821
vn 0.2660 -0.7298 0.6297
vn 0.0426 0.0451 0.9981
vn 0.0433 0.0448 0.9981
vn -0.6416 0.4316 0.6341
vn -0.2941 0.4204 0.8584
vn 0.4066 -0.2857 0.8678
vn -0.3432 0.3873 0.8557
vn 0.4741 -0.2070 0.8558
vn -0.5218 0.3355 0.7843
vn -0.0701 -0.0693 0.9951
vn 0.5702 -0.2717 0.7753
vn -0.3229 -0.4636 0.8251
vn 0.4179 -0.6431 0.6417
vn 0.0614 0.0670 0.9959
vn 0.5356 -0.0934 0.8393
vn -0.7971 0.0359 0.6027
vn -0.6019 0.1284 0.7882
vn 0.0002 -0.1190 0.9929
vn 0.6376 -0.0431 0.7692
vn 0.0397 -0.5482 0.8354
vn 0.7357 -0.3157 0.5993
vn 0.6482 0.2694 0.7122
vn 0.5710 0.6051 0.5549
vn -0.6900 -0.3299 0.6443
vn 0.8093 -0.3229 0.4906
vn 0.7242 -0.0611 0.6869
vn 0.6809 0.0550 0.7303
vn -0.8406 0.1205 0.5281
vn 0.0210 -0.8426 0.5381
vn -0.3339 -0.8916 0.3058
vn -0.0321 -0.9393 0.3415
vn -0.1451 0.7847 0.6027
vn 0.0896 -0.7830 0.6155
vn 0.1654 -0.9244 0.3437
vn 0.3339 -0.8352 0.4370
vn 0.2036 0.7511 0.6281
vn -0.5415 0.7412 0.3967
vn -0.5939 0.7526 0.2843
vn 0.5345 -0.7252 0.4341
vn 0.5977 -0.6495 0.4700
vn 0.8094 0.2158 0.5462
vn 0.4561 -0.8019 0.3858
vn 0.8412 0.0400 0.5393
vn -0.8787 0.3329 0.3423
vn -0.8765 0.3865 0.2868
vn -0.7808 0.3321 0.5292
vn -0.1628 -0.7790 0.6055
vn 0.3373 0.7416 0.5799
vn -0.5003 -0.8355 0.2273
vn -0.0185 -0.9718 0.2349
vt 0.791386 0.132707
vt 0.791757 0.126073
vt 0.799970 0.127755
vt 0.800338 0.131776
vt 0.795292 0.151679
vt 0.791389 0.143468
vt 0.800674 0.137913
vt 0.802357 0.143854
vt 0.801453 0.157442
vt 0.805197 0.147269
vt 0.779534 0.127512
vt 0.779301 0.122320
vt 0.764073 0.125765
vt 0.763419 0.119999
vt 0.749498 0.129767
vt 0.740910 0.126513
vt 0.747291 0.120328
vt 0.700524 0.121510
vt 0.700179 0.117825
vt 0.701181 0.116306
vt 0.702191 0.118954
vt 0.732352 0.129461
vt 0.732865 0.124186
vt 0.778974 0.144793
vt 0.779429 0.137496
vt 0.763571 0.151285
vt 0.762094 0.143434
vt 0.747677 0.161051
vt 0.744007 0.152681
vt 0.733701 0.175171
vt 0.725496 0.174684
vt 0.728746 0.163376
vt 0.724427 0.185334
vt 0.719794 0.181985
vt 0.781418 0.164428
vt 0.777059 0.159228
vt 0.719478 0.118314
vt 0.720737 0.119927
vt 0.720823 0.123971
vt 0.718999 0.120998
vt 0.768372 0.181538
vt 0.762814 0.175195
vt 0.758641 0.198044
vt 0.750546 0.191909
vt 0.753088 0.215526
vt 0.744509 0.217955
vt 0.740786 0.207757
vt 0.748909 0.226695
vt 0.742453 0.225281
vt 0.797939 0.173738
vt 0.791532 0.171510
vt 0.737569 0.219916
vt 0.797049 0.195911
vt 0.792141 0.202475
vt 0.786923 0.195682
vt 0.798014 0.206797
vt 0.793377 0.209402
vt 0.804927 0.129008
vt 0.805719 0.131506
vt 0.788623 0.208721
vt 0.697686 0.136389
vt 0.696307 0.138143
vt 0.695955 0.137278
vt 0.696552 0.135596
vt 0.806486 0.135246
vt 0.807223 0.139215
vt 0.723721 0.118546
vt 0.722229 0.114198
vt 0.705823 0.128923
vt 0.708687 0.127955
vt 0.708819 0.131607
vt 0.706425 0.132767
vt 0.702647 0.138282
vt 0.702733 0.141487
vt 0.701360 0.141318
vt 0.700681 0.138916
vt 0.698427 0.125760
vt 0.700392 0.125695
vt 0.699843 0.130510
vt 0.698142 0.130621
vt 0.694220 0.117218
vt 0.696777 0.117541
vt 0.697338 0.120640
vt 0.694666 0.120034
vt 0.721110 0.137610
vt 0.719424 0.136518
vt 0.720245 0.132938
vt 0.722420 0.134482
vt 0.715582 0.116736
vt 0.712952 0.117183
vt 0.712811 0.114430
vt 0.715179 0.113536
vt 0.701554 0.131834
vt 0.703422 0.132090
vt 0.703617 0.133118
vt 0.701318 0.133753
vt 0.708819 0.114122
vt 0.711419 0.114122
vt 0.711217 0.118510
vt 0.709211 0.118586
vt 0.718640 0.133571
vt 0.716147 0.132757
vt 0.715841 0.130135
vt 0.718568 0.130450
vt 0.765119 0.114311
vt 0.750305 0.115735
vt 0.714236 0.133682
vt 0.712811 0.134453
vt 0.713026 0.130049
vt 0.714600 0.130725
vt 0.698235 0.122499
vt 0.718385 0.117268
vt 0.716568 0.117341
vt 0.717267 0.113536
vt 0.718640 0.114911
vt 0.720769 0.128451
vt 0.723414 0.129293
vt 0.704471 0.139136
vt 0.703989 0.141501
vt 0.698422 0.114122
vt 0.697686 0.117365
vt 0.694906 0.140379
vt 0.696526 0.140200
vt 0.696367 0.140789
vt 0.695196 0.141015
vt 0.705411 0.119936
vt 0.702515 0.119095
vt 0.703265 0.114122
vt 0.705823 0.114586
vt 0.706012 0.136291
vt 0.705483 0.137915
vt 0.703361 0.137518
vt 0.702560 0.135865
vt 0.713200 0.125613
vt 0.715475 0.125723
vt 0.694680 0.138565
vt 0.696441 0.139211
vt 0.694756 0.139674
vt 0.718265 0.122287
vt 0.716063 0.121946
vt 0.723884 0.124161
vt 0.706822 0.115909
vt 0.708772 0.120356
vt 0.706292 0.119397
vt 0.694654 0.137769
vt 0.705402 0.124967
vt 0.702191 0.125012
vt 0.694964 0.126922
vt 0.697376 0.127149
vt 0.697008 0.132246
vt 0.694778 0.132036
vt 0.702518 0.138266
vt 0.700979 0.136501
vt 0.713158 0.121202
vt 0.715775 0.120994
vt 0.704748 0.134176
vt 0.704519 0.135314
vt 0.702064 0.135804
vt 0.718281 0.126897
vt 0.715775 0.126131
vt 0.807344 0.128669
vt 0.801985 0.126300
vt 0.793268 0.123507
vt 0.781422 0.119496
vt 0.694910 0.135400
vt 0.698912 0.134391
vt 0.697686 0.132917
vt 0.705823 0.130331
vt 0.702384 0.129116
vt 0.720651 0.138582
vt 0.718999 0.139143
vt 0.694754 0.114122
vt 0.697686 0.116326
vt 0.710639 0.122207
vt 0.708973 0.120614
s 1
usemtl Material.004
f 1135/1079/1474 1130/1080/1475 1131/1081/1476 1134/1082/1477
f 1136/1083/1478 1132/1084/1479 1133/1085/1480 1137/1086/1481
f 1132/1084/1479 1135/1079/1474 1134/1082/1477 1133/1085/1480
f 1128/1087/1482 1136/1083/1478 1137/1086/1481 1129/1088/1483
f 1135/1079/1474 1139/1089/1484 1138/1090/1485 1130/1080/1475
f 1139/1089/1484 1141/1091/1486 1140/1092/1487 1138/1090/1485
f 1141/1091/1486 1143/1093/1488 1146/1094/1489 1142/1095/1490 1140/1092/1487
f 1143/1096/1488 1145/1097/1491 1147/1098/1492 1146/1099/1489
f 1147/1100/1493 1144/1101/1494 1142/1095/1490 1146/1094/1489
f 1132/1084/1479 1148/1102/1495 1149/1103/1496 1135/1079/1474
f 1148/1102/1495 1150/1104/1497 1151/1105/1498 1149/1103/1496
f 1150/1104/1497 1152/1106/1499 1153/1107/1500 1151/1105/1498
f 1152/1106/1499 1154/1108/1501 1158/1109/1502 1155/1110/1503 1153/1107/1500
f 1154/1108/1501 1156/1111/1504 1159/1112/1505 1158/1109/1502
f 1136/1083/1478 1161/1113/1506 1160/1114/1507 1132/1084/1479
f 1159/1115/1505 1157/1116/1508 1155/1117/1503 1158/1118/1502
f 1161/1113/1506 1163/1119/1509 1162/1120/1510 1160/1114/1507
f 1163/1119/1509 1165/1121/1511 1164/1122/1512 1162/1120/1510
f 1165/1121/1511 1167/1123/1513 1170/1124/1514 1166/1125/1515 1164/1122/1512
f 1167/1123/1513 1169/1126/1516 1171/1127/1517 1170/1124/1514
f 1128/1087/1482 1172/1128/1518 1173/1129/1519 1136/1083/1478
f 1171/1127/1517 1168/1130/1520 1166/1125/1515 1170/1124/1514
f 1172/1128/1518 1174/1131/1521 1179/1132/1522 1175/1133/1523 1173/1129/1519
f 1174/1131/1521 1176/1134/1524 1178/1135/1525 1179/1132/1522
f 1131/1081/1476 1181/1136/1526 1183/1137/1527 1134/1082/1477
f 1178/1135/1525 1177/1138/1528 1175/1133/1523 1179/1132/1522
f 1137/1139/1481 1184/1140/1529 1180/1141/1530 1129/1142/1483
f 1134/1082/1477 1183/1137/1527 1182/1143/1531 1133/1085/1480
f 1133/1085/1480 1182/1143/1531 1184/1144/1529 1137/1086/1481
f 1103/1145/1532 1157/1116/1508 1159/1115/1505 1104/1146/1533
f 1119/1147/1534 1175/1148/1523 1177/1149/1528 1121/1150/1535
f 1115/1151/1536 1171/1152/1517 1169/1153/1516 1114/1154/1537
f 1088/1155/1538 1141/1156/1539 1139/1157/1540 1086/1158/1541
f 1120/1159/1542 1176/1160/1524 1174/1161/1521 1118/1162/1543
f 1095/1163/1544 1149/1164/1496 1151/1165/1498 1097/1166/1545
f 1111/1167/1546 1166/1168/1515 1168/1169/1520 1113/1170/1547
f 1121/1171/1535 1177/1172/1528 1178/1173/1525 1122/1174/1548
f 1096/1175/1549 1150/1176/1550 1148/1177/1551 1094/1178/1552
f 1114/1179/1537 1169/1180/1516 1167/1181/1513 1112/1182/1553
f 1087/1183/1554 1140/1092/1487 1142/1095/1490 1089/1184/1555
f 1082/1185/1556 1132/1186/1557 1160/1187/1558 1105/1188/1559
f 1090/1189/1560 1143/1096/1488 1141/1156/1539 1088/1155/1538
f 1106/1190/1561 1161/1191/1562 1136/1192/1563 1084/1193/1564
f 1097/1166/1545 1151/1165/1498 1153/1194/1500 1099/1195/1565
f 1113/1196/1547 1168/1197/1520 1171/1152/1517 1115/1151/1566
f 1093/1198/1567 1147/1098/1492 1145/1097/1491 1092/1199/1568
f 1126/1200/1569 1183/1201/1527 1181/1202/1526 1124/1203/1570
f 1098/1204/1571 1152/1205/1572 1150/1206/1550 1096/1207/1549
f 1089/1208/1555 1142/1209/1490 1144/1210/1494 1091/1211/1573
f 1105/1188/1559 1160/1187/1558 1162/1212/1510 1107/1213/1574
f 1127/1214/1575 1184/1140/1529 1182/1215/1531 1125/1216/1576
f 1092/1199/1568 1145/1097/1491 1143/1096/1488 1090/1189/1560
f 1108/1217/1577 1163/1218/1509 1161/1191/1562 1106/1190/1561
f 1125/1216/1576 1182/1215/1531 1183/1201/1527 1126/1200/1569
f 1099/1195/1565 1153/1194/1500 1155/1117/1503 1101/1219/1578
f 1084/1220/1579 1136/1175/1580 1173/1221/1581 1117/1222/1582
f 1123/1223/1583 1180/1141/1530 1184/1140/1529 1127/1214/1575
f 1100/1224/1584 1154/1225/1501 1152/1205/1572 1098/1204/1571
f 1116/1226/1585 1172/1227/1518 1128/1228/1482 1078/1229/1586
f 1091/1211/1573 1144/1210/1494 1147/1230/1493 1093/1231/1587
f 1107/1213/1574 1162/1212/1510 1164/1232/1512 1109/1233/1588
f 1104/1174/1589 1159/1234/1505 1156/1235/1504 1102/1236/1590
f 1110/1237/1591 1165/1238/1511 1163/1218/1509 1108/1217/1577
f 1124/1239/1570 1181/1136/1526 1131/1081/1476 1081/1240/1592
f 1080/1241/1593 1130/1080/1475 1138/1090/1485 1085/1242/1594
f 1101/1219/1578 1155/1117/1503 1157/1116/1508 1103/1145/1532
f 1117/1222/1582 1173/1221/1581 1175/1148/1523 1119/1147/1534
f 1078/1229/1586 1128/1228/1482 1129/1142/1483 1079/1243/1595
f 1079/1243/1595 1129/1142/1483 1180/1141/1530 1123/1223/1583
f 1086/1158/1541 1139/1157/1540 1135/1244/1596 1083/1245/1597
f 1102/1246/1590 1156/1247/1504 1154/1225/1501 1100/1224/1584
f 1118/1162/1543 1174/1161/1521 1172/1227/1518 1116/1226/1585
f 1083/1248/1598 1135/1249/1474 1149/1164/1496 1095/1163/1544
f 1109/1233/1588 1164/1232/1512 1166/1168/1515 1111/1167/1546
f 1122/1250/1548 1178/1251/1525 1176/1160/1524 1120/1159/1542
f 1081/1240/1592 1131/1081/1476 1130/1080/1475 1080/1241/1593
f 1094/1178/1552 1148/1177/1551 1132/1252/1599 1082/1253/1600
f 1112/1182/1553 1167/1181/1513 1165/1238/1511 1110/1237/1591
f 1085/1242/1594 1138/1090/1485 1140/1092/1487 1087/1183/1554
f 1192/1079/1601 1191/1082/1602 1188/1081/1603 1187/1080/1604
f 1193/1083/1605 1194/1086/1606 1190/1085/1607 1189/1084/1608
f 1189/1084/1608 1190/1085/1607 1191/1082/1602 1192/1079/1601
f 1185/1087/1609 1186/1088/1610 1194/1086/1606 1193/1083/1605
f 1192/1079/1601 1187/1080/1604 1195/1090/1611 1196/1089/1612
f 1196/1089/1612 1195/1090/1611 1197/1092/1613 1198/1091/1614
f 1198/1091/1614 1197/1092/1613 1199/1095/1615 1203/1094/1616 1200/1093/1617
f 1200/1096/1617 1203/1099/1616 1204/1098/1618 1202/1097/1619
f 1204/1100/1620 1203/1094/1616 1199/1095/1615 1201/1101/1621
f 1189/1084/1608 1192/1079/1601 1206/1103/1622 1205/1102/1623
f 1205/1102/1623 1206/1103/1622 1208/1105/1624 1207/1104/1625
f 1207/1104/1625 1208/1105/1624 1210/1107/1626 1209/1106/1627
f 1209/1106/1627 1210/1107/1626 1212/1110/1628 1215/1109/1629 1211/1108/1630
f 1211/1108/1630 1215/1109/1629 1216/1112/1631 1213/1111/1632
f 1193/1083/1605 1189/1084/1608 1217/1114/1633 1218/1113/1634
f 1216/1115/1631 1215/1118/1629 1212/1117/1628 1214/1116/1635
f 1218/1113/1634 1217/1114/1633 1219/1120/1636 1220/1119/1637
f 1220/1119/1637 1219/1120/1636 1221/1122/1638 1222/1121/1639
f 1222/1121/1639 1221/1122/1638 1223/1125/1640 1227/1124/1641 1224/1123/1642
f 1224/1123/1642 1227/1124/1641 1228/1127/1643 1226/1126/1644
f 1185/1087/1609 1193/1083/1605 1230/1129/1645 1229/1128/1646
f 1228/1127/1643 1227/1124/1641 1223/1125/1640 1225/1130/1647
f 1229/1128/1646 1230/1129/1645 1232/1133/1648 1236/1132/1649 1231/1131/1650
f 1231/1131/1650 1236/1132/1649 1235/1135/1651 1233/1134/1652
f 1188/1081/1603 1191/1082/1602 1240/1137/1653 1238/1136/1654
f 1235/1135/1651 1236/1132/1649 1232/1133/1648 1234/1138/1655
f 1194/1139/1606 1186/1142/1610 1237/1141/1656 1241/1140/1657
f 1191/1082/1602 1190/1085/1607 1239/1143/1658 1240/1137/1653
f 1190/1085/1607 1194/1086/1606 1241/1144/1657 1239/1143/1658
f 1103/1145/1532 1104/1146/1659 1216/1115/1631 1214/1116/1635
f 1119/1147/1534 1121/1150/1535 1234/1149/1655 1232/1148/1648
f 1115/1151/1660 1114/1154/1537 1226/1153/1644 1228/1152/1643
f 1088/1155/1538 1086/1158/1541 1196/1157/1661 1198/1156/1662
f 1120/1159/1542 1118/1162/1543 1231/1161/1650 1233/1160/1652
f 1095/1163/1544 1097/1166/1663 1208/1165/1624 1206/1164/1622
f 1111/1167/1546 1113/1170/1547 1225/1169/1647 1223/1168/1640
f 1121/1171/1535 1122/1174/1664 1235/1173/1651 1234/1172/1655
f 1096/1175/1549 1094/1178/1552 1205/1177/1665 1207/1176/1666
f 1114/1179/1537 1112/1182/1553 1224/1181/1642 1226/1180/1644
f 1087/1183/1667 1089/1184/1555 1199/1095/1615 1197/1092/1613
f 1082/1185/1556 1105/1188/1559 1217/1187/1668 1189/1186/1669
f 1090/1189/1560 1088/1155/1538 1198/1156/1662 1200/1096/1617
f 1106/1190/1561 1084/1193/1564 1193/1192/1670 1218/1191/1671
f 1097/1166/1663 1099/1195/1565 1210/1194/1626 1208/1165/1624
f 1113/1196/1547 1115/1151/1566 1228/1152/1643 1225/1197/1647
f 1093/1198/1567 1092/1199/1568 1202/1097/1619 1204/1098/1618
f 1126/1200/1672 1124/1203/1570 1238/1202/1654 1240/1201/1653
f 1098/1204/1571 1096/1207/1549 1207/1206/1666 1209/1205/1673
f 1089/1208/1555 1091/1211/1573 1201/1210/1621 1199/1209/1615
f 1105/1188/1559 1107/1213/1574 1219/1212/1636 1217/1187/1668
f 1127/1214/1575 1125/1216/1674 1239/1215/1658 1241/1140/1657
f 1092/1199/1568 1090/1189/1560 1200/1096/1617 1202/1097/1619
f 1108/1217/1577 1106/1190/1561 1218/1191/1671 1220/1218/1637
f 1125/1216/1674 1126/1200/1672 1240/1201/1653 1239/1215/1658
f 1099/1195/1565 1101/1219/1578 1212/1117/1628 1210/1194/1626
f 1084/1220/1579 1117/1222/1582 1230/1221/1675 1193/1175/1676
f 1123/1223/1583 1127/1214/1575 1241/1140/1657 1237/1141/1656
f 1100/1224/1584 1098/1204/1571 1209/1205/1673 1211/1225/1630
f 1116/1226/1585 1078/1229/1586 1185/1228/1609 1229/1227/1646
f 1091/1211/1573 1093/1231/1677 1204/1230/1620 1201/1210/1621
f 1107/1213/1574 1109/1233/1588 1221/1232/1638 1219/1212/1636
f 1104/1174/1678 1102/1236/1590 1213/1235/1632 1216/1234/1631
f 1110/1237/1591 1108/1217/1577 1220/1218/1637 1222/1238/1639
f 1124/1239/1570 1081/1240/1592 1188/1081/1603 1238/1136/1654
f 1080/1241/1593 1085/1242/1679 1195/1090/1611 1187/1080/1604
f 1101/1219/1578 1103/1145/1532 1214/1116/1635 1212/1117/1628
f 1117/1222/1582 1119/1147/1534 1232/1148/1648 1230/1221/1675
f 1078/1229/1586 1079/1243/1595 1186/1142/1610 1185/1228/1609
f 1079/1243/1595 1123/1223/1583 1237/1141/1656 1186/1142/1610
f 1086/1158/1541 1083/1245/1597 1192/1244/1680 1196/1157/1661
f 1102/1246/1590 1100/1224/1584 1211/1225/1630 1213/1247/1632
f 1118/1162/1543 1116/1226/1585 1229/1227/1646 1231/1161/1650
f 1083/1248/1598 1095/1163/1544 1206/1164/1622 1192/1249/1601
f 1109/1233/1588 1111/1167/1546 1223/1168/1640 1221/1232/1638
f 1122/1250/1664 1120/1159/1542 1233/1160/1652 1235/1251/1651
f 1081/1240/1592 1080/1241/1593 1187/1080/1604 1188/1081/1603
f 1094/1178/1552 1082/1253/1600 1189/1252/1681 1205/1177/1665
f 1112/1182/1553 1110/1237/1591 1222/1238/1639 1224/1181/1642
f 1085/1242/1679 1087/1183/1667 1197/1092/1613 1195/1090/1611
o BaseHair
v -0.485997 0.494182 -0.000539
v -0.309451 0.412584 -0.000674
v -0.602971 1.362404 -0.001400
v -0.413372 1.561801 0.000000
v -0.649833 0.660231 -0.030218
v -0.691326 0.984095 -0.018381
v -0.156357 0.401545 0.000000
v -0.200480 1.662333 0.000000
v 0.030154 0.513905 0.000000
v 0.041982 1.727384 0.000000
v 0.189824 0.709057 0.000000
v 0.177997 1.756953 0.000000
v 0.302184 0.951518 0.000000
v 0.278530 1.751039 0.000000
v -0.403994 0.603171 -0.467705
v -0.251307 0.535529 -0.525454
v -0.433886 0.974858 -0.525727
v -0.282853 1.022736 -0.682920
v -0.521855 0.671202 -0.439586
v -0.542503 0.978889 -0.414169
v -0.084656 0.536876 -0.534358
v -0.062552 1.074198 -0.706303
v 0.064769 0.640638 -0.579829
v 0.206276 1.129728 -0.705644
v 0.281529 0.892665 -0.656767
v 0.292552 1.264368 -0.643225
v 0.341118 1.000758 -0.664924
v 0.348422 1.451559 -0.458417
v -0.551059 0.830845 0.047265
v -0.367341 0.977299 0.049795
v -0.700025 0.794321 -0.053196
v -0.175703 1.038057 0.052002
v 0.026688 1.123907 0.052002
v 0.178201 1.233820 0.052002
v 0.290915 1.312933 -0.041552
v -0.410775 0.807517 -0.586282
v -0.259435 0.849961 -0.645774
v -0.571935 0.785649 -0.449686
v -0.089238 0.889143 -0.695141
v 0.079213 0.949416 -0.698275
v 0.293261 1.037765 -0.685729
v 0.362036 1.196224 -0.598273
v 0.240285 0.808218 -0.323620
v 0.047462 0.577272 -0.289914
v 0.083050 1.524595 -0.346701
v 0.228535 1.570736 -0.346701
v -0.127214 0.453316 -0.267429
v -0.315394 0.430677 -0.251432
v -0.476093 0.500806 -0.247722
v 0.351682 1.603871 -0.228008
v 0.331016 0.980565 -0.324813
v -0.362788 1.292533 -0.324412
v -0.140472 1.454810 -0.346701
v -0.531970 1.105289 -0.296493
v -0.582155 0.628571 -0.252781
v -0.611471 0.959166 -0.247922
v -0.640559 0.774400 -0.245164
v 0.330267 1.260113 -0.279739
v -0.485997 0.494182 0.000539
v -0.309451 0.412584 0.000674
v -0.602971 1.362404 0.001400
v -0.649833 0.660231 0.030218
v -0.691326 0.984095 0.018381
v -0.403994 0.603171 0.467705
v -0.251307 0.535529 0.525454
v -0.433886 0.974858 0.525728
v -0.282853 1.022736 0.682920
v -0.521855 0.671202 0.439586
v -0.542503 0.978889 0.414169
v -0.084656 0.536876 0.534358
v -0.062552 1.074198 0.706303
v 0.064769 0.640638 0.579829
v 0.206276 1.129728 0.705644
v 0.281529 0.892665 0.656767
v 0.292552 1.264368 0.643225
v 0.341118 1.000758 0.664924
v 0.348422 1.451559 0.458417
v -0.551059 0.830845 -0.047265
v -0.367341 0.977299 -0.049794
v -0.700025 0.794321 0.053196
v -0.175703 1.038057 -0.052002
v 0.026688 1.123907 -0.052002
v 0.178201 1.233820 -0.052002
v 0.290915 1.312933 0.041552
v -0.410775 0.807517 0.586282
v -0.259435 0.849961 0.645775
v -0.571935 0.785649 0.449686
v -0.089238 0.889143 0.695141
v 0.079213 0.949416 0.698275
v 0.293261 1.037765 0.685729
v 0.362036 1.196224 0.598273
v 0.240285 0.808218 0.323620
v 0.047462 0.577272 0.289914
v 0.083050 1.524595 0.346701
v 0.228535 1.570736 0.346701
v -0.127214 0.453316 0.267429
v -0.315394 0.430677 0.251432
v -0.476093 0.500806 0.247722
v 0.351682 1.603871 0.228008
v 0.331016 0.980565 0.324813
v -0.362788 1.292533 0.324412
v -0.140472 1.454810 0.346701
v -0.531970 1.105289 0.296493
v -0.582155 0.628571 0.252781
v -0.611471 0.959166 0.247923
v -0.640559 0.774400 0.245164
v 0.330267 1.260113 0.279739
vn -0.4619 -0.6478 0.6058
vn -0.1359 -0.7856 0.6037
vn -0.7874 0.4872 0.3776
vn -0.6257 0.7800 -0.0000
vn -0.8015 -0.4270 0.4186
vn -0.9215 0.1310 0.3656
vn 0.2686 -0.9632 -0.0000
vn -0.4046 0.9145 -0.0000
vn 0.6398 -0.7685 -0.0000
vn -0.2814 0.9596 -0.0000
vn 0.8315 -0.5556 -0.0000
vn 0.1409 0.9900 -0.0000
vn 0.9834 -0.1815 -0.0000
vn 0.7493 0.6622 -0.0000
vn -0.4853 -0.5955 -0.6402
vn -0.2018 -0.7061 -0.6787
vn -0.6806 0.2952 -0.6706
vn -0.4528 0.2589 -0.8532
vn -0.6714 -0.4877 -0.5580
vn -0.7982 0.3350 -0.5007
vn 0.2097 -0.7748 -0.5964
vn -0.1773 0.3077 -0.9348
vn 0.4587 -0.6573 -0.5980
vn 0.0329 0.2733 -0.9614
vn 0.6201 -0.4989 -0.6055
vn 0.2523 0.4824 -0.8389
vn 0.8462 -0.1389 -0.5144
vn 0.7580 0.4903 -0.4302
vn -0.2335 -0.0627 0.9703
vn -0.0343 0.0041 0.9994
vn -0.9421 -0.1233 0.3117
vn -0.0029 -0.0028 1.0000
vn 0.0230 -0.0065 0.9997
vn 0.1917 0.0215 0.9812
vn 0.7937 -0.0039 0.6083
vn -0.5375 -0.1739 -0.8252
vn -0.3116 -0.2368 -0.9202
vn -0.8130 -0.1057 -0.5726
vn -0.0517 -0.2527 -0.9662
vn 0.0707 -0.1962 -0.9780
vn 0.3386 -0.0102 -0.9409
vn 0.9283 0.1139 -0.3540
vn 0.8316 -0.5542 -0.0364
vn 0.6573 -0.7445 -0.1166
vn -0.2297 0.7388 -0.6336
vn -0.0538 0.7827 -0.6200
vn 0.2931 -0.9351 -0.1991
vn -0.2169 -0.9453 -0.2437
vn -0.5656 -0.7855 -0.2511
vn 0.8136 0.5427 -0.2089
vn 0.9686 -0.2433 0.0516
vn -0.5351 0.5968 -0.5980
vn -0.3090 0.7115 -0.6311
vn -0.7538 0.4377 -0.4901
vn -0.7927 -0.5453 -0.2726
vn -0.8974 0.2387 -0.3710
vn -0.9419 -0.1246 -0.3120
vn 0.9926 -0.0240 0.1187
vn -0.4619 -0.6478 -0.6058
vn -0.1359 -0.7856 -0.6037
vn -0.7874 0.4872 -0.3776
vn -0.8015 -0.4270 -0.4186
vn -0.9215 0.1310 -0.3656
vn -0.4853 -0.5955 0.6402
vn -0.2018 -0.7061 0.6787
vn -0.6806 0.2952 0.6706
vn -0.4528 0.2589 0.8532
vn -0.6714 -0.4877 0.5580
vn -0.7982 0.3350 0.5007
vn 0.2097 -0.7748 0.5964
vn -0.1773 0.3077 0.9348
vn 0.4587 -0.6573 0.5980
vn 0.0329 0.2733 0.9614
vn 0.6201 -0.4989 0.6055
vn 0.2523 0.4824 0.8389
vn 0.8462 -0.1389 0.5144
vn 0.7580 0.4903 0.4302
vn -0.2335 -0.0627 -0.9703
vn -0.0343 0.0041 -0.9994
vn -0.9421 -0.1233 -0.3117
vn -0.0029 -0.0028 -1.0000
vn 0.0230 -0.0065 -0.9997
vn 0.1917 0.0215 -0.9812
vn 0.7937 -0.0039 -0.6083
vn -0.5375 -0.1739 0.8252
vn -0.3116 -0.2368 0.9202
vn -0.8130 -0.1057 0.5726
vn -0.0517 -0.2527 0.9662
vn 0.0707 -0.1962 0.9780
vn 0.3386 -0.0102 0.9409
vn 0.9283 0.1139 0.3540
vn 0.8316 -0.5542 0.0364
vn 0.6573 -0.7445 0.1166
vn -0.2297 0.7388 0.6336
vn -0.0538 0.7827 0.6200
vn 0.2931 -0.9351 0.1991
vn -0.2169 -0.9453 0.2437
vn -0.5656 -0.7855 0.2511
vn 0.8136 0.5427 0.2089
vn 0.9686 -0.2433 -0.0516
vn -0.5351 0.5968 0.5980
vn -0.3090 0.7115 0.6311
vn -0.7538 0.4377 0.4901
vn -0.7927 -0.5453 0.2726
vn -0.8974 0.2387 0.3710
vn -0.9419 -0.1246 0.3120
vn 0.9926 -0.0240 -0.1187
vt 0.960778 0.019981
vt 0.961478 0.013322
vt 0.978313 0.014018
vt 0.972295 0.018456
vt 0.965177 0.022288
vt 0.961762 0.023956
vt 0.948796 0.023020
vt 0.942245 0.021198
vt 0.960981 0.005777
vt 0.970689 0.099807
vt 0.942330 0.097305
vt 0.950528 0.090719
vt 0.971345 0.090765
vt 0.958339 0.086026
vt 0.972534 0.085299
vt 0.964957 0.082794
vt 0.973163 0.081241
vt 0.963894 0.038474
vt 0.968960 0.036065
vt 0.972373 0.042602
vt 0.965862 0.044254
vt 0.963035 0.032878
vt 0.967663 0.031679
vt 0.968749 0.052616
vt 0.949849 0.047762
vt 0.953744 0.041133
vt 0.958827 0.051940
vt 0.963646 0.059367
vt 0.951465 0.065265
vt 0.941462 0.064365
vt 0.966798 0.066061
vt 0.963068 0.066515
vt 0.970066 0.069259
vt 0.965929 0.067346
vt 0.948008 0.077988
vt 0.959148 0.075450
vt 0.978860 0.072936
vt 0.971882 0.067922
vt 0.969749 0.064016
vt 0.982051 0.070500
vt 0.949359 0.031368
vt 0.941863 0.035294
vt 0.954684 0.029813
vt 0.957271 0.036228
vt 0.971142 0.075984
vt 0.974796 0.072211
vt 0.977493 0.075960
vt 0.991547 0.027209
vt 0.979340 0.050361
vt 0.979141 0.028188
vt 0.964599 0.075139
vt 0.970732 0.028142
vt 0.936908 0.081687
vt 0.962024 0.028067
vt 0.960040 0.033576
vt 0.958620 0.028993
vt 0.969753 0.052704
vt 0.990170 0.064887
vt 0.966287 0.027485
vt 0.980375 0.079240
vt 0.978768 0.078614
vt 0.983501 0.080621
vt 0.993795 0.084961
vt 0.985555 0.007945
vt 0.954061 0.023872
vt 0.959021 0.024221
s 1
usemtl Material.006
f 1270/1254/1710 1271/1255/1711 1245/1256/1685 1244/1257/1684
f 1270/1254/1710 1244/1257/1684 1247/1258/1687 1272/1259/1712
f 1271/1255/1711 1243/1260/1683 1248/1261/1688 1273/1262/1713
f 1273/1263/1713 1248/1264/1688 1250/1265/1690 1274/1266/1714
f 1274/1266/1714 1250/1265/1690 1252/1267/1692 1275/1268/1715
f 1275/1268/1715 1252/1267/1692 1254/1269/1694 1276/1270/1716
f 1277/1271/1717 1258/1272/1698 1259/1273/1699 1278/1274/1718
f 1277/1271/1717 1279/1275/1719 1261/1276/1701 1258/1272/1698
f 1278/1274/1718 1280/1277/1720 1262/1278/1702 1257/1279/1697
f 1280/1280/1720 1281/1281/1721 1264/1282/1704 1262/1283/1702
f 1281/1281/1721 1282/1284/1722 1266/1285/1706 1264/1282/1704
f 1282/1284/1722 1283/1286/1723 1268/1287/1708 1266/1285/1706
f 1285/1288/1725 1264/1282/1704 1266/1285/1706 1284/1289/1724
f 1287/1290/1727 1267/1291/1707 1265/1292/1705 1286/1293/1726
f 1289/1294/1729 1257/1279/1697 1262/1278/1702 1288/1295/1728
f 1290/1296/1730 1256/1297/1696 1257/1279/1697 1289/1294/1729
f 1299/1298/1739 1283/1286/1723 1269/1299/1709 1291/1300/1731
f 1294/1301/1734 1263/1302/1703 1259/1273/1699 1293/1303/1733
f 1284/1289/1724 1266/1285/1706 1268/1287/1708 1292/1304/1732
f 1293/1303/1733 1259/1273/1699 1258/1272/1698 1295/1305/1735
f 1291/1300/1731 1269/1299/1709 1267/1291/1707 1287/1290/1727
f 1288/1306/1728 1262/1283/1702 1264/1282/1704 1285/1288/1725
f 1298/1307/1738 1279/1275/1719 1260/1308/1700 1296/1309/1736
f 1286/1293/1726 1265/1292/1705 1263/1310/1703 1294/1311/1734
f 1295/1305/1735 1258/1272/1698 1261/1276/1701 1297/1312/1737
f 1296/1309/1736 1260/1308/1700 1256/1297/1696 1290/1296/1730
f 1297/1312/1737 1261/1276/1701 1279/1275/1719 1298/1307/1738
f 1292/1304/1732 1268/1287/1708 1283/1286/1723 1299/1298/1739
f 1267/1291/1707 1269/1299/1709 1283/1286/1723 1282/1284/1722
f 1265/1292/1705 1267/1291/1707 1282/1284/1722 1281/1281/1721
f 1263/1310/1703 1265/1292/1705 1281/1281/1721 1280/1280/1720
f 1259/1273/1699 1263/1302/1703 1280/1277/1720 1278/1274/1718
f 1256/1297/1696 1260/1308/1700 1279/1275/1719 1277/1271/1717
f 1256/1297/1696 1277/1271/1717 1278/1274/1718 1257/1279/1697
f 1253/1313/1693 1275/1268/1715 1276/1270/1716 1255/1314/1695
f 1251/1315/1691 1274/1266/1714 1275/1268/1715 1253/1313/1693
f 1249/1316/1689 1273/1263/1713 1274/1266/1714 1251/1315/1691
f 1245/1256/1685 1271/1255/1711 1273/1262/1713 1249/1317/1689
f 1242/1318/1682 1270/1254/1710 1272/1259/1712 1246/1319/1686
f 1242/1318/1682 1243/1260/1683 1271/1255/1711 1270/1254/1710
f 1254/1269/1694 1292/1304/1732 1299/1298/1739 1276/1270/1716
f 1247/1258/1687 1297/1312/1737 1298/1307/1738 1272/1259/1712
f 1246/1319/1686 1296/1309/1736 1290/1296/1730 1242/1318/1682
f 1244/1257/1684 1295/1305/1735 1297/1312/1737 1247/1258/1687
f 1251/1315/1691 1286/1293/1726 1294/1311/1734 1249/1316/1689
f 1272/1259/1712 1298/1307/1738 1296/1309/1736 1246/1319/1686
f 1248/1264/1688 1288/1306/1728 1285/1288/1725 1250/1265/1690
f 1255/1314/1695 1291/1300/1731 1287/1290/1727 1253/1313/1693
f 1245/1256/1685 1293/1303/1733 1295/1305/1735 1244/1257/1684
f 1252/1267/1692 1284/1289/1724 1292/1304/1732 1254/1269/1694
f 1249/1317/1689 1294/1301/1734 1293/1303/1733 1245/1256/1685
f 1276/1270/1716 1299/1298/1739 1291/1300/1731 1255/1314/1695
f 1242/1318/1682 1290/1296/1730 1289/1294/1729 1243/1260/1683
f 1243/1260/1683 1289/1294/1729 1288/1295/1728 1248/1261/1688
f 1253/1313/1693 1287/1290/1727 1286/1293/1726 1251/1315/1691
f 1250/1265/1690 1285/1288/1725 1284/1289/1724 1252/1267/1692
f 1319/1254/1759 1302/1257/1742 1245/1256/1685 1320/1255/1760
f 1319/1254/1759 1321/1259/1761 1304/1258/1744 1302/1257/1742
f 1320/1255/1760 1322/1262/1762 1248/1261/1688 1301/1260/1741
f 1322/1263/1762 1323/1266/1763 1250/1265/1690 1248/1264/1688
f 1323/1266/1763 1324/1268/1764 1252/1267/1692 1250/1265/1690
f 1324/1268/1764 1325/1270/1765 1254/1269/1694 1252/1267/1692
f 1326/1271/1766 1327/1274/1767 1308/1273/1748 1307/1272/1747
f 1326/1271/1766 1307/1272/1747 1310/1276/1750 1328/1275/1768
f 1327/1274/1767 1306/1279/1746 1311/1278/1751 1329/1277/1769
f 1329/1280/1769 1311/1283/1751 1313/1282/1753 1330/1281/1770
f 1330/1281/1770 1313/1282/1753 1315/1285/1755 1331/1284/1771
f 1331/1284/1771 1315/1285/1755 1317/1287/1757 1332/1286/1772
f 1334/1288/1774 1333/1289/1773 1315/1285/1755 1313/1282/1753
f 1336/1290/1776 1335/1293/1775 1314/1292/1754 1316/1291/1756
f 1338/1294/1778 1337/1295/1777 1311/1278/1751 1306/1279/1746
f 1339/1296/1779 1338/1294/1778 1306/1279/1746 1305/1297/1745
f 1348/1298/1788 1340/1300/1780 1318/1299/1758 1332/1286/1772
f 1343/1301/1783 1342/1303/1782 1308/1273/1748 1312/1302/1752
f 1333/1289/1773 1341/1304/1781 1317/1287/1757 1315/1285/1755
f 1342/1303/1782 1344/1305/1784 1307/1272/1747 1308/1273/1748
f 1340/1300/1780 1336/1290/1776 1316/1291/1756 1318/1299/1758
f 1337/1306/1777 1334/1288/1774 1313/1282/1753 1311/1283/1751
f 1347/1307/1787 1345/1309/1785 1309/1308/1749 1328/1275/1768
f 1335/1293/1775 1343/1311/1783 1312/1310/1752 1314/1292/1754
f 1344/1305/1784 1346/1312/1786 1310/1276/1750 1307/1272/1747
f 1345/1309/1785 1339/1296/1779 1305/1297/1745 1309/1308/1749
f 1346/1312/1786 1347/1307/1787 1328/1275/1768 1310/1276/1750
f 1341/1304/1781 1348/1298/1788 1332/1286/1772 1317/1287/1757
f 1316/1291/1756 1331/1284/1771 1332/1286/1772 1318/1299/1758
f 1314/1292/1754 1330/1281/1770 1331/1284/1771 1316/1291/1756
f 1312/1310/1752 1329/1280/1769 1330/1281/1770 1314/1292/1754
f 1308/1273/1748 1327/1274/1767 1329/1277/1769 1312/1302/1752
f 1305/1297/1745 1326/1271/1766 1328/1275/1768 1309/1308/1749
f 1305/1297/1745 1306/1279/1746 1327/1274/1767 1326/1271/1766
f 1253/1313/1693 1255/1314/1695 1325/1270/1765 1324/1268/1764
f 1251/1315/1691 1253/1313/1693 1324/1268/1764 1323/1266/1763
f 1249/1316/1689 1251/1315/1691 1323/1266/1763 1322/1263/1762
f 1245/1256/1685 1249/1317/1689 1322/1262/1762 1320/1255/1760
f 1300/1318/1740 1303/1319/1743 1321/1259/1761 1319/1254/1759
f 1300/1318/1740 1319/1254/1759 1320/1255/1760 1301/1260/1741
f 1254/1269/1694 1325/1270/1765 1348/1298/1788 1341/1304/1781
f 1304/1258/1744 1321/1259/1761 1347/1307/1787 1346/1312/1786
f 1303/1319/1743 1300/1318/1740 1339/1296/1779 1345/1309/1785
f 1302/1257/1742 1304/1258/1744 1346/1312/1786 1344/1305/1784
f 1251/1315/1691 1249/1316/1689 1343/1311/1783 1335/1293/1775
f 1321/1259/1761 1303/1319/1743 1345/1309/1785 1347/1307/1787
f 1248/1264/1688 1250/1265/1690 1334/1288/1774 1337/1306/1777
f 1255/1314/1695 1253/1313/1693 1336/1290/1776 1340/1300/1780
f 1245/1256/1685 1302/1257/1742 1344/1305/1784 1342/1303/1782
f 1252/1267/1692 1254/1269/1694 1341/1304/1781 1333/1289/1773
f 1249/1317/1689 1245/1256/1685 1342/1303/1782 1343/1301/1783
f 1325/1270/1765 1255/1314/1695 1340/1300/1780 1348/1298/1788
f 1300/1318/1740 1301/1260/1741 1338/1294/1778 1339/1296/1779
f 1301/1260/1741 1248/1261/1688 1337/1295/1777 1338/1294/1778
f 1253/1313/1693 1251/1315/1691 1335/1293/1775 1336/1290/1776
f 1250/1265/1690 1252/1267/1692 1333/1289/1773 1334/1288/1774
o RightBang
v 0.000004 1.410151 -0.059027
v 0.061022 0.976184 -0.680236
v 0.000000 1.634600 0.027023
v 0.034658 1.386378 -0.549805
v 0.001058 1.227833 -0.234591
v 0.006149 1.644843 -0.137758
v 0.025054 1.018033 -0.588159
v 0.075318 1.497779 -0.436054
v 0.722824 1.252134 -0.186206
v 0.317280 0.968094 -0.620942
v 0.518725 1.659999 -0.018334
v 0.321278 1.297394 -0.646833
v 0.679543 1.186369 -0.287145
v 0.497436 1.590818 -0.159017
v 0.496149 1.433552 -0.453768
v 0.000000 1.541402 -0.005821
v 0.000767 1.111883 -0.744591
v 0.022081 1.463657 -0.207567
v 0.043848 1.285803 -0.526030
v 0.695538 1.478659 -0.080623
v 0.374424 1.164773 -0.697900
v 0.674873 1.468295 -0.226198
v 0.651865 1.183911 -0.592350
v 0.000000 1.475780 -0.032426
v 0.711493 1.321277 -0.110965
v -0.024614 1.044705 -0.729141
v 0.009019 1.339077 -0.222677
v 0.015648 1.088883 -0.554822
v 0.429727 0.981013 -0.668703
v 0.705185 1.289101 -0.233582
v 0.026432 1.248418 -0.624187
v 0.013435 1.532012 -0.169683
v 0.060926 1.398125 -0.482562
v 0.345583 1.236744 -0.670187
v 0.602644 1.545366 -0.184606
v 0.567361 1.335665 -0.509105
v 0.000000 1.562008 0.012003
v 0.615299 1.600765 -0.046820
v 0.358044 1.672432 -0.004284
v 0.355872 1.611171 -0.145901
v 0.265438 0.923089 -0.659394
v 0.354460 1.017326 -0.599746
v 0.365792 1.472603 -0.441115
v 0.236646 1.317864 -0.608388
v 0.469375 1.199213 -0.270866
v 0.498923 1.301081 -0.146811
v 0.487530 1.467954 -0.057453
v 0.258680 1.148390 -0.712363
v 0.291238 0.972305 -0.716171
v 0.491101 1.369136 -0.086637
v 0.417261 1.578920 -0.028599
v 0.246722 1.240360 -0.655938
v 0.574358 1.627579 0.042572
v 0.660150 1.550072 -0.030101
v 0.413678 1.631927 0.060732
v 0.472894 1.560748 -0.003920
v 0.678617 1.511184 0.059575
v 0.707924 1.499727 -0.022142
v 0.553041 1.504874 0.072760
v 0.589851 1.510317 -0.026725
v 0.681431 1.383088 0.027798
v 0.736623 1.387842 -0.039950
v 0.578060 1.375748 0.037367
v 0.612679 1.379065 -0.037293
v 0.730441 1.195016 -0.050053
v 0.774601 1.221438 -0.101822
v 0.647733 1.183086 -0.043991
v 0.682281 1.232707 -0.104006
v 0.721449 1.096660 -0.162183
v 0.749438 1.113407 -0.194995
v 0.669027 1.089099 -0.158340
v 0.694049 1.119670 -0.198889
v 0.548843 1.018559 -0.552645
v 0.386426 1.016266 -0.536811
v 0.010290 1.564262 -0.284234
v -0.020317 1.100490 -0.416416
v 0.523125 1.534164 -0.286899
v 0.668597 1.109886 -0.410548
v 0.704790 1.301021 -0.414092
v 0.001699 1.378939 -0.367121
v -0.021116 1.201174 -0.391396
v 0.699621 1.179952 -0.413698
v 0.606204 1.427543 -0.345067
v 0.006361 1.515075 -0.322140
v 0.364269 1.563788 -0.286073
v 0.423770 1.088708 -0.427323
v 0.425061 1.039287 -0.676396
v 0.275730 1.063882 -0.709489
v 0.593002 1.076350 -0.563151
v 0.676344 0.975968 -0.311426
v 0.708547 0.997903 -0.329098
v 0.611610 1.002205 -0.267884
v 0.654730 1.022506 -0.339809
v 0.552465 0.910817 -0.445985
v 0.605695 0.934526 -0.448073
v 0.510249 0.917724 -0.435071
v 0.531679 0.955822 -0.481298
v 0.245721 0.932605 -0.615389
v 0.256662 0.964040 -0.610180
v 0.251644 0.990523 -0.602200
v 0.278977 0.966866 -0.641464
v 0.181010 1.628007 -0.141830
v 0.189757 1.017679 -0.593953
v 0.135652 1.352121 -0.579097
v 0.249464 1.355616 -0.102919
v 0.179022 1.653516 0.011370
v 0.162250 0.972496 -0.674558
v 0.220555 1.485191 -0.438585
v 0.235217 1.213523 -0.252728
v 0.243765 1.504678 -0.031637
v 0.129723 1.130137 -0.728477
v 0.130493 1.034096 -0.718483
v 0.245550 1.422458 -0.059532
v 0.208630 1.570464 -0.008298
v 0.136577 1.244389 -0.640062
v 0.201727 1.094599 -0.421869
v 0.187279 1.564025 -0.285154
v 0.125558 1.056994 -0.719315
v 0.430662 0.939039 -0.580663
v 0.364856 0.959811 -0.565837
v 0.386373 0.959291 -0.540344
v 0.392000 0.907550 -0.545881
v 0.196621 0.983606 -0.612347
v 0.307817 0.996523 -0.610263
vn -0.9948 0.0939 -0.0394
vn -0.9200 -0.1046 0.3777
vn -0.9842 0.0576 0.1675
vn -0.9976 -0.0311 -0.0613
vn -0.9982 -0.0253 -0.0550
vn -0.9991 -0.0265 -0.0322
vn -0.9991 -0.0402 -0.0156
vn -0.9496 0.1837 -0.2540
vn -0.7153 0.6098 -0.3413
vn -0.2987 0.7349 -0.6088
vn 0.4343 0.6182 -0.6551
vn 0.1130 0.5077 -0.8541
vn 0.0513 0.5862 -0.8086
vn 0.3244 0.7301 -0.6014
vn 0.5592 0.8103 -0.1754
vn 0.5338 0.7550 -0.3808
vn 0.2263 0.8864 -0.4039
vn 0.2452 0.9690 -0.0302
vn 0.5082 0.6950 -0.5086
vn 0.3306 0.8290 -0.4511
vn 0.0524 0.9329 -0.3564
vn 0.0378 0.9848 -0.1698
vn -0.0410 0.6128 -0.7892
vn 0.0821 0.8072 -0.5845
vn -0.0338 -0.7216 0.6915
vn -0.0113 -0.7985 0.6018
vn -0.0122 -0.8137 0.5811
vn -0.0432 -0.7572 0.6518
vn -0.0934 0.4864 -0.8688
vn 0.0204 -0.4627 0.8863
vn 0.0038 -0.5337 0.8457
vn 0.0964 0.9000 -0.4251
vn 0.0968 -0.2126 0.9723
vn 0.0853 -0.2339 0.9685
vn 0.0987 -0.2072 0.9733
vn 0.1145 -0.1883 0.9754
vn 0.1490 -0.5230 -0.8392
vn 0.1440 -0.0109 -0.9895
vn 0.4156 -0.1482 -0.8974
vn 0.4753 -0.1544 -0.8662
vn 0.9781 0.1427 -0.1512
vn 0.9916 0.0714 -0.1075
vn 0.8047 0.5025 -0.3162
vn 0.8711 0.4508 -0.1947
vn -0.9923 0.0853 -0.0901
vn -0.9740 0.1462 -0.1732
vn -0.9847 0.1450 -0.0968
vn -0.9952 0.0176 -0.0968
vn -0.9884 0.0904 -0.1223
vn -0.9957 -0.0133 -0.0915
vn -0.9998 0.0175 0.0044
vn -0.9970 0.0778 -0.0000
vn -0.9775 0.1836 0.1038
vn -0.9794 -0.1363 0.1488
vn -0.5272 -0.7903 0.3122
vn -0.4143 -0.8290 0.3757
vn -0.9947 0.0626 -0.0820
vn -0.9958 0.0215 0.0890
vn -0.9868 0.0244 -0.1600
vn 0.9572 0.1182 -0.2641
vn 0.9547 -0.2813 0.0966
vn 0.0338 -0.8745 -0.4839
vn 0.1789 -0.9667 0.1830
vn 0.2526 -0.9670 0.0318
vn -0.0753 -0.5922 -0.8023
vn -0.0732 -0.1389 -0.9876
vn -0.0762 -0.5293 -0.8450
vn 0.0555 0.2377 -0.9698
vn 0.2335 0.2085 -0.9497
vn 0.8869 0.3253 -0.3280
vn 0.7203 0.1082 -0.6851
vn 0.0375 0.2649 -0.9635
vn -0.0660 0.5523 -0.8310
vn 0.1042 -0.1946 0.9753
vn 0.0892 -0.2713 0.9584
vn 0.1040 -0.1908 0.9761
vn 0.0609 -0.3063 0.9500
vn 0.0257 -0.4254 0.9047
vn -0.1529 -0.6375 -0.7551
vn 0.0055 -0.2758 -0.9612
vn 0.0830 -0.0614 -0.9947
vn 0.0347 0.9043 -0.4255
vn 0.0118 0.9565 -0.2916
vn -0.0082 -0.6435 0.7654
vn -0.0265 0.6073 -0.7941
vn -0.0110 -0.7741 0.6329
vn 0.0382 0.8100 -0.5851
vn -0.0476 -0.8468 0.5298
vn -0.0711 -0.8021 0.5929
vn -0.1451 -0.6388 0.7556
vn -0.0509 -0.8484 0.5269
vn -0.0147 0.9870 -0.1603
vn -0.0123 0.0954 -0.9954
vn -0.0434 0.0622 -0.9971
vn 0.1017 0.7778 0.6202
vn 0.4065 0.6874 0.6018
vn -0.6486 -0.6657 0.3690
vn -0.6052 -0.7878 0.1144
vn -0.6373 -0.7223 0.2686
vn 0.6962 0.7075 0.1214
vn 0.6060 0.2442 0.7571
vn 0.1095 0.0490 0.9928
vn 0.1122 -0.2885 0.9509
vn 0.4952 -0.1876 0.8483
vn -0.8658 -0.4288 -0.2577
vn -0.8012 -0.5688 -0.1857
vn 0.8730 0.3090 0.3774
vn -0.8978 -0.1149 -0.4252
vn -0.8852 -0.1223 -0.4489
vn -0.8990 0.0428 -0.4359
vn -0.8978 0.0339 -0.4392
vn 0.8176 -0.0290 0.5750
vn 0.0053 0.2661 -0.9639
vn 0.0061 0.2302 -0.9731
vn 0.0453 0.4920 -0.8694
vn 0.0597 0.5277 -0.8473
vn 0.1884 0.6781 -0.7104
vn 0.2012 0.6835 -0.7017
vn 0.5106 -0.4522 0.7313
vn 0.7963 -0.3054 0.5222
vn 0.1369 -0.5465 0.8262
vn 0.1326 -0.7752 0.6176
vn 0.4762 -0.7096 0.5194
vn -0.8490 0.4564 -0.2664
vn -0.8633 0.4171 -0.2843
vn 0.7266 -0.5866 0.3578
vn 0.0697 -0.8857 0.4590
vn 0.0255 -0.8388 0.5439
vn 0.0155 -0.8535 0.5208
vn 0.0925 -0.9174 0.3869
vn -0.0047 -0.8692 0.4944
vn 0.8712 -0.4690 -0.1453
vn 0.9539 -0.2898 -0.0781
vn 0.7352 -0.3689 -0.5687
vn 0.7103 -0.3923 -0.5844
vn 0.0791 -0.3164 -0.9453
vn 0.0610 0.1355 -0.9889
vn -0.6748 0.7373 -0.0323
vn -0.7062 0.7032 -0.0817
vn 0.3511 -0.8727 0.3393
vn 0.6173 -0.7586 0.2085
vn 0.3490 0.6694 -0.6558
vn 0.3827 0.6416 -0.6647
vn 0.0486 -0.8392 0.5417
vn 0.4306 0.6202 -0.6557
vn 0.3411 0.7919 -0.5065
vn -0.3502 -0.7363 0.5790
vn 0.1288 -0.9896 0.0636
vn -0.3977 0.8719 0.2858
vn -0.4510 0.8610 0.2352
vn 0.4451 -0.8894 -0.1043
vn 0.3949 0.2730 -0.8772
vn 0.4545 -0.0343 -0.8901
vn 0.0111 -0.8704 -0.4922
vn 0.3805 0.0576 -0.9230
vn -0.5027 -0.4036 0.7644
vn -0.4927 -0.3480 0.7976
vn -0.2863 -0.1684 0.9432
vn -0.3576 -0.0556 0.9322
vn -0.1025 0.9196 0.3792
vn 0.2892 0.9340 -0.2096
vn 0.3362 0.8960 -0.2899
vn 0.2407 -0.6758 -0.6966
vn -0.0411 -0.7885 -0.6137
vn -0.0084 -0.7640 0.6452
vn -0.0046 -0.8628 0.5055
vn 0.0135 0.9700 -0.2428
vn -0.0086 0.9988 -0.0482
vn -0.0151 0.6231 -0.7820
vn 0.0107 -0.5727 0.8197
vn -0.0687 0.5644 -0.8226
vn 0.0326 -0.3975 0.9170
vn 0.0865 -0.3033 0.9490
vn 0.0544 -0.3797 0.9235
vn 0.0207 -0.5682 -0.8226
vn 0.1043 -0.1974 0.9748
vn -0.1642 -0.7094 0.6854
vn -0.1971 -0.7552 0.6252
vn -0.1421 -0.5811 0.8013
vn -0.2960 -0.9317 -0.2105
vn -0.2751 -0.9317 0.2372
vn -0.1936 0.1099 0.9749
vt 0.870493 0.060929
vt 0.872424 0.054103
vt 0.873435 0.064011
vt 0.872805 0.074112
vt 0.851228 0.030895
vt 0.855082 0.026293
vt 0.862405 0.035233
vt 0.858982 0.041549
vt 0.865728 0.048758
vt 0.865917 0.044862
vt 0.905301 0.056729
vt 0.894850 0.070942
vt 0.892231 0.067624
vt 0.899476 0.051278
vt 0.906120 0.019082
vt 0.905593 0.031011
vt 0.896939 0.028466
vt 0.896869 0.015735
vt 0.907096 0.045013
vt 0.899682 0.038466
vt 0.885993 0.028772
vt 0.883345 0.016777
vt 0.886432 0.066686
vt 0.890847 0.050772
vt 0.813003 0.074031
vt 0.821998 0.082249
vt 0.811256 0.093080
vt 0.802998 0.088360
vt 0.888555 0.072227
vt 0.809225 0.068075
vt 0.798757 0.081994
vt 0.888580 0.039132
vt 0.802883 0.049172
vt 0.804321 0.061441
vt 0.791930 0.072287
vt 0.790257 0.066278
vt 0.898827 0.089761
vt 0.894980 0.084051
vt 0.905673 0.080472
vt 0.908286 0.083828
vt 0.926589 0.034460
vt 0.923264 0.044002
vt 0.912092 0.036346
vt 0.916673 0.025799
vt 0.857866 0.067851
vt 0.862830 0.057534
vt 0.868825 0.068190
vt 0.862506 0.080002
vt 0.849241 0.037657
vt 0.851103 0.032859
vt 0.857795 0.046590
vt 0.853274 0.053715
vt 0.874278 0.087626
vt 0.870074 0.091081
vt 0.860998 0.085228
vt 0.861877 0.092100
vt 0.847656 0.042472
vt 0.849216 0.060503
vt 0.855808 0.073751
vt 0.927936 0.042640
vt 0.926243 0.052430
vt 0.850862 0.097250
vt 0.850986 0.101088
vt 0.843194 0.103139
vt 0.846948 0.096726
vt 0.782714 0.065320
vt 0.796716 0.050137
vt 0.891513 0.078981
vt 0.898423 0.074941
vt 0.914739 0.052969
vt 0.911751 0.064256
vt 0.883129 0.083427
vt 0.881036 0.073403
vt 0.818034 0.034829
vt 0.819178 0.041427
vt 0.805938 0.039966
vt 0.819337 0.047239
vt 0.822751 0.053153
vt 0.856493 0.095621
vt 0.861415 0.098347
vt 0.884704 0.088610
vt 0.885644 0.090083
vt 0.876852 0.041771
vt 0.873365 0.031527
vt 0.825779 0.058499
vt 0.879610 0.065366
vt 0.834973 0.070756
vt 0.881667 0.052259
vt 0.851975 0.090709
vt 0.850861 0.097246
vt 0.843630 0.094946
vt 0.868750 0.020290
vt 0.776390 0.066241
vt 0.784387 0.056617
vt 0.792458 0.089593
vt 0.799905 0.098399
vt 0.793212 0.099143
vt 0.786163 0.090015
vt 0.799711 0.040924
vt 0.796726 0.066580
vt 0.791510 0.077384
vt 0.782752 0.033191
vt 0.785522 0.044911
vt 0.773141 0.045618
vt 0.770762 0.036188
vt 0.780045 0.096662
vt 0.775066 0.089150
vt 0.780821 0.080362
vt 0.775611 0.072289
vt 0.770185 0.052866
vt 0.752144 0.053337
vt 0.752494 0.044859
vt 0.766800 0.083277
vt 0.763106 0.074411
vt 0.766095 0.063955
vt 0.749486 0.062350
vt 0.735427 0.059059
vt 0.734742 0.052480
vt 0.744048 0.083099
vt 0.743398 0.075127
vt 0.751419 0.037082
vt 0.735286 0.045514
vt 0.736585 0.039357
vt 0.728019 0.080067
vt 0.727607 0.075014
vt 0.832937 0.103130
vt 0.818739 0.100509
vt 0.832450 0.091240
vt 0.840004 0.095607
vt 0.844432 0.081097
vt 0.923017 0.062231
vt 0.920058 0.058328
vt 0.915304 0.070467
vt 0.917085 0.075004
vt 0.874241 0.093170
vt 0.713462 0.055217
vt 0.716531 0.046182
vt 0.706590 0.077875
vt 0.707837 0.073364
vt 0.715848 0.061341
vt 0.714402 0.036737
vt 0.697502 0.060064
vt 0.687426 0.053481
vt 0.689889 0.044816
vt 0.693134 0.040126
vt 0.685432 0.080153
vt 0.689341 0.075102
vt 0.660534 0.046202
vt 0.666737 0.053176
vt 0.637944 0.056689
vt 0.632754 0.049214
vt 0.668461 0.039204
vt 0.665371 0.045687
vt 0.637035 0.033507
vt 0.648683 0.029099
vt 0.665397 0.077884
vt 0.665151 0.084530
vt 0.647963 0.089814
vt 0.647679 0.086166
vt 0.839252 0.044250
vt 0.836518 0.039755
vt 0.832902 0.033469
vt 0.833867 0.035259
vt 0.830064 0.028812
vt 0.630659 0.059985
vt 0.628272 0.039043
vt 0.640794 0.086928
vt 0.636580 0.080254
vt 0.640068 0.070775
vt 0.644190 0.023993
s 1
usemtl Material.007
f 1381/1320/1789 1356/1321/1790 1352/1322/1790 1379/1323/1791
f 1385/1324/1792 1351/1325/1793 1354/1326/1794 1380/1327/1795
f 1432/1328/1796 1423/1329/1797 1356/1321/1798 1381/1320/1789
f 1384/1330/1799 1382/1331/1800 1360/1332/1801 1363/1333/1802
f 1386/1334/1803 1383/1335/1804 1362/1336/1805 1359/1337/1806
f 1431/1338/1807 1384/1330/1799 1363/1333/1802 1425/1339/1808
f 1388/1340/1809 1387/1341/1810 1359/1337/1806 1362/1336/1805
f 1392/1342/1811 1391/1343/1812 1363/1333/1802 1360/1332/1801
f 1394/1344/1813 1393/1345/1814 1361/1346/1815 1357/1347/1816
f 1400/1348/1817 1392/1342/1811 1360/1332/1801 1382/1331/1800
f 1398/1349/1818 1394/1344/1813 1357/1347/1816 1373/1350/1819
f 1433/1351/1820 1388/1340/1809 1362/1336/1805 1425/1339/1808
f 1399/1352/1821 1395/1353/1822 1368/1354/1823 1386/1355/1824
f 1397/1356/1825 1436/1357/1826 1435/1358/1827 1377/1359/1828
f 1373/1360/1829 1378/1361/1830 1370/1362/1831 1368/1363/1832
f 1429/1364/1833 1428/1365/1834 1367/1366/1835 1376/1367/1836
f 1372/1368/1837 1364/1369/1838 1366/1370/1839 1375/1371/1840
f 1376/1367/1836 1367/1366/1835 1365/1372/1841 1374/1373/1842
f 1355/1374/1843 1376/1367/1836 1374/1373/1842 1350/1375/1844
f 1349/1376/1845 1372/1368/1837 1375/1371/1840 1353/1377/1846
f 1424/1378/1847 1429/1364/1833 1376/1367/1836 1355/1374/1843
f 1357/1379/1848 1361/1380/1849 1378/1361/1830 1373/1360/1829
f 1389/1381/1850 1397/1382/1825 1377/1383/1851 1358/1384/1852
f 1395/1353/1822 1398/1349/1818 1373/1350/1819 1368/1354/1823
f 1399/1352/1853 1386/1355/1853 1402/1385/1854 1404/1386/1855
f 1396/1387/1856 1400/1348/1817 1382/1331/1800 1369/1388/1857
f 1427/1389/1858 1371/1390/1859 1384/1330/1799 1431/1338/1807
f 1368/1363/1832 1370/1362/1831 1383/1335/1804 1386/1334/1803
f 1371/1390/1859 1369/1388/1857 1382/1331/1800 1384/1330/1799
f 1428/1365/1834 1432/1328/1796 1381/1320/1789 1367/1366/1835
f 1364/1369/1838 1385/1324/1792 1380/1327/1795 1366/1370/1839
f 1367/1366/1835 1381/1320/1789 1379/1323/1791 1365/1372/1841
f 1459/1391/1860 1463/1392/1861 1400/1348/1817 1396/1387/1856
f 1454/1393/1862 1462/1394/1863 1399/1352/1821 1387/1395/1864
f 1458/1396/1865 1461/1397/1866 1398/1349/1818 1395/1353/1822
f 1455/1398/1867 1460/1399/1868 1397/1382/1825 1389/1381/1850
f 1466/1400/1869 1436/1357/1826 1397/1356/1825 1460/1401/1868
f 1462/1394/1863 1458/1396/1865 1395/1353/1822 1399/1352/1821
f 1465/1402/1870 1450/1403/1871 1388/1340/1809 1433/1351/1820
f 1461/1397/1866 1453/1404/1872 1394/1344/1813 1398/1349/1818
f 1463/1392/1861 1452/1405/1873 1392/1342/1811 1400/1348/1817
f 1453/1404/1872 1457/1406/1874 1393/1345/1814 1394/1344/1813
f 1452/1405/1873 1456/1407/1875 1391/1343/1812 1392/1342/1811
f 1451/1408/1876 1455/1398/1877 1389/1409/1878 1390/1410/1879
f 1450/1403/1871 1454/1411/1880 1387/1341/1810 1388/1340/1809
f 1404/1386/1855 1402/1385/1854 1406/1412/1881 1408/1413/1882
f 1359/1414/1806 1387/1415/1810 1403/1416/1883 1401/1417/1884
f 1387/1395/1885 1399/1352/1885 1404/1386/1886 1403/1418/1887
f 1386/1355/1803 1359/1419/1806 1401/1420/1884 1402/1385/1888
f 1405/1421/1889 1407/1422/1890 1411/1423/1891 1409/1424/1892
f 1401/1417/1884 1403/1416/1883 1407/1425/1890 1405/1426/1889
f 1403/1418/1887 1404/1386/1886 1408/1413/1893 1407/1422/1894
f 1402/1385/1888 1401/1420/1884 1405/1427/1889 1406/1428/1895
f 1411/1423/1896 1412/1429/1897 1416/1430/1898 1415/1431/1899
f 1407/1422/1894 1408/1413/1893 1412/1429/1897 1411/1423/1896
f 1406/1428/1895 1405/1427/1889 1409/1432/1892 1410/1433/1900
f 1408/1413/1882 1406/1412/1881 1410/1434/1901 1412/1429/1902
f 1416/1430/1903 1414/1435/1904 1418/1436/1905 1420/1437/1906
f 1410/1433/1900 1409/1432/1892 1413/1438/1907 1414/1439/1908
f 1412/1429/1902 1410/1434/1901 1414/1435/1904 1416/1430/1903
f 1409/1424/1892 1411/1423/1891 1415/1431/1909 1413/1440/1907
f 1413/1440/1907 1415/1431/1909 1419/1441/1910 1417/1442/1911
f 1415/1431/1899 1416/1430/1898 1420/1437/1912 1419/1441/1913
f 1414/1439/1908 1413/1438/1907 1417/1443/1911 1418/1444/1914
f 1421/1445/1915 1426/1446/1916 1434/1447/1917 1422/1448/1918
f 1464/1449/1919 1451/1408/1876 1390/1410/1879 1434/1447/1917
f 1377/1383/1851 1421/1445/1915 1422/1448/1918 1358/1384/1852
f 1457/1406/1874 1464/1449/1919 1434/1447/1917 1393/1345/1814
f 1456/1407/1875 1465/1402/1870 1433/1351/1820 1391/1343/1812
f 1366/1370/1839 1380/1327/1795 1432/1328/1796 1428/1365/1834
f 1370/1362/1831 1427/1389/1858 1431/1338/1807 1383/1335/1804
f 1361/1380/1849 1426/1450/1920 1430/1451/1921 1378/1361/1830
f 1353/1377/1846 1375/1371/1840 1429/1364/1833 1424/1378/1847
f 1375/1371/1840 1366/1370/1839 1428/1365/1834 1429/1364/1833
f 1378/1361/1830 1430/1451/1921 1427/1389/1858 1370/1362/1831
f 1391/1343/1812 1433/1351/1820 1425/1339/1808 1363/1333/1802
f 1361/1346/1815 1393/1345/1814 1434/1447/1917 1426/1446/1916
f 1383/1335/1804 1431/1338/1807 1425/1339/1808 1362/1336/1805
f 1380/1327/1795 1354/1326/1794 1423/1329/1797 1432/1328/1796
f 1377/1359/1828 1435/1358/1827 1437/1452/1922 1421/1453/1923
f 1427/1389/1858 1430/1451/1921 1437/1452/1922 1371/1390/1859
f 1437/1452/1922 1430/1451/1921 1426/1450/1920 1421/1453/1923
f 1466/1400/1869 1374/1454/1924 1365/1372/1925 1459/1391/1860
f 1435/1358/1827 1436/1357/1826 1396/1387/1856 1369/1388/1857
f 1437/1452/1922 1435/1358/1827 1369/1388/1857 1371/1390/1859
f 1419/1441/1913 1420/1437/1912 1441/1455/1926 1440/1456/1927
f 1418/1444/1914 1417/1443/1911 1438/1457/1928 1439/1458/1929
f 1420/1437/1906 1418/1436/1905 1439/1459/1930 1441/1455/1931
f 1417/1442/1911 1419/1441/1910 1440/1456/1932 1438/1460/1928
f 1441/1455/1931 1439/1459/1930 1443/1461/1933 1445/1462/1934
f 1438/1460/1928 1440/1456/1932 1444/1463/1935 1442/1464/1936
f 1440/1456/1927 1441/1455/1926 1445/1462/1937 1444/1463/1938
f 1439/1458/1929 1438/1457/1928 1442/1465/1936 1443/1466/1939
f 1468/1467/1940 1467/1468/1941 1447/1469/1942 1449/1470/1943
f 1470/1471/1944 1469/1472/1945 1448/1473/1946 1446/1474/1947
f 1469/1472/1948 1468/1467/1949 1449/1470/1950 1448/1473/1950
f 1467/1475/1941 1470/1476/1951 1446/1477/1952 1447/1478/1942
f 1436/1357/1826 1466/1400/1869 1459/1391/1860 1396/1387/1856
f 1356/1321/1798 1423/1329/1797 1465/1402/1870 1456/1407/1875
f 1353/1377/1953 1424/1378/1954 1464/1449/1919 1457/1406/1874
f 1424/1378/1954 1355/1374/1843 1451/1408/1876 1464/1449/1919
f 1354/1326/1955 1351/1325/1956 1454/1411/1880 1450/1403/1871
f 1355/1374/1843 1350/1375/1844 1455/1398/1877 1451/1408/1876
f 1352/1322/1957 1356/1321/1798 1456/1407/1875 1452/1405/1873
f 1349/1479/1958 1353/1377/1953 1457/1406/1874 1453/1404/1872
f 1379/1323/1959 1352/1322/1957 1452/1405/1873 1463/1392/1861
f 1372/1480/1960 1349/1479/1958 1453/1404/1872 1461/1397/1866
f 1423/1329/1797 1354/1326/1955 1450/1403/1871 1465/1402/1870
f 1385/1481/1961 1364/1482/1962 1458/1396/1865 1462/1394/1863
f 1374/1454/1924 1466/1400/1869 1460/1401/1868
f 1350/1375/1963 1374/1373/1924 1460/1399/1868 1455/1398/1867
f 1364/1482/1962 1372/1480/1960 1461/1397/1866 1458/1396/1865
f 1351/1483/1964 1385/1481/1961 1462/1394/1863 1454/1393/1862
f 1365/1372/1925 1379/1323/1959 1463/1392/1861 1459/1391/1860
f 1443/1466/1939 1442/1465/1936 1470/1476/1951 1467/1475/1941
f 1444/1463/1938 1445/1462/1937 1468/1467/1949 1469/1472/1948
f 1442/1464/1936 1444/1463/1935 1469/1472/1945 1470/1471/1944
f 1445/1462/1934 1443/1461/1933 1467/1468/1941 1468/1467/1940
f 1448/1473/1946 1449/1470/1965 1389/1484/1966 1472/1485/1967
f 1447/1478/1942 1446/1477/1952 1471/1486/1968 1455/1487/1969
f 1449/1470/1965 1447/1469/1942 1455/1488/1969 1389/1484/1966
f 1446/1474/1947 1448/1473/1946 1472/1485/1967 1471/1489/1970
o Tuft
v 0.473865 1.378940 0.545574
v 0.683258 1.295196 0.097535
v 0.568691 1.478646 0.337193
v 0.588360 1.379839 0.015393
v 0.568777 1.224114 0.387334
v 0.526542 1.625034 -0.012920
v 0.583080 1.604813 0.101908
v 0.585564 1.309420 0.476770
v 0.692531 1.062244 0.347463
v 0.696342 1.128672 0.445553
v 0.619958 0.825096 0.557365
v 0.616174 0.906190 0.669363
v 0.497459 0.650681 0.727824
v 0.481540 0.776543 0.845348
v 0.360810 0.504989 0.847542
v 0.336155 0.670778 0.975652
v 0.278875 0.479864 0.974099
v 0.255315 0.592850 1.054179
v 0.220891 0.490048 1.056022
v 0.623614 1.170804 0.469298
v 0.517107 1.206838 0.582758
v 0.584401 1.022080 0.648715
v 0.507961 1.117931 0.732287
v 0.450701 0.906283 0.870909
v 0.411259 0.998916 0.952205
v 0.250554 0.792308 1.132170
v 0.282090 0.969155 1.128505
v 0.146785 0.780941 1.233395
v 0.193958 0.946688 1.277149
v 0.107036 0.840485 1.347036
v 0.410801 1.241045 0.665828
v 0.480482 1.161923 0.655611
v 0.304263 1.198362 0.863807
v 0.370983 1.090415 0.855018
v 0.219831 1.181177 1.034212
v 0.278982 1.056188 1.028774
v 0.130947 1.229094 1.193345
v 0.181194 1.076818 1.207001
v 0.073024 1.232278 1.306342
v 0.102370 1.111550 1.327471
v 0.044924 1.192987 1.392102
v 0.565903 1.390789 0.535491
v 0.731911 1.293357 0.223056
v 0.622084 1.495303 0.350267
v 0.633331 1.471503 0.005636
v 0.703554 1.325205 0.319708
v 0.665170 1.487345 0.121272
v 0.697194 1.477113 0.280045
v 0.610120 1.352384 0.470845
v 0.731314 1.089020 0.391897
v 0.712264 1.097084 0.458934
v 0.664593 0.861491 0.606912
v 0.662607 0.916119 0.658602
v 0.543304 0.689924 0.775948
v 0.537117 0.748698 0.835551
v 0.436169 0.563513 0.893462
v 0.419015 0.668188 0.978377
v 0.322969 0.479648 0.988941
v 0.354366 0.606840 1.048696
v 0.454627 0.575740 0.956571
v 0.343432 0.551040 1.024530
v 0.637816 1.176968 0.519347
v 0.626385 1.201483 0.592268
v 0.598965 1.062540 0.706987
v 0.558869 1.084932 0.760234
v 0.476059 0.926931 0.938674
v 0.468689 1.006610 0.944668
v 0.358171 0.843147 1.102612
v 0.364695 0.953810 1.148519
v 0.197671 0.799329 1.287474
v 0.224832 0.920850 1.291749
v 0.369104 0.871066 1.135265
v 0.260309 0.868918 1.258763
v 0.474316 1.237866 0.711464
v 0.519044 1.202238 0.693059
v 0.380364 1.177323 0.884963
v 0.410650 1.129988 0.882912
v 0.291700 1.156373 1.057602
v 0.314955 1.103464 1.065439
v 0.195682 1.213790 1.207308
v 0.236797 1.098772 1.211009
v 0.120180 1.230575 1.339051
v 0.150160 1.131317 1.349664
v 0.217775 1.159856 1.255080
v 0.154541 1.173724 1.320661
v 0.423914 1.345533 0.498073
v 0.598179 1.257576 0.182686
v 0.485778 1.375311 0.334055
v 0.605794 1.366971 0.026809
v 0.566501 1.260526 0.298099
v 0.551313 1.396692 0.068789
v 0.519215 1.359173 0.209295
v 0.473657 1.295965 0.439418
v 0.584111 1.068930 0.362086
v 0.575886 1.093106 0.426424
v 0.522092 0.863186 0.552610
v 0.519175 0.912958 0.611873
v 0.413545 0.704292 0.708799
v 0.409679 0.772179 0.776149
v 0.303606 0.579214 0.821979
v 0.287398 0.683153 0.904769
v 0.229058 0.522958 0.916586
v 0.212838 0.612765 0.982921
v 0.233578 0.600103 0.891472
v 0.208192 0.562960 0.957614
v 0.510681 1.157451 0.475799
v 0.470197 1.180666 0.547775
v 0.466850 1.042583 0.647237
v 0.427067 1.082112 0.697387
v 0.355982 0.928862 0.851005
v 0.340777 0.995795 0.879792
v 0.220103 0.841031 1.038861
v 0.232762 0.952450 1.061269
v 0.116404 0.811834 1.172049
v 0.144147 0.927564 1.189755
v 0.154999 0.878916 1.105970
v 0.120647 0.865733 1.191908
v 0.348917 1.212964 0.647103
v 0.394714 1.165513 0.630129
v 0.255116 1.171665 0.816708
v 0.292159 1.110902 0.811009
v 0.174333 1.150860 0.974963
v 0.204206 1.086673 0.976385
v 0.092321 1.183357 1.116948
v 0.126665 1.083671 1.124824
v 0.038182 1.205127 1.230706
v 0.064279 1.113222 1.242259
v 0.061346 1.146446 1.162636
v 0.038180 1.160853 1.244108
v 0.456396 0.771525 0.809904
vn -0.9052 0.1720 0.3885
vn -0.6078 0.5954 0.5254
vn -0.8007 0.5623 0.2066
vn -0.9871 -0.0605 -0.1482
vn 0.3280 -0.9083 -0.2595
vn 0.1237 -0.9830 -0.1355
vn -0.1331 -0.8908 -0.4345
vn -0.1002 -0.8669 -0.4884
vn -0.2259 -0.7621 -0.6068
vn -0.2105 -0.6650 -0.7165
vn -0.2040 -0.6593 -0.7237
vn -0.5978 -0.6208 -0.5072
vn -0.0692 0.9856 0.1541
vn -0.1136 0.9653 0.2353
vn -0.3344 0.9260 0.1749
vn -0.6330 0.7148 -0.2973
vn -0.1276 0.5774 0.8064
vn -0.3956 0.3556 0.8468
vn -0.6498 0.1848 0.7373
vn -0.4865 0.5165 0.7046
vn 0.4548 -0.8612 -0.2272
vn 0.3148 -0.9465 -0.0705
vn -0.4580 -0.7751 -0.4354
vn -0.3437 -0.7566 -0.5563
vn 0.1183 -0.8809 -0.4583
vn -0.1148 -0.9933 0.0121
vn -0.6825 -0.5447 -0.4873
vn -0.6163 -0.2478 -0.7475
vn -0.1550 0.9837 0.0914
vn -0.3392 0.8665 0.3662
vn -0.5138 0.8471 0.1355
vn -0.4260 0.9025 -0.0632
vn -0.1680 0.8253 0.5391
vn -0.6698 0.7411 -0.0464
vn -0.0725 -0.8173 -0.5716
vn -0.5198 -0.6219 -0.5857
vn -0.7269 -0.6576 -0.1978
vn -0.9187 0.3892 0.0677
vn -0.3630 0.9106 0.1977
vn -0.7813 0.5791 -0.2327
vn -0.9780 -0.1996 -0.0600
vn -0.1840 0.8720 0.4536
vn -0.4808 0.8200 0.3104
vn 0.6450 -0.7293 -0.2283
vn 0.2067 -0.8286 -0.5203
vn -0.2086 -0.5644 -0.7987
vn -0.2085 -0.5666 -0.7972
vn 0.3272 0.8753 -0.3561
vn -0.9759 0.1984 0.0913
vn -0.9990 0.0432 0.0079
vn -0.9356 -0.2677 -0.2304
vn -0.9549 -0.2285 -0.1896
vn -0.4460 0.8058 0.3895
vn -0.6776 0.7182 0.1584
vn -0.0272 0.8298 0.5574
vn -0.3250 0.8860 0.3306
vn 0.0562 -0.9748 0.2158
vn -0.1852 -0.8101 0.5563
vn -0.6292 -0.7765 0.0338
vn -0.5744 -0.7867 -0.2263
vn 0.4038 -0.7686 -0.4962
vn -0.4778 -0.6583 -0.5817
vn 0.9673 0.1806 0.1781
vn 0.9807 -0.0052 -0.1953
vn 0.7834 0.2040 -0.5871
vn 0.8985 0.3871 -0.2068
vn 0.8499 0.2839 0.4438
vn 0.8106 0.5049 0.2966
vn 0.7699 0.3163 0.5543
vn 0.3677 0.7868 0.4957
vn 0.9758 0.0187 0.2178
vn 0.9796 -0.1876 -0.0726
vn 0.9426 -0.1762 0.2838
vn 0.9101 -0.4136 0.0255
vn 0.8904 -0.2530 0.3785
vn 0.8559 -0.5008 0.1287
vn 0.7985 -0.1832 0.5734
vn 0.7661 -0.3921 0.5093
vn 0.7441 -0.6494 0.1571
vn 0.4877 -0.4503 0.7479
vn 0.4638 -0.8289 0.3126
vn 0.4983 -0.1577 0.8525
vn 0.9233 0.1523 0.3525
vn 0.9813 -0.1742 0.0820
vn 0.8838 0.1083 0.4553
vn 0.9462 -0.2418 0.2150
vn 0.8797 0.0124 0.4754
vn 0.8411 -0.4726 0.2629
vn 0.8244 -0.0690 0.5617
vn 0.8059 -0.2384 0.5419
vn 0.7013 -0.6649 0.2571
vn 0.6470 -0.2605 0.7166
vn 0.3982 -0.7340 0.5502
vn 0.3970 0.7103 0.5813
vn 0.7379 0.3661 0.5670
vn 0.4922 0.0623 0.8682
vn 0.4780 0.7702 0.4223
vn 0.7260 0.4610 0.5103
vn 0.6377 0.7163 0.2833
vn 0.8215 0.3965 0.4098
vn 0.5864 0.7931 0.1649
vn 0.8297 0.2747 0.4860
vn 0.8636 0.2751 0.4225
vn 0.6681 0.2556 0.6988
vn 0.4917 -0.4235 0.7608
vn 0.3783 0.7862 0.4887
vn 0.8212 -0.4411 -0.3620
vn 0.8256 -0.1501 -0.5439
vn 0.2264 -0.1990 0.9535
vn 0.2942 -0.5048 0.8116
vn -0.0086 0.9914 -0.1308
vn 0.3213 -0.3219 0.8906
vn 0.1669 -0.9682 0.1863
vn -0.4763 0.8474 0.2345
vn -0.1871 0.8554 0.4829
vn 0.2105 -0.9760 0.0564
vn 0.6604 -0.7341 0.1576
vn 0.5626 -0.7826 0.2665
vn -0.0119 0.7483 0.6633
vn 0.2202 0.6657 0.7130
vn 0.1839 0.6584 0.7298
vn -0.3256 0.9248 0.1969
vn 0.2242 0.9103 0.3480
vn 0.1066 0.9548 0.2777
vn 0.7552 -0.6108 -0.2378
vn 0.7623 0.0290 -0.6466
vn -0.2869 0.6901 0.6644
vn -0.3170 0.7683 0.5561
vn -0.0715 0.7649 0.6402
vn -0.2090 0.6765 0.7061
vn -0.0461 0.9818 -0.1844
vn 0.7591 0.6406 -0.1157
vn 0.3052 -0.8043 -0.5099
vn 0.4650 -0.7283 -0.5033
vn 0.4008 -0.8505 0.3406
vn -0.0620 0.7947 0.6038
vn 0.2582 0.6369 0.7264
vn 0.3686 0.0959 0.9246
vn 0.3004 0.2786 0.9122
vn 0.7005 -0.6998 -0.1399
vn 0.7262 0.4381 -0.5298
vn 0.0959 0.8556 0.5086
vn 0.8648 -0.5019 -0.0152
vn 0.1189 0.7296 0.6734
vn 0.1915 0.7150 0.6724
vn 0.8044 -0.5922 -0.0461
vn 0.7442 -0.6675 0.0256
vn 0.0891 0.9103 0.4044
vn -0.0368 0.7474 0.6634
vn 0.0553 0.5370 0.8418
vn -0.8610 -0.4130 -0.2969
vn -0.5564 -0.6563 -0.5096
vn -0.8447 -0.3426 -0.4113
vn -0.8148 -0.2953 -0.4990
vn -0.9616 0.2084 -0.1788
vn -0.9817 -0.0440 -0.1852
vn -0.9834 0.0214 -0.1800
vn -0.9437 0.2182 -0.2486
vn -0.9403 0.2251 -0.2552
vn -0.8371 0.3328 -0.4342
vn -0.8357 0.3334 -0.4364
vn -0.8552 0.2020 -0.4773
vn -0.8536 -0.3015 -0.4247
vn -0.8704 -0.1585 -0.4662
vn -0.8479 0.0330 -0.5291
vn -0.8458 0.0418 -0.5318
vn -0.8214 0.1136 -0.5590
vn -0.8459 0.1997 -0.4945
vn -0.9428 -0.1818 -0.2795
vn -0.9639 0.1914 -0.1850
vn -0.7430 -0.3794 -0.5514
vn -0.6828 0.7237 -0.1003
vn -0.7591 -0.4233 -0.4946
vn -0.5447 -0.7609 -0.3526
vn -0.8008 -0.3699 -0.4710
vn -0.8904 -0.2845 -0.3553
vn -0.8555 -0.2401 -0.4587
vn -0.3512 0.9129 -0.2083
vn -0.9552 -0.2958 -0.0027
vn -0.9685 0.2342 0.0849
vn -0.3163 0.7848 0.5330
vn -0.1896 -0.6199 -0.7615
vn -0.1900 -0.6196 -0.7616
vn -0.2401 -0.8983 -0.3680
vn -0.8047 -0.3509 -0.4789
vn -0.4331 0.7007 0.5670
vn -0.4990 0.7262 0.4728
vn -0.2592 0.9046 -0.3384
vn 0.1948 -0.8406 -0.5055
vn -0.3179 0.8401 0.4396
vn -0.7607 -0.6086 0.2257
vt 0.885966 0.123837
vt 0.892372 0.126753
vt 0.892731 0.130371
vt 0.889095 0.130760
vt 0.893624 0.191536
vt 0.890122 0.180090
vt 0.893696 0.181463
vt 0.896469 0.189542
vt 0.952320 0.210956
vt 0.950377 0.205062
vt 0.952262 0.204338
vt 0.953333 0.208878
vt 0.904733 0.187685
vt 0.909242 0.192747
vt 0.906742 0.195062
vt 0.902849 0.189493
vt 0.958133 0.205006
vt 0.955394 0.205990
vt 0.954624 0.207556
vt 0.955970 0.204046
vt 0.954993 0.132470
vt 0.948821 0.146656
vt 0.943296 0.143778
vt 0.949114 0.131252
vt 0.952568 0.190579
vt 0.953345 0.188013
vt 0.954624 0.189021
vt 0.953888 0.191361
vt 0.961134 0.196749
vt 0.961354 0.200544
vt 0.960188 0.200051
vt 0.959962 0.196729
vt 0.955922 0.188013
vt 0.956606 0.190465
vt 0.955212 0.191208
vt 0.954624 0.188887
vt 0.897653 0.200489
vt 0.900522 0.197518
vt 0.883500 0.129725
vt 0.885650 0.132834
vt 0.938577 0.114180
vt 0.939462 0.120607
vt 0.936637 0.123718
vt 0.933994 0.122055
vt 0.913340 0.200950
vt 0.910247 0.201596
vt 0.960962 0.116835
vt 0.953273 0.115642
vt 0.951044 0.194461
vt 0.952764 0.194811
vt 0.961910 0.120065
vt 0.964487 0.118340
vt 0.961751 0.122958
vt 0.960923 0.126686
vt 0.939462 0.209887
vt 0.939188 0.215748
vt 0.925599 0.206988
vt 0.925797 0.197302
vt 0.961322 0.204101
vt 0.960142 0.204006
vt 0.957961 0.194345
vt 0.956204 0.194721
vt 0.938125 0.167782
vt 0.933525 0.173706
vt 0.930496 0.168986
vt 0.934013 0.163121
vt 0.903154 0.206482
vt 0.905268 0.203095
vt 0.983000 0.128825
vt 0.979338 0.123143
vt 0.988555 0.111212
vt 0.991053 0.116331
vt 0.987553 0.139628
vt 0.992456 0.124265
vt 0.991287 0.143928
vt 0.995139 0.130181
vt 0.969949 0.140096
vt 0.968335 0.135937
vt 0.961239 0.155729
vt 0.956893 0.153738
vt 0.953576 0.172250
vt 0.948818 0.169761
vt 0.951089 0.185187
vt 0.943745 0.191206
vt 0.942880 0.181735
vt 0.944534 0.192079
vt 0.939461 0.191962
vt 0.947349 0.194968
vt 0.979274 0.148373
vt 0.976543 0.144406
vt 0.974456 0.161726
vt 0.971964 0.157912
vt 0.972531 0.176049
vt 0.967161 0.176835
vt 0.972651 0.191444
vt 0.969391 0.203423
vt 0.964760 0.190986
vt 0.969321 0.202227
vt 0.965559 0.206947
vt 0.984347 0.159090
vt 0.981456 0.157279
vt 0.973434 0.204279
vt 0.983459 0.172627
vt 0.980125 0.172368
vt 0.985126 0.185281
vt 0.981613 0.185882
vt 0.991662 0.195574
vt 0.991256 0.203536
vt 0.983893 0.196439
vt 0.990919 0.203794
vt 0.988576 0.206249
vt 0.995139 0.204922
vt 0.889266 0.192361
vt 0.894262 0.200987
vt 0.889981 0.200349
vt 0.887062 0.192937
vt 0.891723 0.191298
vt 0.889191 0.184181
vt 0.948270 0.195763
vt 0.941760 0.198680
vt 0.961043 0.193751
vt 0.962481 0.193655
vt 0.962621 0.196753
vt 0.969698 0.212372
vt 0.963899 0.205865
vt 0.961192 0.208596
vt 0.962798 0.204994
vt 0.962184 0.208977
vt 0.978208 0.185783
vt 0.977376 0.172738
vt 0.958751 0.199021
vt 0.959449 0.199586
vt 0.958545 0.204581
vt 0.901663 0.183379
vt 0.902518 0.182319
vt 0.907449 0.186453
vt 0.887257 0.184239
vt 0.884726 0.185099
vt 0.889782 0.175324
vt 0.887626 0.176001
vt 0.898059 0.204750
vt 0.896652 0.207639
vt 0.917352 0.211678
vt 0.914256 0.206931
vt 0.917958 0.206079
vt 0.918542 0.212584
vt 0.960710 0.191605
vt 0.961940 0.191691
vt 0.959449 0.213194
vt 0.962939 0.210202
vt 0.907048 0.207039
vt 0.907130 0.213144
vt 0.901725 0.206072
vt 0.982747 0.198327
vt 0.958867 0.194532
vt 0.975120 0.204001
vt 0.993910 0.210838
vt 0.987263 0.206853
vt 0.950094 0.199301
vt 0.949125 0.199133
vt 0.950067 0.194347
vt 0.898723 0.213763
vt 0.892910 0.207752
vt 0.914833 0.199282
vt 0.960599 0.189769
vt 0.961659 0.189643
vt 0.968561 0.155836
vt 0.975510 0.142192
vt 0.941859 0.167025
vt 0.936840 0.174083
vt 0.958046 0.190957
vt 0.962796 0.200344
vt 0.894633 0.212450
vt 0.888252 0.206878
vt 0.951116 0.190834
vt 0.978514 0.157100
vt 0.984971 0.141449
vt 0.911263 0.192864
vt 0.960836 0.188013
vt 0.962172 0.189477
vt 0.939544 0.192518
vt 0.964993 0.174237
vt 0.956891 0.188082
vt 0.952479 0.188019
vt 0.957056 0.208923
vt 0.920596 0.191203
vt 0.922576 0.210072
vt 0.918205 0.198607
vt 0.925960 0.181561
vt 0.930526 0.178000
vt 0.929217 0.189573
vt 0.909137 0.184050
vt 0.911868 0.180580
vt 0.899479 0.167431
vt 0.903748 0.164884
vt 0.892590 0.152713
vt 0.898181 0.150031
vt 0.887167 0.141153
vt 0.890196 0.135936
vt 0.895448 0.138006
vt 0.917340 0.177510
vt 0.920360 0.172854
vt 0.913128 0.164218
vt 0.916828 0.161178
vt 0.910006 0.147559
vt 0.914949 0.146862
vt 0.908461 0.131787
vt 0.912519 0.127156
vt 0.915992 0.132968
vt 0.909563 0.121096
vt 0.913374 0.121097
vt 0.921308 0.166047
vt 0.924993 0.164972
vt 0.917191 0.122975
vt 0.921572 0.152086
vt 0.925868 0.152131
vt 0.923442 0.139962
vt 0.927789 0.140651
vt 0.926328 0.129482
vt 0.931500 0.127056
vt 0.932899 0.131154
vt 0.930691 0.121801
vt 0.959844 0.193874
vt 0.908404 0.117571
vt 0.914494 0.111212
vt 0.959882 0.206907
vt 0.943663 0.158030
vt 0.938358 0.154316
vt 0.956642 0.199200
vt 0.899725 0.185717
vt 0.951958 0.199218
vt 0.892342 0.175927
vt 0.954624 0.212488
vt 0.954225 0.212287
vt 0.913381 0.212968
vt 0.912405 0.207621
vt 0.959512 0.191825
vt 0.935412 0.193290
vt 0.909744 0.208971
vt 0.897874 0.179673
vt 0.898412 0.184544
vt 0.931787 0.117630
vt 0.923334 0.210606
vt 0.959449 0.190215
s 1
usemtl Material.008
f 1491/1490/1971 1490/1491/1972 1575/1492/1973 1577/1493/1974
f 1496/1494/1975 1498/1495/1976 1584/1496/1977 1582/1497/1978
f 1474/1498/1979 1481/1499/1980 1566/1500/1981 1559/1501/1982
f 1499/1502/1983 1497/1503/1984 1583/1504/1985 1585/1505/1986
f 1482/1506/1987 1477/1507/1988 1562/1508/1989 1567/1509/1990
f 1504/1510/1991 1506/1511/1992 1593/1512/1993 1591/1513/1994
f 1487/1514/1995 1489/1515/1996 1574/1516/1997 1572/1517/1998
f 1505/1518/1999 1503/1519/2000 1590/1520/2001 1592/1521/2002
f 1490/1522/1972 1488/1523/2003 1573/1524/2004 1575/1525/1973
f 1494/1526/2005 1496/1494/1975 1582/1497/1978 1580/1527/2006
f 1489/1528/1996 1491/1490/2007 1577/1493/1974 1574/1529/1997
f 1513/1530/2008 1511/1531/2009 1598/1532/2010 1601/1533/2011
f 1497/1503/1984 1495/1534/2012 1581/1535/2013 1583/1504/1985
f 1480/1536/2014 1504/1510/1991 1591/1513/1994 1565/1537/2015
f 1485/1538/2016 1487/1514/1995 1572/1517/1998 1570/1539/2017
f 1486/1540/2018 1527/1541/2018 1602/1542/2018 1571/1543/2018
f 1479/1544/2019 1478/1545/2020 1563/1546/2021 1564/1547/2022
f 1503/1519/2000 1473/1548/2023 1558/1549/2024 1590/1520/2001
f 1488/1523/2003 1486/1550/2025 1571/1551/2026 1573/1524/2004
f 1510/1552/2027 1512/1553/2028 1599/1554/2029 1597/1555/2030
f 1492/1556/2031 1494/1526/2005 1580/1527/2006 1578/1557/2032
f 1518/1558/2033 1515/1559/2034 1517/1560/2035 1519/1561/2036
f 1521/1562/2037 1518/1558/2033 1519/1561/2036 1520/1563/2038
f 1514/1564/2039 1521/1562/2037 1520/1563/2038 1516/1565/2040
f 1515/1559/2034 1518/1558/2033 1523/1566/2041 1522/1567/2042
f 1522/1567/2042 1523/1566/2041 1525/1568/2043 1524/1569/2044
f 1524/1569/2044 1525/1568/2043 1527/1570/2045 1526/1571/2046
f 1526/1571/2046 1527/1570/2045 1529/1572/2047 1532/1573/2048 1528/1574/2049
f 1528/1574/2049 1532/1573/2048 1533/1575/2050 1530/1576/2051
f 1533/1575/2050 1532/1573/2048 1529/1572/2047 1531/1577/2052
f 1518/1558/2033 1521/1562/2037 1535/1578/2053 1534/1579/2054
f 1534/1579/2054 1535/1578/2053 1537/1580/2055 1536/1581/2056
f 1536/1581/2056 1537/1580/2055 1539/1582/2057 1538/1583/2058
f 1538/1583/2058 1539/1582/2057 1541/1584/2059 1544/1585/2060 1540/1586/2061
f 1540/1586/2061 1544/1585/2060 1545/1587/2062 1542/1588/2063
f 1521/1562/2037 1514/1564/2039 1546/1589/2064 1547/1590/2065
f 1545/1587/2062 1544/1585/2060 1541/1584/2059 1543/1591/2066
f 1547/1590/2065 1546/1589/2064 1548/1592/2067 1549/1593/2068
f 1549/1593/2068 1548/1592/2067 1550/1594/2069 1551/1595/2070
f 1551/1595/2070 1550/1594/2069 1552/1596/2071 1556/1597/2072 1553/1598/2073
f 1553/1598/2073 1556/1597/2072 1557/1599/2074 1555/1600/2075
f 1557/1599/2074 1556/1597/2072 1552/1596/2071 1554/1601/2076
f 1481/1602/2077 1474/1603/2078 1515/1604/2034 1522/1605/2042
f 1498/1495/1976 1496/1494/1975 1538/1606/2058 1540/1607/2061
f 1490/1608/2079 1491/1609/2080 1533/1575/2050 1531/1577/2052
f 1505/1518/1999 1507/1610/2081 1550/1611/2069 1548/1612/2067
f 1502/1613/2082 1500/1614/2083 1542/1588/2063 1545/1587/2062
f 1475/1615/2084 1473/1548/2023 1514/1616/2085 1516/1617/2040
f 1508/1618/2086 1506/1619/1992 1549/1593/2087 1551/1595/2088
f 1482/1506/1987 1484/1620/2089 1525/1621/2090 1523/1622/2091
f 1499/1502/1983 1501/1623/2092 1543/1624/2093 1541/1625/2094
f 1483/1626/2095 1481/1602/2077 1522/1605/2042 1524/1627/2044
f 1500/1628/2083 1498/1495/1976 1540/1607/2061 1542/1629/2063
f 1474/1603/2078 1476/1630/2096 1517/1631/2035 1515/1604/2034
f 1480/1632/2097 1493/1633/2098 1535/1634/2099 1521/1635/2100
f 1507/1610/2081 1509/1636/2101 1552/1637/2071 1550/1611/2069
f 1479/1638/2102 1475/1615/2084 1516/1617/2040 1520/1639/2038
f 1492/1556/2031 1477/1640/2103 1518/1641/2104 1534/1642/2054
f 1510/1643/2027 1508/1618/2086 1551/1595/2088 1553/1598/2105
f 1484/1620/2089 1486/1550/2106 1527/1644/2107 1525/1621/2090
f 1501/1645/2108 1502/1613/2082 1545/1587/2062 1543/1591/2066
f 1513/1646/2109 1512/1647/2028 1555/1600/2075 1557/1599/2074
f 1485/1538/2110 1483/1648/2095 1524/1649/2044 1526/1650/2046
f 1476/1630/2096 1478/1651/2111 1519/1652/2036 1517/1631/2035
f 1493/1633/2098 1495/1534/2012 1537/1653/2112 1535/1634/2099
f 1509/1636/2101 1511/1654/2009 1554/1655/2076 1552/1637/2071
f 1494/1656/2113 1492/1657/2031 1534/1579/2054 1536/1581/2056
f 1512/1553/2028 1510/1552/2027 1553/1658/2105 1555/1659/2075
f 1486/1550/2025 1488/1523/2003 1529/1660/2114 1527/1644/2115
f 1473/1548/2023 1503/1519/2000 1546/1661/2064 1514/1616/2085
f 1478/1651/2111 1479/1662/2102 1520/1663/2038 1519/1652/2036
f 1487/1514/1995 1485/1538/2110 1526/1650/2046 1528/1664/2049
f 1504/1665/1991 1480/1666/2014 1521/1562/2116 1547/1590/2117
f 1495/1534/2012 1497/1503/1984 1539/1667/2118 1537/1653/2112
f 1511/1654/2009 1513/1668/2109 1557/1669/2074 1554/1655/2076
f 1491/1609/2080 1489/1670/1996 1530/1576/2051 1533/1575/2050
f 1496/1671/1975 1494/1656/2113 1536/1581/2056 1538/1583/2058
f 1488/1523/2003 1490/1522/1972 1531/1672/2119 1529/1660/2114
f 1503/1519/2000 1505/1518/1999 1548/1612/2067 1546/1661/2064
f 1489/1515/1996 1487/1514/1995 1528/1664/2049 1530/1673/2051
f 1506/1619/1992 1504/1665/1991 1547/1590/2117 1549/1593/2087
f 1477/1507/1988 1482/1506/1987 1523/1622/2091 1518/1674/2120
f 1497/1503/1984 1499/1502/1983 1541/1625/2094 1539/1667/2118
f 1562/1675/2121 1563/1546/2021 1561/1676/2122 1559/1677/1982
f 1565/1678/2123 1564/1547/2022 1563/1546/2021 1562/1675/2121
f 1558/1679/2124 1560/1680/2125 1564/1547/2022 1565/1678/2123
f 1559/1677/1982 1566/1681/2126 1567/1682/2127 1562/1675/2121
f 1566/1681/2126 1568/1683/2128 1569/1684/2129 1567/1682/2127
f 1568/1683/2128 1570/1685/2130 1571/1686/2131 1569/1684/2129
f 1570/1685/2130 1572/1687/1998 1576/1688/2132 1573/1689/2004 1571/1686/2131
f 1572/1687/1998 1574/1529/1997 1577/1493/1974 1576/1688/2132
f 1577/1493/1974 1575/1492/1973 1573/1689/2004 1576/1688/2132
f 1562/1675/2121 1578/1690/2032 1579/1691/2133 1565/1678/2123
f 1578/1690/2032 1580/1692/2006 1581/1693/2134 1579/1691/2133
f 1580/1692/2006 1582/1694/2135 1583/1695/2136 1581/1693/2134
f 1582/1694/2135 1584/1696/2137 1588/1697/2138 1585/1698/1986 1583/1695/2136
f 1584/1696/2137 1586/1699/2139 1589/1700/2140 1588/1697/2138
f 1565/1678/2123 1591/1701/1994 1590/1702/2141 1558/1679/2124
f 1589/1700/2140 1587/1703/2142 1585/1698/1986 1588/1697/2138
f 1591/1701/1994 1593/1704/1993 1592/1705/2143 1590/1702/2141
f 1593/1704/1993 1595/1706/2144 1594/1707/2145 1592/1705/2143
f 1595/1706/2144 1597/1708/2030 1600/1709/2146 1596/1710/2147 1594/1707/2145
f 1597/1708/2030 1599/1711/2029 1601/1533/2011 1600/1709/2146
f 1601/1533/2011 1598/1532/2010 1596/1710/2147 1600/1709/2146
f 1507/1610/2081 1505/1518/1999 1592/1521/2002 1594/1712/2148
f 1500/1713/2149 1502/1714/2150 1589/1700/2140 1586/1699/2139
f 1473/1548/2023 1475/1615/2084 1560/1715/2125 1558/1549/2024
f 1506/1511/1992 1508/1716/2086 1595/1717/2144 1593/1512/1993
f 1484/1620/2089 1482/1506/1987 1567/1509/1990 1569/1718/2151
f 1501/1623/2092 1499/1502/1983 1585/1505/1986 1587/1719/2142
f 1481/1499/1980 1483/1648/2152 1568/1720/2153 1566/1500/1981
f 1498/1495/1976 1500/1628/2083 1586/1721/2154 1584/1496/1977
f 1476/1722/2155 1474/1498/1979 1559/1501/1982 1561/1723/2122
f 1493/1633/2098 1480/1632/2097 1565/1724/2156 1579/1725/2157
f 1509/1636/2101 1507/1610/2081 1594/1712/2148 1596/1726/2158
f 1475/1727/2084 1479/1544/2019 1564/1547/2022 1560/1680/2125
f 1477/1640/2103 1492/1556/2031 1578/1557/2032 1562/1728/2159
f 1508/1716/2086 1510/1552/2027 1597/1555/2030 1595/1717/2144
f 1486/1550/2106 1484/1620/2089 1569/1718/2151 1571/1551/2160
f 1502/1729/2150 1501/1623/2092 1587/1719/2142 1589/1730/2140
f 1512/1731/2028 1513/1530/2161 1601/1533/2011 1599/1711/2029
f 1483/1648/2152 1485/1538/2016 1570/1539/2017 1568/1720/2153
f 1478/1545/2020 1476/1732/2155 1561/1676/2122 1563/1546/2021
f 1495/1534/2012 1493/1633/2098 1579/1725/2157 1581/1535/2013
f 1511/1654/2009 1509/1636/2101 1596/1726/2158 1598/1733/2010
o Chest
v 0.300187 -0.467283 -0.030687
v 0.139419 -0.256094 -0.000000
v -0.314031 0.095400 0.000000
v -0.377592 -0.182590 -0.000000
v -0.229883 0.185041 -0.247189
v 0.140091 0.083140 -0.184104
v 0.079317 0.102229 -0.255011
v -0.137579 0.188127 -0.246524
v -0.256650 0.095036 -0.234808
v 0.174599 -0.010079 -0.190686
v 0.102711 0.013734 -0.293437
v -0.164571 0.027979 -0.255011
v -0.354416 -0.155224 -0.280114
v 0.215392 -0.203366 -0.225053
v 0.131817 -0.245731 -0.345837
v -0.169135 -0.247976 -0.345837
v -0.377021 -0.184331 -0.138544
v -0.279679 0.115071 -0.222303
v -0.139069 0.205817 -0.225843
v 0.147495 0.098088 -0.107868
v 0.065093 0.129072 -0.209947
v 0.229714 -0.198990 -0.106600
v 0.182175 -0.002569 -0.095343
v -0.114793 -0.242046 -0.175832
v -0.107102 -0.267759 -0.000000
v -0.128853 -0.466172 -0.342526
v 0.164370 -0.457100 -0.333254
v -0.245837 -0.517443 -0.000000
v 0.214944 -0.491759 -0.215054
v -0.240896 -0.486776 -0.204331
v 0.302623 -0.499663 -0.039037
v -0.141277 -0.427708 -0.349960
v 0.178472 -0.417814 -0.339849
v -0.268259 -0.483083 -0.000000
v 0.233621 -0.416708 -0.191505
v -0.232023 -0.411030 -0.192248
v 0.144662 -0.234179 -0.174518
v -0.114642 -0.246641 -0.281561
v 0.145326 -0.240778 -0.276259
v -0.222066 -0.280589 -0.000000
v 0.224494 -0.241989 -0.161929
v -0.211794 -0.242545 -0.163626
v 0.252787 -0.269480 -0.000000
v -0.115459 0.366071 -0.332857
v 0.238749 0.252830 -0.157528
v 0.083373 0.319273 -0.336097
v 0.233001 0.134051 0.000000
v 0.236381 0.177802 -0.170255
v -0.228607 0.283698 -0.330920
v -0.128583 0.253830 -0.342564
v 0.105103 0.192121 -0.360612
v -0.255301 0.216189 -0.287389
v 0.090474 0.147812 -0.288680
v 0.197860 0.119272 -0.140293
v -0.130361 0.213041 -0.280285
v -0.111001 0.335927 -0.271671
v -0.205049 0.347063 -0.259378
v 0.082997 0.280248 -0.287001
v 0.204605 0.214725 -0.142895
v 0.114918 0.088521 -0.220273
v 0.143852 0.001828 -0.242062
v 0.178802 -0.224548 -0.285445
v 0.116307 0.114836 -0.160139
v 0.163718 0.286764 -0.270395
v 0.170742 0.184962 -0.265433
v 0.150075 0.124729 -0.215402
v 0.153288 0.248445 -0.218191
v 0.245488 0.191828 -0.032407
v 0.222703 0.193935 -0.068945
v 0.199521 0.150858 0.000000
v -0.485150 0.106259 0.000000
v 0.224976 0.151854 0.000000
v -0.058280 0.286382 -0.271546
v -0.496076 0.122568 -0.118983
v 0.057268 0.254112 -0.298342
v 0.170606 0.146780 0.000000
v 0.157667 0.185982 -0.148501
v 0.115300 0.221044 -0.226794
v 0.199316 0.165304 -0.035803
v 0.168264 0.156521 -0.025334
v -0.161497 0.256266 0.000000
v 0.007561 0.154157 0.000000
v -0.062377 0.217252 -0.102273
v -0.169397 0.244158 -0.112427
v 0.010479 0.165673 -0.083658
v 0.103747 0.101031 0.000000
v 0.096626 0.122364 -0.156264
v 0.068826 0.123916 0.000000
v 0.067182 0.143101 -0.186353
v 0.109008 0.102766 -0.087362
v -0.196628 0.379465 -0.327403
v -0.325278 0.052993 0.000000
v -0.353179 0.006746 -0.191228
v -0.476923 0.286411 -0.321373
v -0.817176 0.046967 0.000000
v -0.795388 0.049061 -0.183380
v -0.375335 0.345330 -0.286152
v -0.367557 0.360694 -0.329734
v -0.514758 0.269874 -0.269616
v -0.375806 -0.127425 -0.000000
v -0.413594 -0.124060 -0.155968
v -0.787169 -0.105793 -0.000000
v -0.735925 -0.116671 -0.187678
v -0.618642 0.181560 -0.280492
v -0.281477 0.375444 -0.314381
v -0.281501 0.356002 -0.278329
v -0.327990 0.286413 -0.325889
v -0.439121 0.186555 -0.293110
v -0.530394 0.025289 -0.266173
v -0.552110 -0.091412 -0.230045
v -0.453273 -0.255709 -0.000000
v -0.491061 -0.252344 -0.120877
v -0.688559 -0.200324 -0.000000
v -0.669067 -0.208604 -0.177901
v -0.571132 -0.256632 -0.151129
v -0.545368 -0.298917 -0.000000
v -0.782403 0.075319 0.000000
v -0.630823 0.169747 -0.222118
v -0.767380 0.074772 -0.149727
v -0.774744 0.075040 -0.076328
v -0.409450 0.172642 -0.111646
v -0.208413 0.309937 -0.259829
v -0.219162 0.269659 0.000000
v -0.404382 0.188641 0.000000
v -0.215866 0.291741 -0.151200
v -0.333029 0.260971 -0.119097
v -0.350334 0.306855 -0.285004
v -0.347756 0.249545 0.000000
v -0.511567 0.163447 -0.213878
v -0.473745 0.231901 -0.265499
v -0.276611 0.324045 -0.124245
v -0.292110 0.309395 0.000000
v -0.256500 0.317527 -0.277181
v -0.757402 0.036844 0.000000
v -0.623596 0.119840 -0.215303
v -0.740719 0.048126 -0.151040
v -0.606690 0.084101 -0.177944
v -0.738378 0.021437 -0.099586
v -0.699846 -0.015597 -0.000000
v -0.605879 0.022894 0.000000
v -0.584075 0.060267 -0.094780
v -0.695476 -0.016808 -0.070480
v -0.143479 0.302623 -0.262278
v -0.266861 0.320885 -0.198392
v -0.447965 0.217203 -0.213813
v -0.343855 0.289675 -0.222882
v 0.142359 0.133021 -0.052451
v 0.140833 0.126407 0.000000
v -0.211907 0.301406 -0.208902
v -0.075875 0.250337 -0.219555
v 0.090380 0.180678 -0.205850
v -0.147578 0.284860 -0.203567
v 0.129556 0.156684 -0.152076
v 0.023063 0.201360 -0.237201
v -0.130325 0.222807 -0.316295
v -0.241857 0.235033 -0.320133
v -0.392600 0.228357 -0.306831
v -0.538995 0.182188 -0.243500
v -0.545827 0.235432 -0.301497
v -0.578659 0.219626 -0.250350
v 0.091856 0.171867 -0.320064
v 0.162549 0.162319 -0.246422
v 0.209893 0.139781 -0.148773
v -0.686851 0.130427 -0.243015
v -0.692902 0.073309 -0.181988
v -0.651625 0.004156 0.000000
v -0.677572 0.041299 -0.144768
v -0.513554 0.094997 -0.266407
v -0.694605 0.125387 -0.188306
v -0.651852 0.012617 -0.084546
v -0.253552 0.199627 -0.254935
v -0.436988 0.011821 -0.232876
v -0.482852 -0.107736 -0.193006
v -0.499321 -0.277313 -0.000000
v -0.531097 -0.254488 -0.136003
v -0.417622 0.104462 -0.259357
v -0.389982 0.192199 -0.289550
v -0.308117 0.144679 -0.261453
v -0.326987 0.209555 -0.298568
v -0.476426 0.140667 -0.279726
v -0.403401 0.149603 -0.274892
v -0.646869 0.160400 -0.264983
v -0.317662 0.181643 -0.280644
v -0.427724 0.060869 -0.249483
v -0.737389 0.095630 -0.165625
v -0.522899 0.056314 -0.266277
v -0.744056 0.087542 -0.211584
v 0.320533 -0.453950 -0.000000
v 0.290005 -0.510246 -0.051961
v 0.274031 -0.466245 -0.053332
v 0.320723 -0.478017 -0.018957
v 0.273362 -0.437707 -0.000000
v 0.296386 -0.445635 -0.000000
v 0.202194 0.001773 -0.040222
v -0.144113 -0.363228 -0.369332
v 0.263631 -0.423954 -0.160936
v 0.253937 -0.196404 -0.043587
v 0.166345 0.092217 -0.037000
v 0.228148 -0.381880 -0.277952
v 0.200251 -0.381124 -0.332531
v 0.218596 0.126873 -0.035176
v 0.233715 0.143292 -0.035962
v 0.204020 0.108868 -0.035721
v 0.161250 -0.381502 -0.387393
v 0.298176 -0.441287 -0.055076
v -0.267332 -0.347232 -0.339966
v -0.316645 -0.432585 -0.000000
v -0.309825 -0.389767 -0.180069
v -0.299273 -0.437671 -0.000000
v -0.304174 -0.475039 -0.000000
v 0.312983 -0.507288 -0.049650
v 0.266726 -0.486214 -0.206085
v 0.228646 -0.002684 -0.000000
v 0.190189 0.081527 0.000000
v 0.282931 -0.202240 -0.000000
v 0.185774 0.084592 -0.047613
v -0.292586 -0.438497 -0.187013
v 0.330892 -0.461575 -0.000000
v 0.273366 -0.204029 -0.054199
v 0.185737 -0.462557 -0.353458
v 0.181763 -0.435968 -0.412342
v -0.249960 -0.352318 -0.353603
v -0.247947 -0.386262 -0.349644
v 0.216900 -0.434665 -0.356952
v 0.252036 -0.433362 -0.301561
v -0.124913 -0.411571 -0.388245
v 0.299241 -0.469956 -0.180818
v 0.331083 -0.485642 -0.029570
v 0.293455 -0.431579 -0.171548
v -0.247964 -0.494315 -0.215488
v -0.128059 -0.472266 -0.363380
v -0.253252 -0.527134 -0.000000
v 0.239860 -0.499648 -0.226963
v 0.231650 0.115252 0.000000
v 0.243360 0.126426 0.000000
v 0.216484 0.097690 0.000000
v 0.255848 0.184203 -0.043020
v 0.228955 0.119249 -0.045789
v 0.281162 -0.498589 -0.071359
v 0.221623 -0.005852 -0.050834
v -0.133754 -0.370853 -0.379944
v 0.248902 -0.389505 -0.288565
v 0.210610 -0.388749 -0.343144
v 0.244074 0.135668 -0.046575
v 0.214379 0.101244 -0.046334
v 0.171609 -0.389127 -0.398006
v 0.317606 -0.448912 -0.065689
v -0.292452 -0.394853 -0.193707
v -0.626228 0.250103 -0.275257
v -0.750314 0.156036 -0.203908
v -0.824382 0.108755 -0.128623
v -0.491268 0.349705 -0.300578
v -0.806604 0.047983 -0.088976
v -0.417521 0.326757 -0.325914
v -0.433990 0.313586 -0.279195
v -0.347119 -0.307587 -0.000000
v -0.310874 -0.251228 -0.310040
v -0.343423 -0.287049 -0.159307
v -0.360222 -0.235690 -0.148926
v -0.205723 -0.355230 -0.354649
v -0.186430 -0.398917 -0.368945
v -0.191857 -0.361585 -0.366774
v -0.362355 -0.245089 -0.000000
v -0.332645 -0.203226 -0.295077
v -0.249265 -0.259226 -0.324723
v -0.289103 -0.299230 -0.325003
v -0.331882 -0.370086 -0.000000
v -0.326624 -0.338408 -0.169688
v -0.269184 -0.279228 -0.324863
v -0.429539 -0.252532 -0.000000
v -0.404677 -0.377037 -0.000000
v -0.111447 0.309131 0.000000
v 0.059197 0.206844 0.000000
v 0.005891 0.258268 -0.099747
v -0.088787 0.299296 -0.077249
v 0.060922 0.227525 -0.061828
v -0.091133 0.364644 0.000000
v 0.086496 0.301161 0.000000
v 0.019401 0.334031 -0.098215
v -0.074107 0.358518 -0.076737
v 0.090578 0.315444 -0.063058
v -0.096334 0.317675 -0.036766
v -0.072848 0.397532 0.000000
v 0.018186 0.388403 0.000000
v 0.085785 0.358625 0.000000
v 0.026806 0.386546 -0.101416
v -0.065603 0.399017 -0.086764
v 0.094221 0.366989 -0.063676
v 0.091969 0.337882 0.000000
v -0.085876 0.383791 0.000000
v -0.086059 0.362426 -0.040274
v 0.096235 0.324536 -0.032578
v 0.062291 0.337931 -0.083782
v -0.035404 0.351524 -0.089733
v -0.078811 0.337785 -0.073381
v -0.096746 0.340486 0.000000
v 0.056353 0.374921 0.000000
v -0.029934 0.395812 0.000000
v 0.022953 0.389270 -0.054815
v -0.071249 0.399405 -0.047405
v 0.091537 0.363191 -0.034116
v 0.064736 0.376678 -0.083352
v -0.022665 0.394107 -0.096641
v 0.095779 0.348616 -0.063649
v 0.024513 0.365673 -0.103610
v -0.070438 0.380990 -0.082946
v 0.096192 0.342559 -0.032554
v -0.025056 0.373833 -0.097483
v -0.081595 0.382935 -0.043638
v -0.026176 0.396459 -0.052136
v 0.060553 0.377231 -0.044781
v -0.091597 0.338228 -0.038248
v 0.063803 0.356988 -0.086399
v -0.383747 -0.185539 -0.006059
v -0.351340 -0.309752 -0.005681
v -0.367124 -0.245292 -0.011111
v -0.337283 -0.370607 -0.010271
v -0.424207 -0.248539 -0.016454
v -0.392925 -0.372836 -0.008974
v 0.300187 -0.467283 0.030687
v -0.229883 0.185041 0.247189
v 0.140091 0.083140 0.184104
v 0.079317 0.102229 0.255011
v -0.137579 0.188127 0.246524
v -0.256650 0.095036 0.234808
v 0.174599 -0.010079 0.190686
v 0.102711 0.013734 0.293437
v -0.164571 0.027979 0.255011
v -0.354416 -0.155224 0.280114
v 0.215392 -0.203366 0.225053
v 0.131817 -0.245731 0.345837
v -0.169135 -0.247976 0.345837
v -0.377021 -0.184331 0.138544
v -0.279679 0.115071 0.222303
v -0.139069 0.205817 0.225844
v 0.147495 0.098088 0.107868
v 0.065093 0.129072 0.209947
v 0.229714 -0.198990 0.106600
v 0.182175 -0.002569 0.095343
v -0.114793 -0.242046 0.175832
v -0.128853 -0.466172 0.342526
v 0.164370 -0.457100 0.333254
v 0.214944 -0.491759 0.215054
v -0.240896 -0.486776 0.204331
v 0.302623 -0.499663 0.039037
v -0.141277 -0.427708 0.349960
v 0.178472 -0.417814 0.339849
v 0.233621 -0.416708 0.191505
v -0.232023 -0.411030 0.192247
v 0.144662 -0.234179 0.174518
v -0.114642 -0.246641 0.281561
v 0.145326 -0.240778 0.276259
v 0.224494 -0.241989 0.161929
v -0.211794 -0.242545 0.163626
v -0.115459 0.366071 0.332857
v 0.238749 0.252830 0.157528
v 0.083373 0.319273 0.336097
v 0.236381 0.177802 0.170255
v -0.228607 0.283698 0.330920
v -0.128583 0.253830 0.342564
v 0.105103 0.192121 0.360612
v -0.255301 0.216189 0.287389
v 0.090474 0.147812 0.288680
v 0.197860 0.119272 0.140293
v -0.130361 0.213041 0.280285
v -0.111001 0.335927 0.271671
v -0.205049 0.347063 0.259378
v 0.082997 0.280248 0.287001
v 0.204605 0.214725 0.142895
v 0.114918 0.088521 0.220273
v 0.143852 0.001828 0.242062
v 0.178802 -0.224548 0.285445
v 0.116307 0.114836 0.160139
v 0.163718 0.286764 0.270395
v 0.170742 0.184962 0.265433
v 0.150075 0.124729 0.215402
v 0.153288 0.248445 0.218191
v 0.245488 0.191828 0.032407
v 0.222703 0.193935 0.068945
v -0.058280 0.286382 0.271546
v -0.496076 0.122568 0.118983
v 0.057268 0.254112 0.298342
v 0.157667 0.185982 0.148501
v 0.115300 0.221044 0.226794
v 0.199316 0.165304 0.035803
v 0.168264 0.156521 0.025334
v -0.062377 0.217252 0.102273
v -0.169397 0.244158 0.112427
v 0.010479 0.165673 0.083659
v 0.096626 0.122364 0.156264
v 0.067182 0.143101 0.186353
v 0.109008 0.102766 0.087362
v -0.196628 0.379465 0.327403
v -0.353179 0.006746 0.191228
v -0.476923 0.286411 0.321373
v -0.795388 0.049061 0.183380
v -0.375335 0.345330 0.286152
v -0.367557 0.360694 0.329734
v -0.514758 0.269874 0.269616
v -0.413594 -0.124060 0.155968
v -0.735925 -0.116671 0.187678
v -0.618642 0.181560 0.280492
v -0.281477 0.375444 0.314381
v -0.281501 0.356002 0.278329
v -0.327990 0.286413 0.325889
v -0.439121 0.186555 0.293110
v -0.530394 0.025289 0.266173
v -0.552110 -0.091412 0.230045
v -0.491061 -0.252344 0.120877
v -0.669067 -0.208604 0.177901
v -0.571132 -0.256632 0.151129
v -0.630823 0.169747 0.222118
v -0.767380 0.074772 0.149727
v -0.774744 0.075040 0.076328
v -0.409450 0.172642 0.111646
v -0.208413 0.309937 0.259829
v -0.215866 0.291741 0.151200
v -0.333029 0.260971 0.119097
v -0.350334 0.306855 0.285004
v -0.511567 0.163447 0.213878
v -0.473745 0.231901 0.265499
v -0.276611 0.324045 0.124245
v -0.256500 0.317527 0.277181
v -0.623596 0.119840 0.215303
v -0.740719 0.048126 0.151040
v -0.606690 0.084101 0.177944
v -0.738378 0.021437 0.099586
v -0.584075 0.060267 0.094780
v -0.695476 -0.016808 0.070480
v -0.143479 0.302623 0.262278
v -0.266861 0.320885 0.198392
v -0.447965 0.217203 0.213813
v -0.343855 0.289675 0.222882
v 0.142359 0.133021 0.052451
v -0.211907 0.301406 0.208902
v -0.075875 0.250337 0.219555
v 0.090380 0.180678 0.205850
v -0.147578 0.284860 0.203567
v 0.129556 0.156684 0.152076
v 0.023063 0.201360 0.237201
v -0.130325 0.222807 0.316295
v -0.241857 0.235033 0.320133
v -0.392600 0.228357 0.306831
v -0.538995 0.182188 0.243501
v -0.545827 0.235432 0.301497
v -0.578659 0.219626 0.250350
v 0.091856 0.171867 0.320064
v 0.162549 0.162319 0.246422
v 0.209893 0.139781 0.148773
v -0.686851 0.130427 0.243015
v -0.692902 0.073309 0.181988
v -0.677572 0.041299 0.144768
v -0.513554 0.094997 0.266407
v -0.694605 0.125387 0.188306
v -0.651852 0.012617 0.084546
v -0.253552 0.199627 0.254935
v -0.436988 0.011821 0.232876
v -0.482852 -0.107736 0.193006
v -0.531097 -0.254488 0.136003
v -0.417622 0.104462 0.259357
v -0.389982 0.192199 0.289550
v -0.308117 0.144679 0.261453
v -0.326987 0.209555 0.298568
v -0.476426 0.140667 0.279726
v -0.403401 0.149603 0.274892
v -0.646869 0.160400 0.264983
v -0.317662 0.181643 0.280644
v -0.427724 0.060869 0.249483
v -0.737389 0.095630 0.165625
v -0.522899 0.056314 0.266277
v -0.744056 0.087542 0.211584
v 0.290005 -0.510246 0.051961
v 0.274031 -0.466245 0.053332
v 0.320723 -0.478017 0.018957
v 0.202194 0.001773 0.040222
v -0.144113 -0.363228 0.369332
v 0.263631 -0.423954 0.160936
v 0.253937 -0.196404 0.043587
v 0.166345 0.092217 0.037000
v 0.228148 -0.381880 0.277952
v 0.200251 -0.381124 0.332531
v 0.218596 0.126873 0.035176
v 0.233715 0.143292 0.035962
v 0.204020 0.108868 0.035721
v 0.161250 -0.381503 0.387393
v 0.298176 -0.441287 0.055076
v -0.267332 -0.347232 0.339966
v -0.309825 -0.389767 0.180069
v 0.312983 -0.507288 0.049649
v 0.266726 -0.486214 0.206085
v 0.185774 0.084592 0.047613
v -0.292586 -0.438497 0.187013
v 0.273366 -0.204029 0.054199
v 0.185737 -0.462557 0.353457
v 0.181763 -0.435968 0.412342
v -0.249960 -0.352318 0.353603
v -0.247947 -0.386262 0.349644
v 0.216900 -0.434665 0.356952
v 0.252036 -0.433362 0.301561
v -0.124913 -0.411571 0.388245
v 0.299241 -0.469956 0.180818
v 0.331083 -0.485642 0.029570
v 0.293455 -0.431579 0.171548
v -0.247964 -0.494315 0.215488
v -0.128059 -0.472266 0.363380
v 0.239860 -0.499648 0.226963
v 0.255848 0.184203 0.043020
v 0.228955 0.119249 0.045789
v 0.281162 -0.498589 0.071359
v 0.221623 -0.005852 0.050834
v -0.133754 -0.370853 0.379944
v 0.248902 -0.389505 0.288565
v 0.210610 -0.388749 0.343144
v 0.244074 0.135668 0.046575
v 0.214379 0.101244 0.046334
v 0.171609 -0.389127 0.398006
v 0.317606 -0.448912 0.065689
v -0.292452 -0.394853 0.193707
v -0.626228 0.250103 0.275257
v -0.750314 0.156036 0.203908
v -0.824382 0.108755 0.128623
v -0.491268 0.349705 0.300578
v -0.806604 0.047983 0.088976
v -0.417521 0.326757 0.325914
v -0.433990 0.313586 0.279195
v -0.310874 -0.251228 0.310040
v -0.343423 -0.287049 0.159307
v -0.360222 -0.235690 0.148926
v -0.205723 -0.355230 0.354649
v -0.186430 -0.398917 0.368945
v -0.191857 -0.361585 0.366774
v -0.332645 -0.203226 0.295077
v -0.249265 -0.259226 0.324723
v -0.289103 -0.299230 0.325003
v -0.326624 -0.338408 0.169688
v -0.269184 -0.279228 0.324863
v 0.005891 0.258268 0.099747
v -0.088787 0.299296 0.077249
v 0.060922 0.227525 0.061828
v 0.019401 0.334031 0.098215
v -0.074107 0.358518 0.076737
v 0.090578 0.315444 0.063058
v -0.096334 0.317675 0.036766
v 0.026806 0.386546 0.101416
v -0.065603 0.399017 0.086764
v 0.094221 0.366989 0.063676
v -0.086059 0.362426 0.040274
v 0.096235 0.324536 0.032578
v 0.062291 0.337931 0.083782
v -0.035404 0.351524 0.089733
v -0.078811 0.337785 0.073381
v 0.022953 0.389270 0.054815
v -0.071249 0.399405 0.047405
v 0.091537 0.363191 0.034116
v 0.064736 0.376678 0.083352
v -0.022665 0.394107 0.096641
v 0.095779 0.348616 0.063649
v 0.024513 0.365673 0.103610
v -0.070438 0.380990 0.082946
v 0.096192 0.342559 0.032554
v -0.025056 0.373833 0.097483
v -0.081595 0.382935 0.043638
v -0.026176 0.396459 0.052137
v 0.060553 0.377231 0.044781
v -0.091597 0.338228 0.038248
v 0.063803 0.356988 0.086399
v -0.383747 -0.185539 0.006059
v -0.351340 -0.309752 0.005681
v -0.367124 -0.245292 0.011110
v -0.337283 -0.370607 0.010271
v -0.424207 -0.248539 0.016454
v -0.392925 -0.372836 0.008974
vn 0.9326 0.2838 -0.2230
vn 0.9084 0.2901 -0.3010
vn 0.8154 0.5048 -0.2835
vn 0.8921 0.4008 -0.2086
vn 0.6392 0.7186 -0.2740
vn 0.7071 0.5693 -0.4194
vn 0.5795 0.6713 -0.4621
vn 0.4431 0.8006 -0.4034
vn -0.3952 -0.8823 -0.2557
vn -0.4612 -0.8314 -0.3100
vn -0.3619 -0.9322 -0.0000
vn -0.0363 -0.9988 -0.0341
vn -0.0115 -0.9983 0.0568
vn -0.1020 -0.9917 -0.0781
vn -0.5058 -0.0957 -0.8573
vn -0.4996 -0.0715 -0.8633
vn -0.4934 -0.0484 -0.8685
vn 0.9471 0.2106 -0.2423
vn 0.9184 0.2189 -0.3294
vn -0.0366 0.1782 0.9833
vn -0.0261 -0.1107 0.9935
vn -0.0266 -0.0977 0.9949
vn 0.7887 0.3069 -0.5326
vn -0.0946 0.2026 -0.9747
vn -0.0122 0.2257 -0.9741
vn -0.0566 0.1859 -0.9809
vn -0.0586 0.2269 -0.9721
vn -0.0601 -0.0282 -0.9978
vn 0.0879 0.0919 -0.9919
vn -0.1644 0.2463 -0.9552
vn -0.1423 0.2144 -0.9663
vn -0.0394 0.2504 -0.9673
vn 0.7902 0.2475 -0.5606
vn 0.0449 0.9240 -0.3798
vn 0.0098 0.8683 -0.4960
vn 0.0533 0.9350 -0.3506
vn 0.3480 0.9105 -0.2233
vn 0.3536 0.9058 -0.2336
vn 0.2487 0.8852 -0.3932
vn 0.1732 0.8722 -0.4575
vn -0.5026 -0.7929 -0.3445
vn -0.9430 0.2849 -0.1723
vn -0.9171 0.3078 -0.2535
vn -0.9907 -0.0239 -0.1340
vn -0.9436 -0.2737 -0.1861
vn -0.9143 -0.2803 -0.2925
vn -0.9119 -0.2766 -0.3032
vn -0.9421 -0.2711 -0.1973
vn 0.3241 0.8174 -0.4762
vn 0.9928 -0.1064 -0.0548
vn -0.9645 -0.2641 -0.0000
vn -0.9647 -0.2633 -0.0000
vn -0.9663 0.2576 -0.0000
vn -1.0000 -0.0045 -0.0000
vn 0.8249 0.0026 0.5653
vn 0.8163 -0.1115 0.5667
vn 0.9331 -0.1044 0.3442
vn 0.9336 0.0574 0.3538
vn -0.3621 0.5087 -0.7811
vn -0.3870 0.4910 -0.7805
vn -0.2589 0.5748 -0.7763
vn -0.5632 0.3042 -0.7683
vn -0.5524 0.3204 -0.7695
vn -0.4854 0.4131 -0.7706
vn -0.4852 0.4132 -0.7706
vn -0.9166 -0.1204 0.3812
vn -0.8111 -0.1372 0.5685
vn -0.6154 -0.2264 0.7550
vn -0.5123 -0.5543 0.6560
vn 0.7972 0.0934 -0.5965
vn 0.7844 0.1095 -0.6106
vn 0.8317 0.0462 -0.5533
vn -0.5247 -0.1783 -0.8324
vn -0.5157 -0.1367 -0.8458
vn -0.5208 -0.1600 -0.8385
vn -0.0920 -0.0937 -0.9913
vn -0.0843 0.0969 -0.9917
vn -0.0458 0.1086 -0.9930
vn -0.1103 -0.2477 -0.9625
vn -0.2569 -0.6516 0.7138
vn 0.0630 -0.7320 0.6783
vn -0.1605 -0.7014 0.6945
vn -0.3419 -0.6935 0.6341
vn -0.6220 0.2062 -0.7554
vn -0.9238 0.0950 0.3709
vn -0.9386 -0.0686 0.3382
vn -0.9072 0.0077 0.4206
vn -0.9015 0.2017 0.3830
vn 1.0000 -0.0089 -0.0000
vn 0.9942 0.1079 -0.0000
vn 0.0121 0.8264 -0.5630
vn 0.0047 0.8445 -0.5355
vn -0.5693 0.4126 0.7111
vn -0.4182 0.5751 0.7032
vn -0.4639 0.5878 0.6628
vn -0.4472 0.6611 0.6024
vn -0.0155 -0.3460 0.9381
vn 0.7885 -0.2604 0.5571
vn 0.9176 -0.2287 0.3251
vn -0.3965 -0.7586 0.5171
vn -0.9354 -0.1727 0.3084
vn -0.8682 -0.2219 0.4439
vn 0.9834 -0.1816 -0.0000
vn 0.0310 -0.9982 -0.0514
vn 0.0211 -0.9985 0.0507
vn 0.0453 -0.9990 -0.0000
vn -0.0295 -0.9996 -0.0000
vn -0.1001 -0.9950 -0.0000
vn 0.0391 -0.9925 -0.1161
vn 0.0520 -0.9986 -0.0000
vn -0.5051 0.7459 0.4342
vn -0.5783 0.6852 0.4427
vn -0.4816 0.8290 0.2841
vn -0.4900 0.7906 0.3672
vn -0.0133 0.1410 -0.9899
vn 0.0994 0.8921 0.4407
vn 0.0891 0.8928 0.4415
vn 0.2054 0.8563 0.4738
vn 0.2015 0.8596 0.4696
vn -0.0325 -0.1070 -0.9937
vn -0.0881 -0.1042 -0.9906
vn -0.0181 0.0371 -0.9991
vn 0.0477 -0.0263 -0.9985
vn -0.0535 0.0769 -0.9956
vn -0.1433 -0.9291 -0.3409
vn -0.1593 -0.7727 -0.6144
vn -0.2283 -0.8114 -0.5381
vn -0.2182 -0.9199 -0.3258
vn -0.1408 -0.2254 -0.9640
vn -0.1024 -0.2222 -0.9696
vn -0.0131 -0.4128 -0.9107
vn 0.0109 -0.3519 -0.9360
vn 0.1025 -0.8091 -0.5786
vn -0.0551 -0.5763 -0.8154
vn 0.5989 -0.6257 -0.4998
vn 0.5413 -0.6851 -0.4874
vn 0.7206 -0.6266 -0.2968
vn 0.7565 -0.5958 -0.2697
vn 0.7831 -0.6085 -0.1284
vn 0.8057 -0.5807 -0.1169
vn 0.2481 -0.9517 -0.1811
vn 0.2073 -0.9580 -0.1981
vn 0.3502 -0.9268 -0.1359
vn 0.0422 -0.9706 -0.2371
vn -0.0009 -0.9715 -0.2369
vn -0.0812 0.9057 0.4160
vn -0.3210 0.9040 0.2824
vn -0.3732 0.8953 0.2432
vn -0.0756 0.9053 0.4179
vn -0.1305 -0.9561 -0.2623
vn -0.1736 -0.9534 -0.2469
vn -0.2254 0.8343 0.5031
vn -0.3366 0.7593 0.5569
vn -0.0222 0.8227 0.5681
vn 0.0995 0.8319 0.5460
vn -0.2506 0.7773 0.5770
vn -0.4927 0.7256 0.4803
vn 0.4684 -0.6783 -0.5661
vn 0.4407 -0.7652 -0.4693
vn 0.7503 0.1492 -0.6440
vn 0.1286 -0.9847 -0.1180
vn 0.1166 -0.9884 -0.0970
vn 0.1451 -0.9822 -0.1189
vn 0.1390 -0.9824 -0.1250
vn 0.7430 0.2764 -0.6096
vn 0.7514 0.3178 -0.5782
vn -0.2277 0.7213 0.6542
vn -0.4347 0.6219 0.6514
vn -0.6393 0.7410 0.2055
vn -0.6794 0.7233 0.1238
vn -0.4707 0.8480 0.2434
vn -0.5134 0.7352 0.4426
vn -0.0855 0.9242 0.3721
vn -0.1328 0.9197 0.3694
vn -0.4686 0.8834 -0.0000
vn -0.4809 0.8768 -0.0000
vn -0.3501 0.8730 0.3396
vn -0.4684 0.8830 0.0288
vn -0.6554 0.6026 0.4553
vn -0.6971 0.7004 0.1534
vn 0.4330 0.8824 0.1839
vn 0.4713 0.8727 0.1276
vn 0.4976 0.8674 -0.0000
vn 0.4981 0.8671 -0.0000
vn -0.1182 0.7692 0.6279
vn 0.1118 0.0668 0.9915
vn 0.1055 -0.0720 0.9918
vn 0.1034 -0.1096 0.9886
vn -0.1532 0.6686 0.7277
vn -0.6422 0.7666 -0.0000
vn -0.7782 0.6280 -0.0000
vn -0.8392 0.4941 -0.2272
vn -0.6349 0.7579 -0.1502
vn 0.1395 0.1606 -0.9771
vn 0.2081 -0.0360 -0.9774
vn 0.3894 -0.1457 -0.9095
vn 0.3193 -0.1468 -0.9362
vn 0.5225 0.8014 0.2909
vn 0.5255 0.8508 -0.0000
vn 0.5653 0.8249 -0.0000
vn 0.5634 0.8221 0.0824
vn 0.4896 0.8536 0.1777
vn 0.4812 0.8766 -0.0000
vn -0.6447 0.7645 -0.0000
vn -0.6669 0.7452 -0.0000
vn 0.3666 0.7183 0.5914
vn 0.3878 0.8173 0.4261
vn 0.4625 0.7544 0.4658
vn 0.3799 0.6351 0.6725
vn 0.8413 0.5406 -0.0000
vn 0.7740 0.6332 -0.0000
vn 0.7695 0.6325 0.0883
vn 0.7682 0.6331 0.0957
vn -0.5188 0.8549 -0.0000
vn -0.5903 0.8072 -0.0000
vn -0.5472 0.7878 0.2827
vn -0.4878 0.8232 0.2905
vn -0.6319 0.7750 -0.0000
vn -0.6305 0.7734 -0.0661
vn 0.9034 -0.4288 -0.0000
vn 0.8969 -0.4422 -0.0000
vn 0.8839 -0.4311 -0.1812
vn 0.9084 -0.4155 -0.0466
vn 0.3928 0.1986 0.8979
vn 0.3826 0.1826 0.9057
vn 0.2909 0.2814 0.9144
vn 0.3186 0.2905 0.9023
vn -0.5029 0.8538 0.1348
vn 0.0500 0.2417 0.9691
vn 0.0842 0.1822 0.9797
vn -0.0179 0.0409 0.9990
vn 0.0064 0.0655 0.9978
vn 0.0217 0.1947 0.9806
vn 0.8410 -0.5411 -0.0000
vn 0.8173 -0.5258 -0.2359
vn -0.9431 -0.2926 -0.1580
vn -0.8570 -0.4945 -0.1449
vn -0.8888 -0.4582 -0.0000
vn -0.9634 -0.2682 -0.0000
vn -0.9444 -0.2847 -0.1641
vn 0.3186 -0.3681 -0.8735
vn 0.3416 -0.4129 -0.8443
vn 0.0613 -0.3206 -0.9452
vn -0.0061 -0.2353 -0.9719
vn 0.1049 -0.5799 -0.8079
vn 0.0565 -0.4970 -0.8659
vn 0.7994 0.5804 0.1550
vn 0.7000 0.7050 0.1138
vn 0.3021 -0.9533 -0.0000
vn 0.2997 -0.9157 -0.2677
vn 0.2970 -0.9247 -0.2383
vn -0.2726 -0.1438 -0.9513
vn -0.3361 -0.1029 -0.9362
vn -0.0288 -0.1929 -0.9808
vn -0.1954 -0.2201 -0.9557
vn 0.1668 -0.4046 -0.8992
vn -0.0792 -0.3382 -0.9377
vn -0.6374 -0.7646 -0.0952
vn -0.6446 -0.7645 -0.0000
vn 0.3410 -0.4357 -0.8330
vn -0.5131 -0.8583 -0.0000
vn -0.5116 -0.8556 -0.0787
vn 0.1926 0.2808 0.9402
vn 0.3032 0.1850 0.9348
vn 0.1449 0.2531 0.9565
vn 0.0744 0.3594 0.9302
vn -0.9711 -0.0906 -0.2210
vn -0.6119 0.7880 -0.0680
vn -0.0017 0.8094 0.5873
vn -0.0258 0.7904 0.6120
vn -0.1351 0.8118 0.5680
vn -0.6926 0.7214 -0.0000
vn -0.2210 -0.0572 0.9736
vn -0.1446 -0.0384 0.9887
vn -0.0844 0.0161 0.9963
vn -0.0931 0.0124 0.9956
vn 0.4986 0.8668 -0.0000
vn 0.4142 0.8880 0.1995
vn 0.6670 0.7450 -0.0000
vn 0.6669 0.7449 0.0190
vn -0.7439 0.6683 -0.0000
vn -0.7394 0.6733 -0.0000
vn -0.6579 0.7509 0.0579
vn 0.2136 0.9656 0.1485
vn -0.0164 0.9967 0.0795
vn -0.0438 0.9938 0.1019
vn 0.2993 0.9354 0.1881
vn -0.3183 0.7603 0.5663
vn -0.4344 0.7153 0.5474
vn -0.2090 0.6777 0.7050
vn -0.0622 0.7624 0.6442
vn -0.3560 0.6729 0.6484
vn 0.1130 0.1006 0.9885
vn 0.2632 0.8937 0.3634
vn 0.2996 0.8885 0.3476
vn -0.6342 0.5855 0.5049
vn -0.7185 0.6687 0.1914
vn 0.5056 0.7520 0.4229
vn -0.3697 0.9012 0.2263
vn -0.4660 0.7469 0.4744
vn 0.4259 0.8668 0.2593
vn -0.6248 0.7808 -0.0000
vn -0.4938 0.5320 0.6878
vn -0.6304 0.7509 -0.1969
vn 0.4955 -0.7501 -0.4379
vn 0.6703 -0.6553 -0.3483
vn 0.4257 -0.8000 -0.4229
vn 0.7582 -0.6368 -0.1403
vn -0.2154 -0.7508 -0.6245
vn 0.0362 0.8366 0.5466
vn 0.8747 -0.4826 0.0447
vn 0.8756 -0.4831 -0.0000
vn -0.5792 0.8150 0.0194
vn -0.2759 -0.1589 -0.9480
vn -0.1349 -0.2960 -0.9456
vn -0.0015 -0.3344 -0.9424
vn -0.0498 -0.2349 -0.9707
vn 0.1084 0.4414 -0.8907
vn 0.3576 -0.4206 -0.8338
vn 0.3413 -0.4350 -0.8333
vn 0.0515 -0.9643 -0.2598
vn 0.2948 -0.9556 -0.0000
vn 0.2902 -0.9409 -0.1745
vn 0.3529 -0.4220 -0.8351
vn 0.3460 -0.4125 -0.8427
vn 0.2104 -0.4609 -0.8622
vn 0.1660 -0.3697 -0.9142
vn 0.2481 -0.3243 -0.9128
vn 0.0984 -0.3781 -0.9205
vn 0.1921 -0.4325 -0.8809
vn 0.2104 -0.3914 -0.8959
vn 0.4456 0.8835 0.1445
vn 0.6927 -0.7193 0.0538
vn 0.5970 -0.7868 0.1569
vn 0.1734 -0.9435 0.2823
vn 0.3051 -0.9109 0.2778
vn -0.9923 -0.1242 -0.0000
vn -0.3611 -0.8089 0.4640
vn 0.6130 0.3347 0.7157
vn 0.7885 -0.6150 -0.0000
vn 0.3417 0.9299 0.1363
vn 0.3413 0.9302 0.1349
vn 0.3513 0.9361 0.0185
vn 0.3508 0.9364 0.0128
vn 0.7330 0.3110 -0.6050
vn 0.7780 0.2785 -0.5631
vn 0.9523 0.1801 -0.2463
vn 0.9183 0.2192 -0.3298
vn 0.9310 0.1978 -0.3067
vn 0.9123 0.2029 -0.3558
vn 0.9066 0.2809 -0.3150
vn -0.1062 0.2190 -0.9699
vn -0.0224 0.2462 -0.9689
vn 0.1405 -0.7339 0.6645
vn 0.9061 0.3210 -0.2756
vn -0.2360 0.1716 -0.9565
vn -0.2013 0.2071 -0.9574
vn 0.0208 -0.9594 0.2811
vn -0.7115 -0.6218 -0.3275
vn -0.5981 -0.5631 -0.5703
vn -0.6756 -0.6055 -0.4206
vn 0.9542 0.1828 -0.2367
vn 0.8756 0.2182 -0.4309
vn 0.8818 0.2152 -0.4196
vn 0.9537 0.1828 -0.2390
vn 0.7966 0.2775 -0.5371
vn 0.7984 0.2712 -0.5376
vn -0.1245 0.1831 -0.9752
vn -0.1701 0.1470 -0.9744
vn -0.0501 0.2398 -0.9695
vn -0.2565 0.0313 -0.9660
vn -0.2615 0.0027 -0.9652
vn 0.9751 0.2218 -0.0000
vn 0.9614 0.2182 -0.1674
vn 0.9368 0.3224 -0.1357
vn 0.9448 0.3276 -0.0000
vn 0.6687 -0.6277 -0.3985
vn 0.7078 -0.6362 -0.3071
vn 0.7169 -0.6471 -0.2593
vn -0.7671 -0.6415 -0.0000
vn 0.9142 0.3909 -0.1066
vn 0.9195 0.3932 -0.0000
vn 0.6039 -0.6746 -0.4245
vn 0.6134 -0.6649 -0.4261
vn -0.0329 -0.6921 -0.7210
vn -0.0906 -0.9902 -0.1063
vn 0.1569 -0.9818 -0.1070
vn 0.7889 0.3022 -0.5351
vn 0.6734 -0.5980 -0.4346
vn 0.9682 0.1819 -0.1719
vn 0.9828 0.1846 -0.0000
vn 0.7376 -0.6672 -0.1037
vn 0.7425 -0.6698 -0.0000
vn 0.6492 -0.7607 -0.0000
vn 0.6462 -0.7572 -0.0952
vn 0.7106 -0.6942 -0.1147
vn 0.7153 -0.6988 -0.0000
vn 0.5147 -0.8574 -0.0000
vn 0.5123 -0.8534 -0.0957
vn 0.9719 -0.2335 -0.0314
vn -0.9589 -0.0612 -0.2770
vn -0.9919 0.0147 -0.1261
vn -0.9822 -0.0158 -0.1874
vn -0.9983 0.0591 -0.0000
vn -0.1454 -0.9839 -0.1043
vn -0.3519 -0.9281 -0.1216
vn 0.3209 0.9448 0.0657
vn -0.5093 0.0497 -0.8591
vn 0.3009 0.8394 0.4525
vn -0.3036 0.0391 -0.9520
vn -0.0799 0.5530 0.8293
vn -0.5734 0.3233 0.7528
vn 0.0650 0.5441 0.8365
vn -0.9810 -0.1077 0.1613
vn -0.2432 0.2526 -0.9365
vn 0.5249 0.8497 0.0496
vn 0.1700 0.7097 -0.6837
vn -0.9308 -0.3470 -0.1146
vn -0.9489 -0.2844 -0.1364
vn -0.9238 -0.2970 -0.2414
vn -0.9192 -0.2884 -0.2681
vn -0.9465 -0.2789 -0.1626
vn -0.8088 0.0099 -0.5881
vn 0.3904 0.8409 0.3747
vn -0.0996 0.3852 0.9175
vn -0.9633 -0.2683 -0.0000
vn -0.9640 -0.2660 -0.0000
vn -0.9262 -0.3018 -0.2261
vn -0.2705 -0.0524 -0.9613
vn 0.8010 0.2316 -0.5521
vn -0.8219 0.5669 0.0563
vn 0.1098 -0.1201 -0.9867
vn 0.4543 -0.1490 -0.8783
vn 0.4850 -0.1354 -0.8640
vn 0.8781 -0.4722 -0.0770
vn 0.9720 -0.2268 -0.0612
vn 0.9845 -0.1743 0.0179
vn 0.9684 -0.2495 -0.0000
vn 0.8529 -0.5221 -0.0000
vn 0.0443 0.3045 -0.9515
vn -0.0814 0.1851 -0.9793
vn 0.7524 -0.6478 -0.1194
vn 0.7578 -0.6525 -0.0000
vn 0.4757 -0.0411 -0.8787
vn 0.5013 0.0785 -0.8617
vn 0.5811 0.0738 -0.8104
vn 0.5604 -0.0358 -0.8274
vn 0.9989 0.0465 -0.0051
vn 0.9955 0.0554 0.0768
vn -0.9374 0.2437 -0.2489
vn -0.9578 0.1852 -0.2200
vn -0.9394 0.1396 -0.3130
vn -0.9249 0.2049 -0.3202
vn -0.2591 0.0016 -0.9659
vn -0.3322 -0.1281 -0.9345
vn -0.2567 -0.0867 -0.9626
vn 0.3353 0.9399 0.0640
vn 0.3002 0.9536 0.0224
vn 0.2099 0.9773 -0.0279
vn 0.2215 0.9751 0.0043
vn 0.1092 0.9940 -0.0032
vn 0.1197 0.9922 -0.0350
vn 0.0851 0.9961 -0.0233
vn 0.0678 0.9977 0.0057
vn -0.9248 0.3409 -0.1690
vn -0.8727 0.4680 -0.1393
vn -0.9116 0.3561 -0.2053
vn -0.9349 0.2551 -0.2466
vn -0.2125 -0.0759 -0.9742
vn -0.1848 0.0295 -0.9823
vn 0.1613 0.0862 -0.9831
vn 0.1324 -0.0516 -0.9899
vn 0.9725 0.2030 0.1143
vn 0.9657 0.2598 -0.0000
vn 0.9978 0.0670 -0.0000
vn 0.9852 0.1595 0.0628
vn -0.3053 -0.1107 -0.9458
vn -0.2694 -0.0240 -0.9627
vn -0.9052 0.4249 -0.0000
vn -0.7936 0.6085 -0.0000
vn -0.9746 0.2240 -0.0000
vn 0.2273 0.9738 -0.0000
vn 0.0998 0.9950 -0.0000
vn 0.0545 0.9985 -0.0000
vn 0.3861 0.9160 0.1092
vn 0.3300 0.9408 0.0781
vn 0.4299 0.9029 -0.0000
vn 0.3692 0.9293 -0.0000
vn -0.9595 0.2818 -0.0000
vn -0.9203 0.2418 -0.3076
vn 0.0866 0.1078 -0.9904
vn -0.0260 0.0692 -0.9973
vn 0.8200 0.2145 -0.5307
vn 0.0907 -0.9868 -0.1338
vn -0.7577 0.5745 -0.3095
vn 0.0686 -0.9838 -0.1655
vn 0.9326 0.2838 0.2230
vn 0.8921 0.4008 0.2086
vn 0.8154 0.5048 0.2835
vn 0.9084 0.2901 0.3010
vn 0.6392 0.7186 0.2740
vn 0.4431 0.8006 0.4034
vn 0.5795 0.6713 0.4621
vn 0.7071 0.5693 0.4194
vn -0.3952 -0.8823 0.2557
vn -0.4612 -0.8314 0.3100
vn -0.0363 -0.9988 0.0341
vn -0.1020 -0.9917 0.0781
vn -0.0115 -0.9983 -0.0568
vn -0.5058 -0.0957 0.8573
vn -0.4934 -0.0484 0.8685
vn -0.4996 -0.0715 0.8633
vn 0.9471 0.2106 0.2423
vn 0.9184 0.2189 0.3294
vn -0.0366 0.1782 -0.9833
vn -0.0266 -0.0977 -0.9949
vn -0.0261 -0.1107 -0.9935
vn 0.7887 0.3069 0.5326
vn -0.0946 0.2026 0.9747
vn -0.0586 0.2269 0.9721
vn -0.0566 0.1859 0.9809
vn -0.0122 0.2257 0.9741
vn -0.0601 -0.0282 0.9978
vn 0.0879 0.0919 0.9919
vn -0.1644 0.2463 0.9552
vn -0.1423 0.2144 0.9663
vn -0.0394 0.2504 0.9673
vn 0.7902 0.2475 0.5606
vn 0.0449 0.9240 0.3798
vn 0.0533 0.9350 0.3506
vn 0.0098 0.8683 0.4960
vn 0.3480 0.9105 0.2233
vn 0.1732 0.8722 0.4575
vn 0.2487 0.8852 0.3932
vn 0.3536 0.9058 0.2336
vn -0.5026 -0.7929 0.3445
vn -0.9430 0.2849 0.1723
vn -0.9907 -0.0239 0.1340
vn -0.9171 0.3078 0.2535
vn -0.9436 -0.2737 0.1861
vn -0.9421 -0.2711 0.1973
vn -0.9119 -0.2766 0.3032
vn -0.9143 -0.2803 0.2925
vn 0.3241 0.8174 0.4762
vn 0.9928 -0.1064 0.0548
vn 0.8249 0.0026 -0.5653
vn 0.9336 0.0574 -0.3538
vn 0.9331 -0.1044 -0.3442
vn 0.8163 -0.1115 -0.5667
vn -0.3621 0.5087 0.7811
vn -0.2589 0.5748 0.7763
vn -0.3870 0.4910 0.7805
vn -0.5632 0.3042 0.7683
vn -0.4852 0.4132 0.7706
vn -0.4854 0.4131 0.7706
vn -0.5524 0.3204 0.7695
vn -0.9166 -0.1204 -0.3812
vn -0.5123 -0.5543 -0.6560
vn -0.6154 -0.2264 -0.7550
vn -0.8111 -0.1372 -0.5685
vn 0.7972 0.0934 0.5965
vn 0.8317 0.0462 0.5533
vn 0.7844 0.1095 0.6106
vn -0.5247 -0.1783 0.8324
vn -0.5208 -0.1600 0.8385
vn -0.5157 -0.1367 0.8458
vn -0.0920 -0.0937 0.9913
vn -0.1103 -0.2477 0.9625
vn -0.0458 0.1086 0.9930
vn -0.0843 0.0969 0.9917
vn -0.2569 -0.6516 -0.7138
vn -0.3419 -0.6935 -0.6341
vn -0.1605 -0.7014 -0.6945
vn 0.0630 -0.7320 -0.6783
vn -0.6220 0.2062 0.7554
vn -0.9238 0.0950 -0.3709
vn -0.9015 0.2017 -0.3830
vn -0.9072 0.0077 -0.4206
vn -0.9386 -0.0686 -0.3382
vn 0.0047 0.8445 0.5355
vn 0.0121 0.8264 0.5630
vn -0.5693 0.4126 -0.7111
vn -0.4472 0.6611 -0.6024
vn -0.4639 0.5878 -0.6628
vn -0.4182 0.5751 -0.7032
vn -0.0155 -0.3460 -0.9381
vn 0.9176 -0.2287 -0.3251
vn 0.7885 -0.2604 -0.5571
vn -0.3965 -0.7586 -0.5171
vn -0.8682 -0.2219 -0.4439
vn -0.9354 -0.1727 -0.3084
vn 0.0310 -0.9982 0.0514
vn 0.0211 -0.9985 -0.0507
vn 0.0391 -0.9925 0.1161
vn -0.5051 0.7459 -0.4342
vn -0.4900 0.7906 -0.3672
vn -0.4816 0.8290 -0.2841
vn -0.5783 0.6852 -0.4427
vn -0.0133 0.1410 0.9899
vn 0.0994 0.8921 -0.4407
vn 0.2015 0.8596 -0.4696
vn 0.2054 0.8563 -0.4738
vn 0.0891 0.8928 -0.4415
vn -0.0325 -0.1070 0.9937
vn -0.0535 0.0769 0.9956
vn 0.0477 -0.0263 0.9985
vn -0.0181 0.0371 0.9991
vn -0.0881 -0.1042 0.9906
vn -0.1433 -0.9291 0.3409
vn -0.2182 -0.9199 0.3258
vn -0.2283 -0.8114 0.5380
vn -0.1593 -0.7727 0.6144
vn -0.1408 -0.2254 0.9640
vn 0.0109 -0.3519 0.9360
vn -0.0131 -0.4128 0.9107
vn -0.1024 -0.2222 0.9696
vn 0.1025 -0.8091 0.5786
vn -0.0551 -0.5763 0.8154
vn 0.5989 -0.6257 0.4998
vn 0.7565 -0.5958 0.2697
vn 0.7206 -0.6266 0.2968
vn 0.5413 -0.6851 0.4874
vn 0.8057 -0.5807 0.1169
vn 0.7831 -0.6085 0.1284
vn 0.2481 -0.9517 0.1811
vn 0.3502 -0.9268 0.1359
vn 0.2073 -0.9580 0.1981
vn 0.0422 -0.9706 0.2371
vn -0.0009 -0.9715 0.2369
vn -0.0812 0.9057 -0.4160
vn -0.0756 0.9053 -0.4179
vn -0.3732 0.8953 -0.2432
vn -0.3210 0.9040 -0.2824
vn -0.1305 -0.9561 0.2623
vn -0.1736 -0.9534 0.2469
vn -0.3366 0.7593 -0.5569
vn -0.2254 0.8343 -0.5031
vn -0.0222 0.8227 -0.5681
vn 0.0995 0.8319 -0.5460
vn -0.2506 0.7773 -0.5770
vn -0.4927 0.7256 -0.4803
vn 0.4684 -0.6783 0.5661
vn 0.4407 -0.7652 0.4693
vn 0.7503 0.1492 0.6440
vn 0.1286 -0.9847 0.1180
vn 0.1390 -0.9824 0.1250
vn 0.1451 -0.9822 0.1189
vn 0.1166 -0.9884 0.0970
vn 0.7430 0.2764 0.6096
vn 0.7514 0.3178 0.5782
vn -0.4347 0.6219 -0.6514
vn -0.2277 0.7213 -0.6542
vn -0.6393 0.7410 -0.2055
vn -0.5134 0.7352 -0.4426
vn -0.4707 0.8480 -0.2434
vn -0.6794 0.7233 -0.1238
vn -0.0855 0.9242 -0.3721
vn -0.1328 0.9197 -0.3694
vn -0.4684 0.8830 -0.0288
vn -0.3501 0.8730 -0.3396
vn -0.6971 0.7004 -0.1534
vn -0.6554 0.6026 -0.4553
vn 0.4330 0.8824 -0.1839
vn 0.4713 0.8727 -0.1276
vn -0.1182 0.7692 -0.6279
vn 0.1118 0.0668 -0.9915
vn 0.1034 -0.1096 -0.9886
vn 0.1055 -0.0720 -0.9918
vn -0.1532 0.6686 -0.7277
vn -0.6349 0.7579 0.1502
vn -0.8392 0.4941 0.2272
vn 0.1395 0.1606 0.9771
vn 0.3193 -0.1468 0.9362
vn 0.3894 -0.1457 0.9095
vn 0.2081 -0.0360 0.9774
vn 0.5225 0.8014 -0.2909
vn 0.5634 0.8221 -0.0824
vn 0.4896 0.8536 -0.1777
vn 0.3666 0.7183 -0.5914
vn 0.3799 0.6351 -0.6725
vn 0.4625 0.7544 -0.4658
vn 0.3878 0.8173 -0.4261
vn 0.7682 0.6331 -0.0957
vn 0.7695 0.6325 -0.0883
vn -0.4878 0.8232 -0.2905
vn -0.5472 0.7878 -0.2827
vn -0.6305 0.7734 0.0661
vn 0.9084 -0.4155 0.0466
vn 0.8839 -0.4311 0.1812
vn 0.3928 0.1986 -0.8979
vn 0.3186 0.2905 -0.9023
vn 0.2909 0.2814 -0.9144
vn 0.3826 0.1826 -0.9057
vn -0.5029 0.8538 -0.1348
vn 0.0500 0.2417 -0.9691
vn 0.0217 0.1947 -0.9806
vn 0.0064 0.0655 -0.9978
vn -0.0179 0.0409 -0.9990
vn 0.0842 0.1822 -0.9797
vn 0.8173 -0.5258 0.2359
vn -0.9431 -0.2926 0.1580
vn -0.9444 -0.2847 0.1641
vn -0.8570 -0.4945 0.1449
vn 0.3186 -0.3681 0.8735
vn -0.0061 -0.2353 0.9719
vn 0.0613 -0.3206 0.9452
vn 0.3416 -0.4129 0.8443
vn 0.0565 -0.4970 0.8659
vn 0.1049 -0.5799 0.8079
vn 0.7000 0.7050 -0.1138
vn 0.7994 0.5804 -0.1550
vn 0.2970 -0.9247 0.2383
vn 0.2997 -0.9157 0.2677
vn -0.0288 -0.1929 0.9808
vn -0.3361 -0.1029 0.9362
vn -0.2726 -0.1438 0.9513
vn -0.1954 -0.2201 0.9557
vn -0.0792 -0.3382 0.9377
vn 0.1668 -0.4046 0.8992
vn -0.6374 -0.7646 0.0952
vn 0.3410 -0.4357 0.8330
vn -0.5116 -0.8556 0.0787
vn 0.1926 0.2808 -0.9402
vn 0.0744 0.3594 -0.9302
vn 0.1449 0.2531 -0.9565
vn 0.3032 0.1850 -0.9348
vn -0.9711 -0.0906 0.2210
vn -0.6119 0.7880 0.0680
vn -0.0017 0.8094 -0.5873
vn -0.1351 0.8118 -0.5680
vn -0.0258 0.7904 -0.6120
vn -0.1446 -0.0384 -0.9887
vn -0.2210 -0.0572 -0.9736
vn -0.0931 0.0124 -0.9956
vn -0.0844 0.0161 -0.9963
vn 0.4142 0.8880 -0.1995
vn 0.6669 0.7449 -0.0190
vn -0.6579 0.7509 -0.0579
vn 0.2136 0.9656 -0.1485
vn 0.2993 0.9354 -0.1881
vn -0.0438 0.9938 -0.1019
vn -0.0164 0.9967 -0.0795
vn -0.3183 0.7603 -0.5663
vn -0.4344 0.7153 -0.5474
vn -0.0622 0.7624 -0.6442
vn -0.2090 0.6777 -0.7050
vn -0.3560 0.6729 -0.6484
vn 0.1130 0.1006 -0.9885
vn 0.2996 0.8885 -0.3476
vn 0.2632 0.8937 -0.3634
vn -0.7185 0.6687 -0.1914
vn -0.6342 0.5855 -0.5049
vn 0.5056 0.7520 -0.4229
vn -0.4660 0.7469 -0.4744
vn -0.3697 0.9012 -0.2263
vn 0.4259 0.8668 -0.2593
vn -0.4938 0.5320 -0.6878
vn -0.6304 0.7509 0.1969
vn 0.6703 -0.6553 0.3483
vn 0.4955 -0.7501 0.4379
vn 0.4257 -0.8000 0.4229
vn 0.7582 -0.6368 0.1403
vn -0.2154 -0.7508 0.6245
vn 0.0362 0.8366 -0.5466
vn 0.8747 -0.4826 -0.0447
vn -0.5792 0.8150 -0.0194
vn -0.2759 -0.1589 0.9480
vn -0.0498 -0.2349 0.9707
vn -0.0015 -0.3344 0.9424
vn -0.1349 -0.2960 0.9456
vn 0.1084 0.4414 0.8907
vn 0.3576 -0.4206 0.8338
vn 0.3413 -0.4350 0.8333
vn 0.0515 -0.9643 0.2598
vn 0.2902 -0.9409 0.1745
vn 0.3529 -0.4220 0.8351
vn 0.2104 -0.4609 0.8622
vn 0.3460 -0.4125 0.8427
vn 0.2481 -0.3243 0.9128
vn 0.1660 -0.3697 0.9142
vn 0.0984 -0.3781 0.9205
vn 0.2104 -0.3914 0.8959
vn 0.1921 -0.4325 0.8809
vn 0.4456 0.8835 -0.1445
vn 0.6927 -0.7193 -0.0538
vn 0.3051 -0.9109 -0.2778
vn 0.1734 -0.9435 -0.2823
vn 0.5970 -0.7868 -0.1569
vn -0.3611 -0.8089 -0.4640
vn 0.6130 0.3347 -0.7157
vn 0.3417 0.9299 -0.1363
vn 0.3508 0.9364 -0.0128
vn 0.3513 0.9361 -0.0185
vn 0.3413 0.9302 -0.1349
vn 0.7330 0.3110 0.6050
vn 0.7780 0.2785 0.5631
vn 0.9523 0.1801 0.2463
vn 0.9310 0.1978 0.3067
vn 0.9183 0.2192 0.3298
vn 0.9123 0.2029 0.3558
vn 0.9066 0.2809 0.3150
vn -0.1062 0.2190 0.9699
vn -0.0224 0.2462 0.9689
vn 0.1405 -0.7339 -0.6645
vn 0.9061 0.3210 0.2756
vn -0.2360 0.1716 0.9565
vn -0.2013 0.2071 0.9574
vn 0.0208 -0.9594 -0.2811
vn -0.7115 -0.6218 0.3275
vn -0.6756 -0.6055 0.4206
vn -0.5981 -0.5631 0.5703
vn 0.9542 0.1828 0.2367
vn 0.9537 0.1828 0.2390
vn 0.8818 0.2152 0.4196
vn 0.8756 0.2182 0.4309
vn 0.7966 0.2775 0.5371
vn 0.7984 0.2712 0.5376
vn -0.1245 0.1831 0.9752
vn -0.0501 0.2398 0.9695
vn -0.1701 0.1470 0.9744
vn -0.2565 0.0313 0.9660
vn -0.2615 0.0027 0.9652
vn 0.9368 0.3224 0.1357
vn 0.9614 0.2182 0.1674
vn 0.6687 -0.6277 0.3985
vn 0.7169 -0.6471 0.2593
vn 0.7078 -0.6362 0.3071
vn 0.9142 0.3909 0.1066
vn 0.6039 -0.6746 0.4245
vn 0.6134 -0.6649 0.4261
vn -0.0329 -0.6921 0.7210
vn -0.0906 -0.9902 0.1063
vn 0.1569 -0.9818 0.1070
vn 0.7889 0.3022 0.5351
vn 0.6734 -0.5980 0.4346
vn 0.9682 0.1819 0.1719
vn 0.7376 -0.6672 0.1037
vn 0.6462 -0.7572 0.0952
vn 0.7106 -0.6942 0.1147
vn 0.5123 -0.8534 0.0957
vn 0.9719 -0.2335 0.0314
vn -0.9589 -0.0612 0.2770
vn -0.9822 -0.0158 0.1874
vn -0.9919 0.0147 0.1261
vn -0.1454 -0.9839 0.1043
vn -0.3519 -0.9281 0.1216
vn 0.3209 0.9448 -0.0657
vn -0.5093 0.0497 0.8591
vn 0.3009 0.8394 -0.4525
vn -0.3036 0.0391 0.9520
vn -0.0799 0.5530 -0.8293
vn -0.5734 0.3233 -0.7528
vn 0.0650 0.5441 -0.8365
vn -0.9810 -0.1077 -0.1613
vn -0.2432 0.2526 0.9365
vn 0.5249 0.8497 -0.0496
vn 0.1700 0.7097 0.6837
vn -0.9308 -0.3470 0.1146
vn -0.9489 -0.2844 0.1364
vn -0.9465 -0.2789 0.1626
vn -0.9192 -0.2884 0.2681
vn -0.9238 -0.2970 0.2414
vn -0.8088 0.0099 0.5881
vn 0.3904 0.8409 -0.3747
vn -0.0996 0.3852 -0.9175
vn -0.9262 -0.3018 0.2261
vn -0.2705 -0.0524 0.9613
vn 0.8010 0.2316 0.5521
vn -0.8219 0.5669 -0.0563
vn 0.4850 -0.1354 0.8640
vn 0.4543 -0.1490 0.8783
vn 0.1098 -0.1201 0.9867
vn 0.8781 -0.4722 0.0770
vn 0.9845 -0.1743 -0.0179
vn 0.9720 -0.2268 0.0612
vn 0.0443 0.3045 0.9515
vn -0.0814 0.1851 0.9793
vn 0.7524 -0.6478 0.1194
vn 0.4757 -0.0411 0.8787
vn 0.5604 -0.0358 0.8274
vn 0.5811 0.0738 0.8104
vn 0.5013 0.0785 0.8617
vn 0.9955 0.0554 -0.0768
vn 0.9989 0.0465 0.0051
vn -0.9374 0.2437 0.2489
vn -0.9249 0.2049 0.3202
vn -0.9394 0.1396 0.3130
vn -0.9578 0.1852 0.2200
vn -0.2591 0.0016 0.9659
vn -0.2567 -0.0867 0.9626
vn -0.3322 -0.1281 0.9345
vn 0.3353 0.9399 -0.0640
vn 0.2215 0.9751 -0.0043
vn 0.2099 0.9773 0.0279
vn 0.3002 0.9536 -0.0224
vn 0.1092 0.9940 0.0032
vn 0.0678 0.9977 -0.0057
vn 0.0851 0.9961 0.0233
vn 0.1197 0.9922 0.0350
vn -0.9248 0.3409 0.1690
vn -0.9349 0.2551 0.2466
vn -0.9116 0.3561 0.2053
vn -0.8727 0.4680 0.1393
vn -0.2125 -0.0759 0.9742
vn 0.1324 -0.0516 0.9899
vn 0.1613 0.0862 0.9831
vn -0.1848 0.0295 0.9823
vn 0.9725 0.2030 -0.1143
vn 0.9852 0.1595 -0.0628
vn -0.3053 -0.1107 0.9458
vn -0.2694 -0.0240 0.9627
vn 0.3861 0.9160 -0.1092
vn 0.3300 0.9408 -0.0781
vn -0.9203 0.2418 0.3076
vn 0.0866 0.1078 0.9904
vn -0.0260 0.0692 0.9973
vn 0.8200 0.2145 0.5307
vn 0.0907 -0.9868 0.1338
vn -0.7577 0.5745 0.3095
vn 0.0686 -0.9838 0.1655
vt 0.215667 0.932607
vt 0.235935 0.929154
vt 0.237539 0.949850
vt 0.221698 0.955433
vt 0.235109 0.959504
vt 0.246597 0.951495
vt 0.256441 0.955238
vt 0.250394 0.964916
vt 0.821357 0.251894
vt 0.822311 0.252939
vt 0.809739 0.254601
vt 0.809621 0.253450
vt 0.878874 0.227755
vt 0.877026 0.227947
vt 0.878748 0.226141
vt 0.872159 0.286964
vt 0.871383 0.287895
vt 0.857509 0.285084
vt 0.858847 0.284230
vt 0.214927 0.888342
vt 0.241094 0.886886
vt 0.872671 0.226773
vt 0.873632 0.226892
vt 0.872918 0.233316
vt 0.872022 0.233296
vt 0.248233 0.932248
vt 0.309182 0.966692
vt 0.285755 0.995241
vt 0.261263 0.935952
vt 0.382220 0.971084
vt 0.378943 0.993352
vt 0.357320 0.997121
vt 0.357789 0.958475
vt 0.391807 0.915325
vt 0.353067 0.891040
vt 0.336831 0.907288
vt 0.274269 0.881298
vt 0.256800 0.883703
vt 0.834508 0.254335
vt 0.834924 0.255392
vt 0.832263 0.253358
vt 0.831626 0.252350
vt 0.851175 0.268872
vt 0.850429 0.269412
vt 0.847956 0.267581
vt 0.848172 0.266888
vt 0.387434 0.976016
vt 0.420936 0.914592
vt 0.417393 0.878945
vt 0.381759 0.883158
vt 0.378192 0.871548
vt 0.415928 0.866835
vt 0.282372 1.000106
vt 0.286691 0.076677
vt 0.290098 0.068188
vt 0.307401 0.079893
vt 0.304104 0.088251
vt 0.455491 0.876074
vt 0.456859 0.861817
vt 0.438046 0.981217
vt 0.450625 0.918994
vt 0.875048 0.236880
vt 0.873118 0.237802
vt 0.888602 0.289819
vt 0.888241 0.290500
vt 0.886833 0.289237
vt 0.887447 0.288089
vt 0.890419 0.291006
vt 0.889954 0.291534
vt 0.889178 0.291023
vt 0.889566 0.290347
vt 0.877244 0.219892
vt 0.876321 0.218848
vt 0.876848 0.218572
vt 0.877741 0.218971
vt 0.272888 0.072208
vt 0.275372 0.058466
vt 0.881290 0.289036
vt 0.881998 0.288174
vt 0.219104 0.054726
vt 0.225636 0.042104
vt 0.236193 0.044992
vt 0.232639 0.061061
vt 0.856103 0.288610
vt 0.856036 0.287724
vt 0.857420 0.289121
vt 0.857214 0.289760
vt 0.891626 0.292402
vt 0.890974 0.292224
vt 0.873280 0.223195
vt 0.875514 0.223731
vt 0.877242 0.242146
vt 0.876309 0.242888
vt 0.837463 0.257716
vt 0.837349 0.256808
vt 0.269149 0.047057
vt 0.269004 0.040643
vt 0.285045 0.047855
vt 0.284179 0.055543
vt 0.876527 0.232443
vt 0.878206 0.234685
vt 0.878662 0.218285
vt 0.878849 0.218999
vt 0.877778 0.218211
vt 0.881386 0.237437
vt 0.878574 0.232789
vt 0.883117 0.234079
vt 0.883117 0.226916
vt 0.881970 0.223622
vt 0.295594 0.064249
vt 0.299526 0.056156
vt 0.317716 0.068713
vt 0.304745 0.072894
vt 0.261848 0.053049
vt 0.261655 0.066356
vt 0.225948 0.031593
vt 0.239777 0.035266
vt 0.205283 0.051017
vt 0.186748 0.043946
vt 0.195914 0.041848
vt 0.203069 0.040663
vt 0.214103 0.039805
vt 0.230617 0.071812
vt 0.231665 0.066540
vt 0.261106 0.071371
vt 0.261918 0.076268
vt 0.163223 0.048753
vt 0.175065 0.046107
vt 0.193920 0.056114
vt 0.185469 0.058945
vt 0.212328 0.066402
vt 0.215719 0.061587
vt 0.273305 0.083050
vt 0.273017 0.076175
vt 0.286256 0.083463
vt 0.285672 0.087175
vt 0.302657 0.091705
vt 0.300853 0.095295
vt 0.284410 0.097441
vt 0.296959 0.101594
vt 0.273432 0.093778
vt 0.200766 0.035417
vt 0.214240 0.033521
vt 0.227713 0.080021
vt 0.260797 0.089137
vt 0.313294 0.072522
vt 0.852706 0.287159
vt 0.852374 0.285729
vt 0.854226 0.286996
vt 0.854009 0.288021
vt 0.783802 0.274134
vt 0.781962 0.263342
vt 0.791006 0.260427
vt 0.793631 0.266380
vt 0.717004 0.250913
vt 0.731047 0.252131
vt 0.732713 0.265416
vt 0.717067 0.265002
vt 0.890383 0.294851
vt 0.891809 0.294443
vt 0.891667 0.295738
vt 0.890641 0.295942
vt 0.674199 0.241433
vt 0.680697 0.240037
vt 0.682524 0.250029
vt 0.676805 0.248623
vt 0.801543 0.256738
vt 0.796917 0.254461
vt 0.800523 0.242864
vt 0.805921 0.240897
vt 0.749807 0.254944
vt 0.741307 0.252236
vt 0.738618 0.237400
vt 0.748816 0.236262
vt 0.890123 0.293908
vt 0.250152 0.033844
vt 0.889397 0.293719
vt 0.891737 0.217130
vt 0.895678 0.220690
vt 0.894783 0.223506
vt 0.892111 0.225752
vt 0.885183 0.222023
vt 0.886735 0.229982
vt 0.890960 0.233158
vt 0.891034 0.237763
vt 0.885596 0.236443
vt 0.788712 0.255327
vt 0.789680 0.234240
vt 0.795419 0.234726
vt 0.794432 0.245250
vt 0.792413 0.252070
vt 0.781134 0.244373
vt 0.781462 0.234215
vt 0.801482 0.236011
vt 0.806310 0.237168
vt 0.768861 0.270685
vt 0.768262 0.262576
vt 0.108291 0.043828
vt 0.109165 0.037074
vt 0.124986 0.035120
vt 0.120818 0.044917
vt 0.686638 0.239234
vt 0.704488 0.238062
vt 0.705286 0.252607
vt 0.692280 0.250512
vt 0.106881 0.050501
vt 0.120891 0.052226
vt 0.197077 0.120105
vt 0.167878 0.125952
vt 0.163182 0.102787
vt 0.182775 0.092582
vt 0.131500 0.043751
vt 0.132362 0.038889
vt 0.140466 0.038831
vt 0.143911 0.045013
vt 0.136433 0.043913
vt 0.191592 0.036385
vt 0.179017 0.039260
vt 0.179159 0.030881
vt 0.201624 0.028479
vt 0.143527 0.126299
vt 0.144155 0.108082
vt 0.131800 0.056279
vt 0.130325 0.076234
vt 0.104368 0.075103
vt 0.172913 0.082563
vt 0.157691 0.093278
vt 0.152184 0.084604
vt 0.163011 0.073050
vt 0.201969 0.062198
vt 0.192090 0.061410
vt 0.135467 0.123416
vt 0.128209 0.120189
vt 0.137065 0.100388
vt 0.140469 0.104273
vt 0.139624 0.053722
vt 0.165980 0.070006
vt 0.132718 0.088969
vt 0.109876 0.096973
vt 0.155817 0.044272
vt 0.151381 0.038455
vt 0.166286 0.033858
vt 0.167370 0.041776
vt 0.877898 0.245942
vt 0.877898 0.257955
vt 0.872494 0.251246
vt 0.340025 0.023883
vt 0.340817 0.035806
vt 0.327155 0.039445
vt 0.325790 0.018471
vt 0.673548 0.255027
vt 0.682244 0.258258
vt 0.718548 0.237561
vt 0.217533 0.026744
vt 0.226433 0.025832
vt 0.755933 0.235309
vt 0.757161 0.249002
vt 0.665208 0.245404
vt 0.728722 0.237490
vt 0.750421 0.268533
vt 0.744651 0.270905
vt 0.742723 0.261264
vt 0.750091 0.262230
vt 0.692289 0.261047
vt 0.707045 0.264962
vt 0.692873 0.267476
vt 0.682543 0.264362
vt 0.705686 0.270114
vt 0.237517 0.028118
vt 0.758345 0.268961
vt 0.758253 0.261452
vt 0.733409 0.273375
vt 0.715748 0.272100
vt 0.770559 0.247657
vt 0.341175 0.043374
vt 0.342829 0.068376
vt 0.331148 0.084436
vt 0.329434 0.058102
vt 0.675522 0.261725
vt 0.201484 0.082705
vt 0.203692 0.118680
vt 0.143915 0.045031
vt 0.155815 0.044283
vt 0.157397 0.050102
vt 0.149920 0.051447
vt 0.177728 0.062565
vt 0.169727 0.066001
vt 0.213495 0.075626
vt 0.211419 0.071746
vt 0.225454 0.083614
vt 0.201395 0.067549
vt 0.182518 0.071884
vt 0.177907 0.076852
vt 0.187569 0.066512
vt 0.204179 0.087085
vt 0.199949 0.074055
vt 0.855668 0.252122
vt 0.850050 0.260174
vt 0.848757 0.252122
vt 0.822882 0.261008
vt 0.823343 0.260209
vt 0.834172 0.262671
vt 0.833295 0.263361
vt 0.879036 0.219681
vt 0.888916 0.293297
vt 0.809801 0.262569
vt 0.809608 0.261815
vt 0.856467 0.278044
vt 0.854854 0.278751
vt 0.852494 0.272219
vt 0.853594 0.271514
vt 0.280802 0.849553
vt 0.266000 0.848332
vt 0.225334 0.837644
vt 0.200036 0.888529
vt 0.200733 0.833300
vt 0.252420 0.847423
vt 0.202806 0.933646
vt 0.341920 0.881049
vt 0.205353 0.955109
vt 0.350123 0.863746
vt 0.372007 0.890737
vt 0.376848 0.886909
vt 0.388701 0.905225
vt 0.846292 0.271598
vt 0.844929 0.272083
vt 0.821456 0.255631
vt 0.831518 0.254975
vt 0.834036 0.257406
vt 0.836649 0.259890
vt 0.853041 0.279586
vt 0.850448 0.273225
vt 0.848385 0.270866
vt 0.846664 0.268933
vt 0.871093 0.290490
vt 0.881140 0.291566
vt 0.850798 0.278821
vt 0.809515 0.257031
vt 0.885830 0.291785
vt 0.848990 0.278122
vt 0.888222 0.292973
vt 0.887194 0.292490
vt 0.847562 0.278872
vt 0.853985 0.224234
vt 0.865867 0.224234
vt 0.859785 0.236323
vt 0.861233 0.271022
vt 0.854170 0.263463
vt 0.861611 0.263463
vt 0.873313 0.264741
vt 0.868635 0.262242
vt 0.873313 0.257610
vt 0.872346 0.253365
vt 0.866176 0.257955
vt 0.866176 0.245942
vt 0.882487 0.263079
vt 0.886676 0.265376
vt 0.882523 0.266763
vt 0.855510 0.243820
vt 0.855510 0.251975
vt 0.848757 0.245946
vt 0.902197 0.247499
vt 0.896536 0.254562
vt 0.896536 0.245942
vt 0.878342 0.270029
vt 0.873404 0.268316
vt 0.878342 0.264511
vt 0.887871 0.262491
vt 0.865297 0.273339
vt 0.869191 0.268012
vt 0.869191 0.273353
vt 0.886060 0.257784
vt 0.878045 0.253056
vt 0.886060 0.245942
vt 0.419933 0.902624
vt 0.385222 0.894393
vt 0.418740 0.890887
vt 0.873404 0.274702
vt 0.878441 0.270120
vt 0.878441 0.275346
vt 0.873313 0.264832
vt 0.870177 0.270220
vt 0.869382 0.264832
vt 0.878508 0.262519
vt 0.873404 0.264420
vt 0.873404 0.257610
vt 0.452516 0.904637
vt 0.454093 0.890350
vt 0.364228 0.867571
vt 0.866028 0.259619
vt 0.856409 0.254717
vt 0.859518 0.254077
vt 0.865092 0.257738
vt 0.866028 0.245942
vt 0.863917 0.251287
vt 0.895179 0.232404
vt 0.896180 0.234347
vt 0.896059 0.236437
vt 0.897486 0.237630
vt 0.897194 0.240380
vt 0.890389 0.242126
vt 0.885183 0.242400
vt 0.896963 0.233984
vt 0.897789 0.233716
vt 0.898028 0.235094
vt 0.897466 0.235605
vt 0.898277 0.236965
vt 0.896004 0.224386
vt 0.897292 0.225384
vt 0.896087 0.227341
vt 0.894906 0.226684
vt 0.895452 0.229478
vt 0.899569 0.234209
vt 0.897495 0.232025
vt 0.899611 0.232047
vt 0.899590 0.229454
vt 0.897551 0.230032
vt 0.897669 0.228456
vt 0.898777 0.227190
vt 0.898184 0.226281
vt 0.897069 0.227986
vt 0.896595 0.229989
vt 0.896661 0.232173
vt 0.899000 0.236043
vt 0.900744 0.237558
vt 0.899570 0.238744
vt 0.900151 0.224213
vt 0.901074 0.225235
vt 0.899064 0.223290
vt 0.903517 0.232200
vt 0.902877 0.228142
vt 0.902413 0.235419
vt 0.897636 0.222229
vt 0.888619 0.255321
vt 0.890688 0.249432
vt 0.895064 0.256157
vt 0.896388 0.257138
vt 0.886208 0.257138
vt 0.890745 0.245942
s 1
usemtl Material.003
f 1625/1734/2162 1612/1735/2163 1608/1736/2164 1622/1737/2165
f 1665/1738/2166 1662/1739/2167 1609/1740/2168 1623/1741/2169
f 1810/1742/2170 1850/1743/2171 1811/1744/2172 1809/1745/2172
f 1639/1746/2173 1641/1747/2174 1643/1748/2175
f 1799/1749/2176 1821/1750/2177 1849/1751/2178 1807/1752/2178
f 1624/1753/2179 1616/1754/2180 1612/1735/2163 1625/1734/2162
f 1629/1755/2181 1635/1756/2182 1634/1757/2183 1628/1758/2181
f 1663/1759/2184 1662/1739/2167 1608/1736/2164 1612/1735/2163
f 1614/1760/2185 1610/1761/2186 1609/1740/2187 1613/1762/2188
f 1611/1763/2189 1607/1764/2190 1610/1765/2186 1614/1766/2185
f 1615/1767/2191 1611/1763/2189 1614/1766/2185 1618/1768/2192
f 1618/1769/2192 1614/1760/2185 1613/1762/2188 1617/1770/2193
f 1664/1771/2194 1663/1759/2184 1612/1735/2163 1616/1754/2180
f 1862/1772/2195 1864/1773/2196 1824/1774/2197 1808/1775/2197
f 1802/1776/2198 1845/1777/2199 1848/1778/2200 1806/1779/2201
f 1808/1775/2202 1824/1774/2202 1850/1743/2171 1810/1742/2170
f 1620/1780/2203 1611/1763/2204 1615/1767/2204 1619/1781/2205
f 1870/1782/2206 1868/1783/2207 1808/1784/2208 1810/1785/2209
f 1623/1741/2169 1609/1740/2168 1610/1761/2210 1621/1786/2210
f 1650/1787/2211 1647/1788/2211 1670/1789/2211 1804/1790/2211
f 1869/1791/2212 1870/1782/2206 1810/1785/2209 1809/1792/2213
f 1605/1793/2214 1620/1780/2203 1619/1781/2205 1606/1794/2215
f 1628/1758/2216 1634/1757/2217 1638/1795/2218 1632/1796/2219
f 1805/1797/2220 1847/1798/2221 1818/1799/2222 1800/1800/2222
f 1804/1801/2223 1846/1802/2224 1840/1803/2225 1803/1804/2226
f 1792/1805/2227 1791/1806/2228 1633/1807/2229 1603/1808/2230
f 1803/1804/2226 1840/1803/2225 1847/1798/2221 1805/1797/2220
f 1667/1809/2231 1666/1810/2232 1647/1788/2233 1650/1787/2233
f 1800/1800/2234 1818/1799/2234 1842/1811/2235 1796/1812/2236
f 1651/1813/2237 1693/1814/2238 1646/1815/2239 1652/1816/2240
f 1793/1817/2241 1830/1818/2242 1820/1819/2243 1790/1820/2244
f 1670/1821/2245 1839/1822/2245 1846/1802/2224 1804/1801/2223
f 1631/1823/2246 1637/1824/2247 1635/1756/2248 1629/1755/2249
f 1632/1796/2219 1638/1795/2218 1636/1825/2250 1630/1826/2251
f 1806/1779/2201 1848/1778/2200 1843/1827/2252 1797/1828/2253
f 1660/1829/2254 1677/1830/2255 1680/1831/2256 1669/1832/2257
f 1635/1756/2182 1641/1747/2258 1640/1833/2258 1634/1757/2183
f 1634/1757/2217 1640/1833/2259 1644/1834/2260 1638/1795/2218
f 1790/1835/2244 1795/1836/2261 1603/1808/2230 1793/1837/2241
f 1637/1824/2247 1643/1748/2262 1641/1747/2263 1635/1756/2248
f 1638/1795/2218 1644/1834/2260 1642/1838/2264 1636/1825/2250
f 1626/1839/2265 1640/1833/2266 1641/1747/2174 1639/1746/2173
f 1627/1840/2267 1626/1839/2265 1639/1746/2173 1604/1841/2268
f 1604/1841/2268 1639/1746/2173 1643/1748/2175 1645/1842/2269
f 1644/1834/2270 1626/1839/2265 1627/1840/2267 1642/1838/2271
f 1640/1833/2266 1626/1839/2265 1644/1834/2270
f 1661/1843/2272 1679/1844/2273 1682/1845/2274 1671/1846/2275
f 1669/1832/2257 1680/1831/2256 1679/1844/2273 1661/1843/2272
f 1652/1816/2240 1646/1815/2239 1648/1847/2276 1653/1848/2276
f 1693/1814/2277 1659/1849/2278 1658/1850/2279 1646/1815/2280
f 1709/1851/2281 1696/1852/2282 1856/1853/2283 1700/1854/2284 1707/1855/2285
f 1657/1856/2286 1757/1857/2287 1763/1858/2288 1655/1859/2289
f 1706/1860/2290 1761/1861/2291 1759/1862/2292 1710/1863/2293
f 1654/1864/2294 1758/1865/2295 1757/1857/2287 1657/1856/2286
f 1668/1866/2296 1764/1867/2297 1765/1868/2298 1656/1869/2299
f 1656/1869/2299 1765/1868/2298 1803/1870/2300 1805/1871/2301
f 1622/1872/2302 1656/1869/2303 1805/1871/2304 1800/1873/2304
f 1665/1874/2305 1668/1866/2306 1656/1869/2303 1622/1872/2302
f 1707/1855/2307 1700/1854/2308 1699/1875/2309 1708/1876/2310
f 1621/1877/2311 1657/1856/2286 1655/1859/2289 1623/1878/2312
f 1671/1846/2275 1682/1845/2274 1681/1879/2313 1670/1789/2314
f 1660/1829/2315 1648/1847/2316 1646/1815/2280 1658/1850/2279
f 1666/1810/2317 1648/1847/2316 1660/1829/2315 1669/1832/2257
f 1647/1788/2318 1666/1810/2317 1669/1832/2257 1661/1843/2272
f 1623/1878/2312 1655/1859/2289 1668/1866/2306 1665/1874/2305
f 1655/1859/2319 1763/1858/2320 1764/1867/2297 1668/1866/2296
f 1653/1848/2321 1648/1847/2321 1666/1810/2232 1667/1809/2231
f 1791/1880/2322 1841/1881/2323 1813/1882/2324 1633/1883/2325
f 1617/1770/2326 1613/1762/2327 1663/1759/2184 1664/1771/2194
f 1613/1762/2327 1609/1740/2168 1662/1739/2167 1663/1759/2184
f 1622/1737/2165 1608/1736/2164 1662/1739/2167 1665/1738/2166
f 1677/1884/2255 1756/1885/2328 1753/1886/2329 1680/1887/2256
f 1723/1888/2330 1728/1889/2331 1748/1890/2332 1747/1891/2333
f 1670/1789/2314 1647/1788/2318 1661/1843/2272 1671/1846/2275
f 1672/1892/2334 1681/1893/2313 1682/1894/2274 1678/1895/2335
f 1741/1896/2336 1768/1897/2337 1772/1898/2338 1744/1899/2339
f 1679/1900/2273 1755/1901/2340 1749/1902/2341 1682/1903/2274
f 1727/1904/2342 1733/1905/2343 1734/1906/2344 1725/1907/2345
f 1681/1893/2313 1672/1892/2334 1674/1908/2346
f 1658/1850/2347 1675/1909/2348 1677/1830/2349 1660/1829/2349
f 1670/1821/2314 1681/1893/2313 1674/1908/2346 1649/1910/2350
f 1683/1911/2351 1874/1912/2352 1884/1913/2353 1877/1914/2354 1686/1915/2354
f 1685/1916/2355 1876/1917/2356 1878/1918/2357 1687/1919/2358
f 1691/1920/2359 1690/1921/2360 1688/1922/2361 1692/1923/2362 1689/1924/2362
f 1687/1925/2363 1684/1926/2364 1690/1921/2360 1691/1920/2359
f 1682/1903/2274 1749/1902/2341 1750/1927/2365 1678/1928/2366
f 1680/1887/2256 1753/1886/2329 1755/1901/2340 1679/1900/2273
f 1675/1929/2367 1752/1930/2368 1756/1885/2369 1677/1884/2370
f 1719/1931/2371 1736/1932/2372 1740/1933/2373 1722/1934/2374
f 1742/1935/2375 1673/1936/2376 1676/1937/2377 1743/1938/2378
f 1697/1939/2379 1719/1931/2379 1722/1934/2380 1855/1940/2380
f 1694/1941/2381 1702/1942/2382 1703/1943/2383 1695/1944/2384
f 1721/1945/2385 1738/1946/2385 1767/1947/2386 1771/1948/2387 1787/1949/2388
f 1699/1875/2309 1700/1854/2308 1856/1853/2389 1857/1950/2389
f 1701/1951/2390 1732/1952/2391 1729/1953/2392 1699/1875/2393 1857/1950/2394
f 1702/1942/2382 1713/1954/2395 1714/1955/2396 1703/1943/2383
f 1698/1956/2397 1705/1957/2398 1704/1958/2399 1697/1939/2400 1855/1940/2401
f 1774/1959/2402 1775/1960/2403 1712/1961/2404 1711/1962/2405
f 1710/1863/2293 1759/1862/2292 1758/1865/2295 1654/1864/2294 1781/1963/2406 1779/1964/2407
f 1722/1934/2374 1740/1933/2373 1738/1946/2408 1721/1945/2409
f 1693/1814/2277 1707/1855/2307 1708/1876/2310 1659/1849/2278
f 1651/1813/2237 1709/1851/2281 1707/1855/2285 1693/1814/2238
f 1776/1965/2410 1718/1966/2411 1717/1967/2411 1777/1968/2412
f 1711/1962/2405 1698/1956/2413 1789/1969/2414 1788/1970/2415
f 1712/1961/2404 1705/1957/2416 1698/1956/2413 1711/1962/2405
f 1712/1961/2404 1717/1967/2417 1716/1971/2418 1705/1957/2416
f 1705/1957/2398 1716/1971/2419 1715/1972/2420 1704/1958/2399
f 1775/1960/2403 1777/1968/2421 1717/1967/2417 1712/1961/2404
f 1718/1966/2422 1715/1972/2420 1716/1971/2419 1717/1967/2423
f 1720/1973/2424 1737/1974/2425 1760/1975/2426 1762/1976/2427
f 1720/1977/2428 1851/1978/2428 1706/1979/2428
f 1721/1980/2429 1787/1981/2429 1789/1982/2429 1698/1983/2429
f 1740/1984/2430 1744/1899/2431 1772/1898/2338 1769/1985/2432
f 1726/1986/2433 1723/1888/2330 1676/1937/2377 1673/1936/2376
f 1699/1875/2393 1729/1953/2392 1735/1987/2434 1708/1876/2435
f 1708/1876/2435 1735/1987/2434 1724/1988/2436 1659/1849/2437
f 1683/1989/2438 1686/1990/2439 1727/1904/2342 1725/1907/2345
f 1736/1991/2372 1741/1896/2440 1744/1899/2441 1740/1984/2373
f 1730/1992/2442 1734/1906/2443 1733/1905/2444 1728/1889/2331
f 1724/1993/2445 1735/1994/2446 1746/1995/2447 1751/1996/2448
f 1723/1888/2330 1726/1986/2433 1730/1992/2442 1728/1889/2331
f 1739/1997/2449 1743/1938/2378 1676/1937/2377 1731/1998/2450
f 1739/1997/2449 1737/1999/2451 1767/2000/2452 1769/1985/2432
f 1760/2001/2453 1737/1999/2451 1739/1997/2449 1731/1998/2450
f 1659/1849/2437 1724/1988/2436 1745/2002/2454 1675/1909/2348 1658/1850/2347
f 1675/1929/2367 1745/2003/2455 1754/2004/2456 1752/1930/2368
f 1745/2003/2455 1724/1993/2445 1751/1996/2448 1754/2004/2456
f 1728/1889/2331 1733/1905/2444 1746/1995/2447 1748/1890/2332
f 1755/1901/2340 1689/1924/2457 1692/1923/2458 1749/1902/2341
f 1756/1885/2369 1687/1925/2363 1691/1920/2359 1753/1886/2459
f 1748/1890/2332 1729/2005/2460 1732/2006/2461 1747/1891/2333
f 1731/1998/2450 1676/1937/2377 1723/1888/2330 1747/1891/2333
f 1754/2004/2456 1686/1990/2439 1685/2007/2462 1752/1930/2368
f 1751/1996/2448 1727/1904/2342 1686/1990/2439 1754/2004/2456
f 1749/1902/2341 1692/1923/2458 1688/1922/2463 1750/1927/2365
f 1746/1995/2447 1735/1994/2446 1729/2005/2460 1748/1890/2332
f 1753/1886/2329 1691/1920/2464 1689/1924/2457 1755/1901/2340
f 1746/1995/2447 1733/1905/2343 1727/1904/2342 1751/1996/2448
f 1752/1930/2368 1685/2007/2462 1687/1925/2363 1756/1885/2369
f 1731/1998/2450 1747/1891/2333 1732/2006/2461 1760/2001/2453
f 1761/1861/2291 1696/1852/2282 1709/1851/2281 1759/1862/2292
f 1760/1975/2426 1732/1952/2391 1701/1951/2390 1762/1976/2427
f 1758/1865/2295 1651/1813/2237 1652/1816/2240 1757/1857/2287
f 1762/2008/2465 1701/2009/2465 1696/2010/2465 1761/2011/2465
f 1759/1862/2292 1709/1851/2281 1651/1813/2237 1758/1865/2295
f 1764/1867/2297 1667/1809/2466 1650/1787/2467 1765/1868/2298
f 1763/1858/2320 1653/1848/2468 1667/1809/2466 1764/1867/2297
f 1765/1868/2298 1650/1787/2467 1804/1790/2469 1803/1870/2300
f 1757/1857/2287 1652/1816/2240 1653/1848/2470 1763/1858/2288
f 1767/1947/2386 1737/1974/2425 1720/1973/2424 1771/1948/2387
f 1768/1897/2337 1742/1935/2375 1743/1938/2378 1772/1898/2338
f 1772/1898/2338 1743/1938/2378 1739/1997/2449 1769/1985/2432
f 1767/2000/2452 1738/2012/2471 1740/1984/2430 1769/1985/2432
f 1694/1941/2381 1695/1944/2384 1620/2013/2472 1605/2014/2473
f 1771/2015/2474 1720/2016/2474 1706/1860/2474 1784/2017/2474 1766/2018/2474
f 1766/2018/2475 1784/2017/2476 1782/2019/2477 1770/2020/2478
f 1607/2021/2190 1773/2022/2479 1621/1877/2479 1610/2023/2186
f 1703/1943/2480 1714/1955/2481 1777/1968/2421 1775/1960/2403
f 1773/2022/2482 1654/1864/2294 1657/1856/2286 1621/1877/2311
f 1713/1954/2483 1776/1965/2410 1777/1968/2412 1714/1955/2484
f 1695/1944/2485 1703/1943/2480 1775/1960/2403 1774/1959/2402
f 1654/1864/2294 1773/2022/2486 1785/2024/2487 1781/1963/2406
f 1770/2020/2478 1778/2025/2488 1786/2026/2489 1788/1970/2415
f 1778/2025/2488 1770/2020/2478 1782/2019/2477 1783/2027/2490
f 1611/2028/2189 1620/2013/2491 1780/2029/2492 1607/2021/2190
f 1780/2029/2492 1778/2025/2488 1783/2027/2490 1785/2024/2487
f 1774/1959/2402 1786/2026/2489 1620/2013/2491 1695/1944/2485
f 1783/2027/2490 1779/1964/2407 1781/1963/2406 1785/2024/2487
f 1782/2019/2477 1710/1863/2293 1779/1964/2407 1783/2027/2490
f 1773/2022/2486 1607/2021/2190 1780/2029/2492 1785/2024/2487
f 1784/2017/2476 1706/1860/2290 1710/1863/2293 1782/2019/2477
f 1786/2026/2489 1778/2025/2488 1780/2029/2492 1620/2013/2491
f 1786/2026/2489 1774/1959/2402 1711/1962/2405 1788/1970/2415
f 1789/1969/2414 1766/2018/2475 1770/2020/2478 1788/1970/2415
f 1766/2030/2493 1852/2031/2493 1771/2032/2493
f 1632/2033/2494 1832/2034/2495 1833/2035/2496 1628/2036/2497
f 1794/2037/2498 1645/1842/2498 1643/1748/2262 1637/1824/2247 1792/1805/2227
f 1796/1812/2236 1842/1811/2235 1821/1750/2177 1799/1749/2176
f 1792/1805/2227 1637/1824/2247 1631/1823/2246 1791/1806/2228
f 1633/1807/2229 1793/1837/2241 1603/1808/2230
f 1795/1836/2261 1794/2037/2499 1792/1805/2499 1603/1808/2230
f 1649/1910/2500 1837/2038/2500 1839/1822/2500 1670/1821/2500
f 1630/2039/2501 1834/2040/2501 1832/2034/2495 1632/2033/2494
f 1798/2041/2502 1831/2042/2503 1844/2043/2504 1801/2044/2505
f 1806/2045/2506 1617/1770/2326 1664/1771/2194 1802/2046/2507
f 1798/2047/2508 1624/1753/2179 1799/2048/2509 1807/2049/2510
f 1802/2046/2507 1664/1771/2194 1616/1754/2180 1801/2050/2511
f 1801/2050/2511 1616/1754/2180 1624/1753/2179 1798/2047/2508
f 1799/2048/2509 1624/1753/2179 1625/1734/2162 1796/2051/2512
f 1797/2052/2513 1618/1769/2192 1617/1770/2193 1806/2045/2514
f 1633/1883/2515 1813/1882/2515 1830/1818/2242 1793/1817/2241
f 1796/2051/2512 1625/1734/2162 1622/1737/2165 1800/2053/2516
f 1615/1767/2191 1618/1768/2192 1797/2054/2513 1867/2055/2517
f 1801/2044/2505 1844/2043/2504 1845/1777/2199 1802/1776/2198
f 1871/2056/2518 1866/2057/2518 1615/1767/2191 1867/2055/2517
f 1628/2036/2497 1833/2035/2496 1822/2058/2519 1629/2059/2519
f 1819/2060/2520 1825/2061/2521 1863/2062/2521 1828/2063/2521 1833/2035/2521 1832/2034/2522
f 1829/2064/2523 1827/2065/2524 1844/2043/2525 1831/2042/2526
f 1826/2066/2527 1845/1777/2528 1844/2043/2525 1827/2065/2524
f 1828/2063/2529 1843/1827/2530 1848/1778/2531 1823/2067/2531
f 1863/2062/2532 1864/1773/2533 1843/1827/2530 1828/2063/2529
f 1817/2068/2534 1821/1750/2535 1842/1811/2536 1815/2069/2537
f 1814/2070/2538 1829/2064/2539 1830/1818/2540 1813/1882/2540
f 1812/2071/2541 1819/2060/2520 1832/2034/2522 1834/2040/2541
f 1815/2069/2537 1842/1811/2536 1818/1799/2542 1816/2072/2543
f 1822/2058/2544 1823/2067/2544 1826/2066/2545 1814/2070/2538 1835/2073/2544
f 1833/2035/2546 1828/2063/2546 1823/2067/2546 1822/2058/2546
f 1835/2073/2547 1814/2070/2548 1813/1882/2324 1841/1881/2323
f 1823/2067/2549 1848/1778/2549 1845/1777/2528 1826/2066/2527
f 1826/2066/2545 1827/2065/2550 1829/2064/2539 1814/2070/2538
f 1830/1818/2551 1829/2064/2523 1831/2042/2526 1849/1751/2551 1821/1750/2535 1817/2068/2534 1820/1819/2552
f 1840/1803/2553 1836/2074/2554 1838/2075/2555 1847/1798/2556
f 1846/1802/2557 1837/2038/2558 1836/2074/2554 1840/1803/2553
f 1847/1798/2556 1838/2075/2555 1816/2072/2559 1818/1799/2560
f 1839/1822/2561 1837/2038/2561 1846/1802/2561
f 1824/1774/2562 1825/2061/2562 1819/2060/2563 1850/1743/2564
f 1850/1743/2564 1819/2060/2563 1812/2071/2565 1811/1744/2565
f 1631/2076/2566 1835/2073/2547 1841/1881/2323 1791/1880/2322
f 1629/2059/2567 1822/2058/2567 1835/2073/2547 1631/2076/2566
f 1807/1752/2568 1849/1751/2568 1831/2042/2503 1798/2041/2502
f 1789/2077/2414 1852/2078/2569 1766/2079/2475
f 1761/2080/2570 1851/2081/2570 1762/2082/2570
f 1706/2083/2290 1851/2084/2571 1761/2085/2291
f 1762/2086/2427 1851/2087/2572 1720/2088/2424
f 1722/2089/2573 1853/2090/2573 1855/2091/2573
f 1771/2092/2387 1852/2093/2574 1787/2094/2388
f 1787/2095/2575 1852/2096/2575 1789/2097/2575
f 1696/2098/2282 1854/2099/2576 1856/2100/2283
f 1721/2101/2409 1853/2090/2577 1722/2089/2374
f 1698/2102/2578 1853/2103/2578 1721/2104/2578
f 1855/2105/2401 1853/2106/2579 1698/2107/2397
f 1861/2108/2580 1866/2057/2581 1859/2109/2582 1860/2110/2583
f 1701/2111/2584 1854/2112/2584 1696/2113/2584
f 1856/2114/2585 1854/2115/2585 1857/2116/2585
f 1857/2117/2394 1854/2118/2586 1701/2119/2390
f 1865/2120/2587 1861/2108/2580 1860/2110/2583 1858/2121/2588
f 1606/1794/2215 1619/1781/2205 1861/2108/2580 1865/2120/2587
f 1619/1781/2205 1615/1767/2589 1866/2057/2581 1861/2108/2580
f 1825/2061/2590 1824/1774/2590 1864/1773/2533 1863/2062/2532
f 1868/1783/2518 1859/2109/2518 1866/2057/2518 1871/2056/2518
f 1797/1828/2253 1843/1827/2252 1864/1773/2196 1862/1772/2195
f 1808/1784/2518 1868/1783/2518 1871/2056/2518 1862/2122/2518
f 1862/2122/2518 1871/2056/2518 1867/2055/2517 1797/2054/2513
f 1858/2121/2588 1860/2110/2583 1870/1782/2206 1869/1791/2212
f 1860/2110/2583 1859/2109/2582 1868/1783/2207 1870/1782/2206
f 1606/2123/2591 1865/2124/2591 1918/2125/2591 1916/2126/2591
f 1872/2127/2592 1606/2123/2592 1916/2126/2592 1920/2128/2592
f 1876/1917/2356 1881/2129/2593 1895/2130/2594 1883/2131/2595 1878/1918/2357
f 1878/1918/2596 1883/2131/2597 1894/2132/2598 1880/2133/2599 1875/2134/2600
f 1686/1915/2601 1877/1914/2602 1876/1917/2356 1685/1916/2355
f 1687/1919/2603 1878/1918/2596 1875/2134/2600 1684/2135/2604
f 1915/2136/2605 1904/2137/2606 1890/2138/2607 1906/2139/2608
f 1883/2131/2597 1906/2139/2609 1909/2140/2610 1894/2132/2598
f 1914/2141/2611 1893/2142/2612 1882/2143/2613 1897/2144/2614
f 1897/2144/2615 1882/2143/2616 1896/2145/2617
f 1913/2146/2618 1904/2137/2619 1888/2147/2620 1901/2148/2621
f 1912/2149/2622 1905/2150/2623 1889/2151/2624 1902/2152/2625
f 1911/2153/2626 1902/2152/2627 1889/2151/2628 1908/2154/2629
f 1910/2155/2630 1905/2150/2631 1888/2147/2632 1907/2156/2633
f 1909/2140/2610 1903/2157/2634 1887/2158/2635 1891/2159/2636
f 1906/2139/2609 1890/2138/2637 1903/2157/2634 1909/2140/2610
f 1894/2132/2598 1909/2140/2610 1891/2159/2636 1880/2133/2599
f 1908/2154/2638 1889/2151/2639 1905/2150/2631 1910/2155/2630
f 1882/2143/2616 1908/2154/2638 1910/2155/2630 1896/2145/2617
f 1896/2145/2617 1910/2155/2630 1907/2156/2633 1881/2129/2593
f 1892/2160/2640 1885/2161/2641 1902/2152/2627 1911/2153/2626
f 1879/2162/2642 1892/2160/2640 1911/2153/2626 1893/2142/2612
f 1893/2142/2612 1911/2153/2626 1908/2154/2629 1882/2143/2613
f 1901/2148/2621 1888/2147/2620 1905/2150/2623 1912/2149/2622
f 1886/2163/2643 1901/2148/2621 1912/2149/2622 1900/2164/2644
f 1900/2164/2644 1912/2149/2622 1902/2152/2625 1885/2161/2645
f 1903/2157/2646 1890/2138/2647 1904/2137/2619 1913/2146/2618
f 1887/2158/2648 1903/2157/2646 1913/2146/2618 1899/2165/2649
f 1899/2165/2649 1913/2146/2618 1901/2148/2621 1886/2163/2643
f 1877/1914/2602 1897/2144/2615 1896/2145/2617 1881/2129/2593 1876/1917/2356
f 1898/2166/2650 1879/2162/2642 1893/2142/2612 1914/2141/2611
f 1874/1912/2352 1898/2166/2650 1914/2141/2611 1884/1913/2353
f 1884/1913/2353 1914/2141/2611 1897/2144/2614 1877/1914/2651
f 1907/2156/2633 1888/2147/2632 1904/2137/2606 1915/2136/2605
f 1881/2129/2593 1907/2156/2633 1915/2136/2605 1895/2130/2594
f 1895/2130/2594 1915/2136/2605 1906/2139/2608 1883/2131/2595
f 1918/2125/2652 1920/2128/2652 1916/2126/2652
f 1919/2167/2653 1921/2168/2653 1917/2169/2653
f 1858/2170/2654 1869/2171/2654 1919/2167/2654 1917/2169/2654
f 1865/2124/2655 1872/2127/2655 1920/2128/2655 1918/2125/2655
f 1873/2172/2656 1858/2170/2656 1917/2169/2656 1921/2168/2656
f 1869/2171/2657 1873/2172/2657 1921/2168/2657 1919/2167/2657
f 1941/1734/2658 1938/1737/2659 1924/1736/2660 1928/1735/2661
f 1975/1738/2662 1939/1741/2663 1925/1740/2664 1972/1739/2665
f 2090/1742/2666 1809/1745/2172 1811/1744/2172 2120/1743/2667
f 1952/1746/2668 1955/1748/2669 1954/1747/2670
f 2080/1749/2671 2088/1752/2672 2119/1751/2672 2095/1750/2673
f 1940/1753/2674 1941/1734/2658 1928/1735/2661 1932/1754/2675
f 1944/1755/2676 1943/1758/2676 1948/1757/2677 1949/1756/2678
f 1973/1759/2679 1928/1735/2661 1924/1736/2660 1972/1739/2665
f 1930/1760/2680 1929/1762/2681 1925/1740/2682 1926/1761/2683
f 1927/1763/2684 1930/1766/2680 1926/1765/2683 1923/1764/2685
f 1931/1767/2686 1934/1768/2687 1930/1766/2680 1927/1763/2684
f 1934/1769/2687 1933/1770/2688 1929/1762/2681 1930/1760/2680
f 1974/1771/2689 1932/1754/2675 1928/1735/2661 1973/1759/2679
f 2131/1772/2690 2089/1775/2691 2098/1774/2691 2133/1773/2692
f 2083/1776/2693 2087/1779/2694 2118/1778/2695 2115/1777/2696
f 2089/1775/2697 2090/1742/2666 2120/1743/2667 2098/1774/2697
f 1936/1780/2698 1935/1781/2699 1931/1767/2700 1927/1763/2700
f 2137/1782/2701 2090/1785/2702 2089/1784/2703 2136/1783/2704
f 1939/1741/2663 1937/1786/2705 1926/1761/2705 1925/1740/2664
f 1960/1787/2706 2085/1790/2706 1980/1789/2706 1958/1788/2706
f 1869/1791/2212 1809/1792/2213 2090/1785/2702 2137/1782/2701
f 1605/1793/2214 1606/1794/2215 1935/1781/2699 1936/1780/2698
f 1943/1758/2707 1946/1796/2708 1951/1795/2709 1948/1757/2710
f 2086/1797/2711 2081/1800/2712 2093/1799/2712 2117/1798/2713
f 2085/1801/2714 2084/1804/2715 2110/1803/2716 2116/1802/2717
f 2075/1805/2718 1922/1808/2719 1947/1807/2720 2074/1806/2721
f 2084/1804/2715 2086/1797/2711 2117/1798/2713 2110/1803/2716
f 1977/1809/2722 1960/1787/2723 1958/1788/2723 1976/1810/2724
f 2081/1800/2725 2077/1812/2726 2112/1811/2727 2093/1799/2725
f 1961/1813/2728 1962/1816/2729 1957/1815/2730 1995/1814/2731
f 2076/1817/2732 1790/1820/2733 1820/1819/2734 2104/1818/2735
f 1980/1821/2736 2085/1801/2714 2116/1802/2717 2109/1822/2736
f 1945/1823/2737 1944/1755/2738 1949/1756/2739 1950/1824/2740
f 1946/1796/2708 1630/1826/2251 1636/1825/2250 1951/1795/2709
f 2087/1779/2694 2078/1828/2741 2113/1827/2742 2118/1778/2695
f 1970/1829/2743 1979/1832/2744 1986/1831/2745 1984/1830/2746
f 1949/1756/2678 1948/1757/2677 1953/1833/2747 1954/1747/2747
f 1948/1757/2710 1951/1795/2709 1956/1834/2748 1953/1833/2749
f 1790/1835/2733 2076/1837/2732 1922/1808/2719 1795/1836/2750
f 1950/1824/2740 1949/1756/2739 1954/1747/2751 1955/1748/2752
f 1951/1795/2709 1636/1825/2250 1642/1838/2264 1956/1834/2748
f 1942/1839/2753 1952/1746/2668 1954/1747/2670 1953/1833/2754
f 1627/1840/2267 1604/1841/2268 1952/1746/2668 1942/1839/2753
f 1604/1841/2268 1645/1842/2269 1955/1748/2669 1952/1746/2668
f 1956/1834/2755 1642/1838/2271 1627/1840/2267 1942/1839/2753
f 1953/1833/2754 1956/1834/2755 1942/1839/2753
f 1971/1843/2756 1981/1846/2757 1988/1845/2758 1985/1844/2759
f 1979/1832/2744 1971/1843/2756 1985/1844/2759 1986/1831/2745
f 1962/1816/2729 1963/1848/2760 1959/1847/2760 1957/1815/2730
f 1995/1814/2761 1957/1815/2762 1968/1850/2763 1969/1849/2764
f 2007/1851/2765 2005/1855/2766 2000/1854/2767 2126/1853/2768 1997/1852/2769
f 1967/1856/2770 1965/1859/2771 2049/1858/2772 2043/1857/2773
f 2004/1860/2774 2008/1863/2775 2045/1862/2776 2047/1861/2777
f 1964/1864/2778 1967/1856/2770 2043/1857/2773 2044/1865/2779
f 1978/1866/2780 1966/1869/2781 2051/1868/2782 2050/1867/2783
f 1966/1869/2781 2086/1871/2784 2084/1870/2785 2051/1868/2782
f 1938/1872/2786 2081/1873/2787 2086/1871/2787 1966/1869/2788
f 1975/1874/2789 1938/1872/2786 1966/1869/2788 1978/1866/2790
f 2005/1855/2791 2006/1876/2792 1999/1875/2793 2000/1854/2794
f 1937/1877/2795 1939/1878/2796 1965/1859/2771 1967/1856/2770
f 1981/1846/2757 1980/1789/2797 1987/1879/2798 1988/1845/2758
f 1970/1829/2799 1968/1850/2763 1957/1815/2762 1959/1847/2800
f 1976/1810/2801 1979/1832/2744 1970/1829/2799 1959/1847/2800
f 1958/1788/2802 1971/1843/2756 1979/1832/2744 1976/1810/2801
f 1939/1878/2796 1975/1874/2789 1978/1866/2790 1965/1859/2771
f 1965/1859/2803 1978/1866/2780 2050/1867/2783 2049/1858/2804
f 1963/1848/2805 1977/1809/2722 1976/1810/2724 1959/1847/2805
f 2074/1880/2806 1947/1883/2807 2091/1882/2808 2111/1881/2809
f 1933/1770/2810 1974/1771/2689 1973/1759/2679 1929/1762/2811
f 1929/1762/2811 1973/1759/2679 1972/1739/2665 1925/1740/2664
f 1938/1737/2659 1975/1738/2662 1972/1739/2665 1924/1736/2660
f 1984/1884/2746 1986/1887/2745 2039/1886/2812 2042/1885/2813
f 2017/1888/2814 2034/1891/2815 2035/1890/2816 2020/1889/2817
f 1980/1789/2797 1981/1846/2757 1971/1843/2756 1958/1788/2802
f 1672/1892/2818 1678/1895/2819 1988/1894/2758 1987/1893/2798
f 1741/1896/2336 2031/1899/2820 2057/1898/2821 1768/1897/2337
f 1985/1900/2759 1988/1903/2758 2036/1902/2822 2041/1901/2823
f 2019/1904/2824 1725/1907/2345 1734/1906/2344 2024/1905/2825
f 1987/1893/2798 1674/1908/2826 1672/1892/2818
f 1968/1850/2827 1970/1829/2828 1984/1830/2828 1982/1909/2829
f 1980/1821/2797 1649/1910/2830 1674/1908/2826 1987/1893/2798
f 1683/1911/2351 1990/1915/2831 2140/1914/2831 2145/1913/2832 1874/1912/2352
f 1989/1916/2833 1991/1919/2834 2141/1918/2835 2139/1917/2836
f 1993/1920/2837 1992/1924/2838 1994/1923/2838 1688/1922/2361 1690/1921/2360
f 1991/1925/2839 1993/1920/2837 1690/1921/2360 1684/1926/2364
f 1988/1903/2758 1678/1928/2366 1750/1927/2365 2036/1902/2822
f 1986/1887/2745 1985/1900/2759 2041/1901/2823 2039/1886/2812
f 1982/1929/2840 1984/1884/2841 2042/1885/2842 2038/1930/2843
f 1719/1931/2371 2016/1934/2844 2029/1933/2845 1736/1932/2372
f 1742/1935/2375 2030/1938/2846 1983/1937/2847 1673/1936/2376
f 1697/1939/2379 2125/1940/2848 2016/1934/2848 1719/1931/2379
f 1694/1941/2381 1996/1944/2849 2002/1943/2850 1702/1942/2382
f 2015/1945/2851 2071/1949/2852 2056/1948/2853 2053/1947/2854 2027/1946/2851
f 1999/1875/2793 2127/1950/2855 2126/1853/2855 2000/1854/2794
f 2001/1951/2856 2127/1950/2857 1999/1875/2858 2021/1953/2859 2023/1952/2860
f 1702/1942/2382 2002/1943/2850 2011/1955/2861 1713/1954/2395
f 1998/1956/2862 2125/1940/2863 1697/1939/2400 1704/1958/2399 2003/1957/2864
f 2059/1959/2865 2009/1962/2866 2010/1961/2867 2060/1960/2868
f 2008/1863/2775 2063/1964/2869 2065/1963/2870 1964/1864/2778 2044/1865/2779 2045/1862/2776
f 2016/1934/2844 2015/1945/2871 2027/1946/2872 2029/1933/2845
f 1995/1814/2761 1969/1849/2764 2006/1876/2792 2005/1855/2791
f 1961/1813/2728 1995/1814/2731 2005/1855/2766 2007/1851/2765
f 1776/1965/2410 2061/1968/2873 2013/1967/2874 1718/1966/2874
f 2009/1962/2866 2072/1970/2875 2073/1969/2876 1998/1956/2877
f 2010/1961/2867 2009/1962/2866 1998/1956/2877 2003/1957/2878
f 2010/1961/2867 2003/1957/2878 2012/1971/2879 2013/1967/2880
f 2003/1957/2864 1704/1958/2399 1715/1972/2420 2012/1971/2881
f 2060/1960/2868 2010/1961/2867 2013/1967/2880 2061/1968/2882
f 1718/1966/2422 2013/1967/2883 2012/1971/2881 1715/1972/2420
f 2014/1973/2884 2048/1976/2885 2046/1975/2886 2026/1974/2887
f 2014/1977/2888 2004/1979/2888 2121/1978/2888
f 2015/1980/2889 1998/1983/2889 2073/1982/2889 2071/1981/2889
f 2029/1984/2890 2054/1985/2891 2057/1898/2821 2031/1899/2892
f 1726/1986/2433 1673/1936/2376 1983/1937/2847 2017/1888/2814
f 1999/1875/2858 2006/1876/2893 2025/1987/2894 2021/1953/2859
f 2006/1876/2893 1969/1849/2895 2018/1988/2896 2025/1987/2894
f 1683/1989/2438 1725/1907/2345 2019/1904/2824 1990/1990/2897
f 1736/1991/2372 2029/1984/2845 2031/1899/2898 1741/1896/2440
f 1730/1992/2442 2020/1889/2817 2024/1905/2899 1734/1906/2443
f 2018/1993/2900 2037/1996/2901 2033/1995/2902 2025/1994/2903
f 2017/1888/2814 2020/1889/2817 1730/1992/2442 1726/1986/2433
f 2028/1997/2904 2022/1998/2905 1983/1937/2847 2030/1938/2846
f 2028/1997/2904 2054/1985/2891 2053/2000/2906 2026/1999/2907
f 2046/2001/2908 2022/1998/2905 2028/1997/2904 2026/1999/2907
f 1969/1849/2895 1968/1850/2827 1982/1909/2829 2032/2002/2909 2018/1988/2896
f 1982/1929/2840 2038/1930/2843 2040/2004/2910 2032/2003/2911
f 2032/2003/2911 2040/2004/2910 2037/1996/2901 2018/1993/2900
f 2020/1889/2817 2035/1890/2816 2033/1995/2902 2024/1905/2899
f 2041/1901/2823 2036/1902/2822 1994/1923/2912 1992/1924/2913
f 2042/1885/2842 2039/1886/2914 1993/1920/2837 1991/1925/2839
f 2035/1890/2816 2034/1891/2815 2023/2006/2915 2021/2005/2916
f 2022/1998/2905 2034/1891/2815 2017/1888/2814 1983/1937/2847
f 2040/2004/2910 2038/1930/2843 1989/2007/2917 1990/1990/2897
f 2037/1996/2901 2040/2004/2910 1990/1990/2897 2019/1904/2824
f 2036/1902/2822 1750/1927/2365 1688/1922/2463 1994/1923/2912
f 2033/1995/2902 2035/1890/2816 2021/2005/2916 2025/1994/2903
f 2039/1886/2812 2041/1901/2823 1992/1924/2913 1993/1920/2918
f 2033/1995/2902 2037/1996/2901 2019/1904/2824 2024/1905/2825
f 2038/1930/2843 2042/1885/2842 1991/1925/2839 1989/2007/2917
f 2022/1998/2905 2046/2001/2908 2023/2006/2915 2034/1891/2815
f 2047/1861/2777 2045/1862/2776 2007/1851/2765 1997/1852/2769
f 2046/1975/2886 2048/1976/2885 2001/1951/2856 2023/1952/2860
f 2044/1865/2779 2043/1857/2773 1962/1816/2729 1961/1813/2728
f 2048/2008/2919 2047/2011/2919 1997/2010/2919 2001/2009/2919
f 2045/1862/2776 2044/1865/2779 1961/1813/2728 2007/1851/2765
f 2050/1867/2783 2051/1868/2782 1960/1787/2920 1977/1809/2921
f 2049/1858/2804 2050/1867/2783 1977/1809/2921 1963/1848/2922
f 2051/1868/2782 2084/1870/2785 2085/1790/2923 1960/1787/2920
f 2043/1857/2773 2049/1858/2772 1963/1848/2924 1962/1816/2729
f 2053/1947/2854 2056/1948/2853 2014/1973/2884 2026/1974/2887
f 1768/1897/2337 2057/1898/2821 2030/1938/2846 1742/1935/2375
f 2057/1898/2821 2054/1985/2891 2028/1997/2904 2030/1938/2846
f 2053/2000/2906 2054/1985/2891 2029/1984/2890 2027/2012/2925
f 1694/1941/2381 1605/2014/2473 1936/2013/2926 1996/1944/2849
f 2056/2015/2927 2052/2018/2927 2068/2017/2927 2004/1860/2927 2014/2016/2927
f 2052/2018/2928 2055/2020/2929 2066/2019/2930 2068/2017/2931
f 1923/2021/2685 1926/2023/2683 1937/1877/2932 2058/2022/2932
f 2002/1943/2933 2060/1960/2868 2061/1968/2882 2011/1955/2934
f 2058/2022/2935 1937/1877/2795 1967/1856/2770 1964/1864/2778
f 1713/1954/2483 2011/1955/2936 2061/1968/2873 1776/1965/2410
f 1996/1944/2937 2059/1959/2865 2060/1960/2868 2002/1943/2933
f 1964/1864/2778 2065/1963/2870 2069/2024/2938 2058/2022/2939
f 2055/2020/2929 2072/1970/2875 2070/2026/2940 2062/2025/2941
f 2062/2025/2941 2067/2027/2942 2066/2019/2930 2055/2020/2929
f 1927/2028/2684 1923/2021/2685 2064/2029/2943 1936/2013/2944
f 2064/2029/2943 2069/2024/2938 2067/2027/2942 2062/2025/2941
f 2059/1959/2865 1996/1944/2937 1936/2013/2944 2070/2026/2940
f 2067/2027/2942 2069/2024/2938 2065/1963/2870 2063/1964/2869
f 2066/2019/2930 2067/2027/2942 2063/1964/2869 2008/1863/2775
f 2058/2022/2939 2069/2024/2938 2064/2029/2943 1923/2021/2685
f 2068/2017/2931 2066/2019/2930 2008/1863/2775 2004/1860/2774
f 2070/2026/2940 1936/2013/2944 2064/2029/2943 2062/2025/2941
f 2070/2026/2940 2072/1970/2875 2009/1962/2866 2059/1959/2865
f 2073/1969/2876 2072/1970/2875 2055/2020/2929 2052/2018/2928
f 2052/2030/2945 2056/2032/2945 2122/2031/2945
f 1946/2033/2946 1943/2036/2947 2107/2035/2948 2106/2034/2949
f 1794/2037/2498 2075/1805/2718 1950/1824/2740 1955/1748/2752 1645/1842/2498
f 2077/1812/2726 2080/1749/2671 2095/1750/2673 2112/1811/2727
f 2075/1805/2718 2074/1806/2721 1945/1823/2737 1950/1824/2740
f 1947/1807/2720 1922/1808/2719 2076/1837/2732
f 1795/1836/2750 1922/1808/2719 2075/1805/2950 1794/2037/2950
f 1649/1910/2951 1980/1821/2951 2109/1822/2951 1837/2038/2951
f 1630/2039/2501 1946/2033/2946 2106/2034/2949 1834/2040/2501
f 2079/2041/2952 2082/2044/2953 2114/2043/2954 2105/2042/2955
f 2087/2045/2956 2083/2046/2957 1974/1771/2689 1933/1770/2810
f 2079/2047/2958 2088/2049/2959 2080/2048/2960 1940/1753/2674
f 2083/2046/2957 2082/2050/2961 1932/1754/2675 1974/1771/2689
f 2082/2050/2961 2079/2047/2958 1940/1753/2674 1932/1754/2675
f 2080/2048/2960 2077/2051/2962 1941/1734/2658 1940/1753/2674
f 2078/2052/2963 2087/2045/2964 1933/1770/2688 1934/1769/2687
f 1947/1883/2965 2076/1817/2732 2104/1818/2735 2091/1882/2965
f 2077/2051/2962 2081/2053/2966 1938/1737/2659 1941/1734/2658
f 1931/1767/2686 2135/2055/2967 2078/2054/2963 1934/1768/2687
f 2082/2044/2953 2083/1776/2693 2115/1777/2696 2114/2043/2954
f 2138/2056/2968 2135/2055/2967 1931/1767/2686 2134/2057/2968
f 1943/2036/2947 1944/2059/2969 2096/2058/2969 2107/2035/2948
f 2094/2060/2970 2106/2034/2971 2107/2035/2972 2102/2063/2972 2132/2062/2972 2099/2061/2972
f 2103/2064/2973 2105/2042/2974 2114/2043/2975 2101/2065/2976
f 2100/2066/2977 2101/2065/2976 2114/2043/2975 2115/1777/2978
f 2102/2063/2979 2097/2067/2980 2118/1778/2980 2113/1827/2981
f 2132/2062/2982 2102/2063/2979 2113/1827/2981 2133/1773/2983
f 1817/2068/2534 1815/2069/2537 2112/1811/2984 2095/1750/2985
f 2092/2070/2986 2091/1882/2987 2104/1818/2987 2103/2064/2988
f 1812/2071/2541 1834/2040/2541 2106/2034/2971 2094/2060/2970
f 1815/2069/2537 1816/2072/2543 2093/1799/2989 2112/1811/2984
f 2096/2058/2990 2108/2073/2990 2092/2070/2986 2100/2066/2991 2097/2067/2990
f 2107/2035/2992 2096/2058/2992 2097/2067/2992 2102/2063/2992
f 2108/2073/2993 2111/1881/2809 2091/1882/2808 2092/2070/2994
f 2097/2067/2995 2100/2066/2977 2115/1777/2978 2118/1778/2995
f 2100/2066/2991 2092/2070/2986 2103/2064/2988 2101/2065/2996
f 2104/1818/2997 1820/1819/2552 1817/2068/2534 2095/1750/2985 2119/1751/2997 2105/2042/2974 2103/2064/2973
f 2110/1803/2998 2117/1798/2999 1838/2075/2555 1836/2074/2554
f 2116/1802/3000 2110/1803/2998 1836/2074/2554 1837/2038/2558
f 2117/1798/2999 2093/1799/3001 1816/2072/2559 1838/2075/2555
f 2109/1822/3002 2116/1802/3002 1837/2038/3002
f 2098/1774/3003 2120/1743/3004 2094/2060/3005 2099/2061/3003
f 2120/1743/3004 1811/1744/2565 1812/2071/2565 2094/2060/3005
f 1945/2076/3006 2074/1880/2806 2111/1881/2809 2108/2073/2993
f 1944/2059/3007 1945/2076/3006 2108/2073/2993 2096/2058/3007
f 2088/1752/3008 2079/2041/2952 2105/2042/2955 2119/1751/3008
f 2073/2077/2876 2052/2079/2928 2122/2078/3009
f 2047/2080/3010 2048/2082/3010 2121/2081/3010
f 2004/2083/2774 2047/2085/2777 2121/2084/3011
f 2048/2086/2885 2014/2088/2884 2121/2087/3012
f 2016/2089/3013 2125/2091/3013 2123/2090/3013
f 2056/2092/2853 2071/2094/2852 2122/2093/3014
f 2071/2095/3015 2073/2097/3015 2122/2096/3015
f 1997/2098/2769 2126/2100/2768 2124/2099/3016
f 2015/2101/2871 2016/2089/2844 2123/2090/3017
f 1998/2102/3018 2015/2104/3018 2123/2103/3018
f 2125/2105/2863 1998/2107/2862 2123/2106/3019
f 2130/2108/3020 2129/2110/3021 2128/2109/3022 2134/2057/3023
f 2001/2111/3024 1997/2113/3024 2124/2112/3024
f 2126/2114/3025 2127/2116/3025 2124/2115/3025
f 2127/2117/2857 2001/2119/2856 2124/2118/3026
f 1865/2120/2587 1858/2121/2588 2129/2110/3021 2130/2108/3020
f 1606/1794/2215 1865/2120/2587 2130/2108/3020 1935/1781/2699
f 1935/1781/2699 2130/2108/3020 2134/2057/3023 1931/1767/3027
f 2099/2061/3028 2132/2062/2982 2133/1773/2983 2098/1774/3028
f 2136/1783/2968 2138/2056/2968 2134/2057/2968 2128/2109/2968
f 2078/1828/2741 2131/1772/2690 2133/1773/2692 2113/1827/2742
f 2089/1784/2968 2131/2122/2968 2138/2056/2968 2136/1783/2968
f 2131/2122/2968 2078/2054/2963 2135/2055/2967 2138/2056/2968
f 1858/2121/2588 1869/1791/2212 2137/1782/2701 2129/2110/3021
f 2129/2110/3021 2137/1782/2701 2136/1783/2704 2128/2109/3022
f 1606/2123/3029 2169/2126/3029 2171/2125/3029 1865/2124/3029
f 1872/2127/3030 2173/2128/3030 2169/2126/3030 1606/2123/3030
f 2139/1917/2836 2141/1918/2835 2144/2131/3031 2151/2130/3032 2142/2129/3033
f 2141/1918/3034 1875/2134/2600 1880/2133/2599 2150/2132/3035 2144/2131/3036
f 1990/1915/3037 1989/1916/2833 2139/1917/2836 2140/1914/3038
f 1991/1919/3039 1684/2135/2604 1875/2134/2600 2141/1918/3034
f 2168/2136/3040 2159/2139/3041 2148/2138/3042 2157/2137/3043
f 2144/2131/3036 2150/2132/3035 2162/2140/3044 2159/2139/3045
f 2167/2141/3046 2153/2144/3047 2143/2143/3048 2149/2142/3049
f 2153/2144/3050 2152/2145/3051 2143/2143/3052
f 2166/2146/3053 2154/2148/3054 2146/2147/3055 2157/2137/3056
f 2165/2149/3057 2155/2152/3058 2147/2151/3059 2158/2150/3060
f 2164/2153/3061 2161/2154/3062 2147/2151/3063 2155/2152/3064
f 2163/2155/3065 2160/2156/3066 2146/2147/3067 2158/2150/3068
f 2162/2140/3044 1891/2159/2636 1887/2158/2635 2156/2157/3069
f 2159/2139/3045 2162/2140/3044 2156/2157/3069 2148/2138/3070
f 2150/2132/3035 1880/2133/2599 1891/2159/2636 2162/2140/3044
f 2161/2154/3071 2163/2155/3065 2158/2150/3068 2147/2151/3072
f 2143/2143/3052 2152/2145/3051 2163/2155/3065 2161/2154/3071
f 2152/2145/3051 2142/2129/3033 2160/2156/3066 2163/2155/3065
f 1892/2160/2640 2164/2153/3061 2155/2152/3064 1885/2161/2641
f 1879/2162/2642 2149/2142/3049 2164/2153/3061 1892/2160/2640
f 2149/2142/3049 2143/2143/3048 2161/2154/3062 2164/2153/3061
f 2154/2148/3054 2165/2149/3057 2158/2150/3060 2146/2147/3055
f 1886/2163/2643 1900/2164/2644 2165/2149/3057 2154/2148/3054
f 1900/2164/2644 1885/2161/2645 2155/2152/3058 2165/2149/3057
f 2156/2157/3073 2166/2146/3053 2157/2137/3056 2148/2138/3074
f 1887/2158/2648 1899/2165/2649 2166/2146/3053 2156/2157/3073
f 1899/2165/2649 1886/2163/2643 2154/2148/3054 2166/2146/3053
f 2140/1914/3038 2139/1917/2836 2142/2129/3033 2152/2145/3051 2153/2144/3050
f 1898/2166/2650 2167/2141/3046 2149/2142/3049 1879/2162/2642
f 1874/1912/2352 2145/1913/2832 2167/2141/3046 1898/2166/2650
f 2145/1913/2832 2140/1914/3075 2153/2144/3047 2167/2141/3046
f 2160/2156/3066 2168/2136/3040 2157/2137/3043 2146/2147/3067
f 2142/2129/3033 2151/2130/3032 2168/2136/3040 2160/2156/3066
f 2151/2130/3032 2144/2131/3031 2159/2139/3041 2168/2136/3040
f 2171/2125/3076 2169/2126/3076 2173/2128/3076
f 2172/2167/3077 2170/2169/3077 2174/2168/3077
f 1858/2170/3078 2170/2169/3078 2172/2167/3078 1869/2171/3078
f 1865/2124/3079 2171/2125/3079 2173/2128/3079 1872/2127/3079
f 1873/2172/3080 2174/2168/3080 2170/2169/3080 1858/2170/3080
f 1869/2171/3081 2172/2167/3081 2174/2168/3081 1873/2172/3081
o Stings
v 0.195446 0.071874 -0.180650
v 0.158274 0.140948 -0.150680
v 0.233637 0.086866 -0.142094
v 0.185714 0.151432 -0.122858
v 0.219170 0.064024 -0.094519
v 0.175236 0.134057 -0.087867
v 0.172047 0.034968 -0.103591
v 0.141323 0.112867 -0.094091
v 0.157392 0.039964 -0.157062
v 0.130842 0.117149 -0.132931
v 0.223821 0.055094 -0.146163
v 0.232215 0.059415 -0.137193
v 0.229689 0.053495 -0.126289
v 0.218845 0.045913 -0.128433
v 0.215852 0.046085 -0.141039
v 0.229414 0.046193 -0.148421
v 0.237948 0.050733 -0.139390
v 0.235368 0.044720 -0.128470
v 0.224362 0.036924 -0.130622
v 0.221378 0.036889 -0.143300
v 0.269777 -0.027353 -0.153904
v 0.275679 -0.020252 -0.169176
v 0.261388 -0.021879 -0.181693
v 0.246421 -0.029883 -0.173814
v 0.251639 -0.033515 -0.156838
v 0.315654 -0.129707 -0.171194
v 0.307117 -0.122081 -0.210389
v 0.290540 -0.133817 -0.174839
v 0.325743 -0.122078 -0.193083
v 0.285197 -0.128905 -0.198913
v 0.335141 -0.223191 -0.172705
v 0.326604 -0.235613 -0.210653
v 0.310027 -0.228556 -0.173887
v 0.345230 -0.227185 -0.195539
v 0.304685 -0.235987 -0.197306
v 0.195446 0.071874 0.180650
v 0.158274 0.140948 0.150680
v 0.233637 0.086866 0.142094
v 0.185714 0.151432 0.122858
v 0.219170 0.064024 0.094519
v 0.175236 0.134057 0.087867
v 0.172047 0.034968 0.103591
v 0.141323 0.112867 0.094091
v 0.157392 0.039964 0.157062
v 0.130842 0.117149 0.132931
v 0.223821 0.055094 0.146163
v 0.232215 0.059415 0.137193
v 0.229689 0.053495 0.126289
v 0.218845 0.045913 0.128433
v 0.215852 0.046085 0.141039
v 0.229414 0.046193 0.148421
v 0.237948 0.050733 0.139390
v 0.235368 0.044720 0.128470
v 0.224362 0.036924 0.130622
v 0.221378 0.036889 0.143300
v 0.269777 -0.027353 0.153904
v 0.275679 -0.020252 0.169176
v 0.261388 -0.021879 0.181693
v 0.246421 -0.029883 0.173814
v 0.251639 -0.033515 0.156838
v 0.315654 -0.129707 0.171194
v 0.307117 -0.122081 0.210389
v 0.290540 -0.133817 0.174839
v 0.325743 -0.122078 0.193083
v 0.285197 -0.128905 0.198913
v 0.335141 -0.223191 0.172705
v 0.326604 -0.235613 0.210653
v 0.310027 -0.228556 0.173887
v 0.345230 -0.227185 0.195539
v 0.304685 -0.235987 0.197306
vn 0.4756 0.5543 -0.6830
vn 0.8693 0.2906 0.3999
vn 0.7756 0.4427 0.4500
vn 0.8601 0.3086 0.4063
vn -0.0907 -0.1532 0.9840
vn -0.5457 0.8042 0.2357
vn -0.9021 -0.3782 0.2076
vn -0.5671 0.0569 -0.8217
vn 0.9157 0.1941 0.3520
vn 0.9184 0.1861 0.3493
vn -0.8177 -0.5432 0.1904
vn -0.8587 -0.4747 0.1932
vn -0.8507 -0.4890 0.1927
vn 0.2696 -0.7376 -0.6191
vn 0.7352 -0.1422 -0.6628
vn 0.4241 -0.8005 0.4234
vn 0.1494 -0.9819 -0.1167
vn 0.8395 0.3452 0.4196
vn 0.8368 0.3515 0.4196
vn -0.4764 -0.0738 -0.8761
vn -0.5201 0.0223 -0.8538
vn -0.5320 0.0512 -0.8452
vn -0.0158 -0.2482 0.9686
vn -0.0074 -0.3003 0.9538
vn -0.0090 -0.2906 0.9568
vn 0.4951 0.4991 -0.7112
vn 0.4926 0.5228 -0.6957
vn 0.4919 0.5288 -0.6917
vn -0.8985 -0.4030 0.1737
vn -0.8988 -0.4027 0.1734
vn 0.5411 0.5012 -0.6753
vn 0.5386 0.5037 -0.6754
vn -0.0495 -0.2768 0.9597
vn -0.0516 -0.2739 0.9604
vn -0.5201 0.0869 -0.8497
vn -0.5235 0.0909 -0.8472
vn 0.8481 0.2851 0.4466
vn 0.8478 0.2852 0.4470
vn -0.9366 -0.2963 0.1869
vn -0.9415 -0.2757 0.1941
vn 0.6225 0.2762 -0.7322
vn 0.6182 0.3053 -0.7243
vn -0.0954 -0.1230 0.9878
vn -0.0949 -0.1080 0.9896
vn -0.4785 -0.0296 -0.8776
vn -0.4784 -0.0263 -0.8777
vn 0.8660 0.2280 0.4450
vn 0.8630 0.2341 0.4478
vn 0.8936 0.1670 0.4167
vn 0.1926 -0.9453 0.2633
vn -0.0915 -0.0219 0.9956
vn -0.9572 -0.1820 0.2250
vn -0.4795 -0.0900 -0.8729
vn 0.6356 0.1228 -0.7622
vn 0.4756 0.5543 0.6830
vn 0.8693 0.2906 -0.3999
vn 0.8601 0.3086 -0.4063
vn 0.7756 0.4427 -0.4500
vn -0.0907 -0.1532 -0.9840
vn -0.5457 0.8042 -0.2357
vn -0.9021 -0.3782 -0.2076
vn -0.5671 0.0569 0.8217
vn 0.9184 0.1861 -0.3493
vn 0.9157 0.1941 -0.3520
vn -0.8177 -0.5432 -0.1904
vn -0.8507 -0.4890 -0.1927
vn -0.8587 -0.4747 -0.1932
vn 0.2696 -0.7376 0.6191
vn 0.7352 -0.1422 0.6628
vn 0.4241 -0.8005 -0.4234
vn 0.1494 -0.9819 0.1167
vn 0.8368 0.3515 -0.4196
vn 0.8395 0.3452 -0.4196
vn -0.4764 -0.0738 0.8761
vn -0.5320 0.0512 0.8452
vn -0.5201 0.0223 0.8538
vn -0.0158 -0.2482 -0.9686
vn -0.0090 -0.2906 -0.9568
vn -0.0074 -0.3003 -0.9538
vn 0.4951 0.4991 0.7112
vn 0.4919 0.5288 0.6917
vn 0.4926 0.5228 0.6957
vn -0.8988 -0.4027 -0.1734
vn -0.8985 -0.4030 -0.1737
vn 0.5386 0.5037 0.6754
vn 0.5411 0.5012 0.6753
vn -0.0516 -0.2739 -0.9604
vn -0.0495 -0.2768 -0.9597
vn -0.5235 0.0909 0.8472
vn -0.5201 0.0869 0.8497
vn 0.8478 0.2852 -0.4470
vn 0.8481 0.2851 -0.4466
vn -0.9415 -0.2757 -0.1941
vn -0.9366 -0.2963 -0.1869
vn 0.6182 0.3053 0.7243
vn 0.6225 0.2762 0.7322
vn -0.0949 -0.1080 -0.9896
vn -0.0954 -0.1230 -0.9878
vn -0.4784 -0.0263 0.8777
vn -0.4785 -0.0296 0.8776
vn 0.8630 0.2341 -0.4478
vn 0.8660 0.2280 -0.4450
vn 0.8936 0.1670 -0.4167
vn 0.1926 -0.9453 -0.2633
vn -0.0915 -0.0219 -0.9956
vn -0.9572 -0.1820 -0.2250
vn -0.4795 -0.0900 0.8729
vn 0.6356 0.1228 0.7622
vt 0.503695 0.041033
vt 0.496969 0.038371
vt 0.498192 0.035821
vt 0.503232 0.034599
vt 0.497083 0.034178
vt 0.499912 0.029898
vt 0.494197 0.033646
vt 0.495050 0.026968
vt 0.486694 0.041337
vt 0.486663 0.019607
vt 0.506079 0.052046
vt 0.507147 0.027583
vt 0.507585 0.031008
vt 0.723753 0.336726
vt 0.723660 0.337616
vt 0.722902 0.337590
vt 0.723010 0.336706
vt 0.510459 0.033746
vt 0.513432 0.036009
vt 0.505739 0.023358
vt 0.505194 0.019607
vt 0.723907 0.334928
vt 0.723846 0.335800
vt 0.723128 0.335804
vt 0.723183 0.334955
vt 0.723661 0.333148
vt 0.723805 0.334034
vt 0.723045 0.334048
vt 0.722914 0.333112
vt 0.717634 0.338585
vt 0.717480 0.337324
vt 0.717343 0.334785
vt 0.717433 0.333512
vt 0.717376 0.336014
vt 0.717621 0.332256
vt 0.710033 0.339296
vt 0.710198 0.337462
vt 0.710401 0.334749
vt 0.710412 0.333405
vt 0.710273 0.335980
vt 0.710088 0.331612
vt 0.707331 0.335552
vt 0.707327 0.335081
vt 0.702013 0.335281
vt 0.706790 0.334843
vt 0.706783 0.336072
s 1
usemtl Material.013
f 2175/2173/3082 2176/2174/3082 2178/2175/3082 2177/2176/3082
f 2177/2176/3083 2178/2175/3084 2180/2177/3084 2179/2178/3085
f 2179/2178/3086 2180/2177/3086 2182/2179/3086 2181/2180/3086
f 2178/2175/3087 2176/2174/3087 2184/2181/3087 2182/2179/3087 2180/2177/3087
f 2181/2180/3088 2182/2179/3088 2184/2181/3088 2183/2182/3088
f 2183/2183/3089 2184/2181/3089 2176/2174/3089 2175/2173/3089
f 2177/2176/3083 2179/2178/3085 2187/2184/3090 2186/2185/3091
f 2188/2186/3092 2189/2187/3092 2194/2188/3093 2193/2189/3094
f 2183/2183/3095 2175/2173/3095 2185/2190/3095 2189/2191/3095
f 2175/2173/3096 2177/2176/3096 2186/2185/3096 2185/2190/3096
f 2179/2178/3097 2181/2180/3097 2188/2192/3097 2187/2184/3097
f 2181/2180/3098 2183/2182/3098 2189/2193/3098 2188/2192/3098
f 2186/2194/3091 2187/2195/3090 2192/2196/3099 2191/2197/3100
f 2189/2198/3101 2185/2199/3101 2190/2200/3102 2194/2201/3103
f 2187/2195/3104 2188/2186/3104 2193/2189/3105 2192/2196/3106
f 2185/2199/3107 2186/2194/3107 2191/2197/3108 2190/2200/3109
f 2193/2189/3094 2194/2188/3093 2198/2202/3110 2199/2203/3111
f 2190/2200/3109 2191/2197/3108 2196/2204/3112 2197/2205/3113
f 2192/2196/3106 2193/2189/3105 2199/2203/3114 2195/2206/3115
f 2194/2201/3103 2190/2200/3102 2197/2205/3116 2198/2207/3117
f 2191/2197/3100 2192/2196/3099 2195/2206/3118 2196/2204/3119
f 2199/2203/3111 2198/2202/3110 2204/2208/3120 2202/2209/3121
f 2197/2205/3113 2196/2204/3112 2203/2210/3122 2201/2211/3123
f 2195/2206/3115 2199/2203/3114 2202/2209/3124 2200/2212/3125
f 2198/2207/3117 2197/2205/3116 2201/2211/3126 2204/2213/3127
f 2196/2204/3119 2195/2206/3118 2200/2212/3128 2203/2210/3129
f 2203/2210/3129 2200/2212/3128 2205/2214/3130 2208/2215/3130
f 2209/2216/3131 2206/2217/3131 2208/2215/3131 2205/2214/3131 2207/2218/3131
f 2200/2212/3125 2202/2209/3124 2207/2218/3132 2205/2214/3132
f 2202/2209/3121 2204/2208/3120 2209/2216/3133 2207/2218/3133
f 2204/2213/3127 2201/2211/3126 2206/2217/3134 2209/2216/3134
f 2201/2211/3123 2203/2210/3122 2208/2215/3135 2206/2217/3135
f 2210/2173/3136 2212/2176/3136 2213/2175/3136 2211/2174/3136
f 2212/2176/3137 2214/2178/3138 2215/2177/3139 2213/2175/3139
f 2214/2178/3140 2216/2180/3140 2217/2179/3140 2215/2177/3140
f 2213/2175/3141 2215/2177/3141 2217/2179/3141 2219/2181/3141 2211/2174/3141
f 2216/2180/3142 2218/2182/3142 2219/2181/3142 2217/2179/3142
f 2218/2183/3143 2210/2173/3143 2211/2174/3143 2219/2181/3143
f 2212/2176/3137 2221/2185/3144 2222/2184/3145 2214/2178/3138
f 2223/2186/3146 2228/2189/3147 2229/2188/3148 2224/2187/3146
f 2218/2183/3149 2224/2191/3149 2220/2190/3149 2210/2173/3149
f 2210/2173/3150 2220/2190/3150 2221/2185/3150 2212/2176/3150
f 2214/2178/3151 2222/2184/3151 2223/2192/3151 2216/2180/3151
f 2216/2180/3152 2223/2192/3152 2224/2193/3152 2218/2182/3152
f 2221/2194/3144 2226/2197/3153 2227/2196/3154 2222/2195/3145
f 2224/2198/3155 2229/2201/3156 2225/2200/3157 2220/2199/3155
f 2222/2195/3158 2227/2196/3159 2228/2189/3160 2223/2186/3158
f 2220/2199/3161 2225/2200/3162 2226/2197/3163 2221/2194/3161
f 2228/2189/3147 2234/2203/3164 2233/2202/3165 2229/2188/3148
f 2225/2200/3162 2232/2205/3166 2231/2204/3167 2226/2197/3163
f 2227/2196/3159 2230/2206/3168 2234/2203/3169 2228/2189/3160
f 2229/2201/3156 2233/2207/3170 2232/2205/3171 2225/2200/3157
f 2226/2197/3153 2231/2204/3172 2230/2206/3173 2227/2196/3154
f 2234/2203/3164 2237/2209/3174 2239/2208/3175 2233/2202/3165
f 2232/2205/3166 2236/2211/3176 2238/2210/3177 2231/2204/3167
f 2230/2206/3168 2235/2212/3178 2237/2209/3179 2234/2203/3169
f 2233/2207/3170 2239/2213/3180 2236/2211/3181 2232/2205/3171
f 2231/2204/3172 2238/2210/3182 2235/2212/3183 2230/2206/3173
f 2238/2210/3182 2243/2215/3184 2240/2214/3184 2235/2212/3183
f 2244/2216/3185 2242/2218/3185 2240/2214/3185 2243/2215/3185 2241/2217/3185
f 2235/2212/3178 2240/2214/3186 2242/2218/3186 2237/2209/3179
f 2237/2209/3174 2242/2218/3187 2244/2216/3187 2239/2208/3175
f 2239/2213/3180 2244/2216/3188 2241/2217/3188 2236/2211/3181
f 2236/2211/3176 2241/2217/3189 2243/2215/3189 2238/2210/3177
o UpperLeg
v 0.001383 -0.912408 -0.101771
v 0.084814 -1.619291 -0.039096
v 0.011982 -0.904089 -0.389652
v -0.009880 -1.595780 -0.558957
v 0.204180 -0.900043 -0.106955
v 0.338174 -1.560705 -0.067805
v 0.173394 -0.906931 -0.356272
v 0.273007 -1.563360 -0.520010
v -0.280890 -1.012415 -0.012694
v -0.292112 -1.570235 0.023908
v -0.200574 -0.906503 -0.375037
v -0.262759 -1.466439 -0.514164
v 0.009393 -1.248058 -0.043578
v -0.000731 -1.225990 -0.505374
v 0.332076 -1.241644 -0.074581
v 0.229056 -1.205048 -0.483193
v -0.280216 -1.251371 -0.045088
v -0.247737 -1.174770 -0.462053
v -0.005782 -0.865198 -0.249156
v -0.009835 -1.610835 -0.300432
v 0.208302 -0.866532 -0.226858
v 0.379269 -1.466150 -0.304882
v -0.262378 -0.948775 -0.244783
v -0.365438 -1.444481 -0.251582
v -0.336321 -1.184032 -0.265171
v 0.362523 -1.227850 -0.304634
v 0.004374 -1.011590 -0.478641
v 0.163309 -1.017791 -0.403384
v -0.248925 -1.011009 -0.408990
v 0.014005 -1.073715 -0.067374
v 0.287727 -1.067065 -0.060828
v -0.313363 -1.035534 -0.031737
v 0.306207 -1.032965 -0.241212
v -0.323632 -1.074785 -0.258713
v 0.001383 -0.912408 0.101771
v 0.084814 -1.619291 0.039096
v 0.011982 -0.904089 0.389652
v -0.009880 -1.595780 0.558957
v 0.204180 -0.900043 0.106955
v 0.338174 -1.560705 0.067805
v 0.173394 -0.906931 0.356272
v 0.273007 -1.563360 0.520010
v -0.280890 -1.012415 0.012694
v -0.292112 -1.570235 -0.023908
v -0.200574 -0.906503 0.375037
v -0.262759 -1.466439 0.514164
v 0.009393 -1.248058 0.043578
v -0.000731 -1.225990 0.505374
v 0.332076 -1.241644 0.074581
v 0.229056 -1.205048 0.483193
v -0.280216 -1.251371 0.045088
v -0.247737 -1.174770 0.462053
v -0.005782 -0.865198 0.249156
v -0.009835 -1.610835 0.300432
v 0.208302 -0.866532 0.226858
v 0.379269 -1.466150 0.304882
v -0.262378 -0.948775 0.244783
v -0.365438 -1.444481 0.251582
v -0.336321 -1.184032 0.265171
v 0.362523 -1.227850 0.304634
v 0.004374 -1.011590 0.478641
v 0.163309 -1.017791 0.403384
v -0.248925 -1.011009 0.408990
v 0.014005 -1.073715 0.067374
v 0.287727 -1.067065 0.060828
v -0.313363 -1.035534 0.031737
v 0.306207 -1.032965 0.241212
v -0.323632 -1.074785 0.258713
vn 0.0658 0.0915 0.9936
vn 0.0809 0.1583 0.9841
vn 0.1941 0.0606 0.9791
vn 0.1135 0.0432 0.9926
vn 0.9462 0.2214 -0.2360
vn 0.9764 0.0859 -0.1984
vn 0.8380 0.1183 -0.5327
vn 0.5158 0.2614 -0.8158
vn 0.0743 0.0543 0.9958
vn 0.0996 0.0667 0.9928
vn 0.0999 0.0280 0.9946
vn 0.0725 0.0305 0.9969
vn -0.0908 -0.9924 -0.0836
vn -0.1057 -0.9942 0.0190
vn 0.2479 -0.9624 0.1113
vn 0.2714 -0.9596 -0.0744
vn -0.1144 0.9921 0.0510
vn -0.1658 0.9466 0.2766
vn -0.0372 0.9565 0.2893
vn 0.0013 0.9989 0.0462
vn 0.0349 0.3785 -0.9249
vn 0.0179 0.8115 -0.5840
vn 0.4553 0.6809 -0.5737
vn 0.5056 0.4141 -0.7569
vn -0.9920 0.0630 -0.1095
vn -0.9133 0.1114 -0.3918
vn -0.9176 0.1002 -0.3847
vn -0.9938 0.1115 -0.0052
vn 0.0307 -0.9800 -0.1965
vn -0.2992 -0.9435 -0.1423
vn -0.3668 -0.9235 -0.1125
vn -0.1817 0.9825 -0.0411
vn -0.6329 0.7742 -0.0066
vn 0.0046 0.1919 -0.9814
vn 0.0082 0.1430 -0.9897
vn -0.1147 0.1608 -0.9803
vn -0.1606 0.1857 -0.9694
vn -0.1788 0.3571 -0.9168
vn -0.9645 0.2277 -0.1336
vn -0.8943 0.3128 -0.3198
vn 0.1043 0.1275 -0.9863
vn 0.0200 0.1122 0.9935
vn 0.8996 0.4034 -0.1670
vn 0.0775 0.0715 0.9944
vn 0.0990 0.1144 0.9885
vn 0.9266 0.3419 0.1566
vn 0.9788 0.1372 0.1521
vn -0.9473 0.3135 0.0659
vn -0.9713 0.0392 0.2344
vn -0.6294 0.7650 0.1363
vn -0.4452 -0.8922 -0.0759
vn -0.9506 0.1087 0.2906
vn 0.2836 -0.9326 -0.2232
vn 0.9861 0.0423 0.1608
vn 0.8580 0.4834 0.1734
vn 0.8756 0.4512 -0.1723
vn -0.0121 0.2348 0.9720
vn -0.8554 0.4573 -0.2434
vn -0.1534 0.5257 -0.8367
vn 0.0658 0.0915 -0.9936
vn 0.1135 0.0432 -0.9926
vn 0.1941 0.0606 -0.9791
vn 0.0809 0.1583 -0.9841
vn 0.9462 0.2214 0.2360
vn 0.5158 0.2614 0.8158
vn 0.8380 0.1183 0.5327
vn 0.9764 0.0859 0.1984
vn 0.0743 0.0543 -0.9958
vn 0.0725 0.0305 -0.9969
vn 0.0999 0.0280 -0.9946
vn 0.0996 0.0667 -0.9928
vn -0.0908 -0.9924 0.0836
vn 0.2714 -0.9596 0.0744
vn 0.2479 -0.9624 -0.1113
vn -0.1057 -0.9942 -0.0190
vn -0.1144 0.9921 -0.0510
vn 0.0013 0.9989 -0.0462
vn -0.0372 0.9565 -0.2893
vn -0.1658 0.9466 -0.2766
vn 0.0349 0.3785 0.9249
vn 0.5056 0.4141 0.7569
vn 0.4553 0.6809 0.5737
vn 0.0179 0.8115 0.5840
vn -0.9920 0.0630 0.1095
vn -0.9938 0.1115 0.0052
vn -0.9176 0.1002 0.3847
vn -0.9133 0.1114 0.3918
vn -0.3668 -0.9235 0.1125
vn -0.2992 -0.9435 0.1423
vn 0.0307 -0.9800 0.1965
vn -0.6329 0.7742 0.0066
vn -0.1817 0.9825 0.0411
vn 0.0046 0.1919 0.9814
vn -0.1606 0.1857 0.9694
vn -0.1147 0.1608 0.9803
vn 0.0082 0.1430 0.9897
vn -0.1788 0.3571 0.9168
vn -0.9645 0.2277 0.1336
vn -0.8943 0.3128 0.3198
vn 0.1043 0.1275 0.9863
vn 0.0200 0.1122 -0.9935
vn 0.8996 0.4034 0.1670
vn 0.0990 0.1144 -0.9885
vn 0.0775 0.0715 -0.9944
vn 0.9266 0.3419 -0.1566
vn 0.9788 0.1372 -0.1521
vn -0.9473 0.3135 -0.0659
vn -0.9713 0.0392 -0.2344
vn -0.6294 0.7650 -0.1363
vn -0.4452 -0.8922 0.0759
vn -0.9506 0.1087 -0.2906
vn 0.2836 -0.9326 0.2232
vn 0.9861 0.0423 -0.1608
vn 0.8580 0.4834 -0.1734
vn 0.8756 0.4512 0.1723
vn -0.0121 0.2348 -0.9720
vn -0.8554 0.4573 0.2434
vn -0.1534 0.5257 0.8367
vt 0.077170 0.527479
vt 0.051901 0.528027
vt 0.066350 0.481907
vt 0.071275 0.477775
vt 0.093700 0.602789
vt 0.127684 0.613553
vt 0.126152 0.654550
vt 0.079055 0.629605
vt 0.104094 0.525836
vt 0.157943 0.539641
vt 0.149751 0.578468
vt 0.102701 0.572673
vt 0.200040 0.536044
vt 0.239727 0.545467
vt 0.223392 0.587673
vt 0.184490 0.599106
vt 0.028162 0.528784
vt 0.052879 0.559742
vt 0.033440 0.561695
vt 0.033508 0.636134
vt 0.020815 0.617997
vt 0.038899 0.598940
vt 0.050776 0.614129
vt 0.091630 0.442814
vt 0.084120 0.410228
vt 0.127435 0.393898
vt 0.132780 0.438933
vt 0.158728 0.480930
vt 0.207967 0.473675
vt 0.005775 0.531889
vt 0.008143 0.498538
vt 0.028992 0.487174
vt 0.075468 0.371095
vt 0.130492 0.348129
vt 0.043781 0.385621
vt 0.060987 0.422430
vt 0.074707 0.445241
vt 0.105020 0.693267
vt 0.059540 0.658305
vt 0.079813 0.565282
vt 0.069301 0.587447
vt 0.105088 0.478974
vt 0.244469 0.500009
vt 0.011640 0.557272
vt 0.052851 0.448456
vt 0.042421 0.576706
vt 0.042857 0.426115
vt 0.024603 0.397225
s 1
usemtl Material.023
f 2274/2219/3190 2245/2220/3191 2253/2221/3192 2276/2222/3193
f 2270/2223/3194 2266/2224/3195 2252/2225/3196 2260/2226/3197
f 2257/2227/3198 2246/2228/3199 2250/2229/3200 2259/2230/3201
f 2264/2231/3202 2248/2232/3203 2252/2233/3204 2266/2234/3205
f 2263/2235/3206 2245/2220/3207 2249/2236/3208 2265/2237/3209
f 2271/2238/3210 2247/2239/3211 2251/2240/3212 2272/2241/3213
f 2269/2242/3214 2262/2243/3215 2256/2244/3216 2268/2245/3217
f 2264/2231/3202 2246/2228/3218 2254/2246/3219 2268/2247/3220
f 2263/2235/3206 2247/2248/3211 2255/2249/3221 2267/2250/3222
f 2258/2251/3223 2248/2252/3224 2256/2244/3225 2262/2243/3226
f 2271/2253/3210 2258/2251/3223 2262/2243/3226 2273/2254/3227
f 2278/2255/3228 2273/2254/3229 2262/2243/3215 2269/2242/3214
f 2248/2256/3224 2258/2257/3223 2260/2226/3197 2252/2225/3230
f 2274/2219/3190 2257/2227/3198 2259/2230/3201 2275/2258/3231
f 2277/2259/3232 2270/2223/3194 2260/2226/3197 2272/2241/3213
f 2246/2228/3199 2257/2227/3198 2261/2260/3233 2254/2246/3234
f 2275/2258/3235 2259/2230/3236 2270/2223/3194 2277/2259/3232
f 2276/2222/3237 2278/2255/3228 2269/2242/3214 2261/2260/3238
f 2245/2220/3207 2263/2235/3206 2267/2250/3222 2253/2221/3239
f 2248/2232/3203 2264/2231/3202 2268/2247/3220 2256/2261/3240
f 2261/2260/3238 2269/2242/3214 2268/2245/3217 2254/2246/3241
f 2247/2248/3211 2263/2235/3206 2265/2237/3209 2251/2262/3212
f 2246/2228/3218 2264/2231/3202 2266/2234/3205 2250/2229/3242
f 2259/2230/3236 2250/2229/3243 2266/2224/3195 2270/2223/3194
f 2253/2221/3239 2267/2263/3222 2278/2255/3228 2276/2222/3237
f 2249/2236/3244 2275/2258/3235 2277/2259/3232 2265/2264/3245
f 2265/2264/3245 2277/2259/3232 2272/2241/3213 2251/2240/3212
f 2245/2220/3191 2274/2219/3190 2275/2258/3231 2249/2236/3246
f 2267/2263/3222 2255/2265/3247 2273/2254/3229 2278/2255/3228
f 2247/2266/3211 2271/2253/3210 2273/2254/3227 2255/2265/3248
f 2258/2257/3223 2271/2238/3210 2272/2241/3213 2260/2226/3197
f 2257/2227/3198 2274/2219/3190 2276/2222/3193 2261/2260/3233
f 2308/2219/3249 2310/2222/3250 2287/2221/3251 2279/2220/3252
f 2304/2223/3253 2294/2226/3254 2286/2225/3255 2300/2224/3256
f 2291/2227/3257 2293/2230/3258 2284/2229/3259 2280/2228/3260
f 2298/2231/3261 2300/2234/3262 2286/2233/3263 2282/2232/3264
f 2297/2235/3265 2299/2237/3266 2283/2236/3267 2279/2220/3268
f 2305/2238/3269 2306/2241/3270 2285/2240/3271 2281/2239/3272
f 2303/2242/3273 2302/2245/3274 2290/2244/3275 2296/2243/3276
f 2298/2231/3261 2302/2247/3277 2288/2246/3278 2280/2228/3279
f 2297/2235/3265 2301/2250/3280 2289/2249/3281 2281/2248/3272
f 2292/2251/3282 2296/2243/3283 2290/2244/3284 2282/2252/3285
f 2305/2253/3269 2307/2254/3286 2296/2243/3283 2292/2251/3282
f 2312/2255/3287 2303/2242/3273 2296/2243/3276 2307/2254/3288
f 2282/2256/3285 2286/2225/3289 2294/2226/3254 2292/2257/3282
f 2308/2219/3249 2309/2258/3290 2293/2230/3258 2291/2227/3257
f 2311/2259/3291 2306/2241/3270 2294/2226/3254 2304/2223/3253
f 2280/2228/3260 2288/2246/3292 2295/2260/3293 2291/2227/3257
f 2309/2258/3294 2311/2259/3291 2304/2223/3253 2293/2230/3295
f 2310/2222/3296 2295/2260/3297 2303/2242/3273 2312/2255/3287
f 2279/2220/3268 2287/2221/3298 2301/2250/3280 2297/2235/3265
f 2282/2232/3264 2290/2261/3299 2302/2247/3277 2298/2231/3261
f 2295/2260/3297 2288/2246/3300 2302/2245/3274 2303/2242/3273
f 2281/2248/3272 2285/2262/3271 2299/2237/3266 2297/2235/3265
f 2280/2228/3279 2284/2229/3301 2300/2234/3262 2298/2231/3261
f 2293/2230/3295 2304/2223/3253 2300/2224/3256 2284/2229/3302
f 2287/2221/3298 2310/2222/3296 2312/2255/3287 2301/2263/3280
f 2283/2236/3303 2299/2264/3304 2311/2259/3291 2309/2258/3294
f 2299/2264/3304 2285/2240/3271 2306/2241/3270 2311/2259/3291
f 2279/2220/3252 2283/2236/3305 2309/2258/3290 2308/2219/3249
f 2301/2263/3280 2312/2255/3287 2307/2254/3288 2289/2265/3306
f 2281/2266/3272 2289/2265/3307 2307/2254/3286 2305/2253/3269
f 2292/2257/3282 2294/2226/3254 2306/2241/3270 2305/2238/3269
f 2291/2227/3257 2295/2260/3293 2310/2222/3250 2308/2219/3249
o LowerLeg
v 0.056241 -1.247858 -0.159531
v -0.016716 -2.121557 -0.036553
v 0.053320 -1.235444 -0.410398
v 0.002605 -2.109602 -0.671465
v 0.239054 -1.223389 -0.182995
v 0.335027 -2.120401 -0.093948
v 0.196804 -1.301496 -0.408391
v 0.220136 -2.118100 -0.618992
v -0.190789 -1.297463 -0.136067
v -0.334380 -2.044009 -0.067284
v -0.152927 -1.221110 -0.415055
v -0.312344 -2.070003 -0.649786
v 0.017331 -1.866786 -0.051577
v 0.012510 -1.821629 -0.624443
v 0.384554 -1.895059 -0.091475
v 0.278160 -1.860572 -0.587785
v -0.405474 -1.852435 -0.096455
v -0.306356 -1.802890 -0.608541
v 0.088569 -1.160036 -0.290585
v -0.005429 -2.164355 -0.355936
v 0.266974 -1.272293 -0.321370
v 0.405230 -2.143258 -0.359340
v -0.174199 -1.221977 -0.335390
v -0.487894 -2.050115 -0.363871
v -0.448455 -1.779830 -0.381351
v 0.432796 -1.860547 -0.328881
v 0.017269 -1.622832 -0.551004
v 0.253443 -1.601958 -0.494329
v -0.246243 -1.560118 -0.518085
v 0.028747 -1.650763 -0.053271
v 0.353116 -1.649342 -0.108228
v -0.362828 -1.634146 -0.090538
v 0.404538 -1.604493 -0.329999
v -0.386791 -1.625229 -0.390657
v 0.038011 -1.425187 -0.503406
v 0.251231 -1.450559 -0.470449
v -0.217027 -1.401795 -0.469995
v 0.332469 -1.445071 -0.337776
v 0.051850 -1.415165 -0.087837
v 0.295238 -1.456630 -0.166632
v -0.307575 -1.529210 -0.087265
v -0.309949 -1.422193 -0.332002
v 0.056241 -1.247858 0.159531
v -0.016716 -2.121557 0.036553
v 0.053320 -1.235444 0.410398
v 0.002605 -2.109602 0.671465
v 0.239054 -1.223389 0.182995
v 0.335027 -2.120401 0.093948
v 0.196804 -1.301496 0.408391
v 0.220136 -2.118100 0.618992
v -0.190789 -1.297463 0.136067
v -0.334380 -2.044009 0.067284
v -0.152927 -1.221110 0.415055
v -0.312344 -2.070003 0.649786
v 0.017331 -1.866786 0.051577
v 0.012510 -1.821629 0.624443
v 0.384554 -1.895059 0.091475
v 0.278160 -1.860572 0.587785
v -0.405474 -1.852435 0.096455
v -0.306356 -1.802890 0.608541
v 0.088569 -1.160036 0.290585
v -0.005429 -2.164355 0.355936
v 0.266974 -1.272293 0.321370
v 0.405230 -2.143258 0.359340
v -0.174199 -1.221977 0.335390
v -0.487894 -2.050115 0.363871
v -0.448455 -1.779830 0.381351
v 0.432796 -1.860547 0.328881
v 0.017269 -1.622832 0.551004
v 0.253443 -1.601958 0.494329
v -0.246243 -1.560118 0.518085
v 0.028747 -1.650763 0.053271
v 0.353116 -1.649342 0.108228
v -0.362828 -1.634146 0.090538
v 0.404538 -1.604493 0.329999
v -0.386791 -1.625229 0.390657
v 0.038011 -1.425187 0.503406
v 0.251231 -1.450559 0.470449
v -0.217027 -1.401795 0.469995
v 0.332469 -1.445071 0.337776
v 0.051850 -1.415165 0.087837
v 0.295238 -1.456630 0.166632
v -0.307575 -1.529210 0.087265
v -0.309949 -1.422193 0.332002
vn 0.0962 0.2315 0.9681
vn 0.0466 0.6805 0.7313
vn -0.4516 0.6178 0.6437
vn -0.0576 0.1561 0.9861
vn 0.9858 0.0262 -0.1661
vn 0.9705 -0.1212 -0.2084
vn 0.5188 0.0364 -0.8541
vn 0.5621 0.1409 -0.8150
vn 0.0233 0.0345 0.9991
vn 0.0210 0.0475 0.9987
vn 0.1342 0.0025 0.9910
vn 0.1358 0.0236 0.9905
vn -0.0892 -0.9960 -0.0023
vn -0.0855 -0.9877 -0.1308
vn 0.0313 -0.9886 -0.1470
vn 0.0356 -0.9994 0.0047
vn 0.1152 0.9917 -0.0570
vn 0.2591 0.9460 0.1946
vn 0.7473 0.6331 -0.2020
vn 0.0725 0.3168 -0.9457
vn 0.1165 0.6949 -0.7096
vn 0.4307 0.5518 -0.7141
vn 0.5139 0.3129 -0.7987
vn -0.9651 0.1943 -0.1755
vn -0.4831 0.2533 -0.8381
vn -0.8429 0.0947 -0.5297
vn -0.1083 -0.9862 0.1256
vn -0.2371 -0.9626 0.1312
vn -0.2159 -0.9763 0.0118
vn -0.0466 0.7147 -0.6979
vn -0.5556 0.8294 -0.0582
vn 0.0761 0.2470 -0.9660
vn 0.0768 0.1376 -0.9875
vn -0.0439 0.1581 -0.9864
vn 0.0667 0.2990 -0.9519
vn -0.4388 0.3684 -0.8196
vn -0.8959 0.3621 -0.2574
vn 0.0506 0.0930 0.9944
vn 0.1834 0.1258 0.9750
vn 0.9506 0.2563 -0.1753
vn 0.5225 0.2454 -0.8166
vn -0.0957 0.0428 0.9945
vn -0.0900 0.0907 0.9918
vn 0.9437 0.2252 0.2424
vn 0.9729 -0.0349 0.2286
vn -0.9377 0.3202 0.1348
vn -0.9638 0.0914 0.2505
vn -0.1901 -0.9751 -0.1145
vn -0.9480 -0.0330 0.3166
vn 0.0383 -0.9924 0.1168
vn 0.9616 -0.1604 0.2228
vn -0.8951 0.4216 0.1450
vn -0.8768 0.4615 -0.1350
vn 0.9171 0.3357 0.2152
vn 0.9109 0.3472 -0.2232
vn 0.2373 0.2296 0.9439
vn -0.4796 0.4177 -0.7717
vn -0.0853 0.0435 0.9954
vn -0.7996 0.4701 -0.3736
vn 0.2356 0.2376 0.9424
vn 0.9448 0.2831 0.1647
vn 0.0962 0.2315 -0.9681
vn -0.0576 0.1561 -0.9861
vn -0.4516 0.6178 -0.6437
vn 0.0466 0.6805 -0.7313
vn 0.9858 0.0262 0.1661
vn 0.5621 0.1409 0.8150
vn 0.5188 0.0364 0.8541
vn 0.9705 -0.1212 0.2084
vn 0.0233 0.0345 -0.9991
vn 0.1358 0.0236 -0.9905
vn 0.1342 0.0025 -0.9910
vn 0.0210 0.0475 -0.9987
vn -0.0892 -0.9960 0.0023
vn 0.0356 -0.9994 -0.0047
vn 0.0313 -0.9886 0.1470
vn -0.0855 -0.9877 0.1308
vn 0.1152 0.9917 0.0570
vn 0.7473 0.6331 0.2020
vn 0.2591 0.9460 -0.1946
vn 0.0725 0.3168 0.9457
vn 0.5139 0.3129 0.7987
vn 0.4307 0.5518 0.7141
vn 0.1165 0.6949 0.7096
vn -0.9651 0.1943 0.1755
vn -0.8429 0.0947 0.5297
vn -0.4831 0.2533 0.8381
vn -0.2159 -0.9763 -0.0118
vn -0.2371 -0.9626 -0.1312
vn -0.1083 -0.9862 -0.1256
vn -0.5556 0.8294 0.0582
vn -0.0466 0.7147 0.6979
vn 0.0761 0.2470 0.9660
vn -0.0439 0.1581 0.9864
vn 0.0768 0.1376 0.9875
vn 0.0667 0.2990 0.9519
vn -0.4388 0.3684 0.8196
vn -0.8959 0.3621 0.2574
vn 0.0506 0.0930 -0.9944
vn 0.1834 0.1258 -0.9750
vn 0.9506 0.2563 0.1753
vn 0.5225 0.2454 0.8166
vn -0.0900 0.0907 -0.9918
vn -0.0957 0.0428 -0.9945
vn 0.9437 0.2252 -0.2424
vn 0.9729 -0.0349 -0.2286
vn -0.9377 0.3202 -0.1348
vn -0.9638 0.0914 -0.2505
vn -0.1901 -0.9751 0.1145
vn -0.9480 -0.0330 -0.3166
vn 0.0383 -0.9924 -0.1168
vn 0.9616 -0.1604 -0.2228
vn -0.8951 0.4216 -0.1450
vn -0.8768 0.4615 0.1350
vn 0.9171 0.3357 -0.2152
vn 0.9109 0.3472 0.2232
vn 0.2373 0.2296 -0.9439
vn -0.4796 0.4177 0.7717
vn -0.0853 0.0435 -0.9954
vn -0.7996 0.4701 0.3736
vn 0.2356 0.2376 -0.9424
vn 0.9448 0.2831 -0.1647
vt 0.304985 0.550399
vt 0.281037 0.547912
vt 0.292898 0.514603
vt 0.327166 0.508587
vt 0.345947 0.625119
vt 0.382350 0.641761
vt 0.360054 0.683946
vt 0.332079 0.660267
vt 0.362349 0.553827
vt 0.392930 0.554365
vt 0.389469 0.601118
vt 0.358936 0.598389
vt 0.433222 0.559087
vt 0.477487 0.562953
vt 0.467421 0.593738
vt 0.426691 0.616311
vt 0.260331 0.549454
vt 0.272518 0.573291
vt 0.249523 0.576658
vt 0.262701 0.645756
vt 0.243149 0.619788
vt 0.266020 0.611768
vt 0.286081 0.625452
vt 0.354249 0.467464
vt 0.345744 0.434819
vt 0.377156 0.416151
vt 0.391318 0.462430
vt 0.392753 0.510954
vt 0.436342 0.490171
vt 0.242144 0.542029
vt 0.249216 0.512260
vt 0.261417 0.512214
vt 0.322341 0.398542
vt 0.356833 0.376327
vt 0.297940 0.417189
vt 0.315087 0.451239
vt 0.333534 0.469656
vt 0.344093 0.709164
vt 0.307813 0.688596
vt 0.335308 0.551557
vt 0.331020 0.590710
vt 0.316946 0.613812
vt 0.302335 0.638782
vt 0.366914 0.501396
vt 0.340665 0.504720
vt 0.476821 0.517091
vt 0.235573 0.565184
vt 0.308105 0.482140
vt 0.304966 0.584744
vt 0.295934 0.606992
vt 0.296071 0.463732
vt 0.274244 0.434804
vt 0.283313 0.668449
vt 0.251268 0.455179
vt 0.271597 0.477206
vt 0.275531 0.488425
vt 0.271886 0.595455
s 1
usemtl Material.022
f 2351/2267/3308 2313/2268/3309 2321/2269/3310 2353/2270/3311
f 2338/2271/3312 2334/2272/3313 2320/2273/3314 2328/2274/3315
f 2325/2275/3316 2314/2276/3317 2318/2277/3318 2327/2278/3319
f 2332/2279/3320 2316/2280/3321 2320/2281/3322 2334/2282/3323
f 2331/2283/3324 2313/2268/3309 2317/2284/3325 2333/2285/3326
f 2347/2286/3327 2315/2287/3328 2319/2288/3329 2348/2289/3330
f 2337/2290/3331 2330/2291/3332 2324/2292/3333 2336/2293/3333
f 2332/2279/3320 2314/2276/3334 2322/2294/3335 2336/2295/3336
f 2331/2283/3324 2315/2296/3328 2323/2297/3337 2335/2298/3338
f 2326/2299/3339 2316/2300/3340 2324/2292/3341 2330/2291/3332
f 2339/2301/3342 2326/2299/3339 2330/2291/3332 2341/2302/3343
f 2346/2303/3344 2341/2302/3343 2330/2291/3332 2337/2290/3331
f 2316/2304/3340 2326/2305/3339 2328/2274/3315 2320/2273/3314
f 2342/2306/3345 2325/2275/3316 2327/2278/3319 2343/2307/3346
f 2345/2308/3347 2338/2271/3312 2328/2274/3315 2340/2309/3348
f 2314/2276/3317 2325/2275/3316 2329/2310/3349 2322/2294/3350
f 2343/2307/3351 2327/2278/3352 2338/2271/3312 2345/2308/3347
f 2344/2311/3353 2346/2303/3344 2337/2290/3331 2329/2310/3354
f 2313/2268/3309 2331/2283/3324 2335/2298/3338 2321/2269/3310
f 2316/2280/3321 2332/2279/3320 2336/2295/3336 2324/2312/3355
f 2329/2310/3354 2337/2290/3331 2336/2293/3356 2322/2294/3356
f 2315/2296/3328 2331/2283/3324 2333/2285/3326 2319/2313/3329
f 2314/2276/3334 2332/2279/3320 2334/2282/3323 2318/2277/3357
f 2327/2278/3352 2318/2277/3358 2334/2272/3313 2338/2271/3312
f 2353/2270/3359 2354/2314/3360 2346/2303/3344 2344/2311/3353
f 2352/2315/3361 2343/2307/3351 2345/2308/3347 2350/2316/3362
f 2350/2316/3362 2345/2308/3347 2340/2309/3348 2348/2289/3330
f 2351/2267/3308 2342/2306/3345 2343/2307/3346 2352/2315/3363
f 2354/2314/3360 2349/2317/3364 2341/2302/3343 2346/2303/3344
f 2347/2318/3327 2339/2301/3342 2341/2302/3343 2349/2317/3364
f 2326/2305/3339 2339/2319/3342 2340/2309/3348 2328/2274/3315
f 2325/2275/3316 2342/2306/3345 2344/2311/3365 2329/2310/3349
f 2315/2320/3328 2347/2318/3327 2349/2317/3364 2323/2321/3337
f 2335/2322/3338 2323/2321/3366 2349/2317/3364 2354/2314/3360
f 2313/2268/3309 2351/2267/3308 2352/2315/3363 2317/2284/3367
f 2333/2323/3326 2350/2316/3362 2348/2289/3330 2319/2288/3329
f 2317/2284/3368 2352/2315/3361 2350/2316/3362 2333/2323/3326
f 2321/2269/3310 2335/2322/3338 2354/2314/3360 2353/2270/3359
f 2339/2319/3342 2347/2286/3327 2348/2289/3330 2340/2309/3348
f 2342/2306/3345 2351/2267/3308 2353/2270/3311 2344/2311/3365
f 2393/2267/3369 2395/2270/3370 2363/2269/3371 2355/2268/3372
f 2380/2271/3373 2370/2274/3374 2362/2273/3375 2376/2272/3376
f 2367/2275/3377 2369/2278/3378 2360/2277/3379 2356/2276/3380
f 2374/2279/3381 2376/2282/3382 2362/2281/3383 2358/2280/3384
f 2373/2283/3385 2375/2285/3386 2359/2284/3387 2355/2268/3372
f 2389/2286/3388 2390/2289/3389 2361/2288/3390 2357/2287/3391
f 2379/2290/3392 2378/2293/3393 2366/2292/3393 2372/2291/3394
f 2374/2279/3381 2378/2295/3395 2364/2294/3396 2356/2276/3397
f 2373/2283/3385 2377/2298/3398 2365/2297/3399 2357/2296/3391
f 2368/2299/3400 2372/2291/3394 2366/2292/3401 2358/2300/3402
f 2381/2301/3403 2383/2302/3404 2372/2291/3394 2368/2299/3400
f 2388/2303/3405 2379/2290/3392 2372/2291/3394 2383/2302/3404
f 2358/2304/3402 2362/2273/3375 2370/2274/3374 2368/2305/3400
f 2384/2306/3406 2385/2307/3407 2369/2278/3378 2367/2275/3377
f 2387/2308/3408 2382/2309/3409 2370/2274/3374 2380/2271/3373
f 2356/2276/3380 2364/2294/3410 2371/2310/3411 2367/2275/3377
f 2385/2307/3412 2387/2308/3408 2380/2271/3373 2369/2278/3413
f 2386/2311/3414 2371/2310/3415 2379/2290/3392 2388/2303/3405
f 2355/2268/3372 2363/2269/3371 2377/2298/3398 2373/2283/3385
f 2358/2280/3384 2366/2312/3416 2378/2295/3395 2374/2279/3381
f 2371/2310/3415 2364/2294/3417 2378/2293/3417 2379/2290/3392
f 2357/2296/3391 2361/2313/3390 2375/2285/3386 2373/2283/3385
f 2356/2276/3397 2360/2277/3418 2376/2282/3382 2374/2279/3381
f 2369/2278/3413 2380/2271/3373 2376/2272/3376 2360/2277/3419
f 2395/2270/3420 2386/2311/3414 2388/2303/3405 2396/2314/3421
f 2394/2315/3422 2392/2316/3423 2387/2308/3408 2385/2307/3412
f 2392/2316/3423 2390/2289/3389 2382/2309/3409 2387/2308/3408
f 2393/2267/3369 2394/2315/3424 2385/2307/3407 2384/2306/3406
f 2396/2314/3421 2388/2303/3405 2383/2302/3404 2391/2317/3425
f 2389/2318/3388 2391/2317/3425 2383/2302/3404 2381/2301/3403
f 2368/2305/3400 2370/2274/3374 2382/2309/3409 2381/2319/3403
f 2367/2275/3377 2371/2310/3411 2386/2311/3426 2384/2306/3406
f 2357/2320/3391 2365/2321/3399 2391/2317/3425 2389/2318/3388
f 2377/2322/3398 2396/2314/3421 2391/2317/3425 2365/2321/3427
f 2355/2268/3372 2359/2284/3428 2394/2315/3424 2393/2267/3369
f 2375/2323/3386 2361/2288/3390 2390/2289/3389 2392/2316/3423
f 2359/2284/3429 2375/2323/3386 2392/2316/3423 2394/2315/3422
f 2363/2269/3371 2395/2270/3420 2396/2314/3421 2377/2322/3398
f 2381/2319/3403 2382/2309/3409 2390/2289/3389 2389/2286/3388
f 2384/2306/3406 2386/2311/3426 2395/2270/3370 2393/2267/3369
o sleeve
v -0.278424 -0.104067 -0.244424
v -0.061470 -0.121340 -0.244424
v -0.275111 0.100703 -0.244424
v -0.061344 0.096259 -0.244424
v -0.286681 -0.001875 -0.235379
v -0.048518 -0.013748 -0.235379
v -0.175153 -0.121717 -0.235379
v -0.172501 0.113002 -0.235379
v -0.167430 -0.007824 -0.208244
v -0.354240 -0.164083 -0.705717
v 0.013078 -0.203811 -0.705717
v -0.355162 0.157716 -0.705717
v 0.002283 0.157740 -0.705717
v -0.385667 -0.013331 -0.705717
v 0.078866 -0.034344 -0.705717
v -0.185438 -0.248981 -0.705717
v -0.168396 0.227390 -0.705717
v -0.336930 -0.012085 -0.337239
v -0.309109 0.117701 -0.337733
v -0.037751 0.116561 -0.337733
v 0.018818 -0.028539 -0.337239
v -0.309414 -0.129796 -0.337734
v -0.180679 -0.192230 -0.337239
v -0.031266 -0.158271 -0.337734
v -0.169625 0.169461 -0.337239
v -0.363535 -0.013474 -0.519025
v -0.015401 0.140039 -0.519025
v -0.335333 -0.148753 -0.519025
v -0.183855 -0.224938 -0.519025
v -0.336160 0.140017 -0.519025
v 0.053322 -0.032331 -0.519025
v -0.005714 -0.184404 -0.519025
v -0.168562 0.202541 -0.519025
v 0.053983 -0.032041 -0.705717
v -0.365111 -0.013083 -0.705717
v -0.169386 0.194206 -0.705717
v -0.184217 -0.219696 -0.705717
v -0.336933 0.134902 -0.705717
v 0.003103 -0.176146 -0.705717
v -0.333515 -0.152659 -0.705717
v -0.018532 0.137657 -0.705717
v 0.053983 -0.029398 -0.680602
v -0.365111 -0.010440 -0.680602
v -0.169386 0.196850 -0.680601
v -0.184217 -0.217052 -0.680602
v -0.336933 0.137545 -0.680602
v 0.003103 -0.173503 -0.680602
v -0.333515 -0.150015 -0.680602
v -0.018532 0.140301 -0.680601
v -0.004997 -0.008957 -0.623793
v -0.340078 0.004414 -0.623793
v -0.181767 0.163391 -0.623793
v -0.183940 -0.158396 -0.623793
v -0.299096 0.116227 -0.623793
v -0.052761 -0.121769 -0.623793
v -0.300413 -0.106554 -0.623793
v -0.060293 0.113759 -0.623793
v -0.278424 -0.104067 0.244424
v -0.061470 -0.121340 0.244424
v -0.275111 0.100703 0.244424
v -0.061344 0.096259 0.244424
v -0.286681 -0.001875 0.235379
v -0.048518 -0.013748 0.235379
v -0.175153 -0.121717 0.235379
v -0.172501 0.113002 0.235379
v -0.167430 -0.007825 0.208244
v -0.354240 -0.164083 0.705717
v 0.013078 -0.203811 0.705717
v -0.355162 0.157716 0.705717
v 0.002283 0.157740 0.705717
v -0.385667 -0.013331 0.705717
v 0.078866 -0.034344 0.705717
v -0.185438 -0.248981 0.705717
v -0.168396 0.227390 0.705717
v -0.336930 -0.012085 0.337239
v -0.309109 0.117701 0.337733
v -0.037751 0.116561 0.337733
v 0.018818 -0.028539 0.337239
v -0.309414 -0.129796 0.337734
v -0.180679 -0.192230 0.337239
v -0.031266 -0.158271 0.337734
v -0.169625 0.169461 0.337239
v -0.363535 -0.013474 0.519025
v -0.015401 0.140039 0.519025
v -0.335333 -0.148753 0.519025
v -0.183855 -0.224938 0.519025
v -0.336160 0.140017 0.519025
v 0.053322 -0.032331 0.519025
v -0.005714 -0.184404 0.519025
v -0.168562 0.202541 0.519025
v 0.053983 -0.032041 0.705717
v -0.365111 -0.013084 0.705717
v -0.169386 0.194206 0.705717
v -0.184217 -0.219696 0.705717
v -0.336933 0.134902 0.705717
v 0.003103 -0.176146 0.705717
v -0.333515 -0.152659 0.705717
v -0.018532 0.137657 0.705717
v 0.053983 -0.029398 0.680602
v -0.365111 -0.010440 0.680602
v -0.169386 0.196850 0.680601
v -0.184217 -0.217052 0.680602
v -0.336933 0.137545 0.680602
v 0.003103 -0.173503 0.680602
v -0.333515 -0.150015 0.680602
v -0.018532 0.140301 0.680601
v -0.004997 -0.008957 0.623793
v -0.340078 0.004414 0.623793
v -0.181767 0.163391 0.623793
v -0.183940 -0.158396 0.623793
v -0.299096 0.116226 0.623793
v -0.052761 -0.121769 0.623793
v -0.300413 -0.106554 0.623793
v -0.060293 0.113759 0.623793
vn 0.0002 -0.0019 1.0000
vn 0.1602 -0.0092 0.9870
vn 0.1691 0.1654 0.9716
vn -0.0036 0.1661 0.9861
vn -0.0571 -0.5775 0.8144
vn 0.1523 -0.5959 0.7885
vn -0.1752 -0.1630 0.9710
vn -0.1714 0.0033 0.9852
vn -0.1633 0.1623 0.9731
vn -0.0000 -0.0000 -1.0000
vn -0.9742 0.1814 0.1341
vn -0.9778 0.1744 0.1161
vn -0.9929 -0.0141 0.1177
vn -0.9905 -0.0138 0.1366
vn 0.9872 0.0031 0.1592
vn 0.9908 0.0020 0.1355
vn 0.7036 0.6981 0.1328
vn 0.7012 0.6960 0.1550
vn -0.9724 -0.2027 0.1151
vn -0.9692 -0.2076 0.1326
vn -0.4423 -0.8861 0.1386
vn -0.4462 -0.8871 0.1180
vn -0.1184 -0.9847 0.1278
vn -0.1184 -0.9815 0.1507
vn 0.9211 -0.3573 0.1546
vn 0.9243 -0.3588 0.1303
vn 0.0150 0.9880 0.1540
vn 0.0148 0.9911 0.1319
vn -0.3469 0.9298 0.1234
vn -0.3457 0.9273 0.1435
vn 0.2202 -0.9677 0.1228
vn 0.2196 -0.9648 0.1447
vn 0.2683 0.8836 0.3839
vn 0.6788 0.6684 0.3041
vn 0.0129 0.9597 0.2808
vn 0.0066 0.9194 0.3933
vn -0.1041 -0.9392 0.3273
vn 0.1818 -0.9304 0.3182
vn -0.3053 0.9162 0.2596
vn -0.2509 0.8921 0.3758
vn 0.8405 -0.2427 0.4844
vn 0.8951 -0.3093 0.3211
vn 0.9475 -0.0031 0.3196
vn 0.8868 0.0249 0.4614
vn -0.3057 -0.8300 0.4665
vn -0.3827 -0.8719 0.3054
vn -0.9140 0.0133 0.4055
vn -0.9603 -0.0092 0.2789
vn -0.9435 -0.1921 0.2699
vn -0.8997 -0.1639 0.4047
vn 0.8741 0.2533 0.4144
vn -0.9027 0.1693 0.3956
vn -0.9457 0.1813 0.2697
vn -0.7023 -0.7079 0.0745
vn -1.0000 -0.0080 0.0008
vn -0.9279 -0.0248 -0.3719
vn -0.6663 -0.6929 -0.2755
vn 0.9751 0.2207 -0.0232
vn 0.9995 0.0308 -0.0032
vn 0.9639 0.0212 -0.2654
vn 0.7217 0.5959 -0.3523
vn -0.2253 0.9689 -0.1020
vn 0.0942 0.9901 -0.1042
vn 0.0837 0.9047 -0.4177
vn -0.6166 0.6633 -0.4241
vn 0.3320 -0.9381 0.0987
vn -0.0094 -0.9945 0.1047
vn -0.0233 -0.9757 -0.2180
vn 0.7362 -0.6420 -0.2142
vn 0.4077 0.9081 -0.0956
vn -0.9424 0.3327 -0.0350
vn 0.9822 -0.1870 0.0197
vn -0.5120 -0.5899 -0.6244
vn 0.0353 -0.8455 -0.5328
vn 0.3992 0.3039 -0.8651
vn 0.0464 0.4335 -0.9000
vn -0.2600 0.3150 -0.9128
vn -0.4487 -0.0492 -0.8923
vn 0.6079 -0.6016 -0.5182
vn 0.8548 -0.0278 -0.5183
vn 0.0002 -0.0019 -1.0000
vn -0.0036 0.1661 -0.9861
vn 0.1691 0.1654 -0.9716
vn 0.1602 -0.0092 -0.9870
vn -0.0571 -0.5775 -0.8144
vn 0.1523 -0.5959 -0.7885
vn -0.1752 -0.1630 -0.9710
vn -0.1714 0.0033 -0.9852
vn -0.1633 0.1623 -0.9731
vn -0.0000 -0.0000 1.0000
vn -0.9742 0.1814 -0.1341
vn -0.9905 -0.0138 -0.1366
vn -0.9929 -0.0141 -0.1177
vn -0.9778 0.1744 -0.1161
vn 0.9872 0.0031 -0.1592
vn 0.7012 0.6960 -0.1550
vn 0.7036 0.6981 -0.1328
vn 0.9908 0.0020 -0.1355
vn -0.9692 -0.2076 -0.1326
vn -0.9724 -0.2027 -0.1151
vn -0.4423 -0.8861 -0.1386
vn -0.1184 -0.9815 -0.1507
vn -0.1184 -0.9847 -0.1278
vn -0.4462 -0.8871 -0.1180
vn 0.9211 -0.3573 -0.1546
vn 0.9243 -0.3588 -0.1303
vn 0.0150 0.9880 -0.1540
vn -0.3457 0.9273 -0.1435
vn -0.3469 0.9298 -0.1234
vn 0.0148 0.9911 -0.1319
vn 0.2196 -0.9648 -0.1447
vn 0.2202 -0.9677 -0.1228
vn 0.2683 0.8836 -0.3839
vn 0.0066 0.9194 -0.3933
vn 0.0129 0.9597 -0.2808
vn 0.6788 0.6684 -0.3041
vn 0.1818 -0.9304 -0.3182
vn -0.1041 -0.9392 -0.3273
vn -0.2509 0.8921 -0.3758
vn -0.3053 0.9162 -0.2596
vn 0.8405 -0.2427 -0.4844
vn 0.8868 0.0249 -0.4614
vn 0.9475 -0.0031 -0.3196
vn 0.8951 -0.3093 -0.3211
vn -0.3057 -0.8300 -0.4665
vn -0.3827 -0.8719 -0.3054
vn -0.9140 0.0133 -0.4055
vn -0.8997 -0.1639 -0.4047
vn -0.9435 -0.1921 -0.2699
vn -0.9603 -0.0092 -0.2789
vn 0.8741 0.2533 -0.4144
vn -0.9027 0.1693 -0.3956
vn -0.9457 0.1813 -0.2697
vn -0.7023 -0.7079 -0.0745
vn -0.6663 -0.6929 0.2755
vn -0.9279 -0.0248 0.3719
vn -1.0000 -0.0080 -0.0008
vn 0.9751 0.2207 0.0232
vn 0.7217 0.5959 0.3523
vn 0.9639 0.0212 0.2654
vn 0.9995 0.0308 0.0032
vn -0.2253 0.9689 0.1020
vn -0.6166 0.6633 0.4241
vn 0.0837 0.9047 0.4177
vn 0.0941 0.9901 0.1042
vn 0.3320 -0.9381 -0.0987
vn 0.7362 -0.6420 0.2142
vn -0.0233 -0.9757 0.2180
vn -0.0094 -0.9945 -0.1047
vn 0.4077 0.9081 0.0956
vn -0.9424 0.3327 0.0350
vn 0.9822 -0.1870 -0.0197
vn 0.0353 -0.8455 0.5328
vn -0.5120 -0.5899 0.6244
vn 0.0464 0.4335 0.9000
vn 0.3992 0.3039 0.8651
vn -0.4487 -0.0492 0.8923
vn -0.2600 0.3150 0.9128
vn 0.8548 -0.0278 0.5183
vn 0.6079 -0.6016 0.5182
vt 0.122513 0.899801
vt 0.116175 0.927376
vt 0.099617 0.915420
vt 0.098902 0.900192
vt 0.174196 0.964320
vt 0.180381 0.953816
vt 0.194185 0.955529
vt 0.187638 0.973509
vt 0.167406 0.973552
vt 0.172727 0.985858
vt 0.111776 0.875064
vt 0.097505 0.885772
vt 0.130473 0.933288
vt 0.127523 0.931508
vt 0.140272 0.914344
vt 0.142030 0.917063
vt 0.117442 0.950736
vt 0.115621 0.948452
vt 0.019672 0.849598
vt 0.028032 0.878513
vt 0.024022 0.878163
vt 0.016297 0.851358
vt 0.055550 0.876236
vt 0.058243 0.847532
vt 0.064260 0.963405
vt 0.024460 0.966803
vt 0.029646 0.931441
vt 0.058313 0.929124
vt 0.127665 0.980679
vt 0.102985 0.965204
vt 0.135823 0.963013
vt 0.146646 0.945590
vt 0.159391 0.929089
vt 0.152106 0.894277
vt 0.175391 0.912878
vt 0.055865 0.903497
vt 0.029757 0.904563
vt 0.086794 0.922599
vt 0.082517 0.901723
vt 0.163284 0.956994
vt 0.173875 0.944429
vt 0.083809 0.880038
vt 0.190680 0.936784
vt 0.156241 0.971180
vt 0.154957 0.987617
vt 0.099936 0.948248
vt 0.094623 0.858303
vt 0.024656 0.904644
vt 0.024962 0.931027
vt 0.020309 0.963847
vt 0.101400 0.962776
vt 0.148517 0.893792
vt 0.667562 0.255559
vt 0.669328 0.272998
vt 0.666913 0.271966
vt 0.665145 0.256430
vt 0.631252 0.270968
vt 0.631252 0.256781
vt 0.633884 0.257313
vt 0.633579 0.269788
vt 0.660144 0.284465
vt 0.642254 0.282244
vt 0.643309 0.280103
vt 0.659342 0.281934
vt 0.640181 0.244361
vt 0.656870 0.243937
vt 0.655706 0.246617
vt 0.641645 0.246551
vt 0.636204 0.260604
vt 0.642932 0.251599
vt 0.644789 0.256283
vt 0.640411 0.262494
vt 0.663336 0.269258
vt 0.656040 0.277948
vt 0.653070 0.273572
vt 0.658161 0.267698
vt 0.655338 0.250115
vt 0.663699 0.256392
vt 0.658368 0.259452
vt 0.652589 0.254944
vt 0.645985 0.277948
vt 0.637061 0.272688
vt 0.640772 0.269640
vt 0.646164 0.273708
s 1
usemtl Material.010
f 2405/2324/3430 2402/2325/3431 2400/2326/3432 2404/2327/3433
f 2403/2328/3434 2398/2329/3435 2402/2330/3431 2405/2331/3430
f 2397/2332/3436 2403/2328/3434 2405/2331/3430 2401/2333/3437
f 2401/2334/3437 2405/2324/3430 2404/2327/3433 2399/2335/3438
f 2412/2336/3439 2433/2337/3439 2435/2338/3439 2407/2339/3439
f 2406/2340/3439 2436/2341/3439 2433/2337/3439 2412/2336/3439
f 2410/2342/3439 2408/2343/3439 2434/2344/3439 2431/2345/3439
f 2426/2346/3440 2408/2343/3441 2410/2342/3442 2422/2347/3443
f 2427/2348/3444 2411/2349/3445 2409/2350/3446 2423/2351/3447
f 2422/2352/3443 2410/2353/3442 2406/2340/3448 2424/2354/3449
f 2424/2354/3450 2406/2340/3451 2412/2336/3452 2425/2355/3453
f 2428/2356/3454 2407/2339/3455 2411/2357/3445 2427/2358/3444
f 2429/2359/3456 2413/2360/3457 2408/2343/3458 2426/2346/3459
f 2425/2355/3453 2412/2336/3452 2407/2339/3460 2428/2356/3461
f 2423/2351/3447 2409/2350/3446 2413/2360/3457 2429/2359/3456
f 2400/2326/3462 2416/2361/3463 2421/2362/3464 2404/2327/3465
f 2403/2328/3434 2419/2363/3466 2420/2364/3467 2398/2329/3435
f 2404/2327/3465 2421/2362/3464 2415/2365/3468 2399/2335/3469
f 2398/2329/3470 2420/2364/3471 2417/2366/3472 2402/2330/3473
f 2397/2332/3474 2418/2367/3475 2419/2363/3466 2403/2328/3434
f 2401/2333/3476 2414/2368/3477 2418/2367/3478 2397/2332/3479
f 2402/2325/3473 2417/2369/3472 2416/2361/3463 2400/2326/3480
f 2399/2335/3481 2415/2365/3482 2414/2370/3477 2401/2334/3476
f 2416/2361/3463 2423/2351/3447 2429/2359/3456 2421/2362/3464
f 2419/2363/3466 2425/2355/3453 2428/2356/3461 2420/2364/3467
f 2421/2362/3464 2429/2359/3456 2426/2346/3459 2415/2365/3468
f 2420/2364/3471 2428/2356/3454 2427/2358/3444 2417/2366/3472
f 2418/2367/3475 2424/2354/3450 2425/2355/3453 2419/2363/3466
f 2414/2368/3477 2422/2352/3443 2424/2354/3449 2418/2367/3478
f 2417/2369/3472 2427/2348/3444 2423/2351/3447 2416/2361/3463
f 2415/2365/3482 2426/2346/3440 2422/2347/3443 2414/2370/3477
f 2432/2371/3439 2413/2360/3439 2409/2350/3439 2437/2372/3439
f 2409/2350/3439 2411/2349/3439 2430/2373/3439 2437/2372/3439
f 2408/2343/3439 2413/2360/3439 2432/2371/3439 2434/2344/3439
f 2436/2341/3439 2406/2340/3439 2410/2353/3439 2431/2374/3439
f 2435/2338/3439 2430/2375/3439 2411/2357/3439 2407/2339/3439
f 2437/2376/3483 2430/2377/3484 2438/2378/3485 2445/2379/3486
f 2436/2380/3487 2431/2381/3488 2439/2382/3489 2444/2383/3490
f 2435/2384/3491 2433/2385/3492 2441/2386/3493 2443/2387/3494
f 2434/2388/3495 2432/2389/3496 2440/2390/3497 2442/2391/3498
f 2432/2389/3496 2437/2376/3483 2445/2379/3486 2440/2390/3497
f 2433/2385/3492 2436/2380/3499 2444/2383/3490 2441/2386/3493
f 2430/2377/3484 2435/2384/3500 2443/2387/3494 2438/2378/3485
f 2431/2381/3488 2434/2388/3501 2442/2391/3498 2439/2382/3489
f 2440/2392/3497 2445/2393/3486 2453/2394/3502 2448/2395/3503
f 2441/2396/3493 2444/2397/3490 2452/2398/3504 2449/2399/3505
f 2438/2400/3485 2443/2401/3494 2451/2402/3506 2446/2403/3507
f 2439/2404/3489 2442/2405/3498 2450/2406/3508 2447/2407/3509
f 2445/2393/3486 2438/2400/3485 2446/2403/3507 2453/2394/3502
f 2444/2397/3490 2439/2404/3489 2447/2407/3509 2452/2398/3504
f 2443/2401/3494 2441/2396/3493 2449/2399/3505 2451/2402/3506
f 2442/2405/3498 2440/2392/3497 2448/2395/3503 2450/2406/3508
f 2448/2395/3439 2453/2394/3439 2446/2403/3507 2451/2402/3506 2449/2399/3505 2452/2398/3504 2447/2407/3439 2450/2406/3439
f 2462/2324/3510 2461/2327/3511 2457/2326/3512 2459/2325/3513
f 2460/2328/3514 2462/2331/3510 2459/2330/3513 2455/2329/3515
f 2454/2332/3516 2458/2333/3517 2462/2331/3510 2460/2328/3514
f 2458/2334/3517 2456/2335/3518 2461/2327/3511 2462/2324/3510
f 2469/2336/3519 2464/2339/3519 2492/2338/3519 2490/2337/3519
f 2463/2340/3519 2469/2336/3519 2490/2337/3519 2493/2341/3519
f 2467/2342/3519 2488/2345/3519 2491/2344/3519 2465/2343/3519
f 2483/2346/3520 2479/2347/3521 2467/2342/3522 2465/2343/3523
f 2484/2348/3524 2480/2351/3525 2466/2350/3526 2468/2349/3527
f 2479/2352/3521 2481/2354/3528 2463/2340/3529 2467/2353/3522
f 2481/2354/3530 2482/2355/3531 2469/2336/3532 2463/2340/3533
f 2485/2356/3534 2484/2358/3524 2468/2357/3527 2464/2339/3535
f 2486/2359/3536 2483/2346/3537 2465/2343/3538 2470/2360/3539
f 2482/2355/3531 2485/2356/3540 2464/2339/3541 2469/2336/3532
f 2480/2351/3525 2486/2359/3536 2470/2360/3539 2466/2350/3526
f 2457/2326/3542 2461/2327/3543 2478/2362/3544 2473/2361/3545
f 2460/2328/3514 2455/2329/3515 2477/2364/3546 2476/2363/3547
f 2461/2327/3543 2456/2335/3548 2472/2365/3549 2478/2362/3544
f 2455/2329/3550 2459/2330/3551 2474/2366/3552 2477/2364/3553
f 2454/2332/3554 2460/2328/3514 2476/2363/3547 2475/2367/3555
f 2458/2333/3556 2454/2332/3557 2475/2367/3558 2471/2368/3559
f 2459/2325/3551 2457/2326/3560 2473/2361/3545 2474/2369/3552
f 2456/2335/3561 2458/2334/3556 2471/2370/3559 2472/2365/3562
f 2473/2361/3545 2478/2362/3544 2486/2359/3536 2480/2351/3525
f 2476/2363/3547 2477/2364/3546 2485/2356/3540 2482/2355/3531
f 2478/2362/3544 2472/2365/3549 2483/2346/3537 2486/2359/3536
f 2477/2364/3553 2474/2366/3552 2484/2358/3524 2485/2356/3534
f 2475/2367/3555 2476/2363/3547 2482/2355/3531 2481/2354/3530
f 2471/2368/3559 2475/2367/3558 2481/2354/3528 2479/2352/3521
f 2474/2369/3552 2473/2361/3545 2480/2351/3525 2484/2348/3524
f 2472/2365/3562 2471/2370/3559 2479/2347/3521 2483/2346/3520
f 2489/2371/3519 2494/2372/3519 2466/2350/3519 2470/2360/3519
f 2466/2350/3519 2494/2372/3519 2487/2373/3519 2468/2349/3519
f 2465/2343/3519 2491/2344/3519 2489/2371/3519 2470/2360/3519
f 2493/2341/3519 2488/2374/3519 2467/2353/3519 2463/2340/3519
f 2492/2338/3519 2464/2339/3519 2468/2357/3519 2487/2375/3519
f 2494/2376/3563 2502/2379/3564 2495/2378/3565 2487/2377/3566
f 2493/2380/3567 2501/2383/3568 2496/2382/3569 2488/2381/3570
f 2492/2384/3571 2500/2387/3572 2498/2386/3573 2490/2385/3574
f 2491/2388/3575 2499/2391/3576 2497/2390/3577 2489/2389/3578
f 2489/2389/3578 2497/2390/3577 2502/2379/3564 2494/2376/3563
f 2490/2385/3574 2498/2386/3573 2501/2383/3568 2493/2380/3579
f 2487/2377/3566 2495/2378/3565 2500/2387/3572 2492/2384/3580
f 2488/2381/3570 2496/2382/3569 2499/2391/3576 2491/2388/3581
f 2497/2392/3577 2505/2395/3582 2510/2394/3583 2502/2393/3564
f 2498/2396/3573 2506/2399/3584 2509/2398/3585 2501/2397/3568
f 2495/2400/3565 2503/2403/3586 2508/2402/3587 2500/2401/3572
f 2496/2404/3569 2504/2407/3588 2507/2406/3589 2499/2405/3576
f 2502/2393/3564 2510/2394/3583 2503/2403/3586 2495/2400/3565
f 2501/2397/3568 2509/2398/3585 2504/2407/3588 2496/2404/3569
f 2500/2401/3572 2508/2402/3587 2506/2399/3584 2498/2396/3573
f 2499/2405/3576 2507/2406/3589 2505/2395/3582 2497/2392/3577
f 2505/2395/3519 2507/2406/3519 2504/2407/3519 2509/2398/3585 2506/2399/3584 2508/2402/3587 2503/2403/3586 2510/2394/3519
o LowerArm
v 0.006530 0.000268 -0.754507
v -0.367527 0.000589 -0.754507
v -0.191675 0.207092 -0.754506
v -0.203464 -0.193475 -0.754507
v -0.345127 0.145199 -0.754507
v -0.054553 -0.158855 -0.754507
v -0.342409 -0.127001 -0.754507
v -0.051865 0.162138 -0.754506
v -0.018596 0.000786 -0.633408
v -0.343646 0.000761 -0.633408
v -0.191998 0.179441 -0.633408
v -0.202961 -0.166480 -0.633408
v -0.325825 0.125636 -0.633189
v -0.073976 -0.136922 -0.633190
v -0.323134 -0.108482 -0.633190
v -0.089601 0.140772 -0.633189
v -0.194293 0.003902 -0.506117
v -0.105640 0.001464 -0.541108
v -0.293208 0.005146 -0.541108
v -0.202055 0.105363 -0.541108
v -0.198894 -0.096769 -0.541108
v -0.283865 0.100378 -0.552480
v -0.107958 -0.097884 -0.552480
v -0.287205 -0.090451 -0.552480
v -0.107989 0.104305 -0.552480
v -0.195574 -0.003671 -1.182074
v 0.021538 0.000269 -1.303264
v -0.382512 0.000590 -1.303264
v -0.191675 0.270830 -1.243025
v -0.203464 -0.257211 -1.274730
v -0.345127 0.212359 -1.280684
v -0.054553 -0.222591 -1.274730
v -0.342409 -0.173620 -1.295271
v -0.051865 0.222415 -1.281093
v -0.377398 0.000518 -1.076098
v -0.352804 0.186516 -1.044865
v 0.016886 0.000036 -1.076098
v -0.046778 -0.201149 -1.061533
v -0.044690 0.204158 -1.044865
v -0.350089 -0.167966 -1.061533
v -0.203651 -0.238434 -1.061393
v -0.191566 0.252279 -1.044569
v -0.374229 0.000488 -0.863588
v 0.013713 0.000106 -0.863588
v -0.046906 0.179731 -0.852798
v -0.347864 -0.143719 -0.858556
v -0.350634 0.162218 -0.852798
v -0.049051 -0.176654 -0.858556
v -0.203619 -0.212870 -0.858508
v -0.191498 0.226656 -0.852696
v -0.192059 0.249482 -1.247785
v 0.004510 0.000303 -1.303264
v -0.370159 0.000595 -1.303264
v -0.202673 -0.227734 -1.277992
v -0.333279 0.195959 -1.248559
v -0.071390 -0.205519 -1.277582
v -0.067006 0.206771 -1.272194
v -0.336071 -0.165933 -1.277124
v -0.192146 0.237182 -1.202177
v -0.023025 -0.002348 -1.255507
v -0.363349 -0.002067 -1.255507
v -0.202349 -0.221554 -1.231214
v -0.327897 0.185732 -1.202922
v -0.076150 -0.200200 -1.230820
v -0.089693 0.203201 -1.201197
v -0.326491 -0.176462 -1.230466
v -0.196276 0.195775 -1.151549
v -0.043065 -0.004866 -1.189437
v -0.335119 -0.003951 -1.189597
v -0.201153 -0.191577 -1.177086
v -0.312009 0.161173 -1.156675
v -0.087286 -0.175994 -1.180403
v -0.095016 0.173153 -1.155488
v -0.312632 -0.159612 -1.180158
v 0.006530 0.000268 0.754507
v -0.367527 0.000589 0.754507
v -0.191675 0.207092 0.754506
v -0.203464 -0.193475 0.754507
v -0.345127 0.145199 0.754507
v -0.054553 -0.158855 0.754507
v -0.342409 -0.127002 0.754507
v -0.051865 0.162138 0.754506
v -0.018596 0.000785 0.633408
v -0.343646 0.000761 0.633408
v -0.191998 0.179440 0.633408
v -0.202961 -0.166480 0.633408
v -0.325825 0.125636 0.633189
v -0.073976 -0.136922 0.633190
v -0.323134 -0.108482 0.633190
v -0.089601 0.140772 0.633189
v -0.194293 0.003901 0.506117
v -0.105640 0.001464 0.541108
v -0.293208 0.005146 0.541108
v -0.202055 0.105363 0.541108
v -0.198894 -0.096769 0.541108
v -0.283865 0.100377 0.552480
v -0.107958 -0.097884 0.552480
v -0.287205 -0.090452 0.552480
v -0.107989 0.104305 0.552480
v -0.195574 -0.003671 1.182074
v 0.021538 0.000269 1.303264
v -0.382512 0.000590 1.303264
v -0.191675 0.270829 1.243025
v -0.203464 -0.257211 1.274730
v -0.345127 0.212359 1.280684
v -0.054553 -0.222591 1.274730
v -0.342409 -0.173620 1.295271
v -0.051865 0.222415 1.281093
v -0.377398 0.000518 1.076098
v -0.352804 0.186516 1.044865
v 0.016886 0.000036 1.076098
v -0.046778 -0.201149 1.061533
v -0.044690 0.204158 1.044865
v -0.350089 -0.167967 1.061533
v -0.203651 -0.238434 1.061393
v -0.191566 0.252279 1.044569
v -0.374229 0.000488 0.863588
v 0.013713 0.000106 0.863588
v -0.046906 0.179731 0.852798
v -0.347864 -0.143719 0.858556
v -0.350634 0.162218 0.852798
v -0.049051 -0.176654 0.858556
v -0.203619 -0.212870 0.858508
v -0.191498 0.226656 0.852696
v -0.192059 0.249482 1.247785
v 0.004510 0.000303 1.303264
v -0.370159 0.000595 1.303264
v -0.202673 -0.227734 1.277992
v -0.333279 0.195959 1.248559
v -0.071390 -0.205519 1.277582
v -0.067006 0.206771 1.272194
v -0.336071 -0.165933 1.277124
v -0.192146 0.237182 1.202177
v -0.023025 -0.002348 1.255507
v -0.363349 -0.002068 1.255507
v -0.202349 -0.221554 1.231214
v -0.327897 0.185732 1.202922
v -0.076150 -0.200200 1.230820
v -0.089693 0.203201 1.201197
v -0.326491 -0.176462 1.230466
v -0.196276 0.195775 1.151549
v -0.043065 -0.004866 1.189437
v -0.335119 -0.003951 1.189597
v -0.201153 -0.191577 1.177086
v -0.312009 0.161173 1.156675
v -0.087286 -0.175994 1.180403
v -0.095016 0.173153 1.155488
v -0.312632 -0.159613 1.180158
vn -0.9836 -0.1803 0.0099
vn -0.9998 -0.0183 0.0102
vn -0.9997 -0.0238 -0.0001
vn -0.9812 -0.1932 -0.0031
vn 0.9535 0.3007 0.0193
vn 0.9998 -0.0070 0.0193
vn 1.0000 -0.0026 0.0079
vn 0.9536 0.3011 0.0068
vn -0.9895 0.1438 0.0125
vn -0.9881 0.1535 0.0031
vn 0.9492 -0.3139 0.0195
vn 0.9500 -0.3122 0.0083
vn -0.9439 -0.0140 0.3299
vn -0.9344 -0.1655 0.3155
vn -0.8788 -0.1386 0.4566
vn -0.8812 0.0007 0.4727
vn 0.9125 0.0170 0.4086
vn 0.8568 0.3320 0.3946
vn 0.7978 0.2659 0.5412
vn 0.5483 0.0108 0.8362
vn -0.9364 0.1405 0.3214
vn -0.8678 0.1314 0.4793
vn 0.8719 -0.3017 0.3857
vn 0.5707 -0.2334 0.7873
vn -0.9914 -0.0201 0.1291
vn -0.9748 -0.1853 0.1240
vn -0.1073 -0.9742 0.1984
vn 0.2219 -0.9558 0.1927
vn 0.1851 -0.9127 0.3644
vn -0.0935 -0.9256 0.3668
vn -0.0305 0.9765 0.2132
vn -0.3671 0.9101 0.1924
vn -0.3196 0.8819 0.3465
vn -0.0209 0.9226 0.3852
vn 0.3092 0.9279 0.2084
vn 0.2645 0.8827 0.3884
vn -0.4251 -0.8865 0.1829
vn -0.3651 -0.8698 0.3318
vn 0.9261 -0.3507 0.1387
vn 0.9860 0.0009 0.1668
vn -0.9817 0.1456 0.1226
vn 0.9204 0.3529 0.1681
vn 0.0069 0.0007 1.0000
vn 0.2436 0.2261 0.9431
vn -0.0096 0.2322 0.9726
vn -0.2465 0.2242 0.9428
vn -0.2510 -0.0009 0.9680
vn -0.0025 -0.2327 0.9725
vn -0.2428 -0.2247 0.9437
vn 0.1347 -0.8283 0.5439
vn -0.0731 -0.8470 0.5265
vn -0.2500 0.8191 0.5164
vn -0.0415 0.8366 0.5463
vn 0.1954 0.8115 0.5507
vn -0.2814 -0.8280 0.4850
vn 0.3449 -0.9064 -0.2438
vn -0.0144 -0.9733 -0.2290
vn 0.0117 -0.9122 -0.4097
vn 0.3183 -0.8579 -0.4033
vn 0.6046 -0.2609 -0.7526
vn 0.5438 -0.0178 -0.8390
vn 0.5458 -0.0239 -0.8376
vn 0.2171 0.0272 -0.9758
vn 0.2551 0.0582 -0.9652
vn 0.0211 -0.1269 -0.9917
vn -0.1200 -0.0593 -0.9910
vn -0.1209 -0.0589 -0.9909
vn 0.4473 0.2213 -0.8666
vn 0.2281 -0.9680 0.1043
vn -0.1201 -0.9882 0.0952
vn 0.2281 -0.9697 0.0874
vn -0.3744 0.9213 0.1053
vn -0.0301 0.9937 0.1084
vn -0.3749 0.9229 0.0878
vn 0.3173 0.9430 0.1001
vn 0.3272 0.9420 0.0743
vn -0.4535 -0.8880 0.0769
vn -0.4769 -0.8781 0.0396
vn -0.1066 -0.9827 0.1516
vn -0.4282 -0.8928 0.1397
vn -0.0348 0.9863 0.1614
vn 0.3051 0.9396 0.1551
vn -0.3714 0.9161 0.1513
vn 0.2260 -0.9627 0.1489
vn 0.9982 -0.0090 0.0595
vn 0.9427 -0.3290 0.0563
vn -0.9988 -0.0182 0.0457
vn -0.9891 0.1400 0.0446
vn 0.9483 0.3125 0.0556
vn -0.9834 -0.1757 0.0452
vn 0.9701 0.0258 -0.2413
vn 0.9588 -0.1035 -0.2644
vn 0.9238 -0.0617 -0.3779
vn 0.9296 0.0320 -0.3672
vn -0.1651 0.9779 -0.1281
vn 0.1116 0.9916 -0.0660
vn 0.0954 0.9611 -0.2592
vn -0.1557 0.9435 -0.2924
vn -0.8944 -0.2192 -0.3898
vn -0.9305 0.0095 -0.3661
vn -0.9421 0.0094 -0.3353
vn -0.9162 -0.2226 -0.3332
vn -0.2597 0.0105 -0.9656
vn 0.9730 0.1809 -0.1436
vn 0.9889 0.0200 -0.1475
vn 0.9530 0.1534 -0.2612
vn -0.9222 0.2368 -0.3057
vn -0.9315 0.2192 -0.2901
vn -0.9567 -0.0076 -0.2910
vn -0.2865 -0.8731 -0.3945
vn -0.2232 -0.7723 -0.5947
vn 0.0407 -0.8008 -0.5975
vn 0.3480 0.9172 -0.1938
vn 0.2850 0.8586 -0.4261
vn 0.0760 0.8865 -0.4564
vn 0.3834 0.9236 0.0024
vn -0.3311 -0.9242 -0.1905
vn -0.9135 0.2521 -0.3192
vn 0.9786 -0.1434 -0.1475
vn -0.0014 0.0660 -0.9978
vn -0.0021 0.1672 -0.9859
vn -0.0285 0.1644 -0.9860
vn -0.0336 0.0637 -0.9974
vn 0.0315 0.0650 -0.9974
vn 0.0256 0.1699 -0.9851
vn -0.0382 -0.0337 -0.9987
vn -0.0017 -0.0368 -0.9993
vn 0.0371 -0.0401 -0.9985
vn 0.9268 0.1298 -0.3524
vn -0.9340 -0.2250 -0.2775
vn -0.1401 0.8736 -0.4661
vn 0.2792 -0.7776 -0.5634
vn -0.9836 -0.1803 -0.0099
vn -0.9812 -0.1932 0.0031
vn -0.9997 -0.0238 0.0001
vn -0.9998 -0.0183 -0.0102
vn 0.9535 0.3007 -0.0193
vn 0.9536 0.3011 -0.0068
vn 1.0000 -0.0026 -0.0079
vn 0.9998 -0.0070 -0.0193
vn -0.9881 0.1535 -0.0031
vn -0.9895 0.1438 -0.0125
vn 0.9500 -0.3122 -0.0083
vn 0.9492 -0.3139 -0.0195
vn -0.9439 -0.0140 -0.3299
vn -0.8812 0.0007 -0.4727
vn -0.8788 -0.1386 -0.4566
vn -0.9344 -0.1655 -0.3155
vn 0.9125 0.0170 -0.4086
vn 0.5483 0.0108 -0.8362
vn 0.7978 0.2659 -0.5412
vn 0.8568 0.3320 -0.3946
vn -0.9364 0.1405 -0.3214
vn -0.8678 0.1314 -0.4793
vn 0.8719 -0.3017 -0.3857
vn 0.5707 -0.2334 -0.7873
vn -0.9914 -0.0201 -0.1291
vn -0.9748 -0.1853 -0.1240
vn -0.1073 -0.9742 -0.1984
vn -0.0935 -0.9256 -0.3668
vn 0.1851 -0.9127 -0.3644
vn 0.2219 -0.9558 -0.1927
vn -0.0305 0.9765 -0.2132
vn -0.0209 0.9226 -0.3852
vn -0.3196 0.8819 -0.3465
vn -0.3671 0.9101 -0.1924
vn 0.3092 0.9279 -0.2084
vn 0.2645 0.8827 -0.3884
vn -0.4251 -0.8865 -0.1829
vn -0.3651 -0.8698 -0.3318
vn 0.9261 -0.3507 -0.1387
vn 0.9860 0.0009 -0.1668
vn -0.9817 0.1456 -0.1226
vn 0.9204 0.3529 -0.1681
vn 0.0069 0.0007 -1.0000
vn -0.0096 0.2322 -0.9726
vn 0.2436 0.2261 -0.9431
vn -0.2510 -0.0009 -0.9680
vn -0.2465 0.2242 -0.9428
vn -0.0025 -0.2327 -0.9725
vn -0.2428 -0.2247 -0.9437
vn -0.0731 -0.8470 -0.5265
vn 0.1347 -0.8283 -0.5439
vn -0.0415 0.8366 -0.5463
vn -0.2500 0.8191 -0.5164
vn 0.1954 0.8115 -0.5507
vn -0.2814 -0.8280 -0.4850
vn 0.3449 -0.9064 0.2438
vn 0.3183 -0.8579 0.4033
vn 0.0117 -0.9122 0.4097
vn -0.0144 -0.9733 0.2290
vn 0.6046 -0.2609 0.7526
vn 0.5458 -0.0239 0.8376
vn 0.5438 -0.0178 0.8390
vn 0.2171 0.0272 0.9758
vn 0.0211 -0.1269 0.9917
vn -0.1209 -0.0589 0.9909
vn -0.1200 -0.0593 0.9910
vn 0.2551 0.0582 0.9652
vn 0.4473 0.2213 0.8666
vn 0.2281 -0.9680 -0.1043
vn 0.2281 -0.9697 -0.0874
vn -0.1201 -0.9882 -0.0952
vn -0.3744 0.9213 -0.1053
vn -0.3749 0.9229 -0.0878
vn -0.0301 0.9937 -0.1084
vn 0.3272 0.9420 -0.0743
vn 0.3173 0.9430 -0.1001
vn -0.4769 -0.8781 -0.0396
vn -0.4535 -0.8880 -0.0769
vn -0.1066 -0.9827 -0.1516
vn -0.4282 -0.8928 -0.1397
vn -0.0348 0.9863 -0.1614
vn 0.3051 0.9396 -0.1551
vn -0.3714 0.9161 -0.1513
vn 0.2260 -0.9627 -0.1489
vn 0.9982 -0.0090 -0.0595
vn 0.9427 -0.3290 -0.0563
vn -0.9988 -0.0182 -0.0457
vn -0.9891 0.1400 -0.0446
vn 0.9483 0.3125 -0.0556
vn -0.9834 -0.1757 -0.0452
vn 0.9701 0.0258 0.2413
vn 0.9296 0.0320 0.3672
vn 0.9238 -0.0617 0.3779
vn 0.9588 -0.1035 0.2644
vn -0.1651 0.9779 0.1281
vn -0.1557 0.9435 0.2924
vn 0.0954 0.9611 0.2592
vn 0.1116 0.9916 0.0660
vn -0.8944 -0.2192 0.3898
vn -0.9162 -0.2226 0.3332
vn -0.9421 0.0094 0.3353
vn -0.9305 0.0095 0.3661
vn -0.2597 0.0105 0.9656
vn 0.9730 0.1809 0.1436
vn 0.9530 0.1534 0.2612
vn 0.9889 0.0200 0.1475
vn -0.9567 -0.0076 0.2910
vn -0.9315 0.2192 0.2901
vn -0.9222 0.2368 0.3057
vn 0.0407 -0.8008 0.5975
vn -0.2232 -0.7723 0.5947
vn -0.2865 -0.8731 0.3945
vn 0.0760 0.8865 0.4564
vn 0.2850 0.8586 0.4261
vn 0.3480 0.9172 0.1938
vn 0.3834 0.9236 -0.0024
vn -0.3311 -0.9242 0.1905
vn -0.9135 0.2521 0.3192
vn 0.9786 -0.1434 0.1475
vn -0.0014 0.0660 0.9978
vn -0.0336 0.0637 0.9974
vn -0.0285 0.1644 0.9860
vn -0.0021 0.1672 0.9859
vn 0.0315 0.0650 0.9974
vn 0.0256 0.1699 0.9851
vn -0.0017 -0.0368 0.9993
vn -0.0382 -0.0337 0.9987
vn 0.0371 -0.0401 0.9985
vn 0.9268 0.1298 0.3524
vn -0.9340 -0.2250 0.2775
vn -0.1401 0.8736 0.4661
vn 0.2792 -0.7776 0.5634
vt 0.336778 0.757877
vt 0.307116 0.747241
vt 0.317524 0.703608
vt 0.350031 0.713517
vt 0.213331 0.740659
vt 0.174035 0.736970
vt 0.170708 0.691853
vt 0.215793 0.693997
vt 0.272429 0.745603
vt 0.276558 0.699127
vt 0.135168 0.743955
vt 0.126070 0.701895
vt 0.742614 0.307013
vt 0.740378 0.308110
vt 0.740119 0.306382
vt 0.741195 0.305414
vt 0.737460 0.301642
vt 0.740671 0.300668
vt 0.740331 0.302386
vt 0.739168 0.303437
vt 0.744016 0.304602
vt 0.742194 0.304342
vt 0.736235 0.304616
vt 0.738093 0.304512
vt 0.291955 0.807347
vt 0.314828 0.813531
vt 0.306094 0.836574
vt 0.285676 0.830658
vt 0.121034 0.811249
vt 0.149270 0.803096
vt 0.154760 0.827938
vt 0.129804 0.835525
vt 0.236989 0.796781
vt 0.266502 0.800639
vt 0.262419 0.824580
vt 0.234959 0.821209
vt 0.210748 0.795682
vt 0.213855 0.820546
vt 0.341710 0.824507
vt 0.329755 0.846922
vt 0.180251 0.798788
vt 0.183524 0.823203
vt 0.740164 0.304351
vt 0.741340 0.303411
vt 0.739129 0.305458
vt 0.737612 0.307169
vt 0.742896 0.301673
vt 0.713411 0.306349
vt 0.710042 0.306191
vt 0.710548 0.305242
vt 0.713037 0.305313
vt 0.518428 0.022566
vt 0.520467 0.022845
vt 0.525572 0.035406
vt 0.540338 0.042009
vt 0.540310 0.043077
vt 0.522957 0.037911
vt 0.564104 0.030650
vt 0.561659 0.030047
vt 0.562177 0.018563
vt 0.545897 0.008401
vt 0.546163 0.006896
vt 0.563953 0.017446
vt 0.553563 0.038793
vt 0.554532 0.040296
vt 0.105087 0.749566
vt 0.097093 0.706771
vt 0.241227 0.741577
vt 0.244220 0.702232
vt 0.365706 0.766722
vt 0.378933 0.725598
vt 0.350868 0.805067
vt 0.322786 0.794752
vt 0.238445 0.777850
vt 0.211693 0.777069
vt 0.268456 0.781969
vt 0.143949 0.783085
vt 0.114636 0.790261
vt 0.177830 0.777902
vt 0.297299 0.787019
vt 0.715879 0.303098
vt 0.712732 0.304395
vt 0.714550 0.302551
vt 0.711583 0.296614
vt 0.714704 0.297042
vt 0.714124 0.298065
vt 0.711875 0.297644
vt 0.707663 0.304144
vt 0.707641 0.299299
vt 0.708764 0.299840
vt 0.709236 0.303869
vt 0.526280 0.011925
vt 0.525108 0.010089
vt 0.716704 0.299740
vt 0.716888 0.303536
vt 0.715649 0.299805
vt 0.712032 0.298625
vt 0.710138 0.300504
vt 0.710014 0.303301
vt 0.711079 0.304269
vt 0.714759 0.300115
vt 0.713573 0.299084
vt 0.712381 0.301572
s 1
usemtl Material.009
f 2550/2408/3590 2545/2409/3591 2538/2410/3592 2543/2411/3593
f 2549/2412/3594 2547/2413/3595 2537/2414/3596 2544/2415/3597
f 2545/2409/3591 2546/2416/3598 2541/2417/3599 2538/2410/3592
f 2547/2413/3595 2548/2418/3600 2542/2419/3601 2537/2414/3596
f 2520/2420/3602 2525/2421/3603 2534/2422/3604 2529/2423/3605
f 2519/2424/3606 2526/2425/3607 2535/2426/3608 2528/2427/3609
f 2523/2428/3610 2520/2420/3602 2529/2423/3605 2532/2429/3611
f 2524/2430/3612 2519/2424/3606 2528/2427/3609 2533/2431/3613
f 2512/2432/3614 2517/2433/3615 2525/2434/3603 2520/2435/3602
f 2514/2436/3616 2516/2437/3617 2524/2438/3618 2522/2439/3619
f 2513/2440/3620 2515/2441/3621 2523/2442/3622 2521/2443/3623
f 2518/2444/3624 2513/2440/3620 2521/2443/3623 2526/2445/3625
f 2517/2433/3626 2514/2446/3616 2522/2447/3619 2525/2434/3627
f 2516/2437/3628 2511/2448/3629 2519/2449/3606 2524/2438/3612
f 2515/2441/3630 2512/2432/3614 2520/2435/3602 2523/2442/3610
f 2511/2448/3629 2518/2444/3631 2526/2445/3607 2519/2449/3606
f 2527/2450/3632 2528/2427/3609 2535/2426/3633 2530/2451/3634
f 2530/2451/3634 2532/2429/3635 2529/2423/3636 2527/2450/3632
f 2531/2452/3637 2533/2431/3613 2528/2427/3609 2527/2450/3632
f 2529/2423/3636 2534/2422/3638 2531/2452/3637 2527/2450/3632
f 2522/2453/3619 2524/2430/3618 2533/2431/3639 2531/2452/3640
f 2521/2454/3623 2523/2428/3622 2532/2429/3641 2530/2451/3642
f 2526/2425/3625 2521/2454/3623 2530/2451/3642 2535/2426/3643
f 2525/2421/3627 2522/2453/3619 2531/2452/3640 2534/2422/3644
f 2565/2455/3645 2561/2456/3646 2569/2457/3647 2573/2458/3648
f 2539/2459/3649 2561/2460/3649 2565/2461/3649 2563/2462/3650 2538/2463/3651 2541/2464/3649
f 2540/2465/3652 2564/2466/3653 2566/2467/3654 2562/2468/3655 2537/2469/3656 2542/2470/3654
f 2538/2463/3651 2563/2462/3650 2568/2471/3657 2564/2466/3653 2540/2465/3652 2543/2472/3657
f 2548/2418/3658 2551/2473/3659 2540/2474/3660 2542/2419/3660
f 2546/2416/3661 2552/2475/3662 2539/2476/3663 2541/2417/3663
f 2552/2475/3662 2549/2412/3664 2544/2415/3665 2539/2476/3665
f 2551/2477/3659 2550/2408/3666 2543/2411/3667 2540/2478/3667
f 2559/2479/3668 2556/2480/3669 2550/2408/3666 2551/2477/3659
f 2560/2481/3670 2555/2482/3671 2549/2412/3664 2552/2475/3662
f 2557/2483/3672 2560/2481/3670 2552/2475/3662 2546/2416/3661
f 2558/2484/3673 2559/2485/3668 2551/2473/3659 2548/2418/3658
f 2554/2486/3674 2558/2484/3675 2548/2418/3600 2547/2413/3595
f 2553/2487/3676 2557/2483/3677 2546/2416/3598 2545/2409/3591
f 2555/2482/3678 2554/2486/3674 2547/2413/3595 2549/2412/3594
f 2556/2480/3679 2553/2487/3676 2545/2409/3591 2550/2408/3590
f 2517/2433/3615 2512/2432/3614 2553/2487/3676 2556/2480/3679
f 2518/2444/3631 2511/2448/3629 2554/2486/3674 2555/2482/3678
f 2512/2432/3614 2515/2441/3630 2557/2483/3677 2553/2487/3676
f 2511/2448/3629 2516/2437/3628 2558/2484/3675 2554/2486/3674
f 2516/2437/3617 2514/2436/3616 2559/2485/3668 2558/2484/3673
f 2515/2441/3621 2513/2440/3620 2560/2481/3670 2557/2483/3672
f 2513/2440/3620 2518/2444/3624 2555/2482/3671 2560/2481/3670
f 2514/2446/3616 2517/2433/3626 2556/2480/3669 2559/2479/3668
f 2571/2488/3680 2573/2458/3681 2581/2489/3682 2579/2490/3683
f 2566/2491/3684 2564/2492/3685 2572/2493/3686 2574/2494/3687
f 2567/2495/3688 2562/2496/3689 2570/2497/3690 2575/2498/3691
f 2562/2468/3655 2567/2499/3692 2561/2460/3692 2539/2459/3692 2544/2500/3692 2537/2469/3656
f 2568/2501/3693 2563/2502/3694 2571/2488/3680 2576/2503/3695
f 2570/2497/3690 2574/2494/3696 2582/2504/3697 2578/2505/3698
f 2569/2457/3647 2575/2498/3699 2583/2506/3700 2577/2507/3701
f 2572/2493/3686 2576/2503/3702 2584/2508/3703 2580/2509/3704
f 2564/2492/3685 2568/2501/3705 2576/2503/3702 2572/2493/3686
f 2561/2456/3646 2567/2495/3706 2575/2498/3699 2569/2457/3647
f 2562/2496/3689 2566/2491/3707 2574/2494/3696 2570/2497/3690
f 2563/2502/3694 2565/2455/3708 2573/2458/3681 2571/2488/3680
f 2536/2510/3709 2577/2507/3710 2583/2506/3711 2578/2505/3712
f 2579/2490/3713 2581/2489/3714 2577/2507/3710 2536/2510/3709
f 2578/2505/3712 2582/2504/3715 2580/2509/3716 2536/2510/3709
f 2580/2509/3716 2584/2508/3717 2579/2490/3713 2536/2510/3709
f 2576/2503/3695 2571/2488/3680 2579/2490/3683 2584/2508/3718
f 2575/2498/3691 2570/2497/3690 2578/2505/3698 2583/2506/3719
f 2574/2494/3687 2572/2493/3686 2580/2509/3704 2582/2504/3720
f 2573/2458/3648 2569/2457/3647 2577/2507/3701 2581/2489/3721
f 2624/2408/3722 2617/2411/3723 2612/2410/3724 2619/2409/3725
f 2623/2412/3726 2618/2415/3727 2611/2414/3728 2621/2413/3729
f 2619/2409/3725 2612/2410/3724 2615/2417/3730 2620/2416/3731
f 2621/2413/3729 2611/2414/3728 2616/2419/3732 2622/2418/3733
f 2594/2420/3734 2603/2423/3735 2608/2422/3736 2599/2421/3737
f 2593/2424/3738 2602/2427/3739 2609/2426/3740 2600/2425/3741
f 2597/2428/3742 2606/2429/3743 2603/2423/3735 2594/2420/3734
f 2598/2430/3744 2607/2431/3745 2602/2427/3739 2593/2424/3738
f 2586/2432/3746 2594/2435/3734 2599/2434/3737 2591/2433/3747
f 2588/2436/3748 2596/2439/3749 2598/2438/3750 2590/2437/3751
f 2587/2440/3752 2595/2443/3753 2597/2442/3754 2589/2441/3755
f 2592/2444/3756 2600/2445/3757 2595/2443/3753 2587/2440/3752
f 2591/2433/3758 2599/2434/3759 2596/2447/3749 2588/2446/3748
f 2590/2437/3760 2598/2438/3744 2593/2449/3738 2585/2448/3761
f 2589/2441/3762 2597/2442/3742 2594/2435/3734 2586/2432/3746
f 2585/2448/3761 2593/2449/3738 2600/2445/3741 2592/2444/3763
f 2601/2450/3764 2604/2451/3765 2609/2426/3766 2602/2427/3739
f 2604/2451/3765 2601/2450/3764 2603/2423/3767 2606/2429/3768
f 2605/2452/3769 2601/2450/3764 2602/2427/3739 2607/2431/3745
f 2603/2423/3767 2601/2450/3764 2605/2452/3769 2608/2422/3770
f 2596/2453/3749 2605/2452/3771 2607/2431/3772 2598/2430/3750
f 2595/2454/3753 2604/2451/3773 2606/2429/3774 2597/2428/3754
f 2600/2425/3757 2609/2426/3775 2604/2451/3773 2595/2454/3753
f 2599/2421/3759 2608/2422/3776 2605/2452/3771 2596/2453/3749
f 2639/2455/3777 2647/2458/3778 2643/2457/3779 2635/2456/3780
f 2613/2459/3781 2615/2464/3781 2612/2463/3782 2637/2462/3783 2639/2461/3781 2635/2460/3781
f 2614/2465/3784 2616/2470/3785 2611/2469/3786 2636/2468/3787 2640/2467/3785 2638/2466/3788
f 2612/2463/3782 2617/2472/3789 2614/2465/3784 2638/2466/3788 2642/2471/3789 2637/2462/3783
f 2622/2418/3790 2616/2419/3791 2614/2474/3791 2625/2473/3792
f 2620/2416/3793 2615/2417/3794 2613/2476/3794 2626/2475/3795
f 2626/2475/3795 2613/2476/3796 2618/2415/3796 2623/2412/3797
f 2625/2477/3792 2614/2478/3798 2617/2411/3798 2624/2408/3799
f 2633/2479/3800 2625/2477/3792 2624/2408/3799 2630/2480/3801
f 2634/2481/3802 2626/2475/3795 2623/2412/3797 2629/2482/3803
f 2631/2483/3804 2620/2416/3793 2626/2475/3795 2634/2481/3802
f 2632/2484/3805 2622/2418/3790 2625/2473/3792 2633/2485/3800
f 2628/2486/3806 2621/2413/3729 2622/2418/3733 2632/2484/3807
f 2627/2487/3808 2619/2409/3725 2620/2416/3731 2631/2483/3809
f 2629/2482/3810 2623/2412/3726 2621/2413/3729 2628/2486/3806
f 2630/2480/3811 2624/2408/3722 2619/2409/3725 2627/2487/3808
f 2591/2433/3747 2630/2480/3811 2627/2487/3808 2586/2432/3746
f 2592/2444/3763 2629/2482/3810 2628/2486/3806 2585/2448/3761
f 2586/2432/3746 2627/2487/3808 2631/2483/3809 2589/2441/3762
f 2585/2448/3761 2628/2486/3806 2632/2484/3807 2590/2437/3760
f 2590/2437/3751 2632/2484/3805 2633/2485/3800 2588/2436/3748
f 2589/2441/3755 2631/2483/3804 2634/2481/3802 2587/2440/3752
f 2587/2440/3752 2634/2481/3802 2629/2482/3803 2592/2444/3756
f 2588/2446/3748 2633/2479/3800 2630/2480/3801 2591/2433/3758
f 2645/2488/3812 2653/2490/3813 2655/2489/3814 2647/2458/3815
f 2640/2491/3816 2648/2494/3817 2646/2493/3818 2638/2492/3819
f 2641/2495/3820 2649/2498/3821 2644/2497/3822 2636/2496/3823
f 2636/2468/3787 2611/2469/3786 2618/2500/3824 2613/2459/3824 2635/2460/3824 2641/2499/3824
f 2642/2501/3825 2650/2503/3826 2645/2488/3812 2637/2502/3827
f 2644/2497/3822 2652/2505/3828 2656/2504/3829 2648/2494/3830
f 2643/2457/3779 2651/2507/3831 2657/2506/3832 2649/2498/3833
f 2646/2493/3818 2654/2509/3834 2658/2508/3835 2650/2503/3836
f 2638/2492/3819 2646/2493/3818 2650/2503/3836 2642/2501/3837
f 2635/2456/3780 2643/2457/3779 2649/2498/3833 2641/2495/3838
f 2636/2496/3823 2644/2497/3822 2648/2494/3830 2640/2491/3839
f 2637/2502/3827 2645/2488/3812 2647/2458/3815 2639/2455/3840
f 2610/2510/3841 2652/2505/3842 2657/2506/3843 2651/2507/3844
f 2653/2490/3845 2610/2510/3841 2651/2507/3844 2655/2489/3846
f 2652/2505/3842 2610/2510/3841 2654/2509/3847 2656/2504/3848
f 2654/2509/3847 2610/2510/3841 2653/2490/3845 2658/2508/3849
f 2650/2503/3826 2658/2508/3850 2653/2490/3813 2645/2488/3812
f 2649/2498/3821 2657/2506/3851 2652/2505/3828 2644/2497/3822
f 2648/2494/3817 2656/2504/3852 2654/2509/3834 2646/2493/3818
f 2647/2458/3778 2655/2489/3853 2651/2507/3831 2643/2457/3779
o Hand
v -0.170566 0.215594 -1.243080
v -0.175530 -0.100751 -1.212265
v -0.154474 0.252605 -1.358890
v -0.176181 -0.134313 -1.379544
v -0.167930 0.250133 -1.490791
v -0.175977 -0.177378 -1.433645
v -0.168135 0.113165 -1.175845
v -0.185620 0.147499 -1.375549
v -0.196247 0.140173 -1.477786
v -0.168135 0.015104 -1.175845
v -0.218766 -0.003060 -1.375918
v -0.196277 -0.042514 -1.463237
v -0.270040 0.195752 -1.239010
v -0.270040 -0.123562 -1.207428
v -0.270040 0.285988 -1.377851
v -0.270040 -0.191240 -1.368828
v -0.270040 0.285988 -1.490647
v -0.270040 -0.213799 -1.422969
v -0.270040 0.113165 -1.175845
v -0.318288 0.140397 -1.366197
v -0.314773 0.132020 -1.502065
v -0.270040 0.015104 -1.175845
v -0.318288 -0.033129 -1.362916
v -0.314773 -0.070217 -1.487710
v -0.161305 0.224179 -1.298950
v -0.175855 -0.117532 -1.295904
v -0.134185 0.084041 -1.300595
v -0.155646 0.005430 -1.277151
v -0.270040 0.240870 -1.308431
v -0.270040 -0.157401 -1.288128
v -0.318288 0.119073 -1.266425
v -0.318288 -0.016720 -1.264784
v -0.170566 0.215594 1.243080
v -0.175530 -0.100751 1.212265
v -0.154474 0.252605 1.358890
v -0.176181 -0.134313 1.379544
v -0.167930 0.250133 1.490791
v -0.175977 -0.177378 1.433645
v -0.168135 0.113165 1.175845
v -0.185620 0.147499 1.375549
v -0.196247 0.140173 1.477786
v -0.168135 0.015104 1.175845
v -0.218766 -0.003060 1.375918
v -0.196277 -0.042514 1.463237
v -0.270040 0.195752 1.239010
v -0.270040 -0.123562 1.207428
v -0.270040 0.285988 1.377851
v -0.270040 -0.191240 1.368828
v -0.270040 0.285988 1.490647
v -0.270040 -0.213799 1.422969
v -0.270040 0.113165 1.175845
v -0.318288 0.140397 1.366197
v -0.314773 0.132020 1.502065
v -0.270040 0.015104 1.175845
v -0.318288 -0.033129 1.362916
v -0.314773 -0.070217 1.487710
v -0.161305 0.224179 1.298950
v -0.175855 -0.117532 1.295904
v -0.134185 0.084041 1.300595
v -0.155646 0.005430 1.277151
v -0.270040 0.240870 1.308431
v -0.270040 -0.157401 1.288128
v -0.318288 0.119073 1.266425
v -0.318288 -0.016720 1.264784
vn 0.9853 -0.1053 -0.1345
vn 0.9835 0.0168 -0.1800
vn 0.9747 0.1899 -0.1178
vn 0.9787 -0.0184 -0.2046
vn 0.9725 0.2318 0.0208
vn 0.9938 0.1004 0.0477
vn 0.9709 -0.1358 -0.1972
vn 0.9674 -0.1443 -0.2082
vn 0.9834 -0.1817 -0.0019
vn 0.9605 -0.2641 -0.0877
vn 0.9925 0.0816 -0.0910
vn 0.9791 -0.0824 -0.1858
vn -0.9641 -0.1359 0.2281
vn -0.9887 -0.1463 0.0322
vn -0.9529 -0.2928 0.0797
vn -0.9418 -0.2870 0.1753
vn -0.9888 -0.1473 0.0260
vn -0.9570 -0.2804 0.0747
vn -0.9462 0.3213 0.0372
vn -0.9548 0.2963 -0.0235
vn -0.9893 0.1436 -0.0255
vn -0.9828 0.1825 0.0300
vn -0.9073 0.3706 0.1986
vn -0.9485 0.1825 0.2590
vn 0.4527 -0.8171 0.3569
vn 0.4506 -0.8109 0.3733
vn 0.4354 -0.7694 0.4673
vn 0.3051 0.9520 -0.0264
vn 0.2078 0.9607 0.1839
vn 0.1722 0.9520 0.2532
vn 0.0163 0.7762 0.6303
vn 0.0048 0.7398 0.6728
vn -0.0211 0.3018 0.9531
vn -0.0209 0.2999 0.9538
vn 0.0266 -0.1282 0.9914
vn 0.0272 -0.1308 0.9910
vn 0.0539 -0.2592 0.9643
vn 0.3917 -0.8796 0.2701
vn 0.3956 -0.8780 0.2696
vn 0.0596 0.8908 0.4505
vn 0.1832 -0.1730 -0.9677
vn 0.1478 -0.2862 -0.9467
vn 0.1800 -0.1834 -0.9664
vn 0.1528 -0.0522 -0.9869
vn 0.1660 -0.0569 -0.9845
vn 0.1043 -0.0349 -0.9939
vn 0.3195 -0.9058 0.2784
vn -0.8822 0.1496 0.4465
vn -0.8990 -0.0805 0.4304
vn -0.8385 0.3925 0.3780
vn -0.9107 -0.2254 0.3462
vn 0.9760 0.0368 0.2147
vn 0.9810 -0.1081 0.1611
vn 0.9620 0.1741 0.2104
vn 0.9875 -0.1336 0.0840
vn 0.9853 -0.1053 0.1345
vn 0.9787 -0.0184 0.2046
vn 0.9747 0.1899 0.1178
vn 0.9835 0.0168 0.1800
vn 0.9938 0.1004 -0.0477
vn 0.9725 0.2318 -0.0208
vn 0.9709 -0.1358 0.1972
vn 0.9605 -0.2641 0.0877
vn 0.9834 -0.1817 0.0019
vn 0.9674 -0.1443 0.2082
vn 0.9925 0.0816 0.0910
vn 0.9791 -0.0824 0.1858
vn -0.9641 -0.1359 -0.2281
vn -0.9418 -0.2870 -0.1753
vn -0.9529 -0.2928 -0.0797
vn -0.9887 -0.1463 -0.0322
vn -0.9570 -0.2804 -0.0747
vn -0.9888 -0.1473 -0.0260
vn -0.9462 0.3213 -0.0372
vn -0.9828 0.1825 -0.0300
vn -0.9893 0.1436 0.0255
vn -0.9548 0.2963 0.0235
vn -0.9073 0.3706 -0.1986
vn -0.9485 0.1825 -0.2590
vn 0.4527 -0.8171 -0.3569
vn 0.4354 -0.7694 -0.4673
vn 0.4506 -0.8109 -0.3733
vn 0.3051 0.9520 0.0264
vn 0.1722 0.9520 -0.2532
vn 0.2078 0.9607 -0.1839
vn 0.0163 0.7762 -0.6303
vn -0.0209 0.2999 -0.9538
vn -0.0211 0.3018 -0.9531
vn 0.0048 0.7398 -0.6728
vn 0.0266 -0.1282 -0.9914
vn 0.0539 -0.2592 -0.9643
vn 0.0272 -0.1308 -0.9910
vn 0.3917 -0.8796 -0.2701
vn 0.3956 -0.8780 -0.2696
vn 0.0596 0.8908 -0.4505
vn 0.1832 -0.1730 0.9677
vn 0.1800 -0.1834 0.9664
vn 0.1478 -0.2862 0.9467
vn 0.1528 -0.0522 0.9869
vn 0.1660 -0.0569 0.9845
vn 0.1044 -0.0349 0.9939
vn 0.3195 -0.9058 -0.2784
vn -0.8822 0.1496 -0.4465
vn -0.8990 -0.0805 -0.4304
vn -0.8385 0.3925 -0.3780
vn -0.9107 -0.2254 -0.3462
vn 0.9760 0.0368 -0.2147
vn 0.9810 -0.1081 -0.1611
vn 0.9620 0.1741 -0.2104
vn 0.9875 -0.1336 -0.0840
vt 0.443485 0.094511
vt 0.472159 0.101447
vt 0.476469 0.121393
vt 0.445199 0.120681
vt 0.486480 0.134326
vt 0.454180 0.141114
vt 0.384925 0.111523
vt 0.410733 0.117828
vt 0.411265 0.142376
vt 0.383833 0.143432
vt 0.393147 0.097804
vt 0.425144 0.097954
vt 0.540141 0.083426
vt 0.537872 0.098355
vt 0.508221 0.099223
vt 0.516513 0.084745
vt 0.533194 0.118114
vt 0.503690 0.110867
vt 0.588782 0.096130
vt 0.594150 0.116347
vt 0.564678 0.118691
vt 0.564665 0.097323
vt 0.581286 0.085237
vt 0.559807 0.082718
vt 0.488494 0.084731
vt 0.482894 0.099924
vt 0.616109 0.107105
vt 0.604555 0.080240
vt 0.586109 0.063113
vt 0.572241 0.075218
vt 0.558664 0.067943
vt 0.563985 0.050644
vt 0.542805 0.048428
vt 0.544135 0.067742
vt 0.524887 0.073684
vt 0.517655 0.057124
vt 0.501157 0.069287
vt 0.595230 0.070215
vt 0.532564 0.141354
vt 0.502229 0.133887
vt 0.570070 0.140119
vt 0.593617 0.138679
vt 0.420673 0.068724
vt 0.443385 0.070681
vt 0.394996 0.083924
vt 0.469921 0.081565
s 1
usemtl Material.015
f 2686/2511/3854 2684/2512/3855 2662/2513/3856 2669/2514/3857
f 2669/2514/3857 2662/2513/3856 2664/2515/3858 2670/2516/3859
f 2661/2517/3860 2666/2518/3861 2667/2519/3862 2663/2520/3863
f 2683/2521/3864 2685/2522/3865 2666/2518/3861 2661/2517/3860
f 2666/2518/3861 2669/2514/3857 2670/2516/3859 2667/2519/3862
f 2685/2522/3865 2686/2511/3854 2669/2514/3857 2666/2518/3861
f 2690/2523/3866 2681/2524/3867 2674/2525/3868 2688/2526/3869
f 2681/2524/3867 2682/2527/3870 2676/2528/3871 2674/2525/3868
f 2673/2529/3872 2675/2530/3873 2679/2531/3874 2678/2532/3875
f 2687/2533/3876 2673/2529/3872 2678/2532/3875 2689/2534/3877
f 2678/2532/3875 2679/2531/3874 2682/2527/3870 2681/2524/3867
f 2689/2534/3877 2678/2532/3875 2681/2524/3867 2690/2523/3866
f 2662/2535/3878 2674/2525/3879 2676/2528/3880 2664/2536/3880
f 2663/2537/3881 2675/2530/3881 2673/2529/3882 2661/2538/3883
f 2659/2539/3884 2671/2540/3885 2677/2541/3886 2665/2542/3887
f 2668/2543/3888 2680/2544/3889 2672/2545/3890 2660/2546/3890
f 2684/2547/3891 2688/2526/3892 2674/2525/3879 2662/2535/3878
f 2659/2539/3884 2683/2548/3893 2661/2538/3883 2673/2529/3882 2687/2533/3893 2671/2540/3885
f 2670/2549/3894 2664/2550/3895 2676/2528/3895 2682/2527/3896
f 2667/2551/3897 2670/2549/3894 2682/2527/3896 2679/2531/3898
f 2663/2552/3899 2667/2551/3897 2679/2531/3898 2675/2530/3899
f 2665/2542/3887 2677/2541/3886 2680/2544/3889 2668/2543/3888
f 2660/2546/3900 2672/2545/3900 2688/2526/3892 2684/2547/3891
f 2677/2541/3901 2689/2534/3877 2690/2523/3866 2680/2544/3902
f 2671/2540/3903 2687/2533/3876 2689/2534/3877 2677/2541/3901
f 2680/2544/3902 2690/2523/3866 2688/2526/3869 2672/2545/3904
f 2665/2553/3905 2668/2554/3906 2686/2511/3854 2685/2522/3865
f 2659/2555/3907 2665/2553/3905 2685/2522/3865 2683/2521/3864
f 2668/2554/3906 2660/2556/3908 2684/2512/3855 2686/2511/3854
f 2718/2511/3909 2701/2514/3910 2694/2513/3911 2716/2512/3912
f 2701/2514/3910 2702/2516/3913 2696/2515/3914 2694/2513/3911
f 2693/2517/3915 2695/2520/3916 2699/2519/3917 2698/2518/3918
f 2715/2521/3919 2693/2517/3915 2698/2518/3918 2717/2522/3920
f 2698/2518/3918 2699/2519/3917 2702/2516/3913 2701/2514/3910
f 2717/2522/3920 2698/2518/3918 2701/2514/3910 2718/2511/3909
f 2722/2523/3921 2720/2526/3922 2706/2525/3923 2713/2524/3924
f 2713/2524/3924 2706/2525/3923 2708/2528/3925 2714/2527/3926
f 2705/2529/3927 2710/2532/3928 2711/2531/3929 2707/2530/3930
f 2719/2533/3931 2721/2534/3932 2710/2532/3928 2705/2529/3927
f 2710/2532/3928 2713/2524/3924 2714/2527/3926 2711/2531/3929
f 2721/2534/3932 2722/2523/3921 2713/2524/3924 2710/2532/3928
f 2694/2535/3933 2696/2536/3934 2708/2528/3934 2706/2525/3935
f 2695/2537/3936 2693/2538/3937 2705/2529/3938 2707/2530/3936
f 2691/2539/3939 2697/2542/3940 2709/2541/3941 2703/2540/3942
f 2700/2543/3943 2692/2546/3944 2704/2545/3944 2712/2544/3945
f 2716/2547/3946 2694/2535/3933 2706/2525/3935 2720/2526/3947
f 2691/2539/3939 2703/2540/3942 2719/2533/3948 2705/2529/3938 2693/2538/3937 2715/2548/3948
f 2702/2549/3949 2714/2527/3950 2708/2528/3951 2696/2550/3951
f 2699/2551/3952 2711/2531/3953 2714/2527/3950 2702/2549/3949
f 2695/2552/3954 2707/2530/3954 2711/2531/3953 2699/2551/3952
f 2697/2542/3940 2700/2543/3943 2712/2544/3945 2709/2541/3941
f 2692/2546/3955 2716/2547/3946 2720/2526/3947 2704/2545/3955
f 2709/2541/3956 2712/2544/3957 2722/2523/3921 2721/2534/3932
f 2703/2540/3958 2709/2541/3956 2721/2534/3932 2719/2533/3931
f 2712/2544/3957 2704/2545/3959 2720/2526/3922 2722/2523/3921
f 2697/2553/3960 2717/2522/3920 2718/2511/3909 2700/2554/3961
f 2691/2555/3962 2715/2521/3919 2717/2522/3920 2697/2553/3960
f 2700/2554/3961 2718/2511/3909 2716/2512/3912 2692/2556/3963
o thumb
v -0.170566 0.215594 -1.243080
v -0.154474 0.252605 -1.358890
v -0.136077 0.317985 -1.244175
v -0.139005 0.345407 -1.343705
v -0.134253 0.405089 -1.234078
v -0.101947 0.433964 -1.315573
v -0.270040 0.195752 -1.239010
v -0.270040 0.285988 -1.377851
v -0.225824 0.330900 -1.234499
v -0.217310 0.390063 -1.338363
v -0.211043 0.433614 -1.202916
v -0.203973 0.482738 -1.323709
v -0.161305 0.224179 -1.298950
v -0.138705 0.333693 -1.293762
v -0.118100 0.419527 -1.274826
v -0.270040 0.240870 -1.308431
v -0.247395 0.364199 -1.274813
v -0.208487 0.474185 -1.260547
v -0.208311 0.161604 -1.266629
v -0.199257 0.202161 -1.362151
v -0.266306 0.158428 -1.267302
v -0.262787 0.217294 -1.370746
v -0.179854 0.176989 -1.312062
v -0.288058 0.189342 -1.320653
v -0.170566 0.215594 1.243080
v -0.154474 0.252605 1.358890
v -0.136077 0.317985 1.244175
v -0.139005 0.345407 1.343705
v -0.134253 0.405089 1.234078
v -0.101947 0.433964 1.315573
v -0.270040 0.195752 1.239010
v -0.270040 0.285988 1.377851
v -0.225824 0.330900 1.234499
v -0.217310 0.390063 1.338363
v -0.211043 0.433614 1.202916
v -0.203973 0.482738 1.323709
v -0.161305 0.224179 1.298950
v -0.138705 0.333693 1.293762
v -0.118100 0.419527 1.274826
v -0.270040 0.240870 1.308431
v -0.247395 0.364199 1.274813
v -0.208487 0.474185 1.260547
v -0.208311 0.161604 1.266629
v -0.199257 0.202161 1.362151
v -0.266306 0.158428 1.267302
v -0.262787 0.217294 1.370746
v -0.179854 0.176989 1.312062
v -0.288058 0.189342 1.320653
vn 0.9203 -0.3884 -0.0470
vn 0.9416 -0.3074 -0.1376
vn 0.9657 -0.2578 0.0303
vn 0.9731 -0.2268 0.0411
vn 0.9414 -0.3300 0.0694
vn 0.9648 -0.2498 0.0829
vn -0.9820 0.1679 0.0861
vn -0.9624 0.2448 0.1174
vn -0.9476 0.2948 -0.1229
vn -0.9652 0.2498 -0.0776
vn -0.9715 0.2363 0.0175
vn -0.9450 0.2700 -0.1847
vn 0.1462 0.0912 -0.9850
vn 0.1454 0.0810 -0.9860
vn 0.1333 0.2048 -0.9697
vn 0.1384 0.2071 -0.9685
vn 0.1279 -0.1348 0.9826
vn 0.1248 -0.1293 0.9837
vn 0.0887 -0.3390 0.9366
vn 0.0817 -0.1809 0.9801
vn 0.4777 0.7961 0.3714
vn 0.4801 0.7867 0.3882
vn 0.4912 0.7171 0.4944
vn 0.1172 0.1972 -0.9733
vn 0.1786 -0.2259 0.9576
vn 0.4617 0.8423 0.2782
vn -0.9308 0.1837 0.3160
vn -0.9357 0.1695 0.3095
vn -0.9595 0.1159 0.2568
vn 0.9765 -0.2113 0.0430
vn 0.9845 -0.1443 0.0992
vn 0.9096 -0.4041 0.0964
vn 0.0940 -0.5178 0.8503
vn 0.1322 -0.0735 -0.9885
vn -0.9841 0.0945 -0.1503
vn -0.9951 0.0759 0.0636
vn 0.8292 -0.5279 0.1838
vn 0.8519 -0.5212 -0.0506
vn 0.8173 -0.4757 -0.3251
vn -0.9757 0.0608 0.2106
vn 0.9203 -0.3884 0.0470
vn 0.9731 -0.2268 -0.0411
vn 0.9657 -0.2578 -0.0303
vn 0.9416 -0.3074 0.1376
vn 0.9648 -0.2498 -0.0829
vn 0.9414 -0.3300 -0.0694
vn -0.9820 0.1679 -0.0861
vn -0.9652 0.2498 0.0776
vn -0.9476 0.2948 0.1229
vn -0.9624 0.2448 -0.1174
vn -0.9450 0.2700 0.1847
vn -0.9715 0.2363 -0.0175
vn 0.1462 0.0912 0.9850
vn 0.1384 0.2071 0.9685
vn 0.1333 0.2048 0.9697
vn 0.1454 0.0810 0.9860
vn 0.1279 -0.1348 -0.9826
vn 0.0817 -0.1809 -0.9801
vn 0.0887 -0.3390 -0.9366
vn 0.1248 -0.1293 -0.9837
vn 0.4777 0.7961 -0.3714
vn 0.4912 0.7171 -0.4944
vn 0.4801 0.7867 -0.3882
vn 0.1172 0.1972 0.9733
vn 0.1786 -0.2259 -0.9576
vn 0.4617 0.8423 -0.2782
vn -0.9308 0.1837 -0.3160
vn -0.9357 0.1695 -0.3095
vn -0.9595 0.1159 -0.2568
vn 0.9765 -0.2113 -0.0430
vn 0.9845 -0.1443 -0.0992
vn 0.9096 -0.4041 -0.0964
vn 0.0940 -0.5178 -0.8503
vn 0.1322 -0.0735 0.9885
vn -0.9951 0.0759 -0.0636
vn -0.9841 0.0945 0.1503
vn 0.8519 -0.5212 0.0506
vn 0.8292 -0.5279 -0.1838
vn 0.8173 -0.4757 0.3251
vn -0.9757 0.0608 -0.2106
vt 0.374281 0.081080
vt 0.372477 0.084957
vt 0.366134 0.084936
vt 0.366662 0.081216
vt 0.358894 0.083327
vt 0.360154 0.080129
vt 0.377019 0.067409
vt 0.367269 0.066913
vt 0.366012 0.061227
vt 0.375601 0.061227
vt 0.359290 0.065615
vt 0.358802 0.061229
vt 0.372948 0.093352
vt 0.364041 0.091228
vt 0.367638 0.077785
vt 0.368338 0.071023
vt 0.377753 0.072600
vt 0.374499 0.077428
vt 0.351989 0.066505
vt 0.360075 0.070406
vt 0.353420 0.069846
vt 0.356932 0.091616
vt 0.361403 0.076900
vt 0.350748 0.063350
vt 0.380638 0.073188
vt 0.379229 0.077276
vt 0.377058 0.085967
vt 0.377669 0.090953
vt 0.380450 0.063591
vt 0.381188 0.068412
vt 0.378096 0.081502
s 1
usemtl Material.012
f 2735/2557/3964 2724/2558/3965 2726/2559/3966 2736/2560/3967
f 2736/2560/3967 2726/2559/3966 2728/2561/3968 2737/2562/3969
f 2738/2563/3970 2739/2564/3971 2732/2565/3972 2730/2566/3973
f 2739/2564/3971 2740/2567/3974 2734/2568/3975 2732/2565/3972
f 2724/2558/3976 2730/2569/3977 2732/2570/3978 2726/2559/3979
f 2725/2571/3980 2731/2572/3981 2729/2573/3982 2723/2574/3983
f 2737/2575/3984 2740/2567/3985 2733/2576/3986 2727/2577/3986
f 2726/2559/3979 2732/2570/3978 2734/2578/3987 2728/2561/3987
f 2727/2579/3988 2733/2576/3988 2731/2572/3981 2725/2571/3980
f 2728/2580/3989 2734/2568/3989 2740/2567/3985 2737/2575/3984
f 2731/2572/3990 2733/2576/3991 2740/2567/3974 2739/2564/3971
f 2729/2573/3992 2731/2572/3990 2739/2564/3971 2738/2563/3970
f 2725/2571/3993 2736/2560/3967 2737/2562/3969 2727/2579/3994
f 2723/2574/3995 2735/2557/3964 2736/2560/3967 2725/2571/3993
f 2729/2573/3982 2743/2581/3996 2741/2582/3996 2723/2574/3983
f 2724/2558/3976 2742/2583/3997 2744/2584/3997 2730/2569/3977
f 2730/2566/3973 2744/2585/3998 2746/2586/3999 2738/2563/3970
f 2723/2574/3995 2741/2582/4000 2745/2587/4001 2735/2557/3964
f 2735/2557/3964 2745/2587/4001 2742/2583/4002 2724/2558/3965
f 2738/2563/3970 2746/2586/3999 2743/2581/4003 2729/2573/3992
f 2759/2557/4004 2760/2560/4005 2750/2559/4006 2748/2558/4007
f 2760/2560/4005 2761/2562/4008 2752/2561/4009 2750/2559/4006
f 2762/2563/4010 2754/2566/4011 2756/2565/4012 2763/2564/4013
f 2763/2564/4013 2756/2565/4012 2758/2568/4014 2764/2567/4015
f 2748/2558/4016 2750/2559/4017 2756/2570/4018 2754/2569/4019
f 2749/2571/4020 2747/2574/4021 2753/2573/4022 2755/2572/4023
f 2761/2575/4024 2751/2577/4025 2757/2576/4025 2764/2567/4026
f 2750/2559/4017 2752/2561/4027 2758/2578/4027 2756/2570/4018
f 2751/2579/4028 2749/2571/4020 2755/2572/4023 2757/2576/4028
f 2752/2580/4029 2761/2575/4024 2764/2567/4026 2758/2568/4029
f 2755/2572/4030 2763/2564/4013 2764/2567/4015 2757/2576/4031
f 2753/2573/4032 2762/2563/4010 2763/2564/4013 2755/2572/4030
f 2749/2571/4033 2751/2579/4034 2761/2562/4008 2760/2560/4005
f 2747/2574/4035 2749/2571/4033 2760/2560/4005 2759/2557/4004
f 2753/2573/4022 2747/2574/4021 2765/2582/4036 2767/2581/4036
f 2748/2558/4016 2754/2569/4019 2768/2584/4037 2766/2583/4037
f 2754/2566/4011 2762/2563/4010 2770/2586/4038 2768/2585/4039
f 2747/2574/4035 2759/2557/4004 2769/2587/4040 2765/2582/4041
f 2759/2557/4004 2748/2558/4007 2766/2583/4042 2769/2587/4040
f 2762/2563/4010 2753/2573/4032 2767/2581/4043 2770/2586/4038
o Point
v -0.167930 0.250863 -1.491208
v -0.196247 0.141098 -1.483275
v -0.175195 0.236176 -1.624650
v -0.160993 0.155837 -1.615857
v -0.168197 0.246558 -1.748811
v -0.162667 0.138838 -1.735398
v -0.270040 0.283482 -1.506096
v -0.314773 0.123524 -1.486542
v -0.270040 0.266936 -1.633883
v -0.270040 0.125562 -1.613421
v -0.262486 0.269667 -1.766619
v -0.265497 0.115862 -1.754101
v -0.196417 0.240112 -1.420366
v -0.214863 0.170426 -1.414249
v -0.257149 0.252016 -1.427326
v -0.280562 0.167142 -1.417692
v -0.167930 0.250863 1.491208
v -0.196247 0.141098 1.483275
v -0.175195 0.236176 1.624650
v -0.160993 0.155837 1.615857
v -0.168197 0.246558 1.748811
v -0.162667 0.138838 1.735398
v -0.270040 0.283482 1.506096
v -0.314773 0.123524 1.486542
v -0.270040 0.266936 1.633883
v -0.270040 0.125562 1.613421
v -0.262486 0.269667 1.766619
v -0.265497 0.115862 1.754101
v -0.196417 0.240112 1.420366
v -0.214863 0.170426 1.414249
v -0.257149 0.252016 1.427326
v -0.280562 0.167142 1.417692
vn 0.9680 -0.1334 0.2127
vn 0.9649 -0.1397 0.2226
vn 0.9978 0.0176 0.0636
vn 0.9979 0.0260 0.0595
vn 0.9941 0.1065 0.0188
vn -0.9803 0.1972 0.0107
vn -0.9923 0.0603 -0.1082
vn -0.9909 0.0676 -0.1165
vn -0.9795 0.2004 0.0192
vn -0.9990 0.0052 -0.0443
vn 0.1568 -0.9657 0.2068
vn 0.1540 -0.9638 0.2175
vn 0.2191 -0.9746 0.0454
vn 0.2222 -0.9734 0.0559
vn 0.2940 0.9552 -0.0338
vn 0.2917 0.9561 -0.0258
vn 0.2818 0.9582 0.0487
vn 0.2737 0.9583 0.0823
vn 0.1812 -0.0953 -0.9788
vn 0.2351 -0.9666 0.1018
vn 0.2649 0.9621 0.0641
vn 0.9171 -0.2126 0.3371
vn -0.9190 0.2879 0.2695
vn 0.2168 0.9334 0.2860
vn 0.0835 -0.8847 0.4586
vn 0.9680 -0.1334 -0.2127
vn 0.9979 0.0260 -0.0595
vn 0.9978 0.0176 -0.0636
vn 0.9649 -0.1397 -0.2226
vn 0.9941 0.1065 -0.0188
vn -0.9803 0.1972 -0.0107
vn -0.9795 0.2004 -0.0192
vn -0.9909 0.0676 0.1165
vn -0.9923 0.0603 0.1082
vn -0.9990 0.0052 0.0443
vn 0.1568 -0.9657 -0.2068
vn 0.2222 -0.9734 -0.0559
vn 0.2191 -0.9746 -0.0454
vn 0.1540 -0.9638 -0.2175
vn 0.2940 0.9552 0.0338
vn 0.2737 0.9583 -0.0823
vn 0.2818 0.9582 -0.0487
vn 0.2917 0.9561 0.0258
vn 0.1812 -0.0953 0.9788
vn 0.2351 -0.9666 -0.1018
vn 0.2649 0.9621 -0.0641
vn 0.9171 -0.2126 -0.3371
vn -0.9190 0.2879 -0.2695
vn 0.2168 0.9334 -0.2860
vn 0.0835 -0.8847 -0.4586
vt 0.359080 0.046043
vt 0.358513 0.038508
vt 0.368468 0.039452
vt 0.369278 0.046215
vt 0.378182 0.037242
vt 0.379919 0.046328
vt 0.353322 0.021363
vt 0.363886 0.018919
vt 0.366207 0.030533
vt 0.357349 0.032043
vt 0.374719 0.015152
vt 0.377779 0.028108
vt 0.369634 0.054709
vt 0.358724 0.054578
vt 0.386083 0.024078
vt 0.383232 0.015147
vt 0.381023 0.054709
vt 0.353054 0.045458
vt 0.352916 0.039366
vt 0.351548 0.033875
vt 0.348417 0.026906
vt 0.351732 0.050896
s 1
usemtl Material.016
f 2771/2588/4044 2772/2589/4045 2774/2590/4046 2773/2591/4047
f 2773/2591/4047 2774/2590/4046 2776/2592/4048 2775/2593/4048
f 2777/2594/4049 2779/2595/4050 2780/2596/4051 2778/2597/4052
f 2779/2595/4050 2781/2598/4053 2782/2599/4053 2780/2596/4051
f 2772/2589/4054 2778/2597/4055 2780/2596/4056 2774/2590/4057
f 2773/2591/4058 2779/2600/4059 2777/2601/4060 2771/2588/4061
f 2776/2602/4062 2782/2599/4062 2781/2598/4062 2775/2603/4062
f 2774/2590/4057 2780/2596/4056 2782/2599/4063 2776/2592/4063
f 2775/2593/4064 2781/2604/4064 2779/2600/4059 2773/2591/4058
f 2771/2588/4044 2783/2605/4065 2784/2606/4065 2772/2589/4045
f 2778/2597/4052 2786/2607/4066 2785/2608/4066 2777/2594/4049
f 2777/2601/4060 2785/2609/4067 2783/2605/4067 2771/2588/4061
f 2772/2589/4054 2784/2606/4068 2786/2607/4068 2778/2597/4055
f 2787/2588/4069 2789/2591/4070 2790/2590/4071 2788/2589/4072
f 2789/2591/4070 2791/2593/4073 2792/2592/4073 2790/2590/4071
f 2793/2594/4074 2794/2597/4075 2796/2596/4076 2795/2595/4077
f 2795/2595/4077 2796/2596/4076 2798/2599/4078 2797/2598/4078
f 2788/2589/4079 2790/2590/4080 2796/2596/4081 2794/2597/4082
f 2789/2591/4083 2787/2588/4084 2793/2601/4085 2795/2600/4086
f 2792/2602/4087 2791/2603/4087 2797/2598/4087 2798/2599/4087
f 2790/2590/4080 2792/2592/4088 2798/2599/4088 2796/2596/4081
f 2791/2593/4089 2789/2591/4083 2795/2600/4086 2797/2604/4089
f 2787/2588/4069 2788/2589/4072 2800/2606/4090 2799/2605/4090
f 2794/2597/4075 2793/2594/4074 2801/2608/4091 2802/2607/4091
f 2793/2601/4085 2787/2588/4084 2799/2605/4092 2801/2609/4092
f 2788/2589/4079 2794/2597/4082 2802/2607/4093 2800/2606/4093
o Middle
v -0.204579 0.126072 -1.478477
v -0.204605 -0.030934 -1.465973
v -0.160734 0.053049 -1.629574
v -0.173906 -0.047449 -1.599037
v -0.170397 0.023712 -1.727895
v -0.185119 -0.084960 -1.714447
v -0.306443 0.119065 -1.499343
v -0.306443 -0.054742 -1.487006
v -0.280936 0.072025 -1.638690
v -0.275680 -0.071114 -1.600287
v -0.270040 0.050807 -1.762996
v -0.267397 -0.128885 -1.725477
v -0.224460 0.106437 -1.396632
v -0.224470 0.007423 -1.389040
v -0.286567 0.098886 -1.409388
v -0.286572 -0.003816 -1.401833
v -0.204579 0.126072 1.478477
v -0.204605 -0.030934 1.465973
v -0.160734 0.053049 1.629574
v -0.173906 -0.047449 1.599037
v -0.170397 0.023712 1.727895
v -0.185119 -0.084960 1.714447
v -0.306443 0.119065 1.499343
v -0.306443 -0.054742 1.487006
v -0.280936 0.072025 1.638690
v -0.275680 -0.071114 1.600287
v -0.270040 0.050807 1.762996
v -0.267397 -0.128885 1.725477
v -0.224460 0.106437 1.396632
v -0.224470 0.007423 1.389040
v -0.286567 0.098886 1.409388
v -0.286572 -0.003816 1.401833
vn 0.9687 0.0062 0.2481
vn 0.9684 0.0041 0.2494
vn 0.9912 -0.0725 0.1110
vn 0.9913 -0.0732 0.1093
vn 0.9884 -0.1427 -0.0519
vn -0.9998 -0.0175 0.0040
vn -0.9899 -0.0444 -0.1347
vn -0.9900 -0.0443 -0.1337
vn -0.9991 -0.0234 -0.0348
vn -0.9972 -0.0395 -0.0642
vn 0.1470 -0.9297 0.3376
vn 0.1584 -0.9381 0.3082
vn 0.2527 -0.9317 0.2610
vn 0.2552 -0.9298 0.2653
vn 0.1743 0.9426 -0.2848
vn 0.1668 0.9416 -0.2925
vn 0.0015 0.9929 -0.1194
vn -0.0137 0.9966 -0.0810
vn 0.2573 -0.1786 -0.9497
vn 0.3027 -0.8874 0.3477
vn 0.2413 0.9466 -0.2136
vn -0.1316 0.9657 0.2238
vn 0.0874 -0.8726 0.4806
vn 0.9704 0.0188 0.2407
vn -0.9757 0.0157 0.2187
vn 0.9687 0.0062 -0.2481
vn 0.9913 -0.0732 -0.1093
vn 0.9912 -0.0725 -0.1110
vn 0.9684 0.0041 -0.2494
vn 0.9884 -0.1427 0.0519
vn -0.9998 -0.0175 -0.0040
vn -0.9991 -0.0234 0.0348
vn -0.9900 -0.0443 0.1337
vn -0.9899 -0.0444 0.1347
vn -0.9972 -0.0395 0.0642
vn 0.1470 -0.9297 -0.3376
vn 0.2552 -0.9298 -0.2653
vn 0.2527 -0.9317 -0.2610
vn 0.1584 -0.9381 -0.3082
vn 0.1743 0.9426 0.2848
vn -0.0137 0.9966 0.0810
vn 0.0015 0.9929 0.1194
vn 0.1668 0.9416 0.2925
vn 0.2573 -0.1786 0.9497
vn 0.3027 -0.8874 -0.3477
vn 0.2413 0.9466 0.2136
vn -0.1316 0.9657 -0.2238
vn 0.0874 -0.8726 -0.4806
vn 0.9704 0.0188 -0.2407
vn -0.9757 0.0157 -0.2187
vt 0.399718 0.046017
vt 0.401961 0.035593
vt 0.411586 0.036923
vt 0.411489 0.044632
vt 0.421175 0.036212
vt 0.419627 0.045284
vt 0.396764 0.016766
vt 0.410405 0.015478
vt 0.411529 0.028442
vt 0.402615 0.028637
vt 0.420743 0.013458
vt 0.423302 0.028868
vt 0.410738 0.054312
vt 0.398541 0.053473
vt 0.429900 0.024361
vt 0.429900 0.014960
vt 0.421426 0.054316
vt 0.392248 0.048907
vt 0.393939 0.043961
vt 0.395056 0.035982
vt 0.395199 0.030385
vt 0.390962 0.022526
s 1
usemtl Material.017
f 2803/2610/4094 2804/2611/4095 2806/2612/4096 2805/2613/4097
f 2805/2613/4097 2806/2612/4096 2808/2614/4098 2807/2615/4098
f 2809/2616/4099 2811/2617/4100 2812/2618/4101 2810/2619/4102
f 2811/2617/4100 2813/2620/4103 2814/2621/4103 2812/2618/4101
f 2804/2611/4104 2810/2619/4105 2812/2618/4106 2806/2612/4107
f 2805/2613/4108 2811/2622/4109 2809/2623/4110 2803/2610/4111
f 2808/2624/4112 2814/2621/4112 2813/2620/4112 2807/2625/4112
f 2806/2612/4107 2812/2618/4106 2814/2621/4113 2808/2614/4113
f 2807/2615/4114 2813/2626/4114 2811/2622/4109 2805/2613/4108
f 2809/2623/4110 2817/2627/4115 2815/2628/4115 2803/2610/4111
f 2804/2611/4104 2816/2629/4116 2818/2630/4116 2810/2619/4105
f 2803/2610/4094 2815/2628/4117 2816/2629/4117 2804/2611/4095
f 2810/2619/4102 2818/2630/4118 2817/2631/4118 2809/2616/4099
f 2819/2610/4119 2821/2613/4120 2822/2612/4121 2820/2611/4122
f 2821/2613/4120 2823/2615/4123 2824/2614/4123 2822/2612/4121
f 2825/2616/4124 2826/2619/4125 2828/2618/4126 2827/2617/4127
f 2827/2617/4127 2828/2618/4126 2830/2621/4128 2829/2620/4128
f 2820/2611/4129 2822/2612/4130 2828/2618/4131 2826/2619/4132
f 2821/2613/4133 2819/2610/4134 2825/2623/4135 2827/2622/4136
f 2824/2624/4137 2823/2625/4137 2829/2620/4137 2830/2621/4137
f 2822/2612/4130 2824/2614/4138 2830/2621/4138 2828/2618/4131
f 2823/2615/4139 2821/2613/4133 2827/2622/4136 2829/2626/4139
f 2825/2623/4135 2819/2610/4134 2831/2628/4140 2833/2627/4140
f 2820/2611/4129 2826/2619/4132 2834/2630/4141 2832/2629/4141
f 2819/2610/4119 2820/2611/4122 2832/2629/4142 2831/2628/4142
f 2826/2619/4125 2825/2616/4124 2833/2631/4143 2834/2630/4143
o Pinky
v -0.175977 -0.142526 -1.462113
v -0.196277 -0.084226 -1.468906
v -0.188341 -0.230498 -1.658256
v -0.174329 -0.171258 -1.690083
v -0.189015 -0.197604 -1.572005
v -0.188235 -0.133487 -1.587512
v -0.270040 -0.198803 -1.434770
v -0.314773 -0.058779 -1.489449
v -0.254553 -0.291306 -1.666591
v -0.270040 -0.145680 -1.710336
v -0.270040 -0.247064 -1.558210
v -0.270040 -0.106772 -1.587300
v -0.215370 -0.103715 -1.381945
v -0.226925 -0.044978 -1.401875
v -0.264387 -0.120727 -1.378686
v -0.285861 -0.047525 -1.405582
v -0.175977 -0.142526 1.462113
v -0.196277 -0.084226 1.468906
v -0.188341 -0.230498 1.658256
v -0.174329 -0.171258 1.690083
v -0.189015 -0.197604 1.572005
v -0.188235 -0.133487 1.587512
v -0.270040 -0.198803 1.434770
v -0.314773 -0.058779 1.489449
v -0.254553 -0.291306 1.666591
v -0.270040 -0.145680 1.710336
v -0.270040 -0.247064 1.558210
v -0.270040 -0.106772 1.587300
v -0.215370 -0.103715 1.381945
v -0.226925 -0.044978 1.401875
v -0.264387 -0.120727 1.378686
v -0.285861 -0.047525 1.405582
vn 0.9991 0.0413 0.0017
vn 0.8728 -0.4426 0.2059
vn 0.8443 -0.4722 0.2534
vn 0.9913 -0.0783 0.1058
vn 0.9587 0.2499 0.1355
vn 0.9765 0.2095 0.0500
vn -0.9875 -0.1342 -0.0828
vn -0.9969 -0.0650 -0.0433
vn -0.9898 -0.1208 -0.0752
vn -0.9783 -0.1809 0.1007
vn -0.9809 -0.1830 0.0654
vn 0.3004 0.9086 -0.2903
vn 0.2822 0.9047 -0.3191
vn 0.2869 0.9058 -0.3118
vn 0.2340 -0.3350 -0.9127
vn 0.5577 -0.7622 0.3287
vn 0.5712 -0.7457 0.3430
vn 0.5120 -0.7180 0.4715
vn 0.5122 -0.7185 0.4705
vn 0.2198 0.9192 -0.3267
vn 0.2224 0.9183 -0.3274
vn 0.4538 -0.6177 0.6423
vn 0.1634 0.9361 -0.3114
vn 0.9118 0.3097 0.2696
vn -0.9292 -0.1613 0.3325
vn 0.9991 0.0413 -0.0017
vn 0.9913 -0.0783 -0.1058
vn 0.8443 -0.4722 -0.2534
vn 0.8728 -0.4426 -0.2059
vn 0.9587 0.2499 -0.1355
vn 0.9765 0.2095 -0.0500
vn -0.9875 -0.1342 0.0828
vn -0.9898 -0.1208 0.0752
vn -0.9969 -0.0650 0.0433
vn -0.9783 -0.1809 -0.1007
vn -0.9809 -0.1830 -0.0654
vn 0.3004 0.9086 0.2903
vn 0.2869 0.9058 0.3118
vn 0.2822 0.9047 0.3191
vn 0.2340 -0.3350 0.9127
vn 0.5712 -0.7457 -0.3430
vn 0.5577 -0.7622 -0.3287
vn 0.5120 -0.7180 -0.4715
vn 0.5122 -0.7185 -0.4705
vn 0.2224 0.9183 0.3274
vn 0.2198 0.9192 0.3267
vn 0.4538 -0.6177 -0.6423
vn 0.1634 0.9361 0.3114
vn 0.9118 0.3097 -0.2696
vn -0.9292 -0.1613 -0.3325
vt 0.453354 0.043408
vt 0.454472 0.037309
vt 0.463144 0.037297
vt 0.463924 0.043891
vt 0.442105 0.041956
vt 0.444537 0.037693
vt 0.450454 0.016524
vt 0.462784 0.014213
vt 0.465410 0.028789
vt 0.454601 0.028897
vt 0.439162 0.018416
vt 0.444605 0.029898
vt 0.463208 0.053661
vt 0.450886 0.051253
vt 0.471812 0.022826
vt 0.472380 0.016194
vt 0.439497 0.052830
vt 0.436456 0.035806
vt 0.436947 0.030843
vt 0.432865 0.047094
vt 0.434538 0.041692
vt 0.433346 0.024290
s 1
usemtl Material.018
f 2840/2632/4144 2839/2633/4145 2837/2634/4146 2838/2635/4147
f 2836/2636/4148 2835/2637/4149 2839/2633/4145 2840/2632/4144
f 2846/2638/4150 2844/2639/4151 2843/2640/4151 2845/2641/4152
f 2842/2642/4153 2846/2638/4150 2845/2641/4152 2841/2643/4154
f 2838/2635/4155 2844/2644/4155 2846/2645/4156 2840/2632/4157
f 2837/2646/4158 2843/2640/4158 2844/2639/4158 2838/2647/4158
f 2839/2633/4145 2845/2641/4159 2843/2640/4160 2837/2634/4146
f 2835/2637/4161 2841/2643/4162 2845/2641/4159 2839/2633/4145
f 2840/2632/4157 2846/2645/4156 2842/2648/4163 2836/2636/4164
f 2835/2637/4161 2847/2649/4165 2849/2650/4165 2841/2643/4162
f 2842/2648/4163 2850/2651/4166 2848/2652/4166 2836/2636/4164
f 2836/2636/4148 2848/2652/4167 2847/2649/4167 2835/2637/4149
f 2841/2643/4154 2849/2650/4168 2850/2653/4168 2842/2642/4153
f 2856/2632/4169 2854/2635/4170 2853/2634/4171 2855/2633/4172
f 2852/2636/4173 2856/2632/4169 2855/2633/4172 2851/2637/4174
f 2862/2638/4175 2861/2641/4176 2859/2640/4177 2860/2639/4177
f 2858/2642/4178 2857/2643/4179 2861/2641/4176 2862/2638/4175
f 2854/2635/4180 2856/2632/4181 2862/2645/4182 2860/2644/4180
f 2853/2646/4183 2854/2647/4183 2860/2639/4183 2859/2640/4183
f 2855/2633/4172 2853/2634/4171 2859/2640/4184 2861/2641/4185
f 2851/2637/4186 2855/2633/4172 2861/2641/4185 2857/2643/4187
f 2856/2632/4181 2852/2636/4188 2858/2648/4189 2862/2645/4182
f 2851/2637/4186 2857/2643/4187 2865/2650/4190 2863/2649/4190
f 2858/2648/4189 2852/2636/4188 2864/2652/4191 2866/2651/4191
f 2852/2636/4173 2851/2637/4174 2863/2649/4192 2864/2652/4192
f 2857/2643/4179 2858/2642/4178 2866/2653/4193 2865/2650/4193
o shoes
v -0.397431 -2.353863 -0.181343
v 0.429770 -2.375489 -0.106036
v -0.395301 -2.185695 -0.166792
v 0.402097 -2.201575 -0.178238
v -0.339456 -2.089962 -0.166792
v 0.112882 -2.098267 -0.166792
v -0.016578 -2.381490 -0.135275
v -0.055520 -2.222462 -0.128648
v -0.140863 -2.094633 -0.166792
v 0.217167 -2.379500 -0.072264
v 0.226220 -2.193710 -0.147256
v -0.013991 -2.096450 -0.166792
v -0.327969 -2.332073 -0.601875
v 0.421348 -2.376316 -0.606868
v -0.366070 -2.185024 -0.589342
v 0.379255 -2.218312 -0.583953
v -0.320048 -2.101640 -0.547270
v 0.132290 -2.109946 -0.547270
v -0.027391 -2.381548 -0.598546
v -0.029215 -2.184471 -0.614291
v -0.121455 -2.106312 -0.547270
v 0.217167 -2.379500 -0.642156
v 0.218572 -2.193768 -0.614291
v 0.005418 -2.108129 -0.547270
v 0.495585 -2.377177 -0.189863
v 0.217167 -2.379500 -0.141791
v 0.112900 -2.098215 -0.270089
v 0.464553 -2.203063 -0.258506
v -0.024728 -2.381547 -0.215403
v -0.140845 -2.094581 -0.270089
v -0.013972 -2.096398 -0.270089
v -0.388678 -2.182838 -0.251347
v -0.339438 -2.089909 -0.270089
v -0.401108 -2.386814 -0.255954
v 0.495585 -2.377177 -0.520846
v 0.123070 -2.097661 -0.469873
v -0.130675 -2.094027 -0.469873
v -0.392847 -2.178802 -0.507305
v -0.400825 -2.386814 -0.507305
v 0.217167 -2.379500 -0.562050
v 0.466360 -2.203064 -0.507305
v -0.024728 -2.381548 -0.507305
v -0.003803 -2.095844 -0.469873
v -0.329268 -2.089355 -0.469873
v 0.220655 -2.481734 -0.126741
v 0.466360 -2.203063 -0.361354
v -0.024728 -2.381548 -0.361354
v -0.011537 -2.089557 -0.361354
v -0.337002 -2.083069 -0.361354
v 0.495585 -2.377177 -0.355355
v 0.115336 -2.091374 -0.361354
v -0.138409 -2.087740 -0.361354
v -0.392847 -2.178802 -0.361354
v -0.400825 -2.386814 -0.361354
v -0.064344 -2.462928 -0.160209
v -0.375515 -2.468194 -0.255953
v -0.375232 -2.468194 -0.507304
v -0.064344 -2.462928 -0.562497
v -0.064344 -2.462928 -0.361353
v -0.375232 -2.468194 -0.361353
v -0.400538 -2.427504 -0.255953
v -0.400255 -2.427504 -0.361353
v -0.024158 -2.422238 -0.160210
v -0.400255 -2.427504 -0.507305
v -0.024158 -2.422238 -0.562497
v -0.024158 -2.422238 -0.361353
v -0.226096 -2.196333 -0.127043
v -0.242221 -2.074123 -0.147894
v -0.210428 -2.375224 -0.125726
v -0.195738 -2.175198 -0.623503
v -0.221003 -2.086891 -0.563867
v -0.172457 -2.363313 -0.630354
v -0.242201 -2.074066 -0.260828
v -0.212438 -2.393237 -0.223206
v -0.231083 -2.073460 -0.479250
v -0.212283 -2.393237 -0.520174
v -0.239538 -2.066587 -0.360607
v -0.220381 -2.483672 -0.159895
v -0.220216 -2.483672 -0.583483
v -0.219949 -2.482209 -0.360606
v -0.211383 -2.436261 -0.583484
v -0.211548 -2.436261 -0.159896
v -0.311298 -2.477238 -0.358417
v -0.303465 -2.478761 -0.575195
v -0.305130 -2.426842 -0.579107
v -0.316552 -2.426325 -0.180729
v -0.301499 -2.478984 -0.178603
v -0.143368 -2.472720 -0.360180
v -0.131619 -2.471872 -0.147199
v -0.110313 -2.428685 -0.145204
v -0.128960 -2.471527 -0.583724
v -0.102368 -2.428096 -0.584030
v 0.072585 -2.380736 -0.361354
v 0.069186 -2.380764 -0.174198
v 0.075966 -2.380708 -0.541642
v 0.405152 -2.315523 -0.598051
v -0.396547 -2.284047 -0.175302
v -0.397461 -2.299115 -0.507305
v 0.419266 -2.309478 -0.133441
v 0.217641 -2.316828 -0.632753
v 0.221523 -2.290101 -0.108349
v 0.528371 -2.288016 -0.225014
v -0.027876 -2.329125 -0.602734
v 0.528611 -2.283937 -0.358567
v 0.530351 -2.294302 -0.514401
v -0.397454 -2.298937 -0.361354
v -0.343160 -2.273447 -0.596878
v -0.216228 -2.309006 -0.126214
v -0.035133 -2.305717 -0.132117
v -0.180067 -2.301823 -0.628114
v -0.395327 -2.291946 -0.253811
v 0.437896 -2.330905 -0.566938
v 0.381443 -2.378129 -0.537738
v 0.372749 -2.378202 -0.168654
v 0.489169 -2.479494 -0.195749
v 0.507832 -2.434643 -0.180148
v 0.213071 -2.437101 -0.104357
v 0.507832 -2.433654 -0.530561
v 0.213071 -2.436113 -0.599046
v 0.542064 -2.434643 -0.355355
v 0.060001 -2.409362 -0.361706
v 0.056403 -2.434645 -0.163564
v 0.063581 -2.409332 -0.552578
v 0.386990 -2.434662 -0.609400
v 0.377786 -2.435728 -0.096403
v 0.489169 -2.479494 -0.514959
v 0.220655 -2.481734 -0.577380
v 0.220655 -2.481734 -0.355354
v 0.523401 -2.479494 -0.355354
v 0.081216 -2.482926 -0.361140
v 0.077938 -2.482954 -0.180642
v 0.084476 -2.482899 -0.535015
v 0.379087 -2.480412 -0.586826
v 0.370703 -2.480482 -0.119510
v 0.379885 -2.480406 -0.355901
v -0.397431 -2.353863 0.181344
v 0.429770 -2.375489 0.106036
v -0.395301 -2.185695 0.166792
v 0.402097 -2.201575 0.178238
v -0.339456 -2.089962 0.166792
v 0.112882 -2.098267 0.166792
v -0.016578 -2.381490 0.135275
v -0.055520 -2.222462 0.128648
v -0.140863 -2.094633 0.166792
v 0.217167 -2.379500 0.072264
v 0.226220 -2.193710 0.147256
v -0.013991 -2.096450 0.166792
v -0.327969 -2.332074 0.601876
v 0.421348 -2.376316 0.606868
v -0.366070 -2.185024 0.589342
v 0.379255 -2.218312 0.583953
v -0.320048 -2.101640 0.547270
v 0.132290 -2.109946 0.547270
v -0.027391 -2.381548 0.598546
v -0.029215 -2.184471 0.614291
v -0.121455 -2.106312 0.547270
v 0.217167 -2.379500 0.642156
v 0.218572 -2.193768 0.614291
v 0.005418 -2.108129 0.547270
v 0.495585 -2.377177 0.189863
v 0.217167 -2.379500 0.141791
v 0.112900 -2.098215 0.270089
v 0.464553 -2.203063 0.258506
v -0.024728 -2.381548 0.215403
v -0.140845 -2.094581 0.270089
v -0.013972 -2.096398 0.270089
v -0.388678 -2.182838 0.251347
v -0.339438 -2.089909 0.270089
v -0.401108 -2.386814 0.255954
v 0.495585 -2.377178 0.520846
v 0.123070 -2.097661 0.469874
v -0.130675 -2.094027 0.469874
v -0.392847 -2.178802 0.507305
v -0.400825 -2.386814 0.507305
v 0.217167 -2.379500 0.562051
v 0.466360 -2.203064 0.507305
v -0.024728 -2.381548 0.507305
v -0.003803 -2.095844 0.469874
v -0.329268 -2.089355 0.469874
v 0.220655 -2.481734 0.126741
v 0.466360 -2.203063 0.361354
v -0.024728 -2.381548 0.361354
v -0.011537 -2.089557 0.361354
v -0.337002 -2.083069 0.361354
v 0.495585 -2.377177 0.355355
v 0.115336 -2.091374 0.361354
v -0.138409 -2.087740 0.361354
v -0.392847 -2.178802 0.361354
v -0.400825 -2.386814 0.361354
v -0.064344 -2.462928 0.160210
v -0.375515 -2.468194 0.255953
v -0.375232 -2.468194 0.507304
v -0.064344 -2.462928 0.562497
v -0.064344 -2.462928 0.361353
v -0.375232 -2.468194 0.361353
v -0.400538 -2.427504 0.255953
v -0.400255 -2.427504 0.361354
v -0.024158 -2.422238 0.160210
v -0.400255 -2.427504 0.507305
v -0.024158 -2.422238 0.562497
v -0.024158 -2.422238 0.361354
v -0.226096 -2.196333 0.127043
v -0.242221 -2.074123 0.147894
v -0.210428 -2.375224 0.125727
v -0.195738 -2.175198 0.623503
v -0.221003 -2.086891 0.563868
v -0.172457 -2.363313 0.630354
v -0.242201 -2.074066 0.260828
v -0.212438 -2.393237 0.223207
v -0.231083 -2.073460 0.479250
v -0.212283 -2.393237 0.520174
v -0.239538 -2.066587 0.360607
v -0.220381 -2.483672 0.159896
v -0.220216 -2.483672 0.583483
v -0.219949 -2.482209 0.360606
v -0.211383 -2.436261 0.583484
v -0.211548 -2.436261 0.159896
v -0.311298 -2.477238 0.358418
v -0.303465 -2.478761 0.575196
v -0.305130 -2.426842 0.579107
v -0.316552 -2.426325 0.180729
v -0.301499 -2.478984 0.178604
v -0.143368 -2.472720 0.360180
v -0.131619 -2.471872 0.147200
v -0.110313 -2.428685 0.145204
v -0.128960 -2.471528 0.583724
v -0.102368 -2.428096 0.584030
v 0.072585 -2.380736 0.361354
v 0.069186 -2.380764 0.174198
v 0.075966 -2.380708 0.541642
v 0.405152 -2.315523 0.598051
v -0.396547 -2.284047 0.175303
v -0.397461 -2.299115 0.507305
v 0.419266 -2.309478 0.133441
v 0.217641 -2.316828 0.632754
v 0.221523 -2.290101 0.108349
v 0.528371 -2.288016 0.225015
v -0.027876 -2.329125 0.602734
v 0.528611 -2.283937 0.358567
v 0.530351 -2.294302 0.514401
v -0.397454 -2.298937 0.361354
v -0.343160 -2.273447 0.596879
v -0.216228 -2.309006 0.126214
v -0.035133 -2.305717 0.132118
v -0.180067 -2.301823 0.628115
v -0.395327 -2.291946 0.253811
v 0.437896 -2.330905 0.566938
v 0.381443 -2.378130 0.537739
v 0.372749 -2.378202 0.168654
v 0.489169 -2.479494 0.195750
v 0.507832 -2.434643 0.180149
v 0.213071 -2.437101 0.104357
v 0.507832 -2.433654 0.530561
v 0.213071 -2.436113 0.599046
v 0.542064 -2.434643 0.355355
v 0.060001 -2.409362 0.361706
v 0.056403 -2.434645 0.163564
v 0.063581 -2.409332 0.552578
v 0.386990 -2.434662 0.609400
v 0.377786 -2.435728 0.096403
v 0.489169 -2.479495 0.514959
v 0.220655 -2.481734 0.577381
v 0.220655 -2.481734 0.355354
v 0.523401 -2.479494 0.355354
v 0.081216 -2.482926 0.361140
v 0.077938 -2.482954 0.180642
v 0.084476 -2.482899 0.535015
v 0.379087 -2.480413 0.586826
v 0.370703 -2.480482 0.119510
v 0.379885 -2.480406 0.355901
vn -0.0206 0.2811 0.9595
vn 0.4234 0.3010 0.8545
vn 0.4169 0.3655 0.8323
vn 0.0287 0.2871 0.9575
vn 0.0860 0.3057 0.9482
vn 0.3805 0.7045 0.5990
vn 0.1066 0.3193 0.9416
vn 0.0349 0.2867 0.9574
vn -0.0775 0.0968 0.9923
vn 0.0253 0.1703 0.9851
vn 0.0904 0.2763 0.9568
vn -0.0665 0.1987 0.9778
vn -0.1042 -0.0290 0.9941
vn -0.0865 0.0990 0.9913
vn -0.0306 0.0878 0.9957
vn -0.1197 -0.0296 0.9924
vn 0.0092 0.1058 -0.9943
vn 0.0391 0.1013 -0.9941
vn 0.3949 0.1865 -0.8996
vn 0.4541 0.1185 -0.8830
vn 0.0964 0.4201 -0.9024
vn 0.0271 0.8769 -0.4799
vn 0.1620 0.8694 -0.4667
vn 0.3542 0.5501 -0.7563
vn -0.0294 0.3274 -0.9444
vn -0.0148 0.8476 -0.5304
vn 0.1171 0.8776 -0.4649
vn 0.0415 0.3528 -0.9348
vn 0.0386 0.0084 -0.9992
vn -0.0228 0.0056 -0.9997
vn 0.0230 0.0128 -0.9997
vn 0.0119 0.0221 -0.9997
vn 0.0108 -0.9999 -0.0056
vn 0.0108 -0.9999 -0.0057
vn 0.0132 -0.9999 -0.0111
vn 0.5924 0.7246 -0.3522
vn 0.1540 0.9800 -0.1262
vn 0.0058 -0.9989 -0.0468
vn 0.0042 -0.9971 -0.0758
vn 0.0084 -1.0000 -0.0002
vn 0.6571 0.0719 -0.7503
vn 0.6051 0.1728 -0.7772
vn 0.5916 0.1963 -0.7820
vn 0.0142 0.9943 -0.1061
vn 0.1132 0.9890 -0.0949
vn -0.5299 0.8386 -0.1264
vn -0.4346 0.7640 -0.4769
vn -0.6486 0.2671 -0.7128
vn -0.9338 0.2979 -0.1981
vn -0.5745 -0.0177 -0.8183
vn -0.9627 -0.0077 -0.2703
vn -0.0921 -0.9383 -0.3334
vn -0.0613 -0.9603 -0.2721
vn 0.0161 0.9940 -0.1085
vn 0.0197 0.9998 0.0005
vn 0.0177 0.9992 0.0358
vn -0.1641 0.9858 0.0365
vn -0.1609 0.9870 0.0005
vn 0.1611 0.9857 0.0489
vn 0.1585 0.9859 0.0536
vn 0.0143 0.9992 0.0378
vn 0.0143 0.9999 0.0005
vn -0.0551 -0.9810 0.1862
vn -0.0678 -0.9771 0.2017
vn 0.0106 -0.9993 0.0362
vn 0.0112 -0.9990 0.0442
vn -0.9625 0.2686 -0.0374
vn -0.9614 0.2751 -0.0045
vn -0.9990 0.0448 -0.0008
vn -0.9989 0.0404 -0.0252
vn -0.8744 0.4847 -0.0234
vn -0.8732 0.4873 0.0091
vn 0.1091 0.9932 0.0399
vn 0.1119 0.9937 0.0005
vn 0.6852 0.1855 0.7043
vn 0.7309 0.4907 0.4744
vn 0.0084 -1.0000 -0.0000
vn 0.0121 -0.9999 0.0088
vn 0.0123 -0.9999 0.0093
vn 0.5762 0.7850 0.2276
vn 0.0159 -0.9997 0.0178
vn 0.0167 0.9998 0.0094
vn -0.5574 0.8303 -0.0006
vn 0.1538 0.9880 0.0104
vn 0.0143 0.9999 0.0092
vn -0.1635 0.4403 0.8828
vn -0.1809 0.0159 0.9834
vn -0.0387 -0.0346 0.9987
vn 0.0821 -0.1029 0.9913
vn -0.9565 0.2918 0.0059
vn -0.9990 0.0438 0.0086
vn 0.1119 0.9936 0.0139
vn 0.9981 0.0609 0.0038
vn 0.9950 0.0897 -0.0430
vn 0.9330 -0.3595 0.0166
vn 0.9368 -0.3499 0.0065
vn 0.0083 -1.0000 -0.0000
vn 0.5774 0.8165 0.0069
vn 0.1696 0.6455 -0.7447
vn 0.1490 0.6532 -0.7424
vn -0.0575 0.6127 -0.7882
vn -0.0604 0.6096 -0.7904
vn -0.9152 0.4026 -0.0171
vn -0.9985 0.0515 -0.0187
vn -0.9991 0.0373 -0.0183
vn -0.9372 0.3488 -0.0076
vn 0.9884 0.1413 0.0551
vn 0.9404 -0.3401 -0.0039
vn -0.9603 -0.2790 -0.0013
vn -0.8518 -0.5238 -0.0011
vn -0.8112 -0.4131 0.4140
vn -0.9342 -0.2946 0.2012
vn 0.0364 -0.9993 -0.0003
vn 0.0390 -0.9992 0.0052
vn 0.1273 -0.9919 0.0032
vn 0.1274 -0.9918 -0.0001
vn 0.0475 -0.9989 -0.0059
vn 0.1275 -0.9918 -0.0032
vn -0.0353 -0.0163 -0.9992
vn -0.0442 -0.0203 -0.9988
vn -0.3588 -0.1261 -0.9249
vn -0.3841 -0.1342 -0.9135
vn 0.8482 -0.5298 -0.0000
vn 0.4258 -0.9048 -0.0009
vn 0.4434 -0.8963 -0.0000
vn 0.9277 -0.3733 -0.0000
vn -0.9347 -0.2803 -0.2186
vn -0.7999 -0.3823 -0.4626
vn 0.4150 -0.9098 0.0009
vn 0.9999 0.0140 -0.0000
vn -0.9874 -0.0032 -0.1584
vn -0.9999 0.0151 0.0011
vn -0.0595 0.8091 -0.5847
vn -0.0581 0.8101 -0.5834
vn -0.1087 0.7706 -0.6280
vn -0.9997 0.0240 0.0030
vn -0.1252 0.8026 0.5832
vn -0.0691 0.8446 0.5310
vn -0.1746 0.7599 0.6261
vn -0.4075 0.3173 0.8563
vn -0.0098 0.8430 -0.5378
vn 0.3007 -0.2420 -0.9225
vn 0.0867 -0.0733 -0.9935
vn 0.2117 -0.1719 -0.9621
vn -0.1415 -0.9899 -0.0013
vn -0.1420 -0.9899 -0.0001
vn -0.1002 -0.9950 -0.0004
vn -0.0793 -0.9968 -0.0055
vn -0.1425 -0.9898 0.0011
vn -0.0834 -0.9965 0.0043
vn -0.4128 -0.1094 0.9042
vn -0.1373 -0.9485 0.2854
vn -0.1503 -0.8817 -0.4473
vn -0.5126 -0.0086 -0.8586
vn -0.2795 -0.0492 0.9589
vn -0.2641 -0.0472 0.9633
vn -0.2367 0.0292 0.9711
vn -0.2155 0.1319 0.9676
vn 0.1931 -0.1646 0.9673
vn 0.8839 0.4592 0.0888
vn 0.8866 0.4625 0.0009
vn -0.1507 0.5065 -0.8489
vn 0.8061 0.5916 -0.0157
vn 0.8002 0.5997 0.0009
vn -0.9992 0.0402 0.0053
vn -0.3167 -0.4531 0.8333
vn -0.1756 -0.4578 0.8715
vn -0.1852 -0.4578 0.8695
vn 0.8824 0.4623 -0.0873
vn 0.1814 0.6400 0.7467
vn 0.1584 0.6490 0.7441
vn 0.3074 0.5825 0.7524
vn 0.2270 -0.4747 0.8504
vn 0.2350 -0.4748 0.8481
vn -0.9530 -0.3018 -0.0285
vn -0.9446 -0.3260 -0.0389
vn -0.9993 -0.0310 -0.0204
vn -0.9607 -0.2772 -0.0181
vn 0.2374 -0.4627 -0.8541
vn 0.2225 -0.4623 -0.8584
vn -0.1747 -0.4040 -0.8979
vn -0.1911 -0.3993 -0.8967
vn 0.7407 -0.4610 0.4887
vn 0.7293 -0.4626 0.5042
vn -0.9558 0.2941 0.0020
vn -0.1096 0.5701 0.8142
vn -0.1088 0.5708 0.8138
vn 0.3010 0.5880 -0.7508
vn -0.2605 0.4153 0.8716
vn 0.0080 -1.0000 -0.0003
vn 0.0079 -1.0000 -0.0000
vn 0.0080 -1.0000 0.0002
vn 0.0086 -1.0000 -0.0000
vn 0.0085 -1.0000 -0.0000
vn 0.0074 -1.0000 -0.0006
vn 0.0074 -1.0000 -0.0000
vn 0.0074 -1.0000 0.0006
vn 0.9122 -0.4099 -0.0007
vn 0.9122 -0.4098 -0.0011
vn 0.7326 -0.4560 -0.5053
vn 0.7444 -0.4546 -0.4891
vn -0.3062 -0.3628 -0.8801
vn -0.0206 0.2811 -0.9595
vn 0.0287 0.2871 -0.9575
vn 0.4169 0.3655 -0.8323
vn 0.4234 0.3010 -0.8545
vn 0.0860 0.3057 -0.9482
vn 0.0349 0.2867 -0.9574
vn 0.1066 0.3193 -0.9416
vn 0.3805 0.7045 -0.5990
vn -0.0775 0.0968 -0.9923
vn -0.0665 0.1987 -0.9778
vn 0.0904 0.2763 -0.9568
vn 0.0253 0.1703 -0.9851
vn -0.1042 -0.0290 -0.9941
vn -0.1197 -0.0296 -0.9924
vn -0.0306 0.0878 -0.9957
vn -0.0865 0.0990 -0.9913
vn 0.0092 0.1058 0.9943
vn 0.4541 0.1185 0.8830
vn 0.3949 0.1865 0.8996
vn 0.0391 0.1013 0.9941
vn 0.0964 0.4201 0.9024
vn 0.3542 0.5501 0.7563
vn 0.1620 0.8694 0.4667
vn 0.0271 0.8769 0.4799
vn -0.0294 0.3274 0.9444
vn 0.0415 0.3528 0.9348
vn 0.1171 0.8776 0.4649
vn -0.0148 0.8476 0.5304
vn 0.0386 0.0084 0.9992
vn 0.0119 0.0221 0.9997
vn 0.0230 0.0128 0.9997
vn -0.0228 0.0056 0.9997
vn 0.0108 -0.9999 0.0056
vn 0.0132 -0.9999 0.0111
vn 0.0108 -0.9999 0.0057
vn 0.5924 0.7246 0.3522
vn 0.1540 0.9800 0.1262
vn 0.0058 -0.9989 0.0468
vn 0.0084 -1.0000 0.0002
vn 0.0042 -0.9971 0.0758
vn 0.6571 0.0719 0.7503
vn 0.5916 0.1963 0.7820
vn 0.6051 0.1728 0.7772
vn 0.0142 0.9943 0.1061
vn 0.1132 0.9890 0.0949
vn -0.5299 0.8386 0.1264
vn -0.9338 0.2979 0.1981
vn -0.6486 0.2671 0.7128
vn -0.4346 0.7640 0.4769
vn -0.9627 -0.0077 0.2703
vn -0.5745 -0.0177 0.8183
vn -0.0921 -0.9383 0.3334
vn -0.0613 -0.9603 0.2721
vn 0.0161 0.9940 0.1085
vn 0.0197 0.9998 -0.0005
vn -0.1609 0.9870 -0.0005
vn -0.1641 0.9858 -0.0365
vn 0.0177 0.9992 -0.0358
vn 0.1611 0.9857 -0.0489
vn 0.0143 0.9999 -0.0005
vn 0.0143 0.9992 -0.0378
vn 0.1585 0.9859 -0.0536
vn -0.0551 -0.9810 -0.1862
vn 0.0112 -0.9990 -0.0442
vn 0.0106 -0.9993 -0.0362
vn -0.0678 -0.9771 -0.2017
vn -0.9625 0.2686 0.0374
vn -0.9989 0.0404 0.0252
vn -0.9990 0.0448 0.0008
vn -0.9614 0.2751 0.0045
vn -0.8744 0.4847 0.0234
vn -0.8732 0.4873 -0.0091
vn 0.1119 0.9937 -0.0005
vn 0.1091 0.9932 -0.0399
vn 0.7309 0.4907 -0.4744
vn 0.6852 0.1855 -0.7043
vn 0.0123 -0.9999 -0.0093
vn 0.0121 -0.9999 -0.0088
vn 0.5762 0.7850 -0.2276
vn 0.0159 -0.9997 -0.0178
vn 0.0167 0.9998 -0.0094
vn -0.5574 0.8303 0.0006
vn 0.1538 0.9880 -0.0104
vn 0.0143 0.9999 -0.0092
vn -0.1635 0.4403 -0.8828
vn 0.0821 -0.1029 -0.9913
vn -0.0387 -0.0346 -0.9987
vn -0.1809 0.0159 -0.9834
vn -0.9565 0.2918 -0.0059
vn -0.9990 0.0438 -0.0086
vn 0.1119 0.9936 -0.0139
vn 0.9981 0.0609 -0.0038
vn 0.9368 -0.3499 -0.0065
vn 0.9330 -0.3595 -0.0166
vn 0.9950 0.0897 0.0430
vn 0.5774 0.8165 -0.0069
vn 0.1696 0.6455 0.7447
vn -0.0604 0.6096 0.7904
vn -0.0575 0.6127 0.7882
vn 0.1490 0.6532 0.7424
vn -0.9152 0.4026 0.0171
vn -0.9372 0.3488 0.0076
vn -0.9991 0.0373 0.0183
vn -0.9985 0.0515 0.0187
vn 0.9884 0.1413 -0.0551
vn 0.9404 -0.3401 0.0039
vn -0.9603 -0.2790 0.0013
vn -0.9342 -0.2946 -0.2012
vn -0.8112 -0.4131 -0.4140
vn -0.8518 -0.5238 0.0011
vn 0.0364 -0.9993 0.0003
vn 0.1274 -0.9918 0.0001
vn 0.1273 -0.9919 -0.0032
vn 0.0390 -0.9992 -0.0052
vn 0.0475 -0.9989 0.0059
vn 0.1275 -0.9918 0.0032
vn -0.0353 -0.0163 0.9992
vn -0.3841 -0.1342 0.9135
vn -0.3588 -0.1261 0.9249
vn -0.0442 -0.0203 0.9988
vn 0.4258 -0.9048 0.0009
vn -0.9347 -0.2803 0.2186
vn -0.7999 -0.3823 0.4626
vn 0.4150 -0.9098 -0.0009
vn -0.9874 -0.0032 0.1584
vn -0.9999 0.0151 -0.0011
vn -0.0595 0.8091 0.5847
vn -0.1087 0.7706 0.6280
vn -0.0581 0.8101 0.5834
vn -0.9997 0.0240 -0.0030
vn -0.1252 0.8026 -0.5832
vn -0.0691 0.8446 -0.5310
vn -0.1746 0.7599 -0.6261
vn -0.4075 0.3173 -0.8563
vn -0.0098 0.8430 0.5378
vn 0.3007 -0.2420 0.9225
vn 0.2117 -0.1719 0.9621
vn 0.0867 -0.0733 0.9935
vn -0.1415 -0.9899 0.0013
vn -0.0793 -0.9968 0.0055
vn -0.1002 -0.9950 0.0004
vn -0.1420 -0.9899 0.0001
vn -0.0834 -0.9965 -0.0043
vn -0.1425 -0.9898 -0.0011
vn -0.4128 -0.1094 -0.9042
vn -0.1373 -0.9485 -0.2854
vn -0.1503 -0.8817 0.4473
vn -0.5126 -0.0086 0.8586
vn -0.2795 -0.0492 -0.9589
vn -0.2641 -0.0472 -0.9633
vn -0.2367 0.0292 -0.9711
vn -0.2155 0.1319 -0.9676
vn 0.1931 -0.1646 -0.9673
vn 0.8866 0.4625 -0.0009
vn 0.8839 0.4592 -0.0888
vn -0.1507 0.5065 0.8489
vn 0.8061 0.5916 0.0157
vn 0.8002 0.5997 -0.0009
vn -0.9992 0.0402 -0.0053
vn -0.3167 -0.4531 -0.8333
vn -0.1852 -0.4578 -0.8695
vn -0.1756 -0.4578 -0.8715
vn 0.8824 0.4623 0.0873
vn 0.1814 0.6400 -0.7467
vn 0.3074 0.5825 -0.7524
vn 0.1584 0.6490 -0.7441
vn 0.2350 -0.4748 -0.8481
vn 0.2270 -0.4747 -0.8504
vn -0.9993 -0.0310 0.0204
vn -0.9446 -0.3260 0.0389
vn -0.9530 -0.3018 0.0285
vn -0.9607 -0.2772 0.0181
vn 0.2374 -0.4627 0.8541
vn -0.1911 -0.3993 0.8967
vn -0.1747 -0.4040 0.8979
vn 0.2225 -0.4623 0.8584
vn 0.7293 -0.4626 -0.5042
vn 0.7407 -0.4610 -0.4887
vn -0.9558 0.2941 -0.0020
vn -0.1096 0.5701 -0.8142
vn -0.1088 0.5708 -0.8138
vn 0.3010 0.5880 0.7508
vn -0.2605 0.4153 -0.8716
vn 0.0080 -1.0000 0.0003
vn 0.0080 -1.0000 -0.0002
vn 0.9122 -0.4098 0.0011
vn 0.9122 -0.4099 0.0007
vn 0.7326 -0.4560 0.5053
vn 0.7444 -0.4546 0.4891
vn -0.3062 -0.3628 0.8801
vt 0.829114 0.318310
vt 0.832885 0.329079
vt 0.829256 0.330088
vt 0.824511 0.321118
vt 0.951505 0.653135
vt 0.974235 0.660059
vt 0.935387 0.661521
vt 0.920215 0.659047
vt 0.893943 0.642117
vt 0.916958 0.641670
vt 0.903528 0.658118
vt 0.890543 0.656940
vt 0.808096 0.296853
vt 0.818864 0.304652
vt 0.813760 0.307790
vt 0.805655 0.300029
vt 0.803191 0.341878
vt 0.804728 0.338910
vt 0.812974 0.342538
vt 0.812653 0.345428
vt 0.949672 0.719100
vt 0.921486 0.708450
vt 0.937482 0.707356
vt 0.971752 0.715039
vt 0.895160 0.722315
vt 0.891760 0.709088
vt 0.904617 0.708519
vt 0.917577 0.722163
vt 0.785213 0.328125
vt 0.787251 0.325317
vt 0.792776 0.332148
vt 0.790815 0.334799
vt 0.801361 0.345842
vt 0.819068 0.347333
vt 0.811139 0.349890
vt 0.981348 0.703303
vt 0.936235 0.697818
vt 0.787160 0.339476
vt 0.793605 0.341816
vt 0.815017 0.343565
vt 0.819305 0.342149
vt 0.920151 0.698220
vt 0.903685 0.698031
vt 0.877476 0.697501
vt 0.878201 0.708551
vt 0.864742 0.715453
vt 0.863095 0.703472
vt 0.852185 0.719819
vt 0.846302 0.705181
vt 0.778254 0.330693
vt 0.890408 0.698605
vt 0.889703 0.670511
vt 0.876482 0.670935
vt 0.877485 0.656319
vt 0.935199 0.673416
vt 0.919345 0.672572
vt 0.810408 0.290196
vt 0.822333 0.299191
vt 0.861353 0.655583
vt 0.861708 0.667904
vt 0.845776 0.668233
vt 0.846967 0.656776
vt 0.903045 0.671886
vt 0.834360 0.336206
vt 0.827917 0.336058
vt 0.826256 0.306558
vt 0.832835 0.316001
vt 0.981627 0.671119
vt 0.837719 0.326510
vt 0.889653 0.683391
vt 0.876970 0.683233
vt 0.935165 0.684569
vt 0.919274 0.684238
vt 0.777058 0.284386
vt 0.775820 0.286620
vt 0.772865 0.284367
vt 0.772463 0.282326
vt 0.862081 0.683472
vt 0.844918 0.684024
vt 0.902969 0.683814
vt 0.826650 0.342239
vt 0.824147 0.339103
vt 0.829691 0.289866
vt 0.837049 0.280541
vt 0.845214 0.283424
vt 0.835909 0.294772
vt 0.981903 0.684489
vt 0.818504 0.360715
vt 0.823657 0.358874
vt 0.829419 0.365519
vt 0.826877 0.369160
vt 0.836628 0.371573
vt 0.836569 0.369317
vt 0.846609 0.365515
vt 0.847959 0.367141
vt 0.780490 0.300543
vt 0.777901 0.299038
vt 0.780448 0.293695
vt 0.783263 0.294270
vt 0.770484 0.294609
vt 0.764840 0.304580
vt 0.760248 0.302733
vt 0.766952 0.292349
vt 0.763408 0.307095
vt 0.768628 0.305786
vt 0.768643 0.308313
vt 0.769542 0.282275
vt 0.770572 0.283562
vt 0.763181 0.289545
vt 0.760054 0.286655
vt 0.775036 0.307673
vt 0.773247 0.305564
vt 0.757077 0.300274
vt 0.752641 0.299821
vt 0.758097 0.284627
vt 0.752040 0.294325
vt 0.776443 0.310480
vt 0.782948 0.302009
vt 0.767234 0.279882
vt 0.761716 0.313519
vt 0.786680 0.294207
vt 0.781424 0.279265
vt 0.780915 0.288411
vt 0.747872 0.304031
vt 0.757359 0.303840
vt 0.774850 0.297069
vt 0.778401 0.289110
vt 0.794945 0.292019
vt 0.795740 0.285505
vt 0.770045 0.320350
vt 0.779207 0.319962
vt 0.782578 0.318253
vt 0.871781 0.721748
vt 0.796391 0.297546
vt 0.870323 0.642562
vt 0.835405 0.340100
vt 0.828468 0.344646
vt 0.897505 0.739465
vt 0.919536 0.741893
vt 0.980426 0.645564
vt 0.954328 0.639778
vt 0.995307 0.665250
vt 0.985294 0.648474
vt 0.995683 0.706354
vt 0.996079 0.684231
vt 0.953218 0.735588
vt 0.787660 0.305287
vt 0.792294 0.299787
vt 0.874268 0.734441
vt 0.921528 0.631276
vt 0.896889 0.627053
vt 0.870603 0.628786
vt 0.982942 0.723851
vt 0.988813 0.720644
vt 0.978970 0.727478
vt 0.782193 0.312904
vt 0.851315 0.355478
vt 0.848617 0.355198
vt 0.846342 0.348821
vt 0.848739 0.347440
vt 0.820975 0.350850
vt 0.844205 0.335766
vt 0.842596 0.341877
vt 0.841550 0.344091
vt 0.843357 0.361713
vt 0.836578 0.365741
vt 0.825986 0.357807
vt 0.830922 0.363128
vt 0.835716 0.342667
vt 0.855352 0.356016
vt 0.852800 0.344836
vt 0.816941 0.352371
vt 0.838771 0.356320
vt 0.833847 0.351067
vt 0.824373 0.351651
vt 0.829829 0.346369
s 1
usemtl Material.021
f 2876/2654/4194 2868/2655/4195 2965/2656/4196 2967/2657/4197
f 2877/2658/4198 2870/2659/4199 2872/2660/4200 2878/2661/4201
f 2933/2662/4202 2874/2663/4203 2875/2664/4204 2934/2665/4205
f 2935/2666/4206 2873/2667/4207 2975/2668/4208 2974/2669/4209
f 2874/2663/4203 2877/2658/4198 2878/2661/4201 2875/2664/4204
f 2873/2667/4207 2876/2654/4194 2967/2657/4197 2975/2668/4208
f 2888/2670/4210 2966/2671/4211 2962/2672/4212 2880/2673/4213
f 2889/2674/4214 2890/2675/4215 2884/2676/4216 2882/2677/4217
f 2936/2678/4218 2937/2679/4219 2887/2680/4220 2886/2681/4221
f 2938/2682/4222 2976/2683/4223 2969/2684/4224 2885/2685/4225
f 2886/2681/4221 2887/2680/4220 2890/2675/4215 2889/2674/4214
f 2885/2685/4225 2969/2684/4224 2966/2671/4211 2888/2670/4210
f 2906/2686/4226 2888/2670/4227 2880/2673/4228 2901/2687/4228 2979/2688/4228
f 2907/2689/4229 2882/2677/4217 2884/2676/4216 2902/2690/4230
f 2908/2691/4231 2885/2685/4232 2888/2670/4227 2906/2686/4226 2961/2692/4233
f 2901/2687/4234 2880/2673/4213 2962/2672/4212 2978/2693/4235 2971/2694/4236
f 2909/2695/4237 2890/2675/4215 2887/2680/4220 2903/2696/4238
f 2910/2697/4239 2883/2698/4240 2881/2699/4241 2904/2700/4242
f 2904/2700/4242 2881/2699/4241 2973/2701/4243 2964/2702/4244
f 2942/2703/4245 2938/2682/4246 2885/2685/4232 2908/2691/4231
f 2902/2690/4230 2884/2676/4216 2890/2675/4215 2909/2695/4237
f 2941/2704/4247 2937/2679/4219 2883/2698/4240 2910/2697/4239
f 2934/2665/4248 2939/2705/4249 2899/2706/4250 2871/2707/4251
f 2872/2660/4252 2893/2708/4253 2897/2709/4254 2878/2661/4255
f 2935/2666/4256 2940/2710/4257 2895/2711/4258 2873/2667/4259
f 2869/2712/4260 2898/2713/4261 2977/2714/4262 2963/2715/4263
f 2871/2707/4264 2899/2706/4265 2898/2713/4261 2869/2712/4260
f 2878/2661/4255 2897/2709/4254 2896/2716/4266 2875/2664/4267
f 2868/2655/4195 2891/2717/4268 2968/2718/4269 2965/2656/4196
f 2873/2667/4259 2895/2711/4258 2960/2719/4270 2892/2720/4271 2876/2654/4272
f 2870/2659/4199 2894/2721/4273 2893/2708/4253 2872/2660/4252
f 2876/2654/4272 2892/2720/4271 2980/2722/4274 2891/2717/4274 2868/2655/4274
f 2943/2723/4275 2941/2704/4247 2910/2697/4239 2915/2724/4276
f 2917/2725/4277 2902/2690/4230 2909/2695/4237 2914/2726/4278
f 2948/2727/4279 2944/2728/4280 2955/2729/4281 2956/2730/4282
f 2919/2731/4283 2904/2700/4242 2964/2702/4244 2972/2732/4284
f 2915/2724/4276 2910/2697/4239 2904/2700/4242 2919/2731/4283
f 2914/2726/4278 2909/2695/4237 2903/2696/4238 2918/2733/4285
f 2916/2734/4286 2901/2687/4287 2971/2694/4288 2970/2735/4289
f 2913/2736/4290 2908/2737/4231 2961/2738/4233 2959/2739/4290
f 2912/2740/4291 2907/2689/4229 2902/2690/4230 2917/2725/4277
f 2979/2741/4292 2990/2742/4293 2985/2743/4294 2906/2744/4295
f 2961/2745/4296 2989/2746/4297 2987/2747/4298 2959/2748/4299
f 2894/2721/4273 2912/2740/4291 2917/2725/4277 2893/2708/4253
f 2895/2711/4258 2913/2736/4290 2959/2739/4290 2960/2719/4270
f 2891/2717/4300 2916/2734/4286 2970/2735/4289 2968/2718/4301
f 2897/2709/4254 2914/2726/4278 2918/2733/4285 2896/2716/4266
f 2899/2706/4265 2915/2724/4276 2919/2731/4283 2898/2713/4261
f 2898/2713/4261 2919/2731/4283 2972/2732/4284 2977/2714/4262
f 2928/2749/4302 2926/2750/4303 2922/2751/4304 2927/2752/4305
f 2893/2708/4253 2917/2725/4277 2914/2726/4278 2897/2709/4254
f 2939/2705/4249 2943/2723/4275 2915/2724/4276 2899/2706/4250
f 2946/2753/4306 2945/2754/4307 2957/2755/4308 2954/2756/4309
f 2944/2728/4310 2946/2753/4306 2954/2756/4309 2955/2729/4311
f 2947/2757/4312 2945/2754/4313 2950/2758/4314 2951/2759/4315
f 2929/2760/4316 2921/2761/4317 2925/2762/4318 2932/2763/4319
f 2930/2764/4320 2923/2765/4321 2926/2750/4303 2928/2749/4302
f 2932/2763/4319 2925/2762/4318 2924/2766/4322 2931/2767/4316
f 2913/2768/4323 2932/2763/4319 2931/2767/4316 2908/2769/4323
f 2905/2770/4324 2930/2764/4320 2928/2749/4302 2920/2771/4325
f 2895/2772/4323 2929/2760/4316 2932/2763/4319 2913/2768/4323
f 2942/2773/4326 2947/2757/4327 2951/2759/4328 2930/2764/4328 2905/2770/4328
f 2920/2771/4325 2928/2749/4302 2927/2752/4305 2900/2774/4329
f 2940/2775/4330 2948/2727/4279 2956/2730/4331 2929/2760/4331 2895/2772/4331
f 2900/2774/4332 2927/2752/4332 2952/2776/4333 2948/2727/4279 2940/2775/4330
f 2908/2777/4334 2931/2767/4334 2958/2778/4334 2947/2757/4327 2942/2773/4326
f 2931/2767/4335 2924/2766/4335 2957/2755/4336 2958/2778/4337
f 2922/2751/4338 2926/2750/4339 2949/2779/4340 2953/2780/4341
f 2926/2750/4339 2923/2765/4342 2950/2758/4343 2949/2779/4340
f 2896/2716/4266 2918/2733/4285 2943/2723/4275 2939/2705/4249
f 2927/2752/4305 2922/2751/4304 2953/2780/4344 2952/2776/4333
f 2918/2733/4285 2903/2696/4238 2941/2704/4247 2943/2723/4275
f 2867/2781/4345 2900/2782/4345 2940/2710/4257 2935/2666/4256
f 2875/2664/4267 2896/2716/4266 2939/2705/4249 2934/2665/4248
f 2903/2696/4238 2887/2680/4220 2937/2679/4219 2941/2704/4247
f 2905/2783/4346 2879/2784/4346 2938/2682/4246 2942/2703/4245
f 2879/2784/4347 2973/2785/4243 2976/2683/4223 2938/2682/4222
f 2881/2786/4241 2883/2698/4240 2937/2679/4219 2936/2678/4218
f 2867/2781/4348 2935/2666/4206 2974/2669/4209 2963/2787/4349
f 2869/2788/4350 2933/2662/4202 2934/2665/4205 2871/2707/4351
f 2949/2779/4340 2946/2753/4306 2944/2728/4310 2953/2780/4341
f 2950/2758/4314 2923/2765/4321 2930/2764/4320 2951/2759/4315
f 2953/2780/4344 2944/2728/4280 2948/2727/4279 2952/2776/4333
f 2950/2758/4343 2945/2754/4307 2946/2753/4306 2949/2779/4340
f 2957/2755/4336 2945/2754/4313 2947/2757/4312 2958/2778/4337
f 2954/2756/4309 2925/2762/4318 2921/2761/4317 2955/2729/4311
f 2955/2729/4281 2921/2761/4352 2929/2760/4352 2956/2730/4282
f 2957/2755/4308 2924/2766/4322 2925/2762/4318 2954/2756/4309
f 2891/2717/4300 2982/2789/4353 2986/2790/4354 2916/2734/4286
f 2906/2744/4295 2985/2743/4294 2989/2746/4355 2961/2745/4355
f 2976/2791/4223 2936/2678/4218 2886/2681/4221 2969/2792/4224
f 2965/2793/4196 2870/2659/4199 2877/2658/4198 2967/2794/4197
f 2968/2795/4269 2894/2721/4273 2870/2659/4199 2965/2796/4196
f 2971/2797/4356 2907/2689/4229 2912/2740/4291 2970/2798/4357
f 2969/2792/4224 2886/2681/4221 2889/2674/4214 2966/2799/4211
f 2972/2800/4284 2920/2771/4325 2900/2774/4329 2977/2801/4262
f 2973/2802/4243 2881/2786/4241 2936/2678/4218 2976/2791/4223
f 2975/2803/4208 2874/2663/4203 2933/2662/4202 2974/2804/4209
f 2967/2794/4197 2877/2658/4198 2874/2663/4203 2975/2803/4208
f 2974/2804/4209 2933/2662/4202 2869/2788/4350 2963/2805/4349
f 2962/2806/4212 2882/2677/4217 2907/2689/4229 2971/2797/4236 2978/2807/4235
f 2966/2799/4211 2889/2674/4214 2882/2677/4217 2962/2808/4212
f 2973/2785/4243 2879/2784/4347 2905/2770/4324 2964/2809/4244
f 2977/2801/4262 2900/2774/4329 2867/2781/4358 2963/2787/4263
f 2964/2809/4244 2905/2770/4324 2920/2771/4325 2972/2800/4284
f 2970/2798/4357 2912/2740/4291 2894/2721/4273 2968/2795/4269
f 2988/2810/4359 2997/2811/4359 2911/2812/4360 2983/2813/4361
f 2916/2734/4286 2986/2790/4354 2984/2814/4362 2901/2687/4287
f 2980/2815/4363 2991/2816/4364 2982/2789/4365 2891/2717/4365
f 2983/2813/4361 2911/2812/4360 3000/2817/4366 2991/2816/4367
f 2987/2747/4298 2996/2818/4368 2997/2811/4369 2988/2810/4370
f 2989/2746/4297 2998/2819/4371 2996/2818/4368 2987/2747/4298
f 2990/2742/4372 2999/2820/4373 2993/2821/4374 2985/2743/4375
f 2991/2816/4367 3000/2817/4366 2981/2822/4376 2982/2789/4377
f 2959/2748/4299 2987/2747/4298 2988/2810/4370 2960/2823/4378
f 2892/2824/4379 2983/2813/4380 2991/2816/4364 2980/2815/4363
f 2901/2825/4381 2984/2814/4381 2990/2742/4293 2979/2741/4292
f 2960/2823/4382 2988/2810/4382 2983/2813/4380 2892/2824/4379
f 2994/2826/4270 2993/2821/4270 2999/2820/4383 3001/2827/4384
f 2911/2812/4270 2994/2826/4270 3001/2827/4384 3000/2817/4385
f 2998/2819/4386 2993/2821/4270 2994/2826/4270 2996/2818/4386
f 2996/2818/4386 2994/2826/4270 2911/2812/4270 2997/2811/4387
f 2999/2820/4383 2992/2828/4388 2995/2829/4389 3001/2827/4384
f 3001/2827/4384 2995/2829/4389 2981/2822/4390 3000/2817/4385
f 2982/2789/4377 2981/2822/4376 2995/2829/4391 2986/2790/4392
f 2984/2814/4393 2992/2828/4394 2999/2820/4373 2990/2742/4372
f 2986/2790/4392 2995/2829/4391 2992/2828/4394 2984/2814/4393
f 2985/2743/4375 2993/2821/4374 2998/2819/4395 2989/2746/4395
f 3011/2654/4396 3102/2657/4397 3100/2656/4398 3003/2655/4399
f 3012/2658/4400 3013/2661/4401 3007/2660/4402 3005/2659/4403
f 3068/2662/4404 3069/2665/4405 3010/2664/4406 3009/2663/4407
f 3070/2666/4408 3109/2669/4409 3110/2668/4410 3008/2667/4411
f 3009/2663/4407 3010/2664/4406 3013/2661/4401 3012/2658/4400
f 3008/2667/4411 3110/2668/4410 3102/2657/4397 3011/2654/4396
f 3023/2670/4412 3015/2673/4413 3097/2672/4414 3101/2671/4415
f 3024/2674/4416 3017/2677/4417 3019/2676/4418 3025/2675/4419
f 3071/2678/4420 3021/2681/4421 3022/2680/4422 3072/2679/4423
f 3073/2682/4424 3020/2685/4425 3104/2684/4426 3111/2683/4427
f 3021/2681/4421 3024/2674/4416 3025/2675/4419 3022/2680/4422
f 3020/2685/4425 3023/2670/4412 3101/2671/4415 3104/2684/4426
f 3041/2686/4428 3114/2688/4429 3036/2687/4429 3015/2673/4429 3023/2670/4430
f 3042/2689/4431 3037/2690/4432 3019/2676/4418 3017/2677/4417
f 3043/2691/4433 3096/2692/4434 3041/2686/4428 3023/2670/4430 3020/2685/4435
f 3036/2687/4436 3106/2694/4437 3113/2693/4438 3097/2672/4414 3015/2673/4413
f 3044/2695/4439 3038/2696/4440 3022/2680/4422 3025/2675/4419
f 3045/2697/4441 3039/2700/4442 3016/2699/4443 3018/2698/4444
f 3039/2700/4442 3099/2702/4445 3108/2701/4446 3016/2699/4443
f 3077/2703/4447 3043/2691/4433 3020/2685/4435 3073/2682/4448
f 3037/2690/4432 3044/2695/4439 3025/2675/4419 3019/2676/4418
f 3076/2704/4449 3045/2697/4441 3018/2698/4444 3072/2679/4423
f 3069/2665/4450 3006/2707/4451 3034/2706/4452 3074/2705/4453
f 3007/2660/4454 3013/2661/4455 3032/2709/4456 3028/2708/4457
f 3070/2666/4458 3008/2667/4459 3030/2711/4460 3075/2710/4461
f 3004/2712/4462 3098/2715/4463 3112/2714/4464 3033/2713/4465
f 3006/2707/4466 3004/2712/4462 3033/2713/4465 3034/2706/4467
f 3013/2661/4455 3010/2664/4468 3031/2716/4469 3032/2709/4456
f 3003/2655/4399 3100/2656/4398 3103/2718/4470 3026/2717/4471
f 3008/2667/4459 3011/2654/4472 3027/2720/4473 3095/2719/4270 3030/2711/4460
f 3005/2659/4403 3007/2660/4454 3028/2708/4457 3029/2721/4474
f 3011/2654/4472 3003/2655/4475 3026/2717/4475 3115/2722/4475 3027/2720/4473
f 3078/2723/4476 3050/2724/4477 3045/2697/4441 3076/2704/4449
f 3052/2725/4478 3049/2726/4479 3044/2695/4439 3037/2690/4432
f 3083/2727/4480 3091/2730/4481 3090/2729/4482 3079/2728/4483
f 3054/2731/4484 3107/2732/4485 3099/2702/4445 3039/2700/4442
f 3050/2724/4477 3054/2731/4484 3039/2700/4442 3045/2697/4441
f 3049/2726/4479 3053/2733/4486 3038/2696/4440 3044/2695/4439
f 3051/2734/4487 3105/2735/4488 3106/2694/4489 3036/2687/4490
f 3048/2736/4290 3094/2739/4290 3096/2738/4434 3043/2737/4433
f 3047/2740/4491 3052/2725/4478 3037/2690/4432 3042/2689/4431
f 3114/2741/4492 3041/2744/4493 3120/2743/4494 3125/2742/4495
f 3096/2745/4496 3094/2748/4497 3122/2747/4498 3124/2746/4499
f 3029/2721/4474 3028/2708/4457 3052/2725/4478 3047/2740/4491
f 3030/2711/4460 3095/2719/4270 3094/2739/4290 3048/2736/4290
f 3026/2717/4500 3103/2718/4501 3105/2735/4488 3051/2734/4487
f 3032/2709/4456 3031/2716/4469 3053/2733/4486 3049/2726/4479
f 3034/2706/4467 3033/2713/4465 3054/2731/4484 3050/2724/4477
f 3033/2713/4465 3112/2714/4464 3107/2732/4485 3054/2731/4484
f 3063/2749/4502 3062/2752/4503 3057/2751/4504 3061/2750/4505
f 3028/2708/4457 3032/2709/4456 3049/2726/4479 3052/2725/4478
f 3074/2705/4453 3034/2706/4452 3050/2724/4477 3078/2723/4476
f 3081/2753/4506 3089/2756/4507 3092/2755/4508 3080/2754/4509
f 3079/2728/4510 3090/2729/4511 3089/2756/4507 3081/2753/4506
f 3082/2757/4512 3086/2759/4513 3085/2758/4514 3080/2754/4515
f 3064/2760/4316 3067/2763/4319 3060/2762/4318 3056/2761/4516
f 3065/2764/4517 3063/2749/4502 3061/2750/4505 3058/2765/4518
f 3067/2763/4319 3066/2767/4316 3059/2766/4519 3060/2762/4318
f 3048/2768/4323 3043/2769/4323 3066/2767/4316 3067/2763/4319
f 3040/2770/4520 3055/2771/4521 3063/2749/4502 3065/2764/4517
f 3030/2772/4323 3048/2768/4323 3067/2763/4319 3064/2760/4316
f 3077/2773/4522 3040/2770/4523 3065/2764/4523 3086/2759/4523 3082/2757/4524
f 3055/2771/4521 3035/2774/4525 3062/2752/4503 3063/2749/4502
f 3075/2775/4526 3030/2772/4527 3064/2760/4527 3091/2730/4527 3083/2727/4480
f 3035/2774/4528 3075/2775/4526 3083/2727/4480 3087/2776/4529 3062/2752/4528
f 3043/2777/4530 3077/2773/4522 3082/2757/4524 3093/2778/4530 3066/2767/4530
f 3066/2767/4531 3093/2778/4532 3092/2755/4533 3059/2766/4531
f 3057/2751/4534 3088/2780/4535 3084/2779/4536 3061/2750/4537
f 3061/2750/4537 3084/2779/4536 3085/2758/4538 3058/2765/4539
f 3031/2716/4469 3074/2705/4453 3078/2723/4476 3053/2733/4486
f 3062/2752/4503 3087/2776/4529 3088/2780/4540 3057/2751/4504
f 3053/2733/4486 3078/2723/4476 3076/2704/4449 3038/2696/4440
f 3002/2781/4541 3070/2666/4458 3075/2710/4461 3035/2782/4541
f 3010/2664/4468 3069/2665/4450 3074/2705/4453 3031/2716/4469
f 3038/2696/4440 3076/2704/4449 3072/2679/4423 3022/2680/4422
f 3040/2783/4542 3077/2703/4447 3073/2682/4448 3014/2784/4542
f 3014/2784/4543 3073/2682/4424 3111/2683/4427 3108/2785/4446
f 3016/2786/4443 3071/2678/4420 3072/2679/4423 3018/2698/4444
f 3002/2781/4544 3098/2787/4545 3109/2669/4409 3070/2666/4408
f 3004/2788/4546 3006/2707/4547 3069/2665/4405 3068/2662/4404
f 3084/2779/4536 3088/2780/4535 3079/2728/4510 3081/2753/4506
f 3085/2758/4514 3086/2759/4513 3065/2764/4517 3058/2765/4518
f 3088/2780/4540 3087/2776/4529 3083/2727/4480 3079/2728/4483
f 3085/2758/4538 3084/2779/4536 3081/2753/4506 3080/2754/4509
f 3092/2755/4533 3093/2778/4532 3082/2757/4512 3080/2754/4515
f 3089/2756/4507 3090/2729/4511 3056/2761/4516 3060/2762/4318
f 3090/2729/4482 3091/2730/4481 3064/2760/4548 3056/2761/4548
f 3092/2755/4508 3089/2756/4507 3060/2762/4318 3059/2766/4519
f 3026/2717/4500 3051/2734/4487 3121/2790/4549 3117/2789/4550
f 3041/2744/4493 3096/2745/4551 3124/2746/4551 3120/2743/4494
f 3111/2791/4427 3104/2792/4426 3021/2681/4421 3071/2678/4420
f 3100/2793/4398 3102/2794/4397 3012/2658/4400 3005/2659/4403
f 3103/2795/4470 3100/2796/4398 3005/2659/4403 3029/2721/4474
f 3106/2797/4552 3105/2798/4553 3047/2740/4491 3042/2689/4431
f 3104/2792/4426 3101/2799/4415 3024/2674/4416 3021/2681/4421
f 3107/2800/4485 3112/2801/4464 3035/2774/4525 3055/2771/4521
f 3108/2802/4446 3111/2791/4427 3071/2678/4420 3016/2786/4443
f 3110/2803/4410 3109/2804/4409 3068/2662/4404 3009/2663/4407
f 3102/2794/4397 3110/2803/4410 3009/2663/4407 3012/2658/4400
f 3109/2804/4409 3098/2805/4545 3004/2788/4546 3068/2662/4404
f 3097/2806/4414 3113/2807/4438 3106/2797/4437 3042/2689/4431 3017/2677/4417
f 3101/2799/4415 3097/2808/4414 3017/2677/4417 3024/2674/4416
f 3108/2785/4446 3099/2809/4445 3040/2770/4520 3014/2784/4543
f 3112/2801/4464 3098/2787/4463 3002/2781/4554 3035/2774/4525
f 3099/2809/4445 3107/2800/4485 3055/2771/4521 3040/2770/4520
f 3105/2798/4553 3103/2795/4470 3029/2721/4474 3047/2740/4491
f 3123/2810/4555 3118/2813/4556 3046/2812/4557 3132/2811/4555
f 3051/2734/4487 3036/2687/4490 3119/2814/4558 3121/2790/4549
f 3115/2815/4559 3026/2717/4560 3117/2789/4560 3126/2816/4561
f 3118/2813/4556 3126/2816/4562 3135/2817/4563 3046/2812/4557
f 3122/2747/4498 3123/2810/4564 3132/2811/4565 3131/2818/4566
f 3124/2746/4499 3122/2747/4498 3131/2818/4566 3133/2819/4567
f 3125/2742/4568 3120/2743/4569 3128/2821/4570 3134/2820/4571
f 3126/2816/4562 3117/2789/4572 3116/2822/4573 3135/2817/4563
f 3094/2748/4497 3095/2823/4574 3123/2810/4564 3122/2747/4498
f 3027/2824/4575 3115/2815/4559 3126/2816/4561 3118/2813/4576
f 3036/2825/4577 3114/2741/4492 3125/2742/4495 3119/2814/4577
f 3095/2823/4578 3027/2824/4575 3118/2813/4576 3123/2810/4578
f 3129/2826/4270 3136/2827/4384 3134/2820/4579 3128/2821/4270
f 3046/2812/4270 3135/2817/4580 3136/2827/4384 3129/2826/4270
f 3133/2819/4386 3131/2818/4386 3129/2826/4270 3128/2821/4270
f 3131/2818/4386 3132/2811/4387 3046/2812/4270 3129/2826/4270
f 3134/2820/4579 3136/2827/4384 3130/2829/4389 3127/2828/4390
f 3136/2827/4384 3135/2817/4580 3116/2822/4388 3130/2829/4389
f 3117/2789/4572 3121/2790/4581 3130/2829/4582 3116/2822/4573
f 3119/2814/4583 3125/2742/4568 3134/2820/4571 3127/2828/4584
f 3121/2790/4581 3119/2814/4583 3127/2828/4584 3130/2829/4582
f 3120/2743/4569 3124/2746/4585 3133/2819/4585 3128/2821/4570
o star
v 0.393747 1.636678 0.743607
v 0.423388 1.497299 0.735350
v 0.457370 1.704957 0.647221
v 0.641522 1.476964 0.459354
v 0.347535 1.851159 0.757084
v 0.476516 1.250302 0.719946
v 0.299274 1.479188 0.898741
v 0.574108 1.827544 0.470944
v 0.453326 1.607325 0.673319
v 0.519360 1.468943 0.618075
v 0.539306 1.630263 0.557906
v 0.407778 1.650198 0.793191
v 0.454057 1.486947 0.771508
v 0.491923 1.747929 0.664124
v 0.633444 1.511532 0.535693
v 0.409792 1.793936 0.762679
v 0.507974 1.341918 0.733259
v 0.373086 1.516686 0.869207
v 0.580657 1.777040 0.546696
v 0.502482 1.594169 0.694858
v 0.555695 1.467231 0.645101
v 0.579578 1.638279 0.577788
vn -0.9774 0.1571 0.1414
vn -0.8294 -0.4701 -0.3017
vn -0.5532 0.6305 -0.5445
vn 0.0841 -0.4018 -0.9119
vn -0.8398 0.4812 -0.2513
vn -0.4505 -0.8588 -0.2441
vn -0.9136 -0.3896 0.1165
vn -0.2800 0.4218 -0.8624
vn -0.7825 -0.1303 -0.6088
vn -0.3538 -0.6175 -0.7025
vn -0.2930 -0.0157 -0.9560
vn 0.0508 0.3488 0.9358
vn 0.5032 -0.2873 0.8150
vn 0.4395 0.8565 0.2707
vn 0.9924 -0.1204 0.0260
vn 0.0962 0.7872 0.6091
vn 0.6024 -0.4985 0.6234
vn 0.1121 -0.1780 0.9776
vn 0.7719 0.6357 0.0070
vn 0.7806 0.1329 0.6107
vn 0.8973 -0.3050 0.3191
vn 0.9772 0.1858 0.1025
vt 0.500174 0.332127
vt 0.506572 0.345199
vt 0.498089 0.361826
vt 0.475240 0.318044
vt 0.487173 0.332168
vt 0.499823 0.322469
vt 0.522522 0.318332
vt 0.510374 0.332838
vt 0.525593 0.348983
vt 0.469319 0.346610
vt 0.491062 0.345541
vt 0.498149 0.298011
vt 0.497383 0.276966
vt 0.506841 0.285015
vt 0.481161 0.314359
vt 0.483371 0.301376
vt 0.499380 0.315620
vt 0.516906 0.314312
vt 0.519803 0.286370
vt 0.515231 0.300004
vt 0.475676 0.288738
vt 0.489102 0.285537
vt 0.468826 0.285504
vt 0.487507 0.282112
vt 0.520123 0.300988
vt 0.479119 0.302424
vt 0.508268 0.281405
vt 0.525593 0.281943
vt 0.496917 0.270719
s 1
usemtl Material.024
f 3145/2830/4594 3147/2831/4596 3140/2832/4589
f 3143/2833/4592 3145/2830/4594 3138/2834/4587
f 3137/2835/4586 3141/2836/4590 3145/2830/4594 3143/2833/4592
f 3141/2836/4590 3139/2837/4588 3144/2838/4593 3145/2830/4594
f 3145/2830/4594 3142/2839/4591 3138/2834/4587
f 3140/2832/4589 3146/2840/4595 3145/2830/4594
f 3146/2840/4595 3142/2839/4591 3145/2830/4594
f 3147/2831/4596 3145/2830/4594 3144/2838/4593
f 3156/2841/4605 3151/2842/4600 3158/2843/4607
f 3154/2844/4603 3149/2845/4598 3156/2841/4605
f 3148/2846/4597 3154/2844/4603 3156/2841/4605 3152/2847/4601
f 3152/2847/4601 3156/2841/4605 3155/2848/4604 3150/2849/4599
f 3156/2841/4605 3149/2845/4598 3153/2850/4602
f 3151/2842/4600 3156/2841/4605 3157/2851/4606
f 3157/2851/4606 3156/2841/4605 3153/2850/4602
f 3158/2843/4607 3155/2848/4604 3156/2841/4605
f 3137/2835/4586 3143/2833/4592 3154/2844/4603 3148/2846/4597
f 3142/2852/4591 3146/2853/4595 3157/2851/4606 3153/2850/4602
f 3139/2854/4588 3141/2836/4590 3152/2847/4601 3150/2849/4599
f 3143/2833/4592 3138/2855/4587 3149/2845/4598 3154/2844/4603
f 3147/2856/4596 3144/2857/4593 3155/2848/4604 3158/2843/4607
f 3138/2855/4587 3142/2852/4591 3153/2850/4602 3149/2845/4598
f 3146/2853/4595 3140/2858/4589 3151/2842/4600 3157/2851/4606
f 3140/2858/4589 3147/2856/4596 3158/2843/4607 3151/2842/4600
f 3144/2857/4593 3139/2854/4588 3150/2849/4599 3155/2848/4604
f 3141/2836/4590 3137/2835/4586 3148/2846/4597 3152/2847/4601
o smiley
v 0.550116 1.881644 -0.475242
v 0.582326 1.909213 -0.494424
v 0.613654 1.893553 -0.351437
v 0.645864 1.921121 -0.370620
v 0.625728 1.961195 -0.233951
v 0.657938 1.988764 -0.253134
v 0.582505 2.063096 -0.160085
v 0.614715 2.090664 -0.179267
v 0.497707 2.166901 -0.153289
v 0.529917 2.194469 -0.172472
v 0.398257 2.239655 -0.215723
v 0.430468 2.267223 -0.234906
v 0.315731 2.258257 -0.327563
v 0.347942 2.285825 -0.346746
v 0.276329 2.216802 -0.453302
v 0.308539 2.244370 -0.472485
v 0.292561 2.128452 -0.553017
v 0.324772 2.156020 -0.572200
v 0.359274 2.021257 -0.595051
v 0.391485 2.048825 -0.614234
v 0.455287 1.929251 -0.566057
v 0.487497 1.956819 -0.585240
vn -0.6396 -0.6798 0.3589
vn 0.7356 0.4972 -0.4601
vn -0.6127 -0.6733 0.4140
vn 0.7628 0.5040 -0.4052
vn -0.6097 -0.6399 0.4677
vn 0.7663 0.5377 -0.3517
vn -0.6314 -0.5902 0.5030
vn 0.7447 0.5876 -0.3165
vn -0.6709 -0.5398 0.5085
vn 0.7049 0.6376 -0.3108
vn -0.7156 -0.5050 0.4825
vn 0.6596 0.6721 -0.3365
vn -0.7518 -0.4968 0.4336
vn 0.6235 0.6802 -0.3854
vn -0.7678 -0.5180 0.3771
vn 0.6080 0.6595 -0.4422
vn -0.7584 -0.5616 0.3309
vn 0.6177 0.6162 -0.4886
vn -0.7264 -0.6136 0.3096
vn 0.6496 0.5640 -0.5098
vn -0.6820 -0.6576 0.3200
vn 0.6935 0.5196 -0.4991
vt 0.180091 0.871301
vt 0.195320 0.871301
vt 0.195320 0.875592
vt 0.180091 0.875592
vt 0.195320 0.879882
vt 0.180091 0.879882
vt 0.195320 0.884173
vt 0.180091 0.884173
vt 0.195320 0.888463
vt 0.180091 0.888463
vt 0.195320 0.892754
vt 0.180091 0.892754
vt 0.195320 0.897044
vt 0.180091 0.897044
vt 0.180091 0.849848
vt 0.195320 0.849848
vt 0.195320 0.854139
vt 0.180091 0.854139
vt 0.195320 0.858429
vt 0.180091 0.858429
vt 0.195320 0.862720
vt 0.180091 0.862720
vt 0.081253 0.745075
vt 0.100391 0.767316
vt 0.104466 0.796373
vt 0.092184 0.823020
vt 0.067447 0.838797
vt 0.038106 0.838695
vt 0.013478 0.822747
vt 0.001381 0.796016
vt 0.005658 0.766988
vt 0.024949 0.744880
vt 0.053130 0.736711
vt 0.195320 0.867010
vt 0.180091 0.867010
vt 0.141431 0.874817
vt 0.142866 0.865073
vt 0.149342 0.857652
vt 0.158802 0.854910
vt 0.168242 0.857718
vt 0.174666 0.865184
vt 0.176034 0.874937
vt 0.171912 0.883882
vt 0.163608 0.889178
vt 0.153759 0.889144
vt 0.145491 0.883791
s 1
usemtl Material.025
f 3159/2859/4608 3160/2860/4609 3162/2861/4611 3161/2862/4610
f 3161/2862/4610 3162/2861/4611 3164/2863/4613 3163/2864/4612
f 3163/2864/4612 3164/2863/4613 3166/2865/4615 3165/2866/4614
f 3165/2866/4614 3166/2865/4615 3168/2867/4617 3167/2868/4616
f 3167/2868/4616 3168/2867/4617 3170/2869/4619 3169/2870/4618
f 3169/2870/4618 3170/2869/4619 3172/2871/4621 3171/2872/4620
f 3171/2873/4620 3172/2874/4621 3174/2875/4623 3173/2876/4622
f 3173/2876/4622 3174/2875/4623 3176/2877/4625 3175/2878/4624
f 3175/2878/4624 3176/2877/4625 3178/2879/4627 3177/2880/4626
f 3162/2881/4611 3160/2882/4609 3180/2883/4629 3178/2884/4627 3176/2885/4625 3174/2886/4623 3172/2887/4621 3170/2888/4619 3168/2889/4617 3166/2890/4615 3164/2891/4613
f 3177/2880/4626 3178/2879/4627 3180/2892/4629 3179/2893/4628
f 3179/2893/4628 3180/2892/4629 3160/2860/4609 3159/2859/4608
f 3159/2894/4608 3161/2895/4610 3163/2896/4612 3165/2897/4614 3167/2898/4616 3169/2899/4618 3171/2900/4620 3173/2901/4622 3175/2902/4624 3177/2903/4626 3179/2904/4628
o tail
v -2.531148 -0.718513 0.000000
v -0.273497 -0.798416 0.000000
v -2.544214 -0.671824 0.000000
v -0.244275 -0.736523 0.000000
v -2.152294 -0.682849 0.000000
v -2.159140 -0.734462 0.000000
v -2.221519 -0.680902 0.000000
v -2.223002 -0.732296 0.000000
v -2.358614 -0.677045 0.000000
v -2.371614 -0.727256 0.000000
v -2.416019 -0.675431 0.000000
v -2.429337 -0.725298 0.000000
v -2.504220 -0.651899 0.000000
v -2.503282 -0.636506 0.000000
v -0.794573 -0.706081 0.000000
v -0.793634 -0.690688 0.000000
v -0.961181 -0.685378 0.000000
v -0.962120 -0.700771 0.000000
v -1.613232 -0.664714 0.000000
v -1.614171 -0.680107 0.000000
v -1.734826 -0.660860 0.000000
v -1.735765 -0.676253 0.000000
v -2.190326 -0.646424 0.000000
v -2.191265 -0.661817 0.000000
v -2.330464 -0.641983 0.000000
v -2.331403 -0.657376 0.000000
v -2.480587 -0.652648 0.000000
v -2.476496 -0.637355 0.000000
v -2.486445 -0.612960 0.000000
v -2.441317 -0.603114 0.000000
v -2.541409 -0.748696 0.000000
v -2.607932 -0.680573 0.000000
v -2.816615 -0.687056 0.000000
v -2.533838 -0.613887 0.000000
v -2.853662 -0.666871 0.000000
v -2.532694 -0.580454 0.000000
v -2.478846 -0.582239 0.000000
v -2.848369 -0.676964 0.000000
v -0.228017 -0.724037 0.000000
v -0.222160 -0.708799 0.000000
v -2.531148 -0.718511 -0.026465
v -0.273497 -0.798414 -0.026465
v -2.544214 -0.671823 -0.026464
v -0.244275 -0.736522 -0.026464
v -2.152293 -0.682848 -0.026464
v -2.159140 -0.734461 -0.026465
v -2.221519 -0.680900 -0.026464
v -2.223002 -0.732295 -0.026465
v -2.358614 -0.677044 -0.026464
v -2.371614 -0.727254 -0.026465
v -2.416019 -0.675429 -0.026464
v -2.429337 -0.725297 -0.026465
v -2.504220 -0.651898 -0.026465
v -2.503282 -0.636505 -0.026464
v -0.794573 -0.706080 -0.026465
v -0.793634 -0.690687 -0.026464
v -0.961181 -0.685377 -0.026464
v -0.962120 -0.700770 -0.026465
v -1.613232 -0.664712 -0.026464
v -1.614171 -0.680105 -0.026465
v -1.734826 -0.660858 -0.026464
v -1.735765 -0.676251 -0.026465
v -2.190326 -0.646423 -0.026464
v -2.191264 -0.661816 -0.026465
v -2.330464 -0.641981 -0.026464
v -2.331403 -0.657375 -0.026465
v -2.480587 -0.652647 -0.026465
v -2.476495 -0.637353 -0.026464
v -2.486445 -0.612958 -0.026464
v -2.441317 -0.603112 -0.026464
v -2.541409 -0.748694 -0.026465
v -2.607932 -0.680571 -0.026465
v -2.816615 -0.687054 -0.026465
v -2.533838 -0.613885 -0.026465
v -2.853662 -0.666870 -0.026465
v -2.532694 -0.580453 -0.026465
v -2.478846 -0.582238 -0.026465
v -2.848369 -0.676962 -0.026465
v -0.228017 -0.724035 -0.026465
v -0.222160 -0.708798 -0.026464
v -2.531148 -0.718511 0.026465
v -0.273497 -0.798414 0.026465
v -2.544214 -0.671823 0.026465
v -0.244275 -0.736522 0.026465
v -2.152293 -0.682848 0.026465
v -2.159140 -0.734461 0.026465
v -2.221519 -0.680900 0.026465
v -2.223002 -0.732295 0.026465
v -2.358614 -0.677044 0.026465
v -2.371614 -0.727254 0.026465
v -2.416019 -0.675429 0.026465
v -2.429337 -0.725297 0.026465
v -2.504220 -0.651898 0.026465
v -2.503282 -0.636505 0.026465
v -0.794573 -0.706080 0.026465
v -0.793634 -0.690687 0.026465
v -0.961181 -0.685377 0.026465
v -0.962120 -0.700770 0.026465
v -1.613232 -0.664712 0.026465
v -1.614171 -0.680105 0.026465
v -1.734826 -0.660858 0.026465
v -1.735765 -0.676251 0.026465
v -2.190326 -0.646423 0.026465
v -2.191264 -0.661816 0.026465
v -2.330464 -0.641981 0.026465
v -2.331403 -0.657375 0.026465
v -2.480587 -0.652647 0.026465
v -2.476495 -0.637353 0.026465
v -2.486445 -0.612958 0.026465
v -2.441317 -0.603112 0.026465
v -2.541409 -0.748694 0.026465
v -2.607932 -0.680571 0.026465
v -2.816615 -0.687054 0.026465
v -2.533838 -0.613885 0.026465
v -2.853662 -0.666870 0.026465
v -2.532694 -0.580453 0.026465
v -2.478846 -0.582238 0.026465
v -2.848369 -0.676962 0.026465
v -0.228017 -0.724035 0.026465
v -0.222160 -0.708798 0.026465
vn -0.0000 -0.0000 -1.0000
vn 0.9043 -0.4269 -0.0000
vn -0.0317 -0.9995 -0.0001
vn -0.9981 0.0609 -0.0000
vn 0.0281 0.9996 0.0001
vn -0.8135 0.5816 -0.0000
vn 0.9981 -0.0609 -0.0000
vn -0.9913 0.1315 -0.0000
vn -0.2186 -0.9758 -0.0001
vn -0.0339 -0.9994 -0.0001
vn 0.7155 0.6987 -0.0000
vn 0.0317 0.9995 0.0001
vn 0.9996 -0.0289 -0.0000
vn 0.6690 -0.7433 -0.0000
vn -0.2132 0.9770 0.0001
vn -0.2505 0.9681 0.0001
vn -0.9681 0.2506 -0.0000
vn -0.2600 0.9656 0.0001
vn -0.0665 -0.9978 -0.0001
vn 0.0331 0.9995 0.0001
vn 0.9661 -0.2580 -0.0000
vn -0.8856 -0.4644 -0.0000
vn 0.2483 -0.9687 -0.0001
vn -0.9630 -0.2695 -0.0000
vn 0.6975 -0.7166 -0.0000
vn 0.9334 -0.3588 -0.0000
vn -0.0000 -0.0000 1.0000
vn -0.0317 -0.9995 0.0001
vn 0.0281 0.9996 -0.0001
vn -0.2186 -0.9758 0.0001
vn -0.0339 -0.9994 0.0001
vn 0.0317 0.9995 -0.0001
vn -0.2132 0.9770 -0.0001
vn -0.2505 0.9681 -0.0001
vn -0.2600 0.9656 -0.0001
vn -0.0665 -0.9978 0.0001
vn 0.0331 0.9995 -0.0001
vn 0.2483 -0.9687 0.0001
vt 0.637822 0.307231
vt 0.636736 0.301633
vt 0.643273 0.301506
vt 0.643844 0.307320
vt 0.755987 0.355255
vt 0.636210 0.356390
vt 0.636590 0.346386
vt 0.756332 0.346841
vt 0.693513 0.305469
vt 0.685598 0.304938
vt 0.685511 0.311350
vt 0.693874 0.311958
vt 0.637309 0.333039
vt 0.637524 0.330685
vt 0.669979 0.329971
vt 0.670181 0.332330
vt 0.674567 0.337474
vt 0.674395 0.339903
vt 0.636745 0.340562
vt 0.636397 0.338227
vt 0.691175 0.339065
vt 0.681789 0.337188
vt 0.681338 0.338377
vt 0.689480 0.341634
vt 0.661905 0.321450
vt 0.661761 0.323785
vt 0.636557 0.324378
vt 0.636199 0.322139
vt 0.692613 0.341195
vt 0.695397 0.339075
vt 0.695516 0.337636
vt 0.691030 0.342444
vt 0.693262 0.318998
vt 0.694962 0.333242
vt 0.678368 0.332624
vt 0.684658 0.324159
vt 0.636464 0.311535
vt 0.636666 0.312864
vt 0.658269 0.314281
vt 0.660046 0.311987
vt 0.633233 0.358237
vt 0.634636 0.344599
vt 0.690930 0.344337
vt 0.688825 0.343807
vt 0.634181 0.335329
vt 0.633095 0.328423
vt 0.632957 0.298787
vt 0.645638 0.299511
vt 0.679323 0.339054
vt 0.697370 0.340184
vt 0.693814 0.343236
vt 0.759294 0.357651
vt 0.679828 0.335394
vt 0.633754 0.336601
vt 0.677724 0.335127
vt 0.758694 0.344631
vt 0.694317 0.316726
vt 0.697489 0.335035
vt 0.633160 0.342329
vt 0.695983 0.314628
vt 0.683682 0.312977
vt 0.682843 0.321917
vt 0.678918 0.342116
vt 0.682923 0.302860
vt 0.673638 0.335146
vt 0.697854 0.335310
vt 0.696507 0.302796
vt 0.660492 0.316824
vt 0.633029 0.314220
vt 0.645682 0.309034
vt 0.636046 0.309905
vt 0.663003 0.309780
vt 0.633610 0.320560
vt 0.665000 0.319080
vt 0.633663 0.309916
vt 0.633084 0.326146
vt 0.666257 0.325992
vt 0.672805 0.333973
vt 0.691149 0.336597
vt 0.673606 0.328235
s 0
usemtl Material.019
f 3221/2905/4630 3223/2906/4630 3231/2907/4630 3232/2908/4630
f 3225/2909/4630 3224/2910/4630 3222/2911/4630 3226/2912/4630
f 3229/2913/4630 3227/2914/4630 3228/2915/4630 3230/2916/4630
f 3235/2917/4630 3236/2918/4630 3260/2919/4630 3259/2920/4630
f 3240/2921/4630 3239/2922/4630 3237/2923/4630 3238/2924/4630
f 3248/2925/4630 3245/2926/4630 3246/2927/4630 3247/2928/4630
f 3244/2929/4630 3243/2930/4630 3241/2931/4630 3242/2932/4630
f 3234/2933/4630 3249/2934/4630 3250/2935/4630 3248/2925/4630
f 3233/2936/4630 3234/2933/4630 3248/2925/4630 3247/2928/4630
f 3251/2937/4630 3253/2938/4630 3254/2939/4630 3252/2940/4630
f 3258/2941/4630 3255/2942/4630 3256/2943/4630 3257/2944/4630
f 3184/2945/4631 3182/2946/4631 3222/2911/4631 3224/2910/4631
f 3193/2947/4632 3233/2936/4632 3247/2928/4632 3207/2948/4632
f 3195/2949/4633 3196/2950/4633 3236/2918/4633 3235/2917/4633
f 3183/2951/4634 3191/2952/4634 3231/2907/4634 3223/2906/4634
f 3207/2948/4632 3247/2928/4632 3246/2927/4632 3206/2953/4632
f 3209/2954/4635 3249/2934/4635 3234/2933/4635 3194/2955/4635
f 3185/2956/4634 3184/2945/4634 3224/2910/4634 3225/2909/4634
f 3206/2953/4636 3246/2927/4636 3245/2926/4636 3205/2957/4636
f 3198/2958/4632 3200/2959/4632 3240/2921/4632 3238/2924/4632
f 3186/2960/4637 3185/2956/4637 3225/2909/4637 3226/2912/4637
f 3211/2961/4638 3213/2962/4638 3253/2938/4638 3251/2937/4638
f 3197/2963/4636 3198/2958/4636 3238/2924/4636 3237/2923/4636
f 3190/2964/4639 3230/2916/4639 3228/2915/4639 3188/2965/4639
f 3212/2966/4640 3211/2961/4640 3251/2937/4640 3252/2940/4640
f 3199/2967/4641 3197/2963/4641 3237/2923/4641 3239/2922/4641
f 3188/2965/4642 3228/2915/4642 3227/2914/4642 3187/2968/4642
f 3214/2969/4643 3212/2966/4643 3252/2940/4643 3254/2939/4643
f 3210/2970/4644 3250/2935/4644 3249/2934/4644 3209/2954/4644
f 3187/2968/4634 3227/2914/4634 3229/2913/4634 3189/2971/4634
f 3213/2962/4645 3214/2969/4645 3254/2939/4645 3253/2938/4645
f 3200/2959/4633 3199/2967/4633 3239/2922/4633 3240/2921/4633
f 3189/2971/4646 3229/2913/4646 3230/2916/4646 3190/2964/4646
f 3216/2972/4647 3256/2943/4647 3255/2942/4647 3215/2973/4647
f 3192/2974/4648 3181/2975/4648 3221/2905/4648 3232/2908/4648
f 3217/2976/4649 3257/2944/4649 3256/2943/4649 3216/2972/4649
f 3202/2977/4632 3204/2978/4632 3244/2929/4632 3242/2932/4632
f 3191/2952/4650 3192/2974/4650 3232/2908/4650 3231/2907/4650
f 3215/2973/4651 3255/2942/4651 3258/2941/4651 3218/2979/4651
f 3201/2980/4636 3202/2977/4636 3242/2932/4636 3241/2931/4636
f 3194/2955/4633 3234/2933/4633 3233/2936/4633 3193/2947/4633
f 3218/2979/4652 3258/2941/4652 3257/2944/4652 3217/2976/4652
f 3203/2981/4641 3201/2980/4641 3241/2931/4641 3243/2930/4641
f 3219/2982/4632 3195/2949/4632 3235/2917/4632 3259/2920/4632
f 3181/2975/4653 3183/2951/4653 3223/2906/4653 3221/2905/4653
f 3205/2957/4641 3245/2926/4641 3248/2925/4641 3208/2983/4641
f 3208/2983/4654 3248/2925/4654 3250/2935/4654 3210/2970/4654
f 3220/2984/4655 3219/2982/4655 3259/2920/4655 3260/2919/4655
f 3182/2946/4639 3186/2960/4639 3226/2912/4639 3222/2911/4639
f 3204/2978/4633 3203/2981/4633 3243/2930/4633 3244/2929/4633
f 3196/2950/4641 3220/2984/4641 3260/2919/4641 3236/2918/4641
f 3261/2905/4656 3272/2908/4656 3271/2907/4656 3263/2906/4656
f 3265/2909/4656 3266/2912/4656 3262/2911/4656 3264/2910/4656
f 3269/2913/4656 3270/2916/4656 3268/2915/4656 3267/2914/4656
f 3275/2917/4656 3299/2920/4656 3300/2919/4656 3276/2918/4656
f 3280/2921/4656 3278/2924/4656 3277/2923/4656 3279/2922/4656
f 3288/2925/4656 3287/2928/4656 3286/2927/4656 3285/2926/4656
f 3284/2929/4656 3282/2932/4656 3281/2931/4656 3283/2930/4656
f 3274/2933/4656 3288/2925/4656 3290/2935/4656 3289/2934/4656
f 3273/2936/4656 3287/2928/4656 3288/2925/4656 3274/2933/4656
f 3291/2937/4656 3292/2940/4656 3294/2939/4656 3293/2938/4656
f 3298/2941/4656 3297/2944/4656 3296/2943/4656 3295/2942/4656
f 3184/2945/4631 3264/2910/4631 3262/2911/4631 3182/2946/4631
f 3193/2947/4657 3207/2948/4657 3287/2928/4657 3273/2936/4657
f 3195/2949/4633 3275/2917/4633 3276/2918/4633 3196/2950/4633
f 3183/2951/4658 3263/2906/4658 3271/2907/4658 3191/2952/4658
f 3207/2948/4657 3206/2953/4657 3286/2927/4657 3287/2928/4657
f 3209/2954/4635 3194/2955/4635 3274/2933/4635 3289/2934/4635
f 3185/2956/4658 3265/2909/4658 3264/2910/4658 3184/2945/4658
f 3206/2953/4636 3205/2957/4636 3285/2926/4636 3286/2927/4636
f 3198/2958/4657 3278/2924/4657 3280/2921/4657 3200/2959/4657
f 3186/2960/4637 3266/2912/4637 3265/2909/4637 3185/2956/4637
f 3211/2961/4659 3291/2937/4659 3293/2938/4659 3213/2962/4659
f 3197/2963/4636 3277/2923/4636 3278/2924/4636 3198/2958/4636
f 3190/2964/4660 3188/2965/4660 3268/2915/4660 3270/2916/4660
f 3212/2966/4640 3292/2940/4640 3291/2937/4640 3211/2961/4640
f 3199/2967/4661 3279/2922/4661 3277/2923/4661 3197/2963/4661
f 3188/2965/4642 3187/2968/4642 3267/2914/4642 3268/2915/4642
f 3214/2969/4643 3294/2939/4643 3292/2940/4643 3212/2966/4643
f 3210/2970/4662 3209/2954/4662 3289/2934/4662 3290/2935/4662
f 3187/2968/4658 3189/2971/4658 3269/2913/4658 3267/2914/4658
f 3213/2962/4663 3293/2938/4663 3294/2939/4663 3214/2969/4663
f 3200/2959/4633 3280/2921/4633 3279/2922/4633 3199/2967/4633
f 3189/2971/4646 3190/2964/4646 3270/2916/4646 3269/2913/4646
f 3216/2972/4664 3215/2973/4664 3295/2942/4664 3296/2943/4664
f 3192/2974/4665 3272/2908/4665 3261/2905/4665 3181/2975/4665
f 3217/2976/4666 3216/2972/4666 3296/2943/4666 3297/2944/4666
f 3202/2977/4657 3282/2932/4657 3284/2929/4657 3204/2978/4657
f 3191/2952/4650 3271/2907/4650 3272/2908/4650 3192/2974/4650
f 3215/2973/4651 3218/2979/4651 3298/2941/4651 3295/2942/4651
f 3201/2980/4636 3281/2931/4636 3282/2932/4636 3202/2977/4636
f 3194/2955/4633 3193/2947/4633 3273/2936/4633 3274/2933/4633
f 3218/2979/4667 3217/2976/4667 3297/2944/4667 3298/2941/4667
f 3203/2981/4661 3283/2930/4661 3281/2931/4661 3201/2980/4661
f 3219/2982/4657 3299/2920/4657 3275/2917/4657 3195/2949/4657
f 3181/2975/4653 3261/2905/4653 3263/2906/4653 3183/2951/4653
f 3205/2957/4661 3208/2983/4661 3288/2925/4661 3285/2926/4661
f 3208/2983/4654 3210/2970/4654 3290/2935/4654 3288/2925/4654
f 3220/2984/4655 3300/2919/4655 3299/2920/4655 3219/2982/4655
f 3182/2946/4660 3262/2911/4660 3266/2912/4660 3186/2960/4660
f 3204/2978/4633 3284/2929/4633 3283/2930/4633 3203/2981/4633
f 3196/2950/4661 3276/2918/4661 3300/2919/4661 3220/2984/4661
o belt_arrows
v 0.355955 -0.689557 -0.104185
v 0.386809 -1.049509 -0.142685
v 0.355826 -0.684280 -0.170298
v 0.386809 -1.049509 -0.203692
v 0.358650 -0.669848 -0.237347
v 0.392709 -1.146857 -0.315014
v 0.313345 -0.651461 -0.291337
v 0.345899 -1.146954 -0.373935
v 0.386809 -1.090699 -0.083188
v 0.386809 -1.095275 -0.244882
v 0.386809 -1.244018 -0.168612
v 0.418228 -1.181768 -0.288433
v 0.317168 -1.180379 -0.415388
v 0.379173 -1.355637 -0.348161
v 0.403300 -1.253785 -0.318632
v 0.342972 -1.251847 -0.394242
v 0.386809 -1.164139 -0.124106
v 0.386809 -1.164508 -0.209382
v 0.363276 -0.737205 -0.258801
v 0.317407 -0.721676 -0.312881
v 0.376410 -0.855427 -0.275698
v 0.330355 -0.844869 -0.331384
v 0.385484 -1.000729 -0.300948
v 0.339093 -0.995484 -0.358496
v 0.366165 -0.784777 -0.116308
v 0.365970 -0.780785 -0.180983
v 0.377434 -0.888567 -0.129575
v 0.377295 -0.886213 -0.192792
v 0.383366 -0.969002 -0.137249
v 0.383284 -0.967835 -0.199350
v 0.329123 -0.692099 -0.094955
v 0.359977 -1.052050 -0.133454
v 0.328994 -0.686822 -0.161067
v 0.359977 -1.052050 -0.194462
v 0.331818 -0.672390 -0.228117
v 0.365877 -1.149399 -0.305784
v 0.286513 -0.654002 -0.282107
v 0.319067 -1.149495 -0.364705
v 0.359977 -1.093240 -0.073958
v 0.359977 -1.097817 -0.235652
v 0.359977 -1.246559 -0.159382
v 0.391396 -1.184310 -0.279203
v 0.290336 -1.182920 -0.406158
v 0.352340 -1.358178 -0.338931
v 0.376468 -1.256327 -0.309401
v 0.316140 -1.254389 -0.385012
v 0.359977 -1.166681 -0.114876
v 0.359977 -1.167050 -0.200152
v 0.336444 -0.739747 -0.249571
v 0.290575 -0.724218 -0.303651
v 0.349578 -0.857969 -0.266468
v 0.303523 -0.847411 -0.322154
v 0.358652 -1.003271 -0.291717
v 0.312261 -0.998026 -0.349266
v 0.339333 -0.787319 -0.107078
v 0.339138 -0.783327 -0.171753
v 0.350602 -0.891109 -0.120345
v 0.350463 -0.888755 -0.183562
v 0.356534 -0.971544 -0.128019
v 0.356452 -0.970376 -0.190120
v 0.290356 -0.710279 -0.084554
v 0.290226 -0.705002 -0.150666
v 0.289434 -0.696223 -0.213104
v 0.244129 -0.677835 -0.267094
v 0.297516 -0.747139 -0.236859
v 0.251648 -0.731610 -0.290939
v 0.300406 -0.794711 -0.094366
v 0.300210 -0.790719 -0.159041
vn 0.9991 0.0429 -0.0003
vn 0.7791 0.0981 -0.6191
vn 1.0000 -0.0000 -0.0000
vn 0.7782 0.2316 -0.5838
vn 0.7816 -0.0043 -0.6237
vn 0.7750 0.1729 -0.6079
vn 0.7758 0.1549 -0.6117
vn 0.9945 0.1050 0.0050
vn 0.9943 0.1070 0.0027
vn 0.9973 0.0733 0.0003
vn -0.9991 -0.0429 0.0003
vn -0.7791 -0.0981 0.6191
vn -1.0000 -0.0000 -0.0000
vn 0.0708 -0.9412 -0.3304
vn -0.7816 0.0043 0.6237
vn -0.7750 -0.1729 0.6079
vn -0.7758 -0.1549 0.6117
vn -0.3043 0.0658 -0.9503
vn -0.9943 -0.1070 -0.0027
vn -0.9973 -0.0733 -0.0003
vn -0.3360 0.2584 -0.9057
vn -0.3304 0.0699 -0.9412
vn 0.3275 -0.4599 0.8254
vn -0.2542 -0.4413 -0.8606
vn 0.1171 0.8165 0.5653
vn 0.3313 -0.0842 0.9398
vn -0.3040 0.6373 -0.7081
vn -0.3292 0.0516 -0.9428
vn 0.3360 -0.2648 0.9039
vn 0.1815 0.6763 0.7139
vn -0.3324 0.1058 -0.9372
vn 0.3301 -0.0655 0.9417
vn -0.3281 0.0360 -0.9439
vn -0.0669 0.9946 0.0795
vn 0.3320 -0.0972 0.9383
vn 0.3291 -0.0496 0.9430
vn -0.3342 0.1482 -0.9308
vn -0.2497 0.8310 -0.4970
vn 0.3347 -0.3347 0.8809
vn -0.3304 0.0695 -0.9413
vn 0.3340 -0.1411 0.9320
vn -0.2724 -0.3621 -0.8915
vn 0.0165 0.9506 0.3099
vn -0.3311 0.0810 -0.9401
vn 0.3304 -0.4224 0.8441
vn 0.3307 -0.0742 0.9408
vn -0.2485 -0.4641 -0.8502
vn 0.3312 -0.0841 0.9398
vn -0.7662 -0.3571 0.5343
vn -0.9932 -0.1163 -0.0058
vn -0.2772 0.8143 0.5100
vn 0.1669 -0.9841 -0.0612
vn 0.4062 -0.2879 0.8672
vn 0.3086 -0.0809 0.9478
vn -0.4072 0.9104 0.0735
vn -0.4046 0.2808 -0.8703
vt 0.710533 0.310265
vt 0.713253 0.310576
vt 0.713013 0.312744
vt 0.710308 0.312156
vt 0.712114 0.324870
vt 0.717307 0.324241
vt 0.717281 0.326970
vt 0.712200 0.327011
vt 0.715387 0.309631
vt 0.714357 0.313506
vt 0.717342 0.311803
vt 0.715804 0.313958
vt 0.718436 0.323542
vt 0.718810 0.328132
vt 0.720574 0.323673
vt 0.721067 0.326898
vt 0.704176 0.326055
vt 0.704885 0.325481
vt 0.704774 0.326892
vt 0.704102 0.326227
vt 0.722842 0.324564
vt 0.717590 0.314321
vt 0.707923 0.325038
vt 0.707861 0.327100
vt 0.704220 0.310139
vt 0.705706 0.309393
vt 0.705728 0.310720
vt 0.704735 0.310496
vt 0.708293 0.309840
vt 0.707951 0.311608
vt 0.709355 0.314793
vt 0.710119 0.313001
vt 0.712570 0.313789
vt 0.711489 0.315580
vt 0.712844 0.319952
vt 0.712690 0.321946
vt 0.708597 0.321548
vt 0.708900 0.319541
vt 0.714216 0.313941
vt 0.711939 0.318419
vt 0.715766 0.314758
vt 0.715650 0.317798
vt 0.707500 0.322757
vt 0.708110 0.318422
vt 0.705714 0.321601
vt 0.706047 0.319012
vt 0.720049 0.320504
vt 0.721134 0.320795
vt 0.721270 0.322749
vt 0.720186 0.322458
vt 0.703178 0.319624
vt 0.718726 0.315094
vt 0.716822 0.322132
vt 0.716826 0.320161
vt 0.705519 0.311155
vt 0.705122 0.311695
vt 0.704490 0.310981
vt 0.704583 0.310682
vt 0.703834 0.313066
vt 0.705432 0.312386
vt 0.707641 0.312389
vt 0.706959 0.314289
vt 0.704302 0.327533
vt 0.704019 0.326241
vt 0.707642 0.312386
vt 0.715757 0.308631
vt 0.718409 0.311132
vt 0.713248 0.309503
vt 0.705515 0.308638
vt 0.708401 0.309065
vt 0.712570 0.313787
vt 0.710119 0.312998
vt 0.704083 0.326036
vt 0.704408 0.324802
vt 0.716884 0.323308
vt 0.718249 0.322751
vt 0.707802 0.327898
vt 0.710640 0.309437
vt 0.703171 0.310146
vt 0.707815 0.324252
vt 0.712196 0.327839
vt 0.718845 0.329081
vt 0.717070 0.328009
vt 0.720989 0.322749
vt 0.723997 0.324502
vt 0.712035 0.324047
vt 0.721595 0.327818
vt 0.703920 0.326014
vt 0.703847 0.326254
vt 0.703182 0.326957
vt 0.703235 0.325250
vt 0.703989 0.311171
vt 0.705121 0.311695
vt 0.704354 0.311762
s 0
usemtl Material.020
f 3329/2985/4668 3302/2986/4668 3304/2987/4668 3330/2988/4668
f 3323/2989/4669 3306/2990/4669 3308/2991/4669 3324/2992/4669
f 3304/2987/4670 3302/2986/4670 3309/2993/4670 3310/2994/4670
f 3310/2994/4670 3309/2993/4670 3317/2995/4670 3318/2996/4670
f 3308/2991/4669 3306/2990/4669 3312/2997/4669 3313/2998/4669
f 3313/2998/4669 3312/2997/4669 3315/2999/4669 3316/3000/4669
f 3305/3001/4671 3319/3002/4671 3320/3003/4671 3307/3004/4671
f 3316/3000/4672 3315/2999/4672 3314/3005/4672
f 3318/2996/4670 3317/2995/4670 3311/3006/4670
f 3319/3002/4673 3321/3007/4673 3322/3008/4673 3320/3003/4673
f 3321/3007/4674 3323/2989/4674 3324/2992/4674 3322/3008/4674
f 3301/3009/4675 3325/3010/4675 3326/3011/4675 3303/3012/4675
f 3325/3010/4676 3327/3013/4676 3328/3014/4676 3326/3011/4676
f 3327/3013/4677 3329/2985/4677 3330/2988/4677 3328/3014/4677
f 3359/3015/4678 3360/3016/4678 3334/3017/4678 3332/3018/4678
f 3353/3019/4679 3354/3020/4679 3338/3021/4679 3336/3022/4679
f 3334/3017/4680 3340/3023/4680 3339/3024/4680 3332/3018/4680
f 3340/3023/4680 3348/3025/4680 3347/3026/4680 3339/3024/4680
f 3338/3021/4679 3343/3027/4679 3342/3028/4679 3336/3022/4679
f 3343/3027/4679 3346/3029/4679 3345/3030/4679 3342/3028/4679
f 3349/3031/4681 3365/3032/4681 3366/3033/4681 3350/3034/4681
f 3346/3029/4682 3344/3035/4682 3345/3030/4682
f 3348/3025/4680 3341/3036/4680 3347/3026/4680
f 3349/3031/4683 3350/3034/4683 3352/3037/4683 3351/3038/4683
f 3351/3038/4684 3352/3037/4684 3354/3020/4684 3353/3019/4684
f 3356/3039/4685 3368/3040/4685 3362/3041/4685 3333/3042/4685
f 3355/3043/4686 3356/3044/4686 3358/3045/4686 3357/3046/4686
f 3357/3046/4687 3358/3045/4687 3360/3016/4687 3359/3015/4687
f 3320/3003/4688 3350/3047/4688 3337/3048/4688 3307/3004/4688
f 3328/3014/4689 3358/3049/4689 3356/3039/4689 3326/3011/4689
f 3309/2993/4690 3339/3050/4690 3347/3051/4690 3317/2995/4690
f 3311/3006/4691 3341/3036/4691 3348/3025/4691 3318/2996/4691
f 3302/2986/4692 3332/3052/4692 3339/3050/4692 3309/2993/4692
f 3325/3010/4693 3355/3053/4693 3357/3054/4693 3327/3013/4693
f 3310/2994/4694 3340/3023/4694 3334/3055/4694 3304/2987/4694
f 3330/2988/4695 3360/3056/4695 3358/3049/4695 3328/3014/4695
f 3305/3001/4696 3335/3057/4696 3349/3058/4696 3319/3002/4696
f 3306/2990/4697 3336/3059/4697 3342/3060/4697 3312/2997/4697
f 3322/3008/4698 3352/3061/4698 3350/3047/4698 3320/3003/4698
f 3317/2995/4690 3347/3051/4690 3341/3036/4690 3311/3006/4690
f 3327/3013/4699 3357/3054/4699 3359/3062/4699 3329/2985/4699
f 3304/2987/4700 3334/3055/4700 3360/3056/4700 3330/2988/4700
f 3303/3012/4701 3333/3042/4701 3331/3063/4701 3301/3009/4701
f 3319/3002/4702 3349/3058/4702 3351/3064/4702 3321/3007/4702
f 3318/2996/4691 3348/3025/4691 3340/3023/4691 3310/2994/4691
f 3329/2985/4703 3359/3062/4703 3332/3052/4703 3302/2986/4703
f 3324/2992/4704 3354/3065/4704 3352/3061/4704 3322/3008/4704
f 3313/2998/4705 3343/3066/4705 3338/3067/4705 3308/2991/4705
f 3315/2999/4706 3345/3068/4706 3344/3069/4706 3314/3005/4706
f 3326/3011/4707 3356/3039/4707 3333/3042/4707 3303/3012/4707
f 3321/3007/4708 3351/3064/4708 3353/3070/4708 3323/2989/4708
f 3316/3000/4709 3346/3071/4709 3343/3066/4709 3313/2998/4709
f 3307/3004/4710 3337/3048/4710 3335/3057/4710 3305/3001/4710
f 3308/2991/4711 3338/3067/4711 3354/3065/4711 3324/2992/4711
f 3312/2997/4712 3342/3060/4712 3345/3068/4712 3315/2999/4712
f 3323/2989/4713 3353/3070/4713 3336/3059/4713 3306/2990/4713
f 3314/3005/4714 3344/3069/4714 3346/3071/4714 3316/3000/4714
f 3301/3009/4715 3331/3063/4715 3355/3053/4715 3325/3010/4715
f 3363/3072/4716 3364/3073/4716 3366/3074/4716 3365/3075/4716
f 3361/3076/4717 3362/3041/4717 3368/3077/4717 3367/3078/4717
f 3337/3048/4718 3364/3073/4718 3363/3072/4718 3335/3057/4718
f 3355/3043/4719 3367/3078/4719 3368/3077/4719 3356/3044/4719
f 3335/3057/4720 3363/3072/4720 3365/3075/4720 3349/3058/4720
f 3331/3063/4721 3361/3076/4721 3367/3078/4721 3355/3043/4721
f 3333/3042/4722 3362/3041/4722 3361/3076/4722 3331/3063/4722
f 3350/3047/4723 3366/3074/4723 3364/3073/4723 3337/3048/4723
o backstrands
v 0.188932 0.205172 -0.475630
v 0.236089 0.287133 -0.480234
v 0.299816 1.079211 -0.577715
v 0.329956 1.036833 -0.580009
v 0.165427 0.698380 -0.600641
v 0.232041 0.695389 -0.600641
v 0.268517 0.858180 -0.605226
v 0.210612 0.861272 -0.606137
v 0.139744 0.476414 -0.526219
v 0.211873 0.502429 -0.527097
v 0.088154 0.303595 -0.484010
v 0.247304 1.135482 -0.574910
v 0.067648 0.734005 -0.600641
v 0.148931 0.917242 -0.603530
v 0.031486 0.512853 -0.527304
v 0.185914 0.187645 -0.656812
v 0.236509 0.274442 -0.656812
v 0.297327 1.068059 -0.670230
v 0.319839 1.037790 -0.668217
v 0.156577 0.672228 -0.715971
v 0.219909 0.681967 -0.700707
v 0.263516 0.859903 -0.706530
v 0.205137 0.851034 -0.723553
v 0.136127 0.464833 -0.686193
v 0.202906 0.500715 -0.670288
v 0.080206 0.291527 -0.656812
v 0.272523 1.105910 -0.668034
v 0.098980 0.692480 -0.708325
v 0.181109 0.893734 -0.713459
v 0.069176 0.484396 -0.677920
v 0.155254 0.350893 -0.499930
v 0.213644 0.402559 -0.505465
v 0.050825 0.401443 -0.509175
v 0.150999 0.341104 -0.673174
v 0.204074 0.406313 -0.655785
v 0.075341 0.385631 -0.663995
v 0.267798 0.851887 -0.676427
v 0.229136 0.680628 -0.658306
v 0.063974 0.719907 -0.658306
v 0.147969 0.911021 -0.649826
v 0.251517 1.128184 -0.621179
v 0.210601 0.494624 -0.605913
v 0.245549 0.194881 -0.546781
v 0.172499 0.116220 -0.547220
v 0.330122 1.030819 -0.626269
v 0.028677 0.503069 -0.606375
v 0.052502 0.217344 -0.550602
v 0.033043 0.397876 -0.589504
v 0.213286 0.398658 -0.586706
v 0.394114 1.162973 -0.489408
v 0.431266 1.110736 -0.492236
v 0.329386 1.232335 -0.485950
v 0.391046 1.149226 -0.603446
v 0.418796 1.111916 -0.600965
v 0.360472 1.195884 -0.600740
v 0.334579 1.223341 -0.542983
v 0.431472 1.103324 -0.549258
v 0.447619 1.208632 -0.427816
v 0.475747 1.155586 -0.442641
v 0.397136 1.245347 -0.440429
v 0.487093 1.221849 -0.517456
v 0.500003 1.174342 -0.521250
v 0.437860 1.250949 -0.518763
v 0.425573 1.263917 -0.471778
v 0.500767 1.247631 -0.452336
v 0.503752 1.170667 -0.474284
v 0.188932 0.205172 0.475630
v 0.236089 0.287133 0.480234
v 0.299816 1.079211 0.577715
v 0.329956 1.036833 0.580009
v 0.165427 0.698380 0.600641
v 0.232041 0.695389 0.600641
v 0.268517 0.858180 0.605226
v 0.210612 0.861272 0.606137
v 0.139744 0.476414 0.526219
v 0.211873 0.502429 0.527097
v 0.088154 0.303595 0.484010
v 0.247304 1.135482 0.574910
v 0.067648 0.734005 0.600641
v 0.148931 0.917242 0.603530
v 0.031486 0.512853 0.527304
v 0.185914 0.187645 0.656812
v 0.236509 0.274442 0.656812
v 0.297327 1.068058 0.670230
v 0.319839 1.037790 0.668217
v 0.156577 0.672228 0.715970
v 0.219909 0.681967 0.700707
v 0.263516 0.859903 0.706530
v 0.205137 0.851034 0.723553
v 0.136127 0.464833 0.686193
v 0.202906 0.500715 0.670287
v 0.080206 0.291527 0.656812
v 0.272523 1.105910 0.668034
v 0.098980 0.692480 0.708325
v 0.181109 0.893734 0.713459
v 0.069176 0.484396 0.677919
v 0.155254 0.350893 0.499930
v 0.213644 0.402559 0.505465
v 0.050825 0.401443 0.509175
v 0.150999 0.341104 0.673174
v 0.204074 0.406313 0.655785
v 0.075341 0.385631 0.663994
v 0.267798 0.851887 0.676427
v 0.229136 0.680628 0.658306
v 0.063974 0.719907 0.658306
v 0.147969 0.911021 0.649825
v 0.251517 1.128184 0.621179
v 0.210601 0.494624 0.605913
v 0.245549 0.194881 0.546781
v 0.172499 0.116220 0.547220
v 0.330122 1.030819 0.626269
v 0.028677 0.503069 0.606374
v 0.052502 0.217344 0.550601
v 0.033043 0.397876 0.589504
v 0.213286 0.398658 0.586706
v 0.394114 1.162973 0.489407
v 0.431266 1.110736 0.492236
v 0.329386 1.232335 0.485950
v 0.391046 1.149226 0.603446
v 0.418796 1.111915 0.600965
v 0.360472 1.195884 0.600740
v 0.334579 1.223341 0.542983
v 0.431472 1.103323 0.549258
v 0.447619 1.208632 0.427816
v 0.475747 1.155586 0.442641
v 0.397136 1.245347 0.440429
v 0.487093 1.221849 0.517456
v 0.500003 1.174342 0.521249
v 0.437860 1.250949 0.518763
v 0.425573 1.263917 0.471778
v 0.500767 1.247631 0.452336
v 0.503752 1.170667 0.474284
vn -0.0134 -0.0296 0.9995
vn -0.0281 -0.0528 0.9982
vn -0.2218 -0.2278 0.9481
vn -0.2577 -0.2650 0.9292
vn 0.0017 0.2455 0.9694
vn -0.0590 0.2884 0.9557
vn -0.0271 0.1790 0.9835
vn 0.0206 0.1896 0.9816
vn -0.0159 0.1938 0.9809
vn -0.0844 0.1897 0.9782
vn -0.0242 -0.0576 0.9980
vn 0.0623 0.1558 0.9858
vn 0.0736 0.2592 0.9630
vn 0.0414 0.1965 0.9796
vn -0.2705 -0.2994 0.9150
vn 0.0691 0.0273 -0.9972
vn 0.2653 0.2225 -0.9381
vn 0.3254 0.1783 -0.9286
vn 0.2644 0.0402 -0.9636
vn 0.0603 -0.1297 -0.9897
vn 0.0424 -0.0999 -0.9941
vn 0.2770 -0.1338 -0.9515
vn 0.3051 -0.1457 -0.9411
vn 0.0294 -0.0808 -0.9963
vn 0.2955 -0.0704 -0.9527
vn -0.5737 0.0718 -0.8159
vn -0.4325 0.2944 -0.8522
vn -0.6210 -0.1471 -0.7699
vn -0.6097 -0.0941 -0.7870
vn -0.2551 0.5023 -0.8262
vn 0.9805 -0.1700 -0.0984
vn 0.9642 -0.1876 -0.1872
vn 0.9425 -0.2456 -0.2267
vn 0.9595 -0.2574 -0.1149
vn -0.8570 0.4104 -0.3116
vn -0.9221 0.2434 -0.3009
vn 0.8652 -0.4261 -0.2642
vn 0.7072 -0.6587 -0.2566
vn 0.6550 -0.7532 -0.0601
vn 0.8379 -0.5314 -0.1247
vn 0.9942 0.0990 -0.0413
vn 0.9938 0.0816 -0.0750
vn 0.9860 -0.0768 -0.1482
vn 0.9959 -0.0503 -0.0759
vn 0.7455 -0.5561 -0.3675
vn 0.1600 -0.6330 -0.7574
vn 0.8140 -0.0361 -0.5798
vn 0.9134 -0.3952 0.0974
vn -0.6978 0.6223 -0.3546
vn -0.9780 0.0024 -0.2086
vn -0.9879 -0.1191 -0.0994
vn -0.6193 -0.2775 -0.7345
vn -0.8379 -0.5373 0.0965
vn -0.5645 -0.6303 -0.5329
vn 0.5864 -0.8006 0.1231
vn 0.7181 -0.6906 0.0859
vn 0.1467 -0.4037 0.9030
vn -0.4936 -0.0500 0.8683
vn 0.7416 0.0972 0.6638
vn 0.9950 0.0960 -0.0289
vn -0.9962 0.0354 0.0793
vn -0.9560 -0.0927 0.2784
vn -0.4166 0.8616 -0.2898
vn 0.0416 0.6879 -0.7246
vn -0.4584 -0.4624 0.7590
vn -0.9546 0.2976 -0.0127
vn 0.9594 -0.2814 0.0204
vn 0.9992 -0.0374 -0.0123
vn 0.9860 -0.1670 -0.0015
vn -0.7690 0.6222 -0.1465
vn -0.9057 0.4183 -0.0696
vn 0.6542 -0.4743 0.5891
vn -0.4360 0.8973 -0.0687
vn -0.4617 -0.3920 0.7957
vn -0.4785 -0.4255 0.7681
vn -0.4721 -0.4326 0.7681
vn -0.4486 -0.4118 0.7932
vn 0.4377 0.3187 -0.8407
vn 0.7044 0.4922 -0.5114
vn 0.8803 -0.1382 -0.4539
vn 0.4777 0.2601 -0.8391
vn 0.0227 0.9948 0.0991
vn 0.2179 0.8220 -0.5262
vn 0.9215 -0.3328 0.2002
vn -0.4286 -0.4252 0.7972
vn 0.7082 0.6450 -0.2871
vn 0.6940 -0.5259 0.4918
vn 0.3945 0.2895 0.8721
vn 0.3630 0.3323 0.8705
vn -0.1764 0.9269 0.3313
vn -0.4658 -0.4396 0.7680
vn -0.0134 -0.0296 -0.9995
vn -0.2577 -0.2650 -0.9292
vn -0.2218 -0.2278 -0.9481
vn -0.0281 -0.0528 -0.9982
vn 0.0017 0.2455 -0.9694
vn 0.0206 0.1896 -0.9816
vn -0.0271 0.1790 -0.9835
vn -0.0590 0.2884 -0.9557
vn -0.0159 0.1938 -0.9809
vn -0.0844 0.1897 -0.9782
vn 0.0623 0.1558 -0.9858
vn -0.0242 -0.0576 -0.9980
vn 0.0414 0.1965 -0.9796
vn 0.0736 0.2592 -0.9630
vn -0.2705 -0.2994 -0.9150
vn 0.0691 0.0273 0.9972
vn 0.2644 0.0402 0.9636
vn 0.3254 0.1783 0.9286
vn 0.2653 0.2225 0.9381
vn 0.0603 -0.1297 0.9897
vn 0.3051 -0.1457 0.9411
vn 0.2770 -0.1338 0.9515
vn 0.0424 -0.0999 0.9941
vn 0.0294 -0.0808 0.9963
vn 0.2955 -0.0704 0.9527
vn -0.4325 0.2944 0.8522
vn -0.5737 0.0718 0.8159
vn -0.6097 -0.0941 0.7870
vn -0.6210 -0.1471 0.7699
vn -0.2551 0.5023 0.8262
vn 0.9805 -0.1700 0.0984
vn 0.9595 -0.2574 0.1149
vn 0.9425 -0.2456 0.2267
vn 0.9642 -0.1876 0.1872
vn -0.8570 0.4104 0.3116
vn -0.9221 0.2434 0.3009
vn 0.8652 -0.4261 0.2642
vn 0.8379 -0.5314 0.1247
vn 0.6550 -0.7532 0.0601
vn 0.7072 -0.6587 0.2566
vn 0.9942 0.0990 0.0413
vn 0.9959 -0.0503 0.0759
vn 0.9860 -0.0768 0.1482
vn 0.9938 0.0816 0.0750
vn 0.7455 -0.5561 0.3675
vn 0.9134 -0.3952 -0.0974
vn 0.8140 -0.0361 0.5798
vn 0.1600 -0.6330 0.7574
vn -0.6978 0.6223 0.3546
vn -0.9780 0.0024 0.2086
vn -0.9879 -0.1191 0.0994
vn -0.8379 -0.5373 -0.0965
vn -0.6193 -0.2775 0.7345
vn -0.5645 -0.6303 0.5329
vn 0.7181 -0.6906 -0.0859
vn 0.5864 -0.8006 -0.1231
vn 0.1467 -0.4037 -0.9030
vn -0.4936 -0.0500 -0.8683
vn 0.7416 0.0972 -0.6638
vn 0.9950 0.0960 0.0289
vn -0.9962 0.0354 -0.0793
vn -0.9560 -0.0927 -0.2784
vn 0.0416 0.6879 0.7246
vn -0.4166 0.8616 0.2898
vn -0.4584 -0.4624 -0.7590
vn -0.9546 0.2976 0.0127
vn 0.9594 -0.2814 -0.0204
vn 0.9992 -0.0374 0.0123
vn 0.9860 -0.1670 0.0015
vn -0.7690 0.6222 0.1465
vn -0.9057 0.4183 0.0696
vn 0.6542 -0.4743 -0.5891
vn -0.4360 0.8973 0.0687
vn -0.4617 -0.3920 -0.7957
vn -0.4486 -0.4118 -0.7932
vn -0.4721 -0.4326 -0.7681
vn -0.4785 -0.4255 -0.7681
vn 0.4377 0.3187 0.8407
vn 0.4777 0.2601 0.8391
vn 0.8803 -0.1382 0.4539
vn 0.7044 0.4922 0.5114
vn 0.2179 0.8220 0.5262
vn 0.0227 0.9948 -0.0991
vn 0.9215 -0.3328 -0.2002
vn -0.4286 -0.4252 -0.7972
vn 0.7082 0.6450 0.2871
vn 0.6940 -0.5259 -0.4918
vn 0.3630 0.3323 -0.8705
vn 0.3945 0.2895 -0.8721
vn -0.1764 0.9269 -0.3313
vn -0.4658 -0.4396 -0.7680
vt 0.810562 0.198726
vt 0.814582 0.199724
vt 0.815150 0.212849
vt 0.812222 0.215057
vt 0.813919 0.170565
vt 0.818303 0.173841
vt 0.815475 0.187932
vt 0.810865 0.186736
vt 0.817652 0.162188
vt 0.820553 0.166948
vt 0.805199 0.201187
vt 0.803451 0.187090
vt 0.805770 0.170763
vt 0.809449 0.163490
vt 0.807479 0.217729
vt 0.838869 0.198183
vt 0.836826 0.214877
vt 0.834658 0.213274
vt 0.834997 0.199984
vt 0.835447 0.170324
vt 0.838460 0.184949
vt 0.834275 0.186914
vt 0.831564 0.174147
vt 0.831824 0.162165
vt 0.829474 0.167706
vt 0.842772 0.185130
vt 0.841344 0.200593
vt 0.837862 0.163629
vt 0.840380 0.170264
vt 0.839288 0.216947
vt 0.855227 0.176823
vt 0.857831 0.176421
vt 0.858597 0.187145
vt 0.856734 0.186976
vt 0.868302 0.173158
vt 0.872256 0.173508
vt 0.871892 0.189024
vt 0.868749 0.188041
vt 0.856644 0.198518
vt 0.852425 0.207273
vt 0.849220 0.207511
vt 0.854044 0.198711
vt 0.850028 0.162643
vt 0.854264 0.162559
vt 0.855459 0.166952
vt 0.851518 0.167031
vt 0.846869 0.147126
vt 0.853674 0.151289
vt 0.853757 0.158093
vt 0.846807 0.154752
vt 0.866664 0.156044
vt 0.869574 0.157025
vt 0.870141 0.203705
vt 0.865688 0.203442
vt 0.864763 0.210384
vt 0.869394 0.210172
vt 0.869048 0.216361
vt 0.862604 0.222003
vt 0.835454 0.151549
vt 0.835558 0.157293
vt 0.826207 0.152387
vt 0.825171 0.147126
vt 0.845800 0.207807
vt 0.851270 0.198951
vt 0.824547 0.159369
vt 0.823037 0.152846
vt 0.814095 0.157449
vt 0.824547 0.159407
vt 0.843131 0.158539
vt 0.845130 0.162786
vt 0.860900 0.202707
vt 0.859943 0.209697
vt 0.877328 0.168686
vt 0.875083 0.159977
vt 0.879379 0.161004
vt 0.880813 0.169519
vt 0.813257 0.151463
vt 0.823553 0.147126
vt 0.858597 0.215334
vt 0.865256 0.186998
vt 0.852449 0.187259
vt 0.846776 0.167409
vt 0.851779 0.177632
vt 0.863845 0.155653
vt 0.865496 0.172711
vt 0.842772 0.152144
vt 0.858597 0.147126
vt 0.862070 0.147608
vt 0.820787 0.219192
vt 0.823037 0.222718
vt 0.820061 0.225578
vt 0.817177 0.221914
vt 0.831818 0.222306
vt 0.826391 0.229182
vt 0.824547 0.226207
vt 0.829145 0.220330
vt 0.875025 0.151797
vt 0.877866 0.152997
vt 0.847486 0.214515
vt 0.844620 0.214509
vt 0.811332 0.225207
vt 0.834853 0.224858
vt 0.878010 0.147126
vt 0.880813 0.150596
vt 0.847467 0.216055
vt 0.843562 0.217956
vt 0.824547 0.224600
vt 0.822812 0.229540
vt 0.817286 0.229232
vt 0.815818 0.227107
vt 0.842772 0.212271
vt 0.872256 0.158069
vt 0.873008 0.152477
vt 0.830354 0.230150
s 1
usemtl Material.026
f 3376/3079/4724 3375/3080/4725 3372/3081/4726 3371/3082/4727
f 3377/3083/4728 3378/3084/4729 3374/3085/4730 3373/3086/4731
f 3373/3086/4731 3374/3085/4730 3375/3080/4725 3376/3079/4724
f 3399/3087/4732 3400/3088/4733 3378/3084/4729 3377/3083/4728
f 3373/3086/4731 3376/3079/4724 3382/3089/4734 3381/3090/4735
f 3399/3087/4732 3377/3083/4728 3383/3091/4736 3401/3092/4737
f 3377/3083/4728 3373/3086/4731 3381/3090/4735 3383/3091/4736
f 3376/3079/4724 3371/3082/4727 3380/3093/4738 3382/3089/4734
f 3391/3094/4739 3386/3095/4740 3387/3096/4741 3390/3097/4742
f 3392/3098/4743 3388/3099/4744 3389/3100/4745 3393/3101/4746
f 3388/3099/4744 3391/3094/4739 3390/3097/4742 3389/3100/4745
f 3402/3102/4747 3392/3098/4743 3393/3101/4746 3403/3103/4748
f 3388/3099/4744 3396/3104/4749 3397/3105/4750 3391/3094/4739
f 3402/3102/4747 3404/3106/4751 3398/3107/4752 3392/3098/4743
f 3392/3098/4743 3398/3107/4752 3396/3104/4749 3388/3099/4744
f 3391/3094/4739 3397/3105/4750 3395/3108/4753 3386/3095/4740
f 3406/3109/4754 3389/3110/4755 3390/3111/4756 3405/3112/4757
f 3408/3113/4758 3397/3114/4750 3396/3115/4749 3407/3116/4759
f 3387/3117/4760 3422/3118/4761 3425/3119/4762 3413/3120/4763
f 3417/3121/4764 3403/3122/4765 3393/3123/4766 3410/3124/4767
f 3412/3125/4768 3384/3126/4769 3385/3127/4770 3411/3128/4771
f 3409/3129/4772 3395/3130/4753 3397/3114/4750 3408/3113/4758
f 3410/3124/4767 3393/3123/4766 3389/3110/4755 3406/3109/4754
f 3405/3112/4757 3390/3111/4756 3387/3117/4760 3413/3120/4763
f 3407/3116/4759 3396/3115/4749 3398/3131/4752 3414/3132/4773
f 3416/3133/4774 3404/3134/4751 3394/3135/4775 3415/3136/4776
f 3415/3137/4776 3394/3138/4775 3384/3139/4769 3412/3140/4777
f 3413/3120/4763 3425/3119/4762 3419/3141/4778 3372/3142/4779
f 3414/3132/4773 3398/3131/4752 3404/3134/4751 3416/3133/4774
f 3411/3128/4771 3385/3127/4770 3403/3122/4765 3417/3121/4764
f 3384/3139/4769 3394/3138/4775 3404/3106/4751 3402/3102/4747
f 3384/3139/4769 3402/3102/4747 3403/3103/4748 3385/3143/4770
f 3369/3144/4780 3399/3087/4732 3401/3092/4737 3379/3145/4781
f 3369/3144/4780 3370/3146/4782 3400/3088/4733 3399/3087/4732
f 3370/3147/4782 3411/3128/4771 3417/3121/4764 3400/3148/4783
f 3383/3149/4784 3414/3132/4773 3416/3133/4774 3401/3150/4785
f 3409/3151/4772 3424/3152/4786 3423/3153/4787 3395/3154/4753
f 3379/3145/4781 3415/3155/4776 3412/3156/4788 3369/3144/4780
f 3401/3150/4785 3416/3133/4774 3415/3136/4776 3379/3157/4781
f 3381/3158/4789 3407/3116/4759 3414/3132/4773 3383/3149/4784
f 3375/3159/4790 3405/3112/4757 3413/3120/4763 3372/3142/4779
f 3378/3160/4791 3410/3124/4767 3406/3109/4754 3374/3161/4792
f 3380/3162/4793 3409/3129/4772 3408/3113/4758 3382/3163/4794
f 3369/3164/4780 3412/3125/4795 3411/3128/4771 3370/3147/4782
f 3400/3148/4783 3417/3121/4764 3410/3124/4767 3378/3160/4791
f 3380/3162/4793 3420/3165/4796 3424/3166/4786 3409/3129/4772
f 3382/3163/4794 3408/3113/4758 3407/3116/4759 3381/3158/4789
f 3374/3161/4792 3406/3109/4754 3405/3112/4757 3375/3159/4790
f 3419/3167/4797 3427/3168/4798 3426/3169/4799 3418/3170/4800
f 3421/3171/4801 3429/3172/4802 3430/3173/4803 3422/3174/4804
f 3424/3152/4786 3432/3175/4805 3431/3176/4806 3423/3153/4787
f 3422/3118/4761 3430/3177/4803 3434/3178/4807 3425/3119/4762
f 3372/3081/4726 3419/3167/4797 3418/3170/4800 3371/3082/4727
f 3386/3095/4740 3421/3171/4801 3422/3174/4804 3387/3096/4741
f 3371/3082/4727 3418/3170/4800 3420/3179/4808 3380/3093/4738
f 3395/3108/4753 3423/3180/4787 3421/3171/4801 3386/3095/4740
f 3433/3181/4809 3429/3182/4802 3431/3176/4806 3432/3175/4805
f 3434/3178/4807 3430/3177/4803 3429/3183/4802 3433/3184/4809
f 3427/3168/4810 3434/3185/4807 3433/3186/4811 3426/3169/4812
f 3426/3169/4812 3433/3186/4811 3432/3187/4805 3428/3188/4813
f 3425/3119/4762 3434/3178/4807 3427/3189/4810 3419/3141/4778
f 3420/3190/4796 3428/3191/4813 3432/3175/4805 3424/3152/4786
f 3423/3180/4787 3431/3192/4806 3429/3172/4802 3421/3171/4801
f 3418/3170/4800 3426/3169/4799 3428/3188/4814 3420/3179/4808
f 3442/3079/4815 3437/3082/4816 3438/3081/4817 3441/3080/4818
f 3443/3083/4819 3439/3086/4820 3440/3085/4821 3444/3084/4822
f 3439/3086/4820 3442/3079/4815 3441/3080/4818 3440/3085/4821
f 3465/3087/4823 3443/3083/4819 3444/3084/4822 3466/3088/4824
f 3439/3086/4820 3447/3090/4825 3448/3089/4826 3442/3079/4815
f 3465/3087/4823 3467/3092/4827 3449/3091/4828 3443/3083/4819
f 3443/3083/4819 3449/3091/4828 3447/3090/4825 3439/3086/4820
f 3442/3079/4815 3448/3089/4826 3446/3093/4829 3437/3082/4816
f 3457/3094/4830 3456/3097/4831 3453/3096/4832 3452/3095/4833
f 3458/3098/4834 3459/3101/4835 3455/3100/4836 3454/3099/4837
f 3454/3099/4837 3455/3100/4836 3456/3097/4831 3457/3094/4830
f 3468/3102/4838 3469/3103/4839 3459/3101/4835 3458/3098/4834
f 3454/3099/4837 3457/3094/4830 3463/3105/4840 3462/3104/4841
f 3468/3102/4838 3458/3098/4834 3464/3107/4842 3470/3106/4843
f 3458/3098/4834 3454/3099/4837 3462/3104/4841 3464/3107/4842
f 3457/3094/4830 3452/3095/4833 3461/3108/4844 3463/3105/4840
f 3472/3109/4845 3471/3112/4846 3456/3111/4847 3455/3110/4848
f 3474/3113/4849 3473/3116/4850 3462/3115/4841 3463/3114/4840
f 3453/3117/4851 3479/3120/4852 3491/3119/4853 3488/3118/4854
f 3483/3121/4855 3476/3124/4856 3459/3123/4857 3469/3122/4858
f 3478/3125/4859 3477/3128/4860 3451/3127/4861 3450/3126/4862
f 3475/3129/4863 3474/3113/4849 3463/3114/4840 3461/3130/4844
f 3476/3124/4856 3472/3109/4845 3455/3110/4848 3459/3123/4857
f 3471/3112/4846 3479/3120/4852 3453/3117/4851 3456/3111/4847
f 3473/3116/4850 3480/3132/4864 3464/3131/4842 3462/3115/4841
f 3482/3133/4865 3481/3136/4866 3460/3135/4867 3470/3134/4843
f 3481/3137/4866 3478/3140/4868 3450/3139/4862 3460/3138/4867
f 3479/3120/4852 3438/3142/4869 3485/3141/4870 3491/3119/4853
f 3480/3132/4864 3482/3133/4865 3470/3134/4843 3464/3131/4842
f 3477/3128/4860 3483/3121/4855 3469/3122/4858 3451/3127/4861
f 3450/3139/4862 3468/3102/4838 3470/3106/4843 3460/3138/4867
f 3450/3139/4862 3451/3143/4861 3469/3103/4839 3468/3102/4838
f 3435/3144/4871 3445/3145/4872 3467/3092/4827 3465/3087/4823
f 3435/3144/4871 3465/3087/4823 3466/3088/4824 3436/3146/4873
f 3436/3147/4873 3466/3148/4874 3483/3121/4855 3477/3128/4860
f 3449/3149/4875 3467/3150/4876 3482/3133/4865 3480/3132/4864
f 3475/3151/4863 3461/3154/4844 3489/3153/4877 3490/3152/4878
f 3445/3145/4872 3435/3144/4871 3478/3156/4879 3481/3155/4866
f 3467/3150/4876 3445/3157/4872 3481/3136/4866 3482/3133/4865
f 3447/3158/4880 3449/3149/4875 3480/3132/4864 3473/3116/4850
f 3441/3159/4881 3438/3142/4869 3479/3120/4852 3471/3112/4846
f 3444/3160/4882 3440/3161/4883 3472/3109/4845 3476/3124/4856
f 3446/3162/4884 3448/3163/4885 3474/3113/4849 3475/3129/4863
f 3435/3164/4871 3436/3147/4873 3477/3128/4860 3478/3125/4886
f 3466/3148/4874 3444/3160/4882 3476/3124/4856 3483/3121/4855
f 3446/3162/4884 3475/3129/4863 3490/3166/4878 3486/3165/4887
f 3448/3163/4885 3447/3158/4880 3473/3116/4850 3474/3113/4849
f 3440/3161/4883 3441/3159/4881 3471/3112/4846 3472/3109/4845
f 3485/3167/4888 3484/3170/4889 3492/3169/4890 3493/3168/4891
f 3487/3171/4892 3488/3174/4893 3496/3173/4894 3495/3172/4895
f 3490/3152/4878 3489/3153/4877 3497/3176/4896 3498/3175/4897
f 3488/3118/4854 3491/3119/4853 3500/3178/4898 3496/3177/4894
f 3438/3081/4817 3437/3082/4816 3484/3170/4889 3485/3167/4888
f 3452/3095/4833 3453/3096/4832 3488/3174/4893 3487/3171/4892
f 3437/3082/4816 3446/3093/4829 3486/3179/4899 3484/3170/4889
f 3461/3108/4844 3452/3095/4833 3487/3171/4892 3489/3180/4877
f 3499/3181/4900 3498/3175/4897 3497/3176/4896 3495/3182/4895
f 3500/3178/4898 3499/3184/4900 3495/3183/4895 3496/3177/4894
f 3493/3168/4901 3492/3169/4902 3499/3186/4903 3500/3185/4898
f 3492/3169/4902 3494/3188/4904 3498/3187/4897 3499/3186/4903
f 3491/3119/4853 3485/3141/4870 3493/3189/4901 3500/3178/4898
f 3486/3190/4887 3490/3152/4878 3498/3175/4897 3494/3191/4904
f 3489/3180/4877 3487/3171/4892 3495/3172/4895 3497/3192/4896
f 3484/3170/4889 3486/3179/4899 3494/3188/4905 3492/3169/4890
