# Blender 5.0.0
# www.blender.org
mtllib SelinaWong_Unit5Create.mtl
o Cylinder
v -0.212302 0.579548 -0.681232
v -0.212723 0.986301 -0.681902
v -0.050972 0.579537 -0.665321
v -0.051365 0.986340 -0.665849
v 0.103974 0.579700 -0.617994
v 0.103748 0.986351 -0.618772
v 0.246604 0.580003 -0.541076
v 0.246674 0.986386 -0.542298
v 0.371761 0.579995 -0.438413
v 0.371988 0.986373 -0.439494
v 0.473855 0.580390 -0.312759
v 0.474734 0.986425 -0.314133
v 0.550345 0.580271 -0.170226
v 0.551194 0.986393 -0.171224
v 0.596453 0.580711 -0.015148
v 0.598120 0.986457 -0.016090
v 0.613837 0.579944 0.145876
v 0.614181 0.986369 0.145202
v 0.598741 0.579537 0.307044
v 0.598348 0.986340 0.306516
v 0.551684 0.579537 0.462170
v 0.551291 0.986340 0.461642
v 0.475268 0.579537 0.605135
v 0.474875 0.986340 0.604607
v 0.372429 0.579537 0.730445
v 0.372036 0.986340 0.729917
v 0.247119 0.579537 0.833284
v 0.246726 0.986340 0.832757
v 0.104154 0.579537 0.909701
v 0.103761 0.986340 0.909173
v -0.050972 0.579537 0.956758
v -0.051365 0.986340 0.956230
v -0.212903 0.576469 0.975650
v -0.212691 0.986340 0.972119
v -0.375850 0.567765 0.968063
v -0.375173 0.986278 0.960120
v -0.531815 0.563195 0.925443
v -0.535934 0.984315 0.926628
v -0.672367 0.566222 0.856068
v -0.683007 0.981481 0.863421
v -0.786867 0.571112 0.773087
v -0.790676 0.981750 0.774509
v -0.876376 0.574479 0.663780
v -0.865339 0.985015 0.663292
v -0.984314 0.579106 0.446696
v -0.986306 0.987220 0.441044
v -1.023484 0.579376 0.306624
v -1.024714 0.986767 0.303752
v -1.039309 0.579551 0.145669
v -1.040107 0.986345 0.144823
v -1.023369 0.579553 -0.015611
v -1.023948 0.986293 -0.016161
v -0.976940 0.579929 -0.171155
v -0.981583 0.985010 -0.174404
v -0.903406 0.579362 -0.315828
v -0.918829 0.982497 -0.325454
v -0.803635 0.572646 -0.443694
v -0.819690 0.981130 -0.452894
v -0.680825 0.568441 -0.551390
v -0.691989 0.980396 -0.561327
v -0.533141 0.573176 -0.623249
v -0.541986 0.981776 -0.636761
v -0.374160 0.578164 -0.665988
v -0.377047 0.984839 -0.671040
v -0.207835 0.725098 -0.851269
v -0.013979 0.725057 -0.832097
v 0.172301 0.725158 -0.775389
v 0.343746 0.725461 -0.683070
v 0.494345 0.725340 -0.559803
v 0.617105 0.725794 -0.408794
v 0.709299 0.725519 -0.237506
v 0.764706 0.726071 -0.051038
v 0.785284 0.725309 0.142504
v 0.766684 0.725057 0.336247
v 0.710143 0.725057 0.522639
v 0.618325 0.725057 0.694418
v 0.494758 0.725057 0.844984
v 0.344192 0.725057 0.968550
v 0.172413 0.725057 1.060369
v -0.013979 0.725057 1.116910
v -0.207954 0.724375 1.136669
v -0.402468 0.720050 1.121491
v -0.590345 0.715011 1.071550
v -0.762734 0.722709 0.990048
v -0.897388 0.727796 0.891721
v -0.995241 0.723230 0.762117
v -1.134703 0.723478 0.504320
v -1.182863 0.724464 0.334706
v -1.201716 0.725109 0.142226
v -1.182440 0.725117 -0.051449
v -1.128203 0.726493 -0.239370
v -1.045803 0.731068 -0.416285
v -0.925854 0.728062 -0.566989
v -0.776641 0.725826 -0.697413
v -0.597467 0.728540 -0.785414
v -0.403275 0.726117 -0.834155
v -0.939889 0.578136 0.547741
v -0.936342 0.986982 0.544042
v -1.078903 0.723411 0.620441
v -0.207845 0.907529 -0.851320
v -0.013979 0.907489 -0.832097
v 0.172361 0.907536 -0.775479
v 0.343987 0.907676 -0.683429
v 0.494568 0.907620 -0.560001
v 0.617762 0.907829 -0.409231
v 0.709753 0.907702 -0.237678
v 0.765771 0.907957 -0.051252
v 0.785549 0.907605 0.142451
v 0.766684 0.907489 0.336247
v 0.710143 0.907489 0.522639
v 0.618325 0.907489 0.694418
v 0.494758 0.907489 0.844984
v 0.344192 0.907489 0.968550
v 0.172413 0.907489 1.060369
v -0.013979 0.907489 1.116910
v -0.207819 0.907489 1.136001
v -0.402336 0.906367 1.119640
v -0.593099 0.903713 1.075753
v -0.769003 0.910621 0.997449
v -0.900294 0.913694 0.894649
v -0.989999 0.908299 0.764175
v -1.135480 0.905952 0.501831
v -1.183206 0.906912 0.333725
v -1.201907 0.907539 0.142112
v -1.182514 0.907547 -0.051458
v -1.129743 0.908887 -0.240353
v -1.053011 0.913836 -0.420936
v -0.932967 0.913353 -0.571778
v -0.781191 0.912976 -0.702489
v -0.601497 0.913586 -0.792845
v -0.404167 0.908960 -0.836042
v -1.077868 0.906404 0.619387
v -0.185277 0.572406 -0.624819
v -0.142966 0.568766 -0.582043
v -0.091192 0.572401 -0.615542
v -0.091716 0.988997 -0.616247
v -0.143587 0.990295 -0.582898
v -0.185817 0.988972 -0.625608
v -0.207943 0.938948 -0.847992
v -0.208617 0.962374 -0.824625
v -0.210339 0.978079 -0.764731
v -0.014708 0.676786 -0.828810
v -0.019810 0.633767 -0.805802
v -0.032887 0.599910 -0.746844
v -0.035291 0.572405 -0.604414
v -0.002038 0.568797 -0.553947
v 0.055071 0.572499 -0.576815
v 0.054651 0.989004 -0.577670
v -0.002620 0.990306 -0.554824
v -0.035810 0.988998 -0.605123
v 0.170936 0.676906 -0.772258
v 0.161498 0.633906 -0.750525
v 0.137349 0.600067 -0.694892
v 0.107585 0.572633 -0.554781
v 0.130421 0.569090 -0.498460
v 0.190756 0.572817 -0.509911
v 0.190652 0.989035 -0.511241
v 0.130138 0.990330 -0.499784
v 0.107301 0.989014 -0.555840
v 0.341756 0.677260 -0.680158
v 0.328314 0.634286 -0.660508
v 0.294007 0.600422 -0.610360
v 0.238138 0.572824 -0.478235
v 0.249826 0.569149 -0.418546
v 0.311138 0.572811 -0.418378
v 0.311130 0.989025 -0.419621
v 0.249635 0.990333 -0.419931
v 0.238046 0.989035 -0.479573
v 0.491858 0.677122 -0.557347
v 0.474901 0.634158 -0.540559
v 0.431585 0.600350 -0.497663
v 0.351192 0.572919 -0.378026
v 0.350897 0.569388 -0.316815
v 0.410707 0.573164 -0.304731
v 0.411334 0.989066 -0.306202
v 0.351219 0.990352 -0.318294
v 0.351416 0.989034 -0.379312
v 0.614075 0.677650 -0.406763
v 0.594202 0.634714 -0.393441
v 0.543649 0.600845 -0.359551
v 0.442342 0.573179 -0.257332
v 0.430587 0.569457 -0.197320
v 0.486976 0.573094 -0.174225
v 0.487595 0.989045 -0.175467
v 0.431058 0.990356 -0.198792
v 0.442999 0.989067 -0.258807
v 0.706021 0.677333 -0.236125
v 0.683999 0.634402 -0.226808
v 0.627847 0.600620 -0.203039
v 0.508538 0.573186 -0.121701
v 0.485036 0.569659 -0.064838
v 0.535388 0.573463 -0.031254
v 0.536750 0.989092 -0.032342
v 0.486015 0.990373 -0.066032
v 0.509389 0.989052 -0.122816
v 0.761055 0.677976 -0.050264
v 0.737662 0.635071 -0.045277
v 0.678326 0.601197 -0.032619
v 0.546538 0.573446 0.024636
v 0.513210 0.569580 0.076044
v 0.556713 0.572980 0.118535
v 0.557241 0.989039 0.117624
v 0.514062 0.990368 0.074926
v 0.547873 0.989091 0.023562
v 0.781821 0.677084 0.142587
v 0.758114 0.634115 0.143063
v 0.697527 0.600301 0.144249
v 0.557364 0.572646 0.175406
v 0.514643 0.568846 0.219483
v 0.548557 0.572411 0.269397
v 0.548053 0.988998 0.268691
v 0.514177 0.990309 0.218627
v 0.557292 0.989013 0.174615
v 0.763374 0.676786 0.335671
v 0.740205 0.633767 0.331642
v 0.680835 0.599910 0.321317
v 0.537457 0.572401 0.325298
v 0.486762 0.568764 0.360414
v 0.510014 0.572401 0.415765
v 0.509491 0.988998 0.415063
v 0.486147 0.990304 0.359588
v 0.536934 0.988998 0.324597
v 0.707020 0.676786 0.521447
v 0.685159 0.633767 0.513103
v 0.629143 0.599910 0.491726
v 0.488201 0.572401 0.468427
v 0.431761 0.568764 0.493198
v 0.443636 0.572401 0.551801
v 0.443113 0.988998 0.551100
v 0.431146 0.990304 0.492372
v 0.487678 0.988998 0.467725
v 0.615505 0.676786 0.692658
v 0.595769 0.633767 0.680340
v 0.545198 0.599910 0.648775
v 0.411968 0.572401 0.599196
v 0.351912 0.568764 0.612700
v 0.351994 0.572401 0.672274
v 0.351472 0.988998 0.671572
v 0.351297 0.990304 0.611874
v 0.411446 0.988998 0.598494
v 0.492348 0.676786 0.842727
v 0.475471 0.633767 0.826923
v 0.432227 0.599910 0.786431
v 0.311689 0.572401 0.712580
v 0.250284 0.568764 0.714329
v 0.238610 0.572401 0.772554
v 0.238088 0.988998 0.771852
v 0.249669 0.990304 0.713503
v 0.311166 0.988998 0.711878
v 0.342279 0.676786 0.965884
v 0.328888 0.633767 0.947222
v 0.294572 0.599910 0.899401
v 0.191216 0.572401 0.804222
v 0.130782 0.568764 0.794178
v 0.107842 0.572401 0.848786
v 0.107319 0.988998 0.848084
v 0.130166 0.990304 0.793352
v 0.190693 0.988998 0.803520
v 0.171068 0.676786 1.057399
v 0.161651 0.633767 1.036611
v 0.137522 0.599910 0.983346
v 0.055180 0.572401 0.870599
v -0.002002 0.568764 0.849179
v -0.035287 0.572401 0.898042
v -0.035810 0.988998 0.897340
v -0.002618 0.990304 0.848353
v 0.054657 0.988998 0.869897
v -0.014708 0.676786 1.113753
v -0.019810 0.633767 1.091657
v -0.032887 0.599910 1.035039
v -0.091208 0.572321 0.909240
v -0.143090 0.568130 0.877839
v -0.185649 0.570501 0.920288
v -0.185797 0.988998 0.917727
v -0.143580 0.990304 0.876392
v -0.091715 0.988998 0.908460
v -0.208164 0.675487 1.134053
v -0.208927 0.631726 1.112241
v -0.210645 0.597177 1.055169
v -0.243153 0.567937 0.922792
v -0.288007 0.562006 0.883798
v -0.338217 0.562722 0.918524
v -0.337577 0.988994 0.910795
v -0.287535 0.990307 0.877163
v -0.242827 0.988998 0.917823
v -0.402435 0.669034 1.120920
v -0.399108 0.623401 1.101415
v -0.389520 0.588130 1.046276
v -0.394638 0.559703 0.910178
v -0.430211 0.554916 0.862358
v -0.485581 0.556985 0.885312
v -0.488300 0.987678 0.883626
v -0.431271 0.989796 0.857382
v -0.394516 0.988876 0.903026
v -0.589346 0.663900 1.070246
v -0.581518 0.618356 1.051444
v -0.560801 0.583247 0.999309
v -0.538369 0.556993 0.864217
v -0.562939 0.554654 0.810292
v -0.620354 0.558751 0.823635
v -0.629716 0.984692 0.830227
v -0.570294 0.987019 0.815276
v -0.543817 0.986507 0.867105
v -0.760208 0.670266 0.988059
v -0.747489 0.623361 0.970449
v -0.715832 0.587089 0.923003
v -0.665171 0.560331 0.797156
v -0.676158 0.558465 0.743112
v -0.731956 0.563225 0.748860
v -0.738416 0.983748 0.751070
v -0.685315 0.984759 0.746858
v -0.675658 0.983629 0.802963
v -0.895069 0.675666 0.890418
v -0.879888 0.628893 0.874936
v -0.840948 0.592426 0.832647
v -0.767964 0.564809 0.715642
v -0.767065 0.562426 0.658665
v -0.820244 0.566858 0.651812
v -0.811429 0.986939 0.651074
v -0.762421 0.987233 0.658045
v -0.768149 0.984882 0.715949
v -0.996026 0.673640 0.760632
v -0.981559 0.629450 0.747535
v -0.938332 0.594906 0.712657
v -0.901679 0.571446 0.505216
v -0.880530 0.568237 0.460685
v -0.927387 0.572007 0.446724
v -0.878518 0.989500 0.538358
v -0.826876 0.990334 0.551758
v -0.836915 0.988248 0.608179
v -1.131500 0.675548 0.503959
v -1.110657 0.632868 0.496369
v -1.057647 0.599297 0.475581
v -0.942387 0.572059 0.406389
v -0.918110 0.568516 0.356994
v -0.965350 0.572213 0.324473
v -0.966843 0.989578 0.320868
v -0.919900 0.991050 0.352472
v -0.944343 0.989867 0.401104
v -1.179613 0.676322 0.334463
v -1.157560 0.633431 0.330767
v -1.101255 0.599682 0.320724
v -0.976234 0.572303 0.269123
v -0.944536 0.568725 0.219310
v -0.985468 0.572398 0.175238
v -0.986415 0.989041 0.174047
v -0.945651 0.990449 0.217558
v -0.977432 0.989311 0.266733
v -1.198454 0.676827 0.142330
v -1.176012 0.633797 0.142826
v -1.118619 0.599931 0.144029
v -0.985456 0.572418 0.118285
v -0.944501 0.568782 0.075718
v -0.976161 0.572417 0.024224
v -0.976899 0.988944 0.023498
v -0.945384 0.990256 0.074819
v -0.986326 0.988977 0.117385
v -1.179281 0.676833 -0.050740
v -1.157320 0.633801 -0.045795
v -1.101093 0.599933 -0.033127
v -0.965043 0.572420 -0.031690
v -0.916537 0.568834 -0.065306
v -0.937909 0.572605 -0.122362
v -0.941072 0.988100 -0.124739
v -0.918115 0.989973 -0.066709
v -0.965826 0.988919 -0.032486
v -1.124732 0.677912 -0.237714
v -1.103578 0.634580 -0.228122
v -1.050276 0.600456 -0.204118
v -0.916686 0.572899 -0.175405
v -0.862991 0.569238 -0.199019
v -0.873763 0.572540 -0.259781
v -0.886862 0.985475 -0.268222
v -0.872613 0.987587 -0.205529
v -0.923287 0.987072 -0.180002
v -1.040702 0.681001 -0.413000
v -1.019750 0.636132 -0.398431
v -0.970276 0.600683 -0.363426
v -0.843008 0.571111 -0.307637
v -0.785518 0.565669 -0.319944
v -0.784780 0.567052 -0.382177
v -0.801114 0.983739 -0.391685
v -0.801731 0.985424 -0.329661
v -0.858997 0.984583 -0.317455
v -0.921131 0.676362 -0.563875
v -0.902944 0.630012 -0.546613
v -0.860609 0.593843 -0.503323
v -0.745955 0.564229 -0.424484
v -0.687199 0.559253 -0.426036
v -0.674425 0.561696 -0.487401
v -0.685929 0.983080 -0.496263
v -0.699626 0.984727 -0.434066
v -0.760401 0.983530 -0.432944
v -0.773232 0.673134 -0.693920
v -0.759106 0.625960 -0.673547
v -0.725759 0.589470 -0.622141
v -0.626616 0.561923 -0.519173
v -0.566700 0.559715 -0.506088
v -0.540458 0.564801 -0.560973
v -0.549618 0.983739 -0.574018
v -0.576298 0.984512 -0.518014
v -0.637105 0.982881 -0.529982
v -0.594862 0.676914 -0.780700
v -0.585227 0.630616 -0.757610
v -0.563003 0.594441 -0.700910
v -0.485739 0.567300 -0.580435
v -0.429239 0.565435 -0.555838
v -0.393067 0.570330 -0.605379
v -0.397145 0.986839 -0.612348
v -0.435060 0.987226 -0.565422
v -0.493415 0.984910 -0.592524
v -0.402405 0.677164 -0.830410
v -0.398214 0.633401 -0.806987
v -0.388025 0.598882 -0.747701
v -0.336647 0.571521 -0.615924
v -0.286786 0.568479 -0.582187
v -0.242292 0.572378 -0.624851
v -0.242916 0.988902 -0.625859
v -0.287947 0.989910 -0.584128
v -0.338716 0.987974 -0.619493
v -0.210112 0.599926 -0.764329
v -0.208533 0.633790 -0.824434
v -0.207920 0.676818 -0.847902
v -0.013979 0.868308 -0.832097
v -0.013979 0.823292 -0.832097
v -0.013979 0.774767 -0.832097
v 0.172348 0.868366 -0.775459
v 0.172335 0.823363 -0.775439
v 0.172319 0.774851 -0.775416
v 0.343935 0.868541 -0.683351
v 0.343879 0.823575 -0.683269
v 0.343818 0.775106 -0.683176
v 0.494520 0.868471 -0.559958
v 0.494468 0.823491 -0.559913
v 0.494411 0.775005 -0.559862
v 0.617620 0.868733 -0.409136
v 0.617469 0.823809 -0.409036
v 0.617300 0.775385 -0.408923
v 0.709655 0.868575 -0.237641
v 0.709550 0.823616 -0.237601
v 0.709434 0.775155 -0.237557
v 0.765540 0.868894 -0.051205
v 0.765296 0.824004 -0.051156
v 0.765022 0.775619 -0.051102
v 0.785492 0.868453 0.142463
v 0.785431 0.823469 0.142475
v 0.785363 0.774978 0.142488
v 0.766684 0.868308 0.336247
v 0.766684 0.823292 0.336247
v 0.766684 0.774767 0.336247
v 0.710143 0.868308 0.522639
v 0.710143 0.823292 0.522639
v 0.710143 0.774767 0.522639
v 0.618325 0.868308 0.694418
v 0.618325 0.823292 0.694418
v 0.618325 0.774767 0.694418
v 0.494758 0.868308 0.844984
v 0.494758 0.823292 0.844984
v 0.494758 0.774767 0.844984
v 0.344192 0.868308 0.968550
v 0.344192 0.823292 0.968550
v 0.344192 0.774767 0.968550
v 0.172413 0.868308 1.060368
v 0.172413 0.823292 1.060369
v 0.172413 0.774767 1.060368
v -0.013979 0.868308 1.116910
v -0.013979 0.823292 1.116910
v -0.013979 0.774767 1.116910
v -0.207822 0.868297 1.136012
v -0.207836 0.823206 1.136085
v -0.207876 0.774479 1.136283
v -0.402188 0.866858 1.119307
v -0.402112 0.821276 1.119292
v -0.402181 0.771660 1.119914
v -0.592100 0.863560 1.073704
v -0.591225 0.817270 1.072054
v -0.590599 0.767027 1.071203
v -0.767158 0.872205 0.994675
v -0.765424 0.826418 0.992270
v -0.763912 0.775754 0.990605
v -0.899325 0.875977 0.893284
v -0.898475 0.830724 0.892147
v -0.897809 0.780482 0.891529
v -0.990409 0.869030 0.763459
v -0.991272 0.823496 0.762721
v -0.992809 0.774096 0.762196
v -1.135312 0.866383 0.502370
v -1.135133 0.821287 0.502942
v -1.134934 0.772905 0.503581
v -1.183132 0.867585 0.333938
v -1.183053 0.822539 0.334163
v -1.182965 0.774068 0.334415
v -1.201866 0.868371 0.142137
v -1.201822 0.823357 0.142163
v -1.201773 0.774827 0.142192
v -1.182498 0.868380 -0.051456
v -1.182481 0.823367 -0.051454
v -1.182462 0.774837 -0.051452
v -1.129410 0.870058 -0.240140
v -1.129055 0.825115 -0.239914
v -1.128660 0.776459 -0.239662
v -1.051455 0.876252 -0.419864
v -1.049801 0.831493 -0.418756
v -1.047950 0.782214 -0.417575
v -0.931451 0.875627 -0.570415
v -0.929831 0.830465 -0.569118
v -0.928001 0.780424 -0.567954
v -0.780236 0.875150 -0.700999
v -0.779208 0.829642 -0.699597
v -0.778034 0.779014 -0.698372
v -0.600649 0.875919 -0.790910
v -0.599738 0.830815 -0.789006
v -0.598698 0.780835 -0.787163
v -0.403979 0.870145 -0.835568
v -0.403777 0.825145 -0.835096
v -0.403547 0.776341 -0.834624
v -0.354323 0.725586 -0.841460
v -0.305448 0.725287 -0.846849
v -0.256627 0.725149 -0.850169
v -0.549625 0.728365 -0.800829
v -0.501149 0.727733 -0.813980
v -0.452284 0.726900 -0.825033
v -0.734337 0.726418 -0.723764
v -0.690151 0.727286 -0.747080
v -0.644416 0.728104 -0.767563
v -0.891238 0.727002 -0.602084
v -0.854952 0.726198 -0.635971
v -0.816814 0.725767 -0.667972
v -1.019204 0.730995 -0.456250
v -0.990125 0.730300 -0.494405
v -0.958899 0.729238 -0.531177
v -1.110544 0.727732 -0.285307
v -1.091167 0.729139 -0.330419
v -1.069708 0.730367 -0.374235
v -1.171769 0.725129 -0.099061
v -1.159009 0.725278 -0.146233
v -1.144406 0.725691 -0.192994
v -1.200474 0.725145 0.093574
v -1.196833 0.725149 0.044989
v -1.190814 0.725134 -0.003397
v -1.191083 0.724708 0.287194
v -1.196989 0.724895 0.239180
v -1.200545 0.725027 0.190809
v -1.147691 0.723621 0.467502
v -1.160517 0.723870 0.426081
v -1.172476 0.724170 0.381376
v -1.094931 0.723537 0.591372
v -1.109022 0.723523 0.564028
v -1.122004 0.723470 0.535861
v -0.924261 0.727066 0.862447
v -0.949052 0.725766 0.830948
v -0.972474 0.724340 0.797434
v -0.800483 0.724904 0.967328
v -0.835529 0.726597 0.943708
v -0.867841 0.727618 0.918677
v -0.635695 0.715951 1.053453
v -0.679878 0.717830 1.033513
v -0.722391 0.720224 1.012216
v -0.450264 0.718239 1.112332
v -0.497542 0.716511 1.100987
v -0.544252 0.715293 1.087409
v -0.256831 0.723732 1.136094
v -0.305629 0.722812 1.133371
v -0.354218 0.721591 1.128502
v -0.062031 0.725046 1.125256
v -0.110447 0.724972 1.131297
v -0.159123 0.724769 1.135084
v 0.126912 0.725057 1.077918
v 0.080605 0.725057 1.093214
v 0.033604 0.725057 1.106223
v 0.302990 0.725057 0.994639
v 0.260556 0.725057 1.018676
v 0.216996 0.725057 1.040604
v 0.459437 0.725057 0.878610
v 0.422508 0.725057 0.910463
v 0.384063 0.725057 0.940468
v 0.590242 0.725057 0.734289
v 0.560237 0.725057 0.772734
v 0.528384 0.725057 0.809663
v 0.690378 0.725057 0.567222
v 0.668450 0.725057 0.610782
v 0.644414 0.725057 0.653215
v 0.755997 0.725057 0.383829
v 0.742988 0.725057 0.430831
v 0.727692 0.725057 0.477138
v 0.784369 0.725163 0.191201
v 0.780926 0.725089 0.239808
v 0.775012 0.725061 0.288198
v 0.773210 0.725985 -0.003023
v 0.779573 0.725782 0.045299
v 0.783648 0.725533 0.093838
v 0.726589 0.725636 -0.192036
v 0.741501 0.725824 -0.145697
v 0.754164 0.725998 -0.098645
v 0.643274 0.725744 -0.367651
v 0.667484 0.725633 -0.325362
v 0.689554 0.725534 -0.281967
v 0.527767 0.725445 -0.524398
v 0.559354 0.725595 -0.487320
v 0.589127 0.725731 -0.448731
v 0.383649 0.725431 -0.655039
v 0.422150 0.725370 -0.625144
v 0.459099 0.725325 -0.593396
v 0.216785 0.725248 -0.755475
v 0.260236 0.725347 -0.733383
v 0.302580 0.725428 -0.709213
v 0.033602 0.725059 -0.821407
v 0.080591 0.725070 -0.808380
v 0.126865 0.725100 -0.793035
v -0.159073 0.725074 -0.850024
v -0.110432 0.725062 -0.846411
v -0.062029 0.725058 -0.840434
v -0.847286 0.568307 0.609259
v -0.835256 0.566007 0.553729
v -0.884260 0.570556 0.541339
v -0.929318 0.989937 0.441105
v -0.881503 0.991204 0.455471
v -0.900341 0.989785 0.500750
v -1.017832 0.722762 0.725419
v -1.039776 0.722803 0.688596
v -1.060368 0.723102 0.653115
v -1.076854 0.675196 0.619555
v -1.058147 0.632241 0.609962
v -1.008799 0.598440 0.584197
v -1.077915 0.866878 0.619578
v -1.078070 0.821683 0.619772
v -1.078382 0.773100 0.620037
v -0.207838 0.774815 -0.851284
v -0.207841 0.823344 -0.851297
v -0.207843 0.868358 -0.851309
v -0.033088 0.978105 -0.747114
v -0.019872 0.962377 -0.805885
v -0.014715 0.938927 -0.828821
v 0.137303 0.978121 -0.695394
v 0.161562 0.962402 -0.750798
v 0.171021 0.938962 -0.772408
v 0.294297 0.978172 -0.611365
v 0.328716 0.962476 -0.661285
v 0.342116 0.939068 -0.680719
v 0.431960 0.978151 -0.498446
v 0.475309 0.962446 -0.541061
v 0.492196 0.939026 -0.557666
v 0.544795 0.978227 -0.360716
v 0.595408 0.962558 -0.394368
v 0.615073 0.939184 -0.407443
v 0.628805 0.978180 -0.203749
v 0.684891 0.962490 -0.227253
v 0.706719 0.939088 -0.236403
v 0.680307 0.978273 -0.033326
v 0.739657 0.962626 -0.045772
v 0.762678 0.939280 -0.050601
v 0.698010 0.978146 0.143844
v 0.758610 0.962438 0.142868
v 0.782224 0.939015 0.142495
v 0.680635 0.978105 0.321047
v 0.740143 0.962377 0.331559
v 0.763366 0.938927 0.335661
v 0.628942 0.978105 0.491456
v 0.685097 0.962377 0.513020
v 0.707012 0.938927 0.521436
v 0.544997 0.978105 0.648506
v 0.595708 0.962377 0.680257
v 0.615498 0.938927 0.692648
v 0.432026 0.978105 0.786161
v 0.475409 0.962377 0.826840
v 0.492340 0.938927 0.842716
v 0.294371 0.978105 0.899132
v 0.328826 0.962377 0.947139
v 0.342272 0.938927 0.965874
v 0.137321 0.978105 0.983077
v 0.161590 0.962377 1.036528
v 0.171060 0.938927 1.057388
v -0.033088 0.978105 1.034770
v -0.019872 0.962377 1.091574
v -0.014715 0.938927 1.113743
v -0.210307 0.978105 1.052224
v -0.208586 0.962377 1.110161
v -0.207915 0.938927 1.132771
v -0.388638 0.977893 1.038571
v -0.398287 0.961893 1.095063
v -0.401950 0.938123 1.116858
v -0.564960 0.975911 1.001699
v -0.585522 0.959914 1.055189
v -0.592917 0.935928 1.074770
v -0.726878 0.974146 0.931880
v -0.758003 0.960535 0.980281
v -0.769026 0.939818 0.997430
v -0.845282 0.974792 0.834644
v -0.884439 0.961863 0.877593
v -0.899083 0.942019 0.893536
v -0.926352 0.977183 0.713029
v -0.970259 0.962160 0.748910
v -0.987396 0.939369 0.762673
v -1.059500 0.978703 0.470018
v -1.112239 0.962359 0.491416
v -1.132700 0.938106 0.500129
v -1.102268 0.978395 0.318165
v -1.158321 0.962393 0.328696
v -1.180151 0.938622 0.332939
v -1.119234 0.978108 0.143464
v -1.176451 0.962385 0.142501
v -1.198756 0.938955 0.142142
v -1.101472 0.978073 -0.033418
v -1.157534 0.962374 -0.045897
v -1.179404 0.938958 -0.050765
v -1.054431 0.977207 -0.206916
v -1.106881 0.962271 -0.230275
v -1.127133 0.939659 -0.239251
v -0.985935 0.975462 -0.373175
v -1.033969 0.962343 -0.407345
v -1.051785 0.942278 -0.420037
v -0.876619 0.974330 -0.512485
v -0.917201 0.961585 -0.554978
v -0.932119 0.941750 -0.570709
v -0.736570 0.973572 -0.631893
v -0.768444 0.960911 -0.682337
v -0.780305 0.941256 -0.701099
v -0.571913 0.974803 -0.714982
v -0.593269 0.961837 -0.770906
v -0.601096 0.941938 -0.791557
v -0.390545 0.977067 -0.752273
v -0.400173 0.962200 -0.810728
v -0.403808 0.939669 -0.833233
v -1.005504 0.978539 0.580825
v -1.055566 0.962371 0.607258
v -1.075088 0.938362 0.617697
v -1.012709 0.907375 0.726943
v -1.035736 0.906848 0.689321
v -1.057862 0.906573 0.652928
v -0.354719 0.908189 -0.842358
v -0.305583 0.907768 -0.847206
v -0.256659 0.907585 -0.850292
v -0.553030 0.912722 -0.807377
v -0.503704 0.911475 -0.819045
v -0.453941 0.910128 -0.828412
v -0.738721 0.913343 -0.729667
v -0.694515 0.913716 -0.753891
v -0.648723 0.913871 -0.775003
v -0.897637 0.913011 -0.606662
v -0.860606 0.912817 -0.640453
v -0.821811 0.912796 -0.672585
v -1.027044 0.914222 -0.461300
v -0.998079 0.914140 -0.499539
v -0.966569 0.913785 -0.536188
v -1.113420 0.910100 -0.287158
v -1.095631 0.911524 -0.333300
v -1.075715 0.912867 -0.378115
v -1.171854 0.907559 -0.099089
v -1.159252 0.907704 -0.146370
v -1.145089 0.908106 -0.193419
v -1.200639 0.907575 0.093524
v -1.196965 0.907578 0.044971
v -1.190914 0.907564 -0.003405
v -1.191353 0.907150 0.286555
v -1.197220 0.907331 0.238788
v -1.200755 0.907460 0.190586
v -1.148398 0.906092 0.465238
v -1.161107 0.906334 0.424205
v -1.172935 0.906626 0.379958
v -1.094900 0.906228 0.589627
v -1.109546 0.906061 0.561804
v -1.122756 0.905953 0.533383
v -0.924814 0.912725 0.864855
v -0.947101 0.911275 0.833215
v -0.968411 0.909686 0.799674
v -0.806783 0.912280 0.973919
v -0.841311 0.913411 0.949040
v -0.872508 0.913915 0.922666
v -0.639536 0.904739 1.059197
v -0.684771 0.906489 1.040395
v -0.728145 0.908578 1.019696
v -0.450556 0.905378 1.111455
v -0.498479 0.904352 1.101622
v -0.546021 0.903669 1.089827
v -0.256583 0.907472 1.134845
v -0.305293 0.907349 1.131554
v -0.353895 0.907016 1.126397
v -0.062029 0.907489 1.125245
v -0.110430 0.907489 1.131213
v -0.159066 0.907489 1.134803
v 0.126912 0.907489 1.077918
v 0.080605 0.907489 1.093214
v 0.033604 0.907489 1.106223
v 0.302990 0.907489 0.994639
v 0.260556 0.907489 1.018676
v 0.216996 0.907489 1.040604
v 0.459437 0.907489 0.878610
v 0.422508 0.907489 0.910463
v 0.384063 0.907489 0.940468
v 0.590242 0.907489 0.734289
v 0.560237 0.907489 0.772734
v 0.528384 0.907489 0.809663
v 0.690378 0.907489 0.567222
v 0.668450 0.907489 0.610782
v 0.644414 0.907489 0.653215
v 0.755997 0.907489 0.383829
v 0.742988 0.907489 0.430831
v 0.727692 0.907489 0.477138
v 0.784481 0.907538 0.191178
v 0.780959 0.907504 0.239801
v 0.775016 0.907491 0.288198
v 0.774184 0.907917 -0.003218
v 0.780335 0.907824 0.045147
v 0.784148 0.907709 0.093739
v 0.727183 0.907756 -0.192192
v 0.742302 0.907843 -0.145870
v 0.755151 0.907923 -0.098845
v 0.643888 0.907806 -0.368056
v 0.668004 0.907755 -0.325689
v 0.689998 0.907709 -0.282205
v 0.528099 0.907668 -0.524642
v 0.559829 0.907737 -0.487644
v 0.589728 0.907800 -0.449132
v 0.383872 0.907662 -0.655371
v 0.422343 0.907634 -0.625417
v 0.459281 0.907613 -0.593612
v 0.216899 0.907577 -0.755645
v 0.260408 0.907623 -0.733641
v 0.302801 0.907660 -0.709543
v 0.033603 0.907490 -0.821409
v 0.080598 0.907495 -0.808391
v 0.126890 0.907509 -0.793073
v -0.159077 0.907506 -0.850045
v -0.110434 0.907494 -0.846417
v -0.062029 0.907490 -0.840435
v -0.159431 0.938961 -0.846235
v -0.161898 0.962572 -0.819536
v -0.169022 0.978829 -0.749340
v -0.110973 0.938979 -0.842134
v -0.114747 0.962771 -0.812141
v -0.124822 0.979481 -0.732069
v -0.062634 0.938952 -0.836644
v -0.066863 0.962574 -0.810112
v -0.077359 0.978843 -0.740238
v 0.032523 0.938953 -0.817713
v 0.024965 0.962575 -0.791843
v 0.004471 0.978843 -0.723958
v 0.079247 0.938981 -0.804271
v 0.069775 0.962775 -0.775412
v 0.044488 0.979487 -0.698364
v 0.125574 0.938967 -0.789458
v 0.116325 0.962585 -0.764110
v 0.092589 0.978850 -0.697213
v 0.215153 0.939018 -0.752245
v 0.202786 0.962620 -0.728221
v 0.169647 0.978872 -0.665249
v 0.258325 0.939077 -0.729891
v 0.243517 0.962842 -0.703304
v 0.203925 0.979530 -0.632232
v 0.300854 0.939081 -0.706296
v 0.286945 0.962665 -0.683137
v 0.250831 0.978903 -0.621786
v 0.381523 0.939082 -0.652393
v 0.364792 0.962666 -0.631119
v 0.320202 0.978903 -0.575433
v 0.419573 0.939085 -0.622130
v 0.399938 0.962848 -0.598774
v 0.347450 0.979534 -0.536323
v 0.456728 0.939045 -0.590770
v 0.438620 0.962640 -0.570600
v 0.391403 0.978886 -0.517047
v 0.525235 0.939087 -0.522148
v 0.504757 0.962668 -0.504383
v 0.450357 0.978903 -0.458044
v 0.556533 0.939164 -0.484955
v 0.532844 0.962902 -0.465718
v 0.469434 0.979569 -0.414244
v 0.586759 0.939187 -0.446868
v 0.565208 0.962739 -0.430501
v 0.508695 0.978952 -0.386806
v 0.640652 0.939191 -0.366195
v 0.617218 0.962742 -0.352651
v 0.555044 0.978954 -0.317433
v 0.664256 0.939177 -0.323691
v 0.637347 0.962912 -0.309286
v 0.565325 0.979575 -0.270712
v 0.686608 0.939118 -0.280533
v 0.662307 0.962690 -0.268520
v 0.598509 0.978918 -0.236268
v 0.723639 0.939153 -0.190950
v 0.698069 0.962715 -0.182056
v 0.630396 0.978933 -0.159209
v 0.738295 0.939243 -0.144606
v 0.709218 0.962958 -0.135539
v 0.631305 0.979604 -0.111272
v 0.751616 0.939279 -0.097855
v 0.725605 0.962805 -0.090665
v 0.657005 0.978995 -0.071068
v 0.770552 0.939275 -0.002702
v 0.743877 0.962801 0.001161
v 0.673286 0.978993 0.010760
v 0.776158 0.939229 0.045601
v 0.745939 0.962948 0.048973
v 0.664995 0.979597 0.058029
v 0.780392 0.939117 0.094023
v 0.753454 0.962690 0.096140
v 0.682462 0.978916 0.102378
v 0.780642 0.938989 0.190994
v 0.753628 0.962601 0.189733
v 0.682569 0.978861 0.185789
v 0.776628 0.938988 0.239455
v 0.746267 0.962779 0.237045
v 0.665202 0.979491 0.230612
v 0.771179 0.938953 0.287766
v 0.744318 0.962575 0.284746
v 0.673576 0.978844 0.277431
v 0.752254 0.938952 0.382923
v 0.726054 0.962574 0.376574
v 0.657301 0.978843 0.359260
v 0.738812 0.938977 0.429672
v 0.709579 0.962772 0.421564
v 0.631536 0.979485 0.399918
v 0.724023 0.938952 0.475989
v 0.698337 0.962574 0.467945
v 0.630568 0.978843 0.447387
v 0.686894 0.938952 0.565625
v 0.662507 0.962574 0.554446
v 0.598639 0.978843 0.524469
v 0.664591 0.938977 0.608857
v 0.637582 0.962772 0.595380
v 0.565475 0.979485 0.559402
v 0.641049 0.938952 0.651395
v 0.617497 0.962574 0.638653
v 0.555228 0.978843 0.605686
v 0.587147 0.938952 0.732065
v 0.565481 0.962574 0.716502
v 0.508875 0.978843 0.675058
v 0.556840 0.938977 0.770119
v 0.533058 0.962772 0.751811
v 0.469570 0.979485 0.702934
v 0.525450 0.938952 0.807244
v 0.504907 0.962574 0.790311
v 0.450453 0.978843 0.746246
v 0.456845 0.938952 0.875848
v 0.438702 0.962574 0.856515
v 0.391457 0.978843 0.805242
v 0.419698 0.938977 0.907260
v 0.400025 0.962772 0.884844
v 0.347507 0.979485 0.824997
v 0.381667 0.938952 0.937545
v 0.364894 0.962574 0.917089
v 0.320269 0.978843 0.863664
v 0.300996 0.938952 0.991448
v 0.287045 0.962574 0.969105
v 0.250897 0.978843 0.910017
v 0.258436 0.938977 1.015012
v 0.243595 0.962772 0.989367
v 0.203975 0.979485 0.920902
v 0.215226 0.938952 1.037293
v 0.202837 0.962574 1.014115
v 0.169679 0.978843 0.953429
v 0.125590 0.938952 1.074421
v 0.116337 0.962574 1.049945
v 0.092597 0.978843 0.985357
v 0.079252 0.938977 1.089233
v 0.069779 0.962772 1.061364
v 0.044490 0.979485 0.986963
v 0.032524 0.938952 1.102653
v 0.024966 0.962574 1.077662
v 0.004471 0.978843 1.012090
v -0.062633 0.938952 1.121580
v -0.066863 0.962574 1.095928
v -0.077359 0.978843 1.028367
v -0.110970 0.938977 1.127070
v -0.114743 0.962772 1.098068
v -0.124817 0.979485 1.020640
v -0.159419 0.938952 1.131113
v -0.161885 0.962574 1.105287
v -0.169007 0.978843 1.037394
v -0.256453 0.938939 1.131162
v -0.255529 0.962567 1.105344
v -0.252461 0.978840 1.037465
v -0.305023 0.938876 1.127463
v -0.303011 0.962712 1.098528
v -0.297609 0.979461 1.021209
v -0.353580 0.938613 1.122902
v -0.350969 0.962371 1.097458
v -0.344623 0.978758 1.030190
v -0.449994 0.937434 1.108593
v -0.444210 0.961644 1.084118
v -0.427854 0.978409 1.018626
v -0.497860 0.936688 1.098756
v -0.490482 0.961286 1.071594
v -0.469944 0.978627 0.997114
v -0.545638 0.936084 1.087896
v -0.538470 0.960519 1.064423
v -0.519027 0.977323 0.999845
v -0.639230 0.936448 1.058231
v -0.629237 0.960010 1.036476
v -0.600199 0.976136 0.975405
v -0.684382 0.937442 1.039324
v -0.672215 0.960348 1.015205
v -0.637099 0.976335 0.946194
v -0.728038 0.938626 1.019222
v -0.716639 0.960421 0.998539
v -0.684345 0.975256 0.939147
v -0.806319 0.940864 0.973367
v -0.792205 0.961026 0.954033
v -0.751680 0.974550 0.899317
v -0.840305 0.941637 0.947799
v -0.823459 0.961545 0.925968
v -0.775733 0.975145 0.864047
v -0.871444 0.942030 0.921449
v -0.855824 0.961731 0.902395
v -0.812873 0.974904 0.849065
v -0.922822 0.941621 0.863251
v -0.904905 0.962224 0.845612
v -0.856335 0.976072 0.798002
v -0.944395 0.940935 0.831162
v -0.923603 0.962476 0.811617
v -0.867431 0.977300 0.758175
v -0.965730 0.940106 0.797864
v -0.946890 0.962310 0.780993
v -0.897363 0.977299 0.735243
v -1.091716 0.938287 0.587709
v -1.068877 0.962582 0.576551
v -1.008447 0.979392 0.548177
v -1.105970 0.938218 0.559627
v -1.080088 0.962781 0.547258
v -1.010757 0.980113 0.515045
v -1.119601 0.938133 0.531380
v -1.096529 0.962568 0.520542
v -1.035728 0.979477 0.492555
v -1.145104 0.938206 0.463615
v -1.121133 0.962567 0.455164
v -1.057661 0.979416 0.434257
v -1.157302 0.938362 0.422666
v -1.129904 0.962782 0.414309
v -1.056564 0.980003 0.392640
v -1.169504 0.938494 0.378767
v -1.144902 0.962592 0.372254
v -1.080188 0.979256 0.355022
v -1.187791 0.938772 0.285993
v -1.162507 0.962584 0.282876
v -1.095823 0.979023 0.275520
v -1.193176 0.938893 0.238365
v -1.164570 0.962778 0.235906
v -1.088119 0.979573 0.229478
v -1.197154 0.938937 0.190362
v -1.171676 0.962582 0.189075
v -1.104628 0.978876 0.185139
v -1.197029 0.938998 0.093818
v -1.171547 0.962579 0.095940
v -1.104506 0.978823 0.102170
v -1.192901 0.939024 0.045452
v -1.164283 0.962772 0.048848
v -1.087834 0.979449 0.057920
v -1.187316 0.938992 -0.002850
v -1.162005 0.962572 0.001049
v -1.095308 0.978805 0.010676
v -1.168349 0.938989 -0.098062
v -1.143706 0.962569 -0.090841
v -1.079019 0.978798 -0.071222
v -1.155379 0.939088 -0.145101
v -1.127954 0.962747 -0.136045
v -1.054660 0.979311 -0.111823
v -1.141794 0.939272 -0.192240
v -1.117847 0.962505 -0.183445
v -1.054429 0.978357 -0.160771
v -1.110736 0.940331 -0.285810
v -1.088253 0.962475 -0.273986
v -1.028305 0.977463 -0.241612
v -1.092898 0.941116 -0.331808
v -1.068034 0.962713 -0.317606
v -1.000060 0.977623 -0.278647
v -1.073747 0.941804 -0.376958
v -1.052262 0.962563 -0.363692
v -0.993419 0.976566 -0.327995
v -1.025690 0.942463 -0.460072
v -1.006195 0.962394 -0.444188
v -0.952568 0.975744 -0.399927
v -0.996466 0.942381 -0.498000
v -0.975042 0.962384 -0.479376
v -0.915024 0.976006 -0.427472
v -0.965342 0.942093 -0.534927
v -0.947020 0.961991 -0.517952
v -0.895755 0.975169 -0.471553
v -0.896482 0.941489 -0.605061
v -0.880345 0.961534 -0.585645
v -0.836197 0.974838 -0.531893
v -0.859092 0.941312 -0.638376
v -0.841411 0.961499 -0.615624
v -0.792240 0.975242 -0.552606
v -0.820557 0.941206 -0.670836
v -0.805543 0.961151 -0.650166
v -0.763840 0.974410 -0.593923
v -0.737752 0.941514 -0.727901
v -0.725525 0.961188 -0.705450
v -0.692453 0.974236 -0.643311
v -0.693438 0.941825 -0.751804
v -0.680478 0.961597 -0.725980
v -0.644366 0.975051 -0.653914
v -0.647971 0.942001 -0.773397
v -0.637341 0.961725 -0.750261
v -0.607325 0.974904 -0.686453
v -0.237027 1.002040 0.159115
v -0.100813 0.994678 -0.446017
v -0.173844 0.996746 -0.342524
v -0.219250 0.994592 -0.457935
v -0.271771 0.996259 -0.343881
v -0.340140 0.993119 -0.450468
v -0.371070 0.994229 -0.330732
v -0.460663 0.990299 -0.424375
v -0.466149 0.992284 -0.298090
v -0.570740 0.989105 -0.369406
v -0.549703 0.992242 -0.242223
v -0.664534 0.989617 -0.290417
v -0.618307 0.992857 -0.171347
v -0.736778 0.990901 -0.196101
v -0.666711 0.994528 -0.087381
v -0.783794 0.993288 -0.085957
v -0.697967 0.996320 0.006060
v -0.814341 0.994589 0.030434
v -0.715833 0.996733 0.102033
v -0.826053 0.994698 0.148520
v -0.716066 0.996925 0.198337
v -0.815020 0.995111 0.264653
v -0.699509 0.997357 0.288147
v -0.787627 0.995534 0.364251
v -0.673150 0.997455 0.359692
v -0.749880 0.995265 0.443338
v -0.636551 0.996620 0.426149
v -0.699225 0.993304 0.529145
v -0.592788 0.994273 0.496455
v -0.642658 0.990317 0.610856
v -0.538869 0.992657 0.556799
v -0.563455 0.990336 0.676334
v -0.461805 0.994293 0.602841
v -0.456502 0.993116 0.722368
v -0.368618 0.996325 0.631537
v -0.338569 0.994659 0.747268
v -0.271287 0.996774 0.644953
v -0.219175 0.994681 0.755530
v -0.173825 0.996769 0.643951
v -0.100812 0.994679 0.743770
v -0.078535 0.996769 0.624976
v 0.012972 0.994679 0.709254
v 0.011220 0.996769 0.587798
v 0.117835 0.994679 0.653203
v 0.091998 0.996769 0.533824
v 0.209749 0.994679 0.577771
v 0.160694 0.996769 0.465128
v 0.285181 0.994679 0.485857
v 0.214667 0.996769 0.384351
v 0.341232 0.994679 0.380993
v 0.251845 0.996769 0.294595
v 0.375747 0.994679 0.267210
v 0.270789 0.996774 0.199314
v 0.387366 0.994698 0.148886
v 0.270738 0.996800 0.102173
v 0.375638 0.994735 0.030569
v 0.251778 0.996804 0.006894
v 0.341171 0.994712 -0.083213
v 0.214620 0.996797 -0.082850
v 0.285113 0.994720 -0.188055
v 0.160654 0.996793 -0.163627
v 0.209719 0.994700 -0.279987
v 0.091978 0.996785 -0.232327
v 0.117810 0.994701 -0.355409
v 0.011207 0.996781 -0.286304
v 0.012963 0.994686 -0.411485
v -0.078537 0.996771 -0.323500
v -0.552574 0.941583 -0.805326
v -0.545134 0.962208 -0.780840
v -0.525067 0.976086 -0.713557
v -0.503084 0.940996 -0.816130
v -0.495558 0.962483 -0.787966
v -0.474580 0.977299 -0.710618
v -0.453405 0.940289 -0.825531
v -0.447580 0.962339 -0.800224
v -0.431030 0.977250 -0.732339
v -0.354422 0.939304 -0.838793
v -0.351847 0.962474 -0.812510
v -0.345578 0.978271 -0.742947
v -0.305323 0.939118 -0.843007
v -0.303326 0.962737 -0.813102
v -0.297954 0.979267 -0.733133
v -0.256534 0.939002 -0.846503
v -0.255614 0.962567 -0.819819
v -0.252549 0.978782 -0.749624
v -0.234695 0.532263 0.162221
v -0.218243 0.556598 -0.456467
v -0.172648 0.550303 -0.340884
v -0.099904 0.556641 -0.444779
v -0.077406 0.550352 -0.321857
v 0.013729 0.556777 -0.410037
v 0.012162 0.550520 -0.284401
v 0.118383 0.556964 -0.353682
v 0.092817 0.550594 -0.230345
v 0.210085 0.557032 -0.278273
v 0.161188 0.550734 -0.161589
v 0.285096 0.557238 -0.186217
v 0.214987 0.550807 -0.080831
v 0.340997 0.557265 -0.081575
v 0.251853 0.550921 0.008751
v 0.375077 0.557450 0.032099
v 0.270949 0.550835 0.103944
v 0.387629 0.556988 0.150241
v 0.271769 0.550414 0.200929
v 0.376639 0.556648 0.268440
v 0.253016 0.550312 0.296173
v 0.342145 0.556636 0.382220
v 0.215843 0.550310 0.385927
v 0.286094 0.556636 0.487084
v 0.161869 0.550310 0.466705
v 0.210663 0.556636 0.578997
v 0.093173 0.550310 0.535401
v 0.118749 0.556636 0.654429
v 0.012395 0.550310 0.589374
v 0.013885 0.556636 0.710480
v -0.077364 0.550290 0.626571
v -0.099916 0.556546 0.745084
v -0.172812 0.549454 0.646342
v -0.218794 0.553768 0.759454
v -0.270762 0.545323 0.650350
v -0.338324 0.547412 0.753897
v -0.366867 0.540837 0.635742
v -0.452709 0.544057 0.722966
v -0.456187 0.540373 0.601393
v -0.555205 0.545782 0.672554
v -0.532806 0.542637 0.555562
v -0.639829 0.549280 0.610561
v -0.594748 0.545552 0.497857
v -0.706085 0.552595 0.530811
v -0.640969 0.548259 0.428823
v -0.752533 0.555460 0.447093
v -0.672388 0.549860 0.364153
v -0.785666 0.556390 0.369283
v -0.697553 0.550180 0.292234
v -0.813410 0.556545 0.267816
v -0.714500 0.550282 0.200717
v -0.824819 0.556638 0.150069
v -0.714437 0.550318 0.103726
v -0.813152 0.556652 0.031763
v -0.695582 0.550369 0.008378
v -0.779045 0.556832 -0.082290
v -0.659172 0.550210 -0.081872
v -0.724546 0.555681 -0.188135
v -0.606687 0.547570 -0.163822
v -0.651424 0.550713 -0.282391
v -0.539940 0.543627 -0.235141
v -0.561031 0.547696 -0.360602
v -0.458603 0.543835 -0.289106
v -0.453343 0.551008 -0.413807
v -0.366238 0.547514 -0.323312
v -0.336988 0.555198 -0.445315
v -0.269910 0.549882 -0.341033
v -0.344181 0.597440 -0.740365
v -0.350899 0.633106 -0.810611
v -0.353790 0.676940 -0.837431
v -0.297284 0.596074 -0.731871
v -0.302946 0.632710 -0.812271
v -0.305099 0.676777 -0.842452
v -0.252228 0.597945 -0.749015
v -0.255474 0.633275 -0.819475
v -0.256474 0.676785 -0.846303
v -0.517444 0.593942 -0.700905
v -0.538313 0.631202 -0.768997
v -0.547304 0.677336 -0.795717
v -0.468698 0.593499 -0.700475
v -0.490377 0.631470 -0.778650
v -0.499122 0.677372 -0.808666
v -0.426953 0.596205 -0.725104
v -0.444127 0.632528 -0.793833
v -0.450823 0.677306 -0.820522
v -0.682161 0.588056 -0.632023
v -0.716569 0.626051 -0.695098
v -0.730941 0.673690 -0.719459
v -0.634459 0.587524 -0.641055
v -0.671663 0.626694 -0.713952
v -0.686671 0.674674 -0.741972
v -0.597759 0.590825 -0.672459
v -0.628716 0.628673 -0.737043
v -0.641302 0.675901 -0.762582
v -0.821751 0.590050 -0.523452
v -0.867497 0.627752 -0.577865
v -0.886586 0.674876 -0.598619
v -0.779445 0.586853 -0.544489
v -0.830024 0.625857 -0.608107
v -0.850339 0.673700 -0.632113
v -0.752244 0.587677 -0.585309
v -0.795377 0.625565 -0.642341
v -0.812803 0.673116 -0.664375
v -0.935542 0.597557 -0.389599
v -0.990698 0.634692 -0.434691
v -1.013626 0.680433 -0.452519
v -0.897617 0.594126 -0.417182
v -0.959254 0.632672 -0.469924
v -0.984213 0.679255 -0.490430
v -0.878713 0.593853 -0.461706
v -0.931711 0.631381 -0.508951
v -0.953507 0.677857 -0.527657
v -1.021495 0.598876 -0.237074
v -1.082379 0.634723 -0.270161
v -1.106291 0.678807 -0.282945
v -0.990100 0.597453 -0.272110
v -1.059135 0.634863 -0.311848
v -1.086026 0.679788 -0.327381
v -0.980266 0.599186 -0.319585
v -1.040393 0.635776 -0.356114
v -1.064511 0.680669 -0.371037
v -1.078565 0.597967 -0.070831
v -1.143457 0.633280 -0.090686
v -1.168208 0.676776 -0.098007
v -1.053680 0.596298 -0.111050
v -1.127341 0.632838 -0.135633
v -1.154989 0.676828 -0.144873
v -1.052210 0.598193 -0.159208
v -1.116278 0.633602 -0.182413
v -1.140716 0.677217 -0.191563
v -1.103915 0.597972 0.102633
v -1.171153 0.633289 0.096145
v -1.196767 0.676789 0.093909
v -1.087280 0.596242 0.058333
v -1.163942 0.632763 0.048996
v -1.192688 0.676726 0.045494
v -1.094848 0.597968 0.011011
v -1.161735 0.633283 0.001161
v -1.187154 0.676781 -0.002825
v -1.094952 0.597803 0.277357
v -1.161888 0.633041 0.284270
v -1.187365 0.676447 0.286991
v -1.087338 0.596148 0.230740
v -1.164030 0.632620 0.236802
v -1.192811 0.676527 0.238982
v -1.103940 0.597931 0.185970
v -1.171192 0.633223 0.189622
v -1.196823 0.676697 0.190717
v -1.055918 0.597395 0.439399
v -1.119677 0.632425 0.459695
v -1.144009 0.675594 0.467102
v -1.055022 0.595776 0.397037
v -1.128660 0.632044 0.418112
v -1.156385 0.675725 0.425563
v -1.078923 0.597615 0.358488
v -1.143914 0.632740 0.375177
v -1.168789 0.676025 0.380962
v -1.009115 0.596956 0.552588
v -1.069199 0.632115 0.580315
v -1.091841 0.675401 0.590500
v -1.009664 0.595517 0.520250
v -1.079089 0.631768 0.551803
v -1.105182 0.675414 0.563086
v -1.033931 0.597326 0.498151
v -1.094999 0.632331 0.525499
v -1.118441 0.675471 0.535198
v -0.856793 0.591224 0.797088
v -0.904959 0.628741 0.843882
v -0.922441 0.675418 0.860867
v -0.872958 0.590112 0.757792
v -0.928552 0.628264 0.810176
v -0.947913 0.674718 0.828963
v -0.907066 0.592337 0.734868
v -0.955933 0.628760 0.779517
v -0.972540 0.674049 0.795654
v -0.740318 0.586552 0.891755
v -0.781415 0.624574 0.945490
v -0.797358 0.672202 0.965111
v -0.765296 0.586349 0.858522
v -0.813453 0.625652 0.919467
v -0.832020 0.673810 0.941307
v -0.804841 0.589401 0.845503
v -0.847872 0.627489 0.898029
v -0.864774 0.675062 0.916840
v -0.594111 0.581789 0.970156
v -0.623321 0.618380 1.029919
v -0.634081 0.664550 1.051427
v -0.629047 0.581101 0.938745
v -0.664414 0.619053 1.006547
v -0.677686 0.666005 1.030820
v -0.674515 0.583912 0.930377
v -0.707214 0.621121 0.988705
v -0.720044 0.668060 1.009796
v -0.428148 0.584296 1.025248
v -0.444414 0.620862 1.089167
v -0.449920 0.667016 1.111399
v -0.469150 0.581091 1.001429
v -0.489644 0.618722 1.074226
v -0.496892 0.665249 1.099443
v -0.516679 0.581694 1.000881
v -0.536199 0.618165 1.063928
v -0.543487 0.664154 1.085999
v -0.253108 0.593352 1.042193
v -0.256170 0.629531 1.109005
v -0.256916 0.674247 1.133539
v -0.298513 0.589329 1.027693
v -0.303919 0.626926 1.103788
v -0.305673 0.672644 1.130955
v -0.345657 0.588503 1.037786
v -0.351985 0.625151 1.103774
v -0.354277 0.670913 1.127098
v -0.077135 0.597887 1.028733
v -0.066799 0.633205 1.096057
v -0.062628 0.676700 1.121613
v -0.124633 0.595786 1.021412
v -0.114718 0.632436 1.098445
v -0.110992 0.676489 1.127245
v -0.169037 0.596599 1.039021
v -0.161994 0.632329 1.106273
v -0.159519 0.676166 1.131667
v 0.092832 0.597940 0.985672
v 0.116408 0.633240 1.050040
v 0.125599 0.676720 1.074433
v 0.044758 0.596209 0.987321
v 0.069859 0.632712 1.061471
v 0.079262 0.676654 1.089246
v 0.004705 0.597940 1.012405
v 0.025037 0.633240 1.077757
v 0.032533 0.676720 1.102664
v 0.251131 0.597940 0.910332
v 0.287116 0.633240 0.969201
v 0.301005 0.676720 0.991459
v 0.204242 0.596209 0.921261
v 0.243675 0.632712 0.989475
v 0.258446 0.676654 1.015025
v 0.169914 0.597940 0.953744
v 0.202908 0.633240 1.014211
v 0.215235 0.676720 1.037305
v 0.391691 0.597940 0.805557
v 0.438773 0.633240 0.856611
v 0.456854 0.676720 0.875860
v 0.347773 0.596209 0.825356
v 0.400105 0.632712 0.884951
v 0.419708 0.676654 0.907274
v 0.320503 0.597940 0.863979
v 0.364965 0.633240 0.917184
v 0.381676 0.676720 0.937557
v 0.509109 0.597940 0.675373
v 0.565551 0.633240 0.716597
v 0.587156 0.676720 0.732077
v 0.469837 0.596209 0.703292
v 0.533138 0.632712 0.751918
v 0.556850 0.676654 0.770132
v 0.450687 0.597940 0.746561
v 0.504978 0.633240 0.790406
v 0.525458 0.676720 0.807256
v 0.598874 0.597940 0.524783
v 0.662578 0.633240 0.554541
v 0.686903 0.676720 0.565637
v 0.565742 0.596209 0.559760
v 0.637662 0.632712 0.595488
v 0.664601 0.676654 0.608870
v 0.555462 0.597940 0.606001
v 0.617568 0.633240 0.638749
v 0.641058 0.676720 0.651407
v 0.657535 0.597940 0.359575
v 0.726125 0.633240 0.376669
v 0.752263 0.676720 0.382934
v 0.631803 0.596209 0.400276
v 0.709659 0.632712 0.421672
v 0.738822 0.676654 0.429686
v 0.630802 0.597940 0.447701
v 0.698408 0.633240 0.468040
v 0.724032 0.676720 0.476001
v 0.682471 0.598128 0.186170
v 0.753452 0.633392 0.189878
v 0.780476 0.676847 0.191041
v 0.665365 0.596268 0.230992
v 0.746273 0.632758 0.237167
v 0.776586 0.676692 0.239479
v 0.673798 0.597947 0.277748
v 0.744380 0.633245 0.284843
v 0.771182 0.676725 0.287779
v 0.671503 0.599123 0.011477
v 0.742059 0.634435 0.001634
v 0.769068 0.677809 -0.002392
v 0.663635 0.597155 0.058712
v 0.744523 0.633655 0.049379
v 0.774998 0.677506 0.045848
v 0.681554 0.598598 0.102920
v 0.752515 0.633872 0.096436
v 0.779629 0.677281 0.094188
v 0.629233 0.598767 -0.158509
v 0.696931 0.634016 -0.181639
v 0.722731 0.677403 -0.190697
v 0.629843 0.597222 -0.110530
v 0.707719 0.633713 -0.135088
v 0.737075 0.677555 -0.144327
v 0.655194 0.599142 -0.070337
v 0.723762 0.634452 -0.090181
v 0.750112 0.677824 -0.097536
v 0.554003 0.598819 -0.316279
v 0.616098 0.634125 -0.351770
v 0.639721 0.677526 -0.365563
v 0.564449 0.596978 -0.269649
v 0.636396 0.633466 -0.308534
v 0.663466 0.677331 -0.323176
v 0.597658 0.598637 -0.235397
v 0.661462 0.633883 -0.267941
v 0.685929 0.677283 -0.280154
v 0.449814 0.598492 -0.457147
v 0.504152 0.633759 -0.503789
v 0.524730 0.677177 -0.521760
v 0.468677 0.596918 -0.413183
v 0.531988 0.633414 -0.464970
v 0.555812 0.677286 -0.484444
v 0.507685 0.598801 -0.385659
v 0.564114 0.634109 -0.429627
v 0.585848 0.677511 -0.446241
v 0.319972 0.598417 -0.574430
v 0.364430 0.633721 -0.630380
v 0.381190 0.677158 -0.651872
v 0.347285 0.596630 -0.535370
v 0.399633 0.633123 -0.598128
v 0.419286 0.677022 -0.621698
v 0.391174 0.598340 -0.516208
v 0.438310 0.633604 -0.570060
v 0.456454 0.677037 -0.590424
v 0.169622 0.598204 -0.664546
v 0.202628 0.633493 -0.727782
v 0.214987 0.676945 -0.751970
v 0.203824 0.596588 -0.631322
v 0.243258 0.633089 -0.702688
v 0.258069 0.676995 -0.729480
v 0.250609 0.598412 -0.620789
v 0.286589 0.633717 -0.682402
v 0.300525 0.677155 -0.705778
v 0.004702 0.597943 -0.723639
v 0.025034 0.633242 -0.791745
v 0.032531 0.676722 -0.817699
v 0.044731 0.596233 -0.697969
v 0.069839 0.632730 -0.775279
v 0.079245 0.676669 -0.804240
v 0.092748 0.598015 -0.696786
v 0.116340 0.633301 -0.763930
v 0.125543 0.676771 -0.789387
v -0.168775 0.597947 -0.748961
v -0.161818 0.633249 -0.819393
v -0.159415 0.676734 -0.846189
v -0.124551 0.596211 -0.731690
v -0.114664 0.632715 -0.812019
v -0.110961 0.676658 -0.842110
v -0.077125 0.597940 -0.739921
v -0.066792 0.633240 -0.810015
v -0.062624 0.676721 -0.836631
v -0.946528 0.593849 0.672515
v -1.000015 0.629475 0.709809
v -1.017959 0.673617 0.723751
v -0.954624 0.593177 0.630749
v -1.017185 0.629735 0.671794
v -1.038796 0.673978 0.686788
v -0.983020 0.595800 0.605214
v -1.038737 0.631061 0.639335
v -1.058837 0.674622 0.651737
v -1.009563 0.938916 0.725164
v -0.988985 0.962436 0.710573
v -0.934737 0.978466 0.672351
v -1.032163 0.938664 0.687211
v -1.008342 0.962709 0.671535
v -0.944930 0.979549 0.629636
v -1.054685 0.938486 0.651006
v -1.033041 0.962551 0.637857
v -0.976476 0.979155 0.602972
v -1.015517 0.773231 0.725466
v -1.014028 0.822397 0.725867
v -1.013160 0.867899 0.726425
v -1.037959 0.772945 0.688528
v -1.036787 0.821887 0.688727
v -1.036099 0.867299 0.689041
v -1.059220 0.772986 0.652884
v -1.058487 0.821728 0.652846
v -1.058069 0.867025 0.652896
v -0.354443 0.775527 -0.841688
v -0.354546 0.824177 -0.841913
v -0.354636 0.869182 -0.842136
v -0.305489 0.775078 -0.846943
v -0.305524 0.823647 -0.847033
v -0.305555 0.868656 -0.847120
v -0.256636 0.774880 -0.850204
v -0.256645 0.823416 -0.850235
v -0.256652 0.868428 -0.850264
v -0.550665 0.780138 -0.802399
v -0.551543 0.829805 -0.804027
v -0.552313 0.874841 -0.805692
v -0.501928 0.778938 -0.815209
v -0.502587 0.828280 -0.816471
v -0.503165 0.873285 -0.817752
v -0.452789 0.777563 -0.825862
v -0.453217 0.826606 -0.826704
v -0.453592 0.871603 -0.827556
v -0.735680 0.779572 -0.724970
v -0.736812 0.830161 -0.726408
v -0.737801 0.875610 -0.727999
v -0.691487 0.780280 -0.748566
v -0.692613 0.830738 -0.750238
v -0.693599 0.876077 -0.752034
v -0.645733 0.780809 -0.769262
v -0.646845 0.831059 -0.771100
v -0.647818 0.876274 -0.773028
v -0.893177 0.779651 -0.602934
v -0.894825 0.829896 -0.604036
v -0.896279 0.875196 -0.605307
v -0.856671 0.779103 -0.636765
v -0.858128 0.829533 -0.637839
v -0.859411 0.874951 -0.639099
v -0.818339 0.778862 -0.668795
v -0.819628 0.829430 -0.669901
v -0.820759 0.874924 -0.671196
v -1.021544 0.782461 -0.457575
v -1.023559 0.831925 -0.458847
v -1.025356 0.876731 -0.460082
v -0.992507 0.782073 -0.495656
v -0.994552 0.831724 -0.496934
v -0.996372 0.876622 -0.498232
v -0.961204 0.781308 -0.532290
v -0.963178 0.831149 -0.533523
v -0.964929 0.876172 -0.534836
v -1.111398 0.777925 -0.285855
v -1.112136 0.826697 -0.286330
v -1.112797 0.871578 -0.286756
v -1.092493 0.779623 -0.331263
v -1.093639 0.828545 -0.332001
v -1.094665 0.873361 -0.332668
v -1.071494 0.781178 -0.375348
v -1.073037 0.830273 -0.376339
v -1.074416 0.875040 -0.377247
v -1.171794 0.774851 -0.099069
v -1.171816 0.823383 -0.099076
v -1.171835 0.868395 -0.099083
v -1.159081 0.775027 -0.146274
v -1.159144 0.823572 -0.146309
v -1.159200 0.868577 -0.146340
v -1.144608 0.775514 -0.193120
v -1.144784 0.824096 -0.193229
v -1.144941 0.869080 -0.193327
v -1.200523 0.774870 0.093560
v -1.200565 0.823403 0.093547
v -1.200603 0.868415 0.093535
v -1.196872 0.774875 0.044983
v -1.196906 0.823408 0.044979
v -1.196936 0.868419 0.044974
v -1.190844 0.774858 -0.003399
v -1.190869 0.823390 -0.003401
v -1.190892 0.868402 -0.003403
v -1.191163 0.774355 0.287004
v -1.191233 0.822849 0.286840
v -1.191295 0.867882 0.286694
v -1.197057 0.774575 0.239064
v -1.197117 0.823085 0.238963
v -1.197170 0.868109 0.238873
v -1.200607 0.774731 0.190743
v -1.200661 0.823253 0.190686
v -1.200709 0.868271 0.190635
v -1.147901 0.773074 0.466830
v -1.148082 0.821469 0.466249
v -1.148245 0.866557 0.465728
v -1.160692 0.773368 0.425524
v -1.160844 0.821785 0.425042
v -1.160980 0.866861 0.424611
v -1.172612 0.773721 0.380955
v -1.172730 0.822166 0.380591
v -1.172835 0.867226 0.380265
v -1.094831 0.773090 0.590816
v -1.094804 0.821565 0.590370
v -1.094832 0.866698 0.589989
v -1.109151 0.772993 0.563357
v -1.109280 0.821405 0.562786
v -1.109411 0.866510 0.562281
v -1.122224 0.772900 0.535124
v -1.122416 0.821285 0.534488
v -1.122590 0.866382 0.533919
v -0.923882 0.779356 0.862248
v -0.923916 0.829409 0.862770
v -0.924260 0.874704 0.863733
v -0.947779 0.777589 0.830839
v -0.947131 0.827435 0.831363
v -0.946957 0.872825 0.832245
v -0.970440 0.775672 0.797442
v -0.969218 0.825300 0.797991
v -0.968609 0.870784 0.798821
v -0.801750 0.778053 0.967751
v -0.803281 0.828690 0.969225
v -0.804988 0.874278 0.971397
v -0.836739 0.779718 0.943904
v -0.838148 0.830266 0.945076
v -0.839694 0.875684 0.946898
v -0.868788 0.780583 0.918638
v -0.869917 0.830995 0.919495
v -0.871174 0.876293 0.920940
v -0.636199 0.768189 1.053494
v -0.637094 0.818576 1.054731
v -0.638250 0.864847 1.056764
v -0.680640 0.770358 1.033856
v -0.681798 0.820877 1.035379
v -0.683218 0.867037 1.037690
v -0.723389 0.773044 1.012742
v -0.724765 0.823663 1.014420
v -0.726392 0.869650 1.016866
v -0.450028 0.770018 1.110854
v -0.450056 0.819825 1.110455
v -0.450262 0.865623 1.110775
v -0.497417 0.768363 1.099802
v -0.497600 0.818327 1.099769
v -0.497988 0.864344 1.100504
v -0.544293 0.767198 1.086629
v -0.544677 0.817303 1.087035
v -0.545292 0.863498 1.088233
v -0.256684 0.774192 1.135364
v -0.256610 0.823104 1.134992
v -0.256585 0.868266 1.134859
v -0.305408 0.773695 1.132257
v -0.305305 0.822837 1.131709
v -0.305279 0.868101 1.131538
v -0.353942 0.772885 1.127071
v -0.353834 0.822272 1.126416
v -0.353837 0.867675 1.126277
v -0.062030 0.774762 1.125250
v -0.062029 0.823290 1.125247
v -0.062029 0.868307 1.125245
v -0.110438 0.774731 1.131248
v -0.110433 0.823281 1.131224
v -0.110431 0.868306 1.131214
v -0.159090 0.774645 1.134921
v -0.159074 0.823256 1.134838
v -0.159067 0.868303 1.134807
v 0.126912 0.774767 1.077918
v 0.126912 0.823292 1.077918
v 0.126912 0.868308 1.077918
v 0.080605 0.774767 1.093214
v 0.080605 0.823292 1.093214
v 0.080605 0.868308 1.093214
v 0.033604 0.774767 1.106223
v 0.033604 0.823292 1.106223
v 0.033604 0.868308 1.106223
v 0.302990 0.774767 0.994639
v 0.302990 0.823292 0.994639
v 0.302990 0.868308 0.994639
v 0.260556 0.774767 1.018676
v 0.260556 0.823292 1.018676
v 0.260556 0.868308 1.018676
v 0.216996 0.774767 1.040604
v 0.216996 0.823292 1.040604
v 0.216996 0.868308 1.040604
v 0.459437 0.774767 0.878610
v 0.459437 0.823292 0.878610
v 0.459437 0.868308 0.878610
v 0.422508 0.774767 0.910463
v 0.422508 0.823292 0.910463
v 0.422508 0.868308 0.910463
v 0.384063 0.774767 0.940468
v 0.384063 0.823292 0.940468
v 0.384063 0.868308 0.940468
v 0.590242 0.774767 0.734289
v 0.590242 0.823292 0.734289
v 0.590242 0.868308 0.734289
v 0.560237 0.774767 0.772734
v 0.560237 0.823292 0.772734
v 0.560237 0.868308 0.772734
v 0.528384 0.774767 0.809663
v 0.528384 0.823292 0.809663
v 0.528384 0.868308 0.809663
v 0.690378 0.774767 0.567222
v 0.690378 0.823292 0.567222
v 0.690378 0.868308 0.567222
v 0.668450 0.774767 0.610782
v 0.668450 0.823292 0.610782
v 0.668450 0.868308 0.610782
v 0.644414 0.774767 0.653215
v 0.644414 0.823292 0.653215
v 0.644414 0.868308 0.653215
v 0.755997 0.774767 0.383830
v 0.755997 0.823292 0.383830
v 0.755997 0.868308 0.383830
v 0.742988 0.774767 0.430831
v 0.742988 0.823292 0.430831
v 0.742988 0.868308 0.430831
v 0.727692 0.774767 0.477138
v 0.727692 0.823292 0.477138
v 0.727692 0.868308 0.477138
v 0.784403 0.774856 0.191194
v 0.784431 0.823366 0.191188
v 0.784457 0.868369 0.191183
v 0.780936 0.774793 0.239806
v 0.780944 0.823314 0.239804
v 0.780952 0.868326 0.239802
v 0.775013 0.774770 0.288198
v 0.775014 0.823295 0.288198
v 0.775015 0.868310 0.288198
v 0.773499 0.775546 -0.003081
v 0.773749 0.823943 -0.003131
v 0.773973 0.868844 -0.003176
v 0.779799 0.775376 0.045254
v 0.779995 0.823801 0.045215
v 0.780170 0.868727 0.045180
v 0.783796 0.775167 0.093809
v 0.783925 0.823626 0.093783
v 0.784039 0.868583 0.093760
v 0.726765 0.775253 -0.192082
v 0.726918 0.823698 -0.192122
v 0.727054 0.868642 -0.192158
v 0.741739 0.775411 -0.145748
v 0.741944 0.823830 -0.145793
v 0.742128 0.868751 -0.145832
v 0.754457 0.775557 -0.098704
v 0.754710 0.823952 -0.098756
v 0.754937 0.868851 -0.098802
v 0.643456 0.775344 -0.367771
v 0.643614 0.823774 -0.367875
v 0.643755 0.868705 -0.367968
v 0.667639 0.775250 -0.325459
v 0.667772 0.823696 -0.325543
v 0.667892 0.868641 -0.325618
v 0.689685 0.775167 -0.282038
v 0.689799 0.823626 -0.282099
v 0.689901 0.868583 -0.282154
v 0.527865 0.775092 -0.524470
v 0.527951 0.823564 -0.524533
v 0.528027 0.868532 -0.524589
v 0.559495 0.775218 -0.487416
v 0.559617 0.823669 -0.487499
v 0.559726 0.868619 -0.487574
v 0.589305 0.775333 -0.448850
v 0.589459 0.823765 -0.448953
v 0.589598 0.868697 -0.449045
v 0.383715 0.775080 -0.655137
v 0.383772 0.823554 -0.655222
v 0.383824 0.868524 -0.655299
v 0.422207 0.775030 -0.625225
v 0.422257 0.823511 -0.625295
v 0.422301 0.868489 -0.625358
v 0.459153 0.774992 -0.593460
v 0.459200 0.823480 -0.593516
v 0.459241 0.868462 -0.593566
v 0.216819 0.774927 -0.755526
v 0.216848 0.823426 -0.755569
v 0.216874 0.868418 -0.755608
v 0.260287 0.775010 -0.733459
v 0.260331 0.823495 -0.733526
v 0.260371 0.868475 -0.733585
v 0.302646 0.775078 -0.709311
v 0.302702 0.823552 -0.709396
v 0.302753 0.868522 -0.709472
v 0.033602 0.774768 -0.821408
v 0.033602 0.823293 -0.821408
v 0.033603 0.868309 -0.821408
v 0.080593 0.774777 -0.808384
v 0.080595 0.823301 -0.808387
v 0.080597 0.868315 -0.808389
v 0.126873 0.774802 -0.793046
v 0.126879 0.823322 -0.793056
v 0.126885 0.868332 -0.793064
v -0.159074 0.774787 -0.850030
v -0.159075 0.823314 -0.850036
v -0.159076 0.868329 -0.850041
v -0.110433 0.774773 -0.846413
v -0.110433 0.823298 -0.846414
v -0.110433 0.868314 -0.846416
v -0.062029 0.774767 -0.840434
v -0.062029 0.823293 -0.840434
v -0.062029 0.868308 -0.840434
vn 0.0746 0.7690 -0.6348
vn 0.0473 0.9768 -0.2089
vn 0.0516 0.7687 -0.6375
vn -0.0053 0.9765 -0.2155
vn 0.0310 0.1130 -0.9931
vn 0.0474 0.7295 -0.6824
vn 0.0443 0.9709 -0.2355
vn 0.0393 0.9956 -0.0849
vn 0.0278 0.9969 -0.0729
vn -0.0132 0.9969 -0.0781
vn -0.0219 0.9955 -0.0927
vn 0.0030 0.9706 -0.2409
vn 0.0878 0.7299 -0.6779
vn 0.1650 0.1136 -0.9797
vn 0.1168 0.1284 -0.9848
vn 0.0787 0.1282 -0.9886
vn 0.1960 0.7705 -0.6065
vn 0.0868 0.9770 -0.1949
vn 0.1742 0.7702 -0.6135
vn 0.0363 0.9767 -0.2114
vn 0.2225 0.1137 -0.9683
vn 0.1781 0.7310 -0.6587
vn 0.0890 0.9711 -0.2216
vn 0.0553 0.9956 -0.0753
vn 0.0417 0.9970 -0.0658
vn 0.0021 0.9969 -0.0788
vn -0.0038 0.9955 -0.0947
vn 0.0493 0.9709 -0.2346
vn 0.2179 0.7314 -0.6462
vn 0.3537 0.1136 -0.9284
vn 0.3068 0.1289 -0.9430
vn 0.2694 0.1289 -0.9544
vn 0.3103 0.7715 -0.5554
vn 0.1226 0.9772 -0.1736
vn 0.2900 0.7712 -0.5666
vn 0.0762 0.9770 -0.1993
vn 0.4084 0.1133 -0.9057
vn 0.3030 0.7323 -0.6099
vn 0.1300 0.9713 -0.1993
vn 0.0686 0.9957 -0.0630
vn 0.0534 0.9970 -0.0563
vn 0.0171 0.9969 -0.0764
vn 0.0145 0.9956 -0.0930
vn 0.0936 0.9711 -0.2194
vn 0.3391 0.7323 -0.5905
vn 0.5278 0.1119 -0.8419
vn 0.4856 0.1274 -0.8648
vn 0.4517 0.1279 -0.8830
vn 0.4118 0.7723 -0.4837
vn 0.1541 0.9772 -0.1457
vn 0.3939 0.7722 -0.4986
vn 0.1134 0.9771 -0.1799
vn 0.5759 0.1120 -0.8098
vn 0.4154 0.7330 -0.5387
vn 0.1662 0.9714 -0.1694
vn 0.0797 0.9957 -0.0481
vn 0.0635 0.9970 -0.0444
vn 0.0317 0.9970 -0.0712
vn 0.0321 0.9956 -0.0881
vn 0.1341 0.9713 -0.1964
vn 0.4469 0.7334 -0.5123
vn 0.6816 0.1130 -0.7229
vn 0.6435 0.1280 -0.7547
vn 0.6134 0.1276 -0.7794
vn 0.4983 0.7727 -0.3933
vn 0.1791 0.9773 -0.1131
vn 0.4837 0.7725 -0.4115
vn 0.1455 0.9773 -0.1542
vn 0.7242 0.1126 -0.6803
vn 0.5123 0.7337 -0.4463
vn 0.1957 0.9715 -0.1338
vn 0.0873 0.9957 -0.0319
vn 0.0706 0.9970 -0.0316
vn 0.0444 0.9970 -0.0637
vn 0.0482 0.9956 -0.0798
vn 0.1692 0.9715 -0.1661
vn 0.5384 0.7333 -0.4152
vn 0.8103 0.1102 -0.5756
vn 0.7803 0.1261 -0.6126
vn 0.7558 0.1271 -0.6423
vn 0.5652 0.7726 -0.2892
vn 0.1980 0.9773 -0.0754
vn 0.5540 0.7727 -0.3098
vn 0.1729 0.9773 -0.1223
vn 0.8420 0.1102 -0.5282
vn 0.5895 0.7334 -0.3384
vn 0.2180 0.9715 -0.0927
vn 0.0920 0.9957 -0.0140
vn 0.0757 0.9970 -0.0167
vn 0.0562 0.9970 -0.0533
vn 0.0628 0.9957 -0.0687
vn 0.1983 0.9715 -0.1298
vn 0.6085 0.7337 -0.3023
vn 0.9063 0.1119 -0.4075
vn 0.8831 0.1267 -0.4518
vn 0.8648 0.1260 -0.4861
vn 0.6114 0.7723 -0.1727
vn 0.2089 0.9773 -0.0361
vn 0.6047 0.7722 -0.1951
vn 0.1931 0.9773 -0.0867
vn 0.9296 0.1115 -0.3513
vn 0.6444 0.7335 -0.2163
vn 0.2322 0.9714 -0.0488
vn 0.0932 0.9956 0.0038
vn 0.0775 0.9970 -0.0023
vn 0.0651 0.9970 -0.0418
vn 0.0747 0.9957 -0.0552
vn 0.2195 0.9716 -0.0887
vn 0.6569 0.7327 -0.1776
vn 0.9691 0.1083 -0.2216
vn 0.9557 0.1244 -0.2669
vn 0.9444 0.1257 -0.3037
vn 0.6341 0.7715 -0.0514
vn 0.2125 0.9771 0.0062
vn 0.6314 0.7718 -0.0746
vn 0.2068 0.9773 -0.0464
vn 0.9801 0.1083 -0.1664
vn 0.6754 0.7323 -0.0874
vn 0.2376 0.9714 -0.0022
vn 0.0909 0.9956 0.0223
vn 0.0768 0.9970 0.0138
vn 0.0723 0.9970 -0.0273
vn 0.0843 0.9957 -0.0389
vn 0.2334 0.9714 -0.0435
vn 0.6789 0.7327 -0.0471
vn 0.9932 0.1121 -0.0328
vn 0.9887 0.1258 -0.0817
vn 0.9850 0.1244 -0.1196
vn 0.6324 0.7711 0.0737
vn 0.2085 0.9769 0.0474
vn 0.6343 0.7714 0.0508
vn 0.2128 0.9771 -0.0057
vn 0.9932 0.1132 0.0272
vn 0.6795 0.7323 0.0457
vn 0.2348 0.9710 0.0444
vn 0.0856 0.9955 0.0399
vn 0.0733 0.9969 0.0283
vn 0.0766 0.9970 -0.0133
vn 0.0906 0.9956 -0.0223
vn 0.2382 0.9712 0.0025
vn 0.6756 0.7321 0.0873
vn 0.9797 0.1141 0.1649
vn 0.9848 0.1292 0.1161
vn 0.9887 0.1290 0.0768
vn 0.6073 0.7698 0.1962
vn 0.1963 0.9767 0.0872
vn 0.6137 0.7701 0.1742
vn 0.2105 0.9769 0.0361
vn 0.9682 0.1140 0.2225
vn 0.6586 0.7311 0.1781
vn 0.2228 0.9708 0.0893
vn 0.0768 0.9955 0.0556
vn 0.0668 0.9969 0.0420
vn 0.0779 0.9970 0.0019
vn 0.0934 0.9956 -0.0041
vn 0.2340 0.9710 0.0492
vn 0.6471 0.7306 0.2180
vn 0.9287 0.1136 0.3529
vn 0.9432 0.1288 0.3064
vn 0.9544 0.1289 0.2692
vn 0.5592 0.7682 0.3117
vn 0.1765 0.9764 0.1244
vn 0.5695 0.7685 0.2915
vn 0.2002 0.9767 0.0770
vn 0.9063 0.1134 0.4071
vn 0.6129 0.7294 0.3039
vn 0.2022 0.9705 0.1315
vn 0.0650 0.9954 0.0698
vn 0.0578 0.9968 0.0544
vn 0.0763 0.9969 0.0172
vn 0.0927 0.9956 0.0144
vn 0.2208 0.9707 0.0945
vn 0.5937 0.7288 0.3412
vn 0.8421 0.1130 0.5274
vn 0.8653 0.1281 0.4846
vn 0.8836 0.1283 0.4503
vn 0.4894 0.7663 0.4162
vn 0.1499 0.9761 0.1572
vn 0.5033 0.7667 0.3985
vn 0.1822 0.9765 0.1153
vn 0.8095 0.1128 0.5761
vn 0.5436 0.7274 0.4187
vn 0.1738 0.9701 0.1692
vn 0.0507 0.9954 0.0815
vn 0.0465 0.9968 0.0649
vn 0.0718 0.9969 0.0321
vn 0.0884 0.9956 0.0325
vn 0.1990 0.9704 0.1366
vn 0.5172 0.7268 0.4520
vn 0.7230 0.1123 0.6816
vn 0.7542 0.1274 0.6442
vn 0.7789 0.1275 0.6140
vn 0.4004 0.7643 0.5054
vn 0.1172 0.9758 0.1844
vn 0.4173 0.7647 0.4910
vn 0.1570 0.9762 0.1496
vn 0.6816 0.1121 0.7230
vn 0.4531 0.7253 0.5183
vn 0.1385 0.9698 0.2009
vn 0.0342 0.9953 0.0902
vn 0.0332 0.9968 0.0731
vn 0.0644 0.9969 0.0458
vn 0.0807 0.9955 0.0495
vn 0.1693 0.9701 0.1740
vn 0.4204 0.7246 0.5461
vn 0.5762 0.1116 0.8097
vn 0.6141 0.1266 0.7790
vn 0.6442 0.1267 0.7543
vn 0.2954 0.7622 0.5759
vn 0.0797 0.9755 0.2049
vn 0.3146 0.7626 0.5652
vn 0.1254 0.9759 0.1786
vn 0.5276 0.1114 0.8422
vn 0.3446 0.7230 0.5987
vn 0.0975 0.9694 0.2254
vn 0.0163 0.9953 0.0957
vn 0.0186 0.9967 0.0787
vn 0.0545 0.9968 0.0579
vn 0.0697 0.9955 0.0648
vn 0.1327 0.9697 0.2051
vn 0.3066 0.7223 0.6199
vn 0.4072 0.1109 0.9066
vn 0.4503 0.1258 0.8840
vn 0.4848 0.1259 0.8655
vn 0.1782 0.7601 0.6248
vn 0.0386 0.9752 0.2178
vn 0.1988 0.7605 0.6181
vn 0.0885 0.9756 0.2009
vn 0.3532 0.1107 0.9290
vn 0.2221 0.7208 0.6566
vn 0.0522 0.9690 0.2414
vn -0.0025 0.9952 0.0976
vn 0.0031 0.9967 0.0813
vn 0.0423 0.9968 0.0679
vn 0.0558 0.9954 0.0778
vn 0.0905 0.9693 0.2285
vn 0.1802 0.7200 0.6701
vn 0.2225 0.1102 0.9687
vn 0.2692 0.1250 0.9549
vn 0.3067 0.1251 0.9436
vn 0.0533 0.7581 0.6499
vn -0.0044 0.9749 0.2224
vn 0.0745 0.7585 0.6475
vn 0.0477 0.9753 0.2157
vn 0.1652 0.1100 0.9801
vn 0.0903 0.7186 0.6896
vn 0.0044 0.9687 0.2484
vn -0.0213 0.9952 0.0957
vn -0.0128 0.9967 0.0807
vn 0.0282 0.9968 0.0754
vn 0.0396 0.9953 0.0878
vn 0.0442 0.9689 0.2433
vn 0.0460 0.7179 0.6947
vn 0.0292 0.1095 0.9936
vn 0.0777 0.1242 0.9892
vn 0.1167 0.1243 0.9853
vn -0.0707 0.7556 0.6512
vn -0.0465 0.9746 0.2190
vn -0.0430 0.7536 0.6559
vn 0.0080 0.9746 0.2240
vn -0.0282 0.1092 0.9936
vn -0.0453 0.7164 0.6962
vn -0.0440 0.9683 0.2458
vn -0.0395 0.9951 0.0902
vn -0.0276 0.9966 0.0773
vn 0.0147 0.9966 0.0807
vn 0.0243 0.9951 0.0962
vn 0.0024 0.9673 0.2535
vn -0.0692 0.7078 0.7030
vn -0.1316 0.0992 0.9863
vn -0.0995 0.1197 0.9878
vn -0.0714 0.1226 0.9899
vn -0.1643 0.7374 0.6552
vn -0.0843 0.9730 0.2149
vn -0.1364 0.7310 0.6687
vn -0.0313 0.9727 0.2299
vn -0.1693 0.0893 0.9815
vn -0.1495 0.7015 0.6969
vn -0.0846 0.9667 0.2416
vn -0.0564 0.9949 0.0831
vn -0.0464 0.9964 0.0714
vn -0.0100 0.9967 0.0811
vn -0.0047 0.9954 0.0961
vn -0.0412 0.9662 0.2545
vn -0.1737 0.6830 0.7094
vn -0.2767 0.0457 0.9599
vn -0.2315 0.0754 0.9699
vn -0.2019 0.0905 0.9752
vn -0.2704 0.7386 0.6175
vn -0.1111 0.9762 0.1862
vn -0.2466 0.7478 0.6164
vn -0.0629 0.9774 0.2016
vn -0.3354 0.0313 0.9415
vn -0.2612 0.6860 0.6791
vn -0.1210 0.9682 0.2191
vn -0.0763 0.9949 0.0663
vn -0.0609 0.9966 0.0564
vn -0.0266 0.9972 0.0702
vn -0.0229 0.9964 0.0815
vn -0.0762 0.9742 0.2123
vn -0.2955 0.7173 0.6309
vn -0.4736 0.0080 0.8807
vn -0.4235 0.0264 0.9055
vn -0.3839 0.0343 0.9227
vn -0.3806 0.7892 0.4820
vn -0.1296 0.9829 0.1305
vn -0.3691 0.7966 0.4787
vn -0.0888 0.9833 0.1586
vn -0.5351 0.0124 0.8447
vn -0.3796 0.7349 0.5619
vn -0.1427 0.9771 0.1580
vn -0.0785 0.9960 0.0421
vn -0.0596 0.9974 0.0408
vn -0.0220 0.9974 0.0687
vn -0.0156 0.9961 0.0868
vn -0.1100 0.9790 0.1716
vn -0.4436 0.7600 0.4751
vn -0.7092 0.0576 0.7026
vn -0.6443 0.0570 0.7627
vn -0.5917 0.0407 0.8051
vn -0.5379 0.7788 0.3227
vn -0.1793 0.9795 0.0920
vn -0.5262 0.7725 0.3553
vn -0.1444 0.9795 0.1405
vn -0.7783 0.0732 0.6236
vn -0.5387 0.7509 0.3820
vn -0.1858 0.9765 0.1087
vn -0.0728 0.9966 0.0374
vn -0.0592 0.9975 0.0398
vn -0.0315 0.9968 0.0732
vn -0.0355 0.9952 0.0909
vn -0.1717 0.9719 0.1608
vn -0.5798 0.7214 0.3787
vn -0.8500 0.1009 0.5171
vn -0.8398 0.1095 0.5318
vn -0.8211 0.1010 0.5617
vn -0.6121 0.7420 0.2734
vn -0.2262 0.9720 0.0633
vn -0.5906 0.7412 0.3191
vn -0.1896 0.9714 0.1428
vn -0.8663 0.1082 0.4876
vn -0.6385 0.7015 0.3165
vn -0.2485 0.9653 0.0799
vn -0.1046 0.9945 0.0024
vn -0.0861 0.9962 0.0090
vn -0.0597 0.9960 0.0665
vn -0.0668 0.9941 0.0853
vn -0.2180 0.9646 0.1483
vn -0.6457 0.6999 0.3053
vn -0.9196 0.1066 0.3781
vn -0.8972 0.1215 0.4246
vn -0.8819 0.1219 0.4554
vn -0.6489 0.7418 0.1697
vn -0.2324 0.9721 0.0311
vn -0.6369 0.7443 0.2010
vn -0.2129 0.9728 0.0918
vn -0.9395 0.1057 0.3258
vn -0.6858 0.6987 0.2037
vn -0.2616 0.9644 0.0380
vn -0.1070 0.9941 -0.0178
vn -0.0872 0.9962 -0.0051
vn -0.0726 0.9965 0.0421
vn -0.0833 0.9950 0.0557
vn -0.2400 0.9663 0.0932
vn -0.6846 0.7054 0.1838
vn -0.9696 0.1058 0.2208
vn -0.9577 0.1196 0.2617
vn -0.9498 0.1194 0.2892
vn -0.6586 0.7505 0.0544
vn -0.2267 0.9739 -0.0060
vn -0.6553 0.7516 0.0754
vn -0.2212 0.9741 0.0477
vn -0.9806 0.1060 0.1649
vn -0.7005 0.7078 0.0919
vn -0.2552 0.9669 0.0025
vn -0.0979 0.9948 -0.0264
vn -0.0821 0.9965 -0.0164
vn -0.0781 0.9966 0.0270
vn -0.0909 0.9951 0.0389
vn -0.2483 0.9677 0.0440
vn -0.7006 0.7121 0.0458
vn -0.9939 0.1068 0.0284
vn -0.9896 0.1208 0.0775
vn -0.9858 0.1205 0.1167
vn -0.6521 0.7543 -0.0761
vn -0.2184 0.9746 -0.0485
vn -0.6544 0.7542 -0.0554
vn -0.2245 0.9745 0.0036
vn -0.9938 0.1071 -0.0306
vn -0.6993 0.7133 -0.0471
vn -0.2464 0.9681 -0.0451
vn -0.0893 0.9952 -0.0406
vn -0.0766 0.9966 -0.0289
vn -0.0814 0.9966 0.0124
vn -0.0965 0.9951 0.0211
vn -0.2509 0.9680 -0.0052
vn -0.6940 0.7140 -0.0923
vn -0.9801 0.1079 -0.1666
vn -0.9854 0.1220 -0.1187
vn -0.9894 0.1217 -0.0796
vn -0.6257 0.7560 -0.1925
vn -0.2039 0.9751 -0.0875
vn -0.6347 0.7561 -0.1595
vn -0.2190 0.9751 -0.0356
vn -0.9691 0.1081 -0.2216
vn -0.6755 0.7149 -0.1805
vn -0.2319 0.9685 -0.0909
vn -0.0792 0.9953 -0.0563
vn -0.0680 0.9967 -0.0446
vn -0.0782 0.9969 -0.0097
vn -0.0919 0.9958 -0.0052
vn -0.2406 0.9697 -0.0428
vn -0.6716 0.7181 -0.1822
vn -0.9480 0.1015 -0.3016
vn -0.9525 0.1201 -0.2799
vn -0.9580 0.1220 -0.2594
vn -0.5846 0.7752 -0.2394
vn -0.1735 0.9798 -0.0994
vn -0.5843 0.7814 -0.2190
vn -0.1899 0.9801 -0.0570
vn -0.9401 0.0947 -0.3275
vn -0.6429 0.7265 -0.2424
vn -0.2040 0.9727 -0.1108
vn -0.0606 0.9957 -0.0697
vn -0.0521 0.9971 -0.0550
vn -0.0670 0.9975 -0.0237
vn -0.0785 0.9967 -0.0209
vn -0.2004 0.9770 -0.0727
vn -0.5989 0.7519 -0.2758
vn -0.8858 0.0658 -0.4595
vn -0.9142 0.0913 -0.3949
vn -0.9287 0.1010 -0.3567
vn -0.4606 0.8015 -0.3814
vn -0.1229 0.9838 -0.1307
vn -0.4684 0.8004 -0.3742
vn -0.1488 0.9838 -0.0998
vn -0.8381 0.0585 -0.5423
vn -0.5322 0.7612 -0.3706
vn -0.1487 0.9792 -0.1378
vn -0.0399 0.9966 -0.0723
vn -0.0364 0.9976 -0.0592
vn -0.0569 0.9978 -0.0344
vn -0.0698 0.9970 -0.0340
vn -0.1626 0.9797 -0.1177
vn -0.4868 0.7607 -0.4294
vn -0.7286 0.0547 -0.6828
vn -0.7593 0.0702 -0.6470
vn -0.7925 0.0713 -0.6056
vn -0.3798 0.8022 -0.4607
vn -0.0966 0.9838 -0.1507
vn -0.3956 0.8035 -0.4448
vn -0.1289 0.9838 -0.1245
vn -0.6969 0.0581 -0.7148
vn -0.4307 0.7618 -0.4839
vn -0.1131 0.9797 -0.1656
vn -0.0287 0.9969 -0.0734
vn -0.0281 0.9977 -0.0616
vn -0.0501 0.9978 -0.0443
vn -0.0618 0.9970 -0.0468
vn -0.1388 0.9800 -0.1424
vn -0.4007 0.7686 -0.4988
vn -0.5957 0.0668 -0.8004
vn -0.6388 0.0825 -0.7649
vn -0.6674 0.0791 -0.7405
vn -0.2664 0.8098 -0.5227
vn -0.0665 0.9848 -0.1602
vn -0.2726 0.8088 -0.5211
vn -0.1015 0.9844 -0.1436
vn -0.5352 0.0647 -0.8422
vn -0.3243 0.7718 -0.5470
vn -0.0809 0.9808 -0.1773
vn -0.0166 0.9971 -0.0748
vn -0.0216 0.9979 -0.0618
vn -0.0515 0.9975 -0.0474
vn -0.0645 0.9965 -0.0530
vn -0.1047 0.9800 -0.1691
vn -0.2517 0.7680 -0.5889
vn -0.3566 0.0551 -0.9326
vn -0.4229 0.0731 -0.9032
vn -0.4767 0.0773 -0.8757
vn 0.0021 0.9999 -0.0117
vn -0.0048 0.9999 -0.0122
vn -0.0219 0.9997 -0.0109
vn -0.0242 0.9996 -0.0109
vn -0.0119 0.9998 -0.0170
vn -0.0099 0.9998 -0.0182
vn -0.0058 0.9997 -0.0232
vn -0.0064 0.9998 -0.0213
vn -0.0115 0.9999 -0.0064
vn -0.0124 0.9999 -0.0020
vn -0.0124 0.9999 -0.0025
vn -0.0108 0.9999 0.0026
vn -0.0048 0.9999 0.0152
vn 0.0052 0.9995 0.0301
vn 0.0005 0.9997 0.0264
vn -0.0252 0.9997 0.0067
vn -0.0238 0.9997 0.0066
vn -0.0062 0.9999 0.0115
vn 0.0002 0.9999 0.0123
vn 0.0024 0.9999 0.0120
vn 0.0047 0.9999 0.0113
vn 0.0067 0.9999 0.0101
vn 0.0085 0.9999 0.0085
vn 0.0099 0.9999 0.0066
vn 0.0110 0.9999 0.0046
vn 0.0116 0.9999 0.0024
vn 0.0118 0.9999 0.0003
vn 0.0115 0.9999 -0.0022
vn 0.0108 0.9999 -0.0045
vn 0.0097 0.9999 -0.0065
vn 0.0082 0.9999 -0.0083
vn 0.0065 0.9999 -0.0098
vn 0.0044 0.9999 -0.0110
vn 0.0072 0.9993 -0.0363
vn -0.0060 0.9995 -0.0301
vn 0.0168 0.9995 -0.0250
vn -0.0011 0.9993 -0.0370
vn -0.0170 0.9995 -0.0278
vn 0.0107 0.9996 -0.0279
vn -0.0235 0.9992 -0.0336
vn -0.0341 0.9992 -0.0231
vn -0.0095 0.9996 -0.0277
vn -0.0302 0.9991 -0.0285
vn -0.0330 0.9992 -0.0209
vn -0.0213 0.9994 -0.0256
vn -0.0190 0.9993 -0.0334
vn -0.0217 0.9995 -0.0244
vn -0.0138 0.9994 -0.0304
vn -0.0243 0.9993 -0.0290
vn -0.0245 0.9995 -0.0210
vn -0.0135 0.9994 -0.0307
vn -0.0237 0.9992 -0.0315
vn -0.0228 0.9995 -0.0222
vn -0.0134 0.9993 -0.0344
vn -0.0293 0.9992 -0.0280
vn -0.0266 0.9996 -0.0134
vn -0.0162 0.9992 -0.0356
vn -0.0378 0.9993 -0.0079
vn -0.0313 0.9995 0.0050
vn -0.0246 0.9995 -0.0213
vn -0.0390 0.9992 -0.0012
vn -0.0300 0.9995 0.0095
vn -0.0294 0.9995 -0.0127
vn -0.0392 0.9992 0.0027
vn -0.0274 0.9995 0.0134
vn -0.0319 0.9994 -0.0105
vn -0.0371 0.9992 0.0122
vn -0.0212 0.9994 0.0256
vn -0.0333 0.9994 -0.0060
vn -0.0307 0.9992 0.0254
vn -0.0124 0.9993 0.0366
vn -0.0303 0.9995 0.0055
vn -0.0170 0.9990 0.0406
vn -0.0004 0.9989 0.0469
vn -0.0188 0.9995 0.0253
vn -0.0115 0.9991 0.0419
vn -0.0070 0.9992 0.0387
vn -0.0130 0.9994 0.0324
vn -0.0371 0.9990 0.0236
vn -0.0266 0.9994 0.0225
vn -0.0362 0.9992 0.0166
vn -0.0304 0.9991 0.0312
vn -0.0147 0.9995 0.0273
vn -0.0395 0.9991 0.0172
vn -0.0073 0.9992 0.0381
vn 0.0066 0.9995 0.0309
vn -0.0224 0.9994 0.0253
vn 0.0001 0.9993 0.0385
vn 0.0117 0.9995 0.0289
vn -0.0112 0.9995 0.0296
vn 0.0075 0.9993 0.0375
vn 0.0170 0.9995 0.0259
vn -0.0057 0.9995 0.0311
vn 0.0145 0.9993 0.0351
vn 0.0216 0.9995 0.0219
vn 0.0004 0.9995 0.0315
vn 0.0210 0.9993 0.0314
vn 0.0254 0.9995 0.0171
vn 0.0065 0.9995 0.0306
vn 0.0265 0.9993 0.0265
vn 0.0281 0.9995 0.0117
vn 0.0122 0.9995 0.0286
vn 0.0310 0.9993 0.0207
vn 0.0297 0.9995 0.0059
vn 0.0174 0.9995 0.0256
vn 0.0342 0.9993 0.0142
vn 0.0302 0.9995 -0.0000
vn 0.0218 0.9995 0.0216
vn 0.0362 0.9993 0.0072
vn 0.0295 0.9995 -0.0059
vn 0.0255 0.9995 0.0169
vn 0.0367 0.9993 0.0004
vn 0.0277 0.9996 -0.0111
vn 0.0281 0.9995 0.0118
vn 0.0357 0.9993 -0.0071
vn 0.0247 0.9996 -0.0169
vn 0.0296 0.9995 0.0062
vn 0.0337 0.9993 -0.0141
vn 0.0212 0.9996 -0.0212
vn 0.0300 0.9996 -0.0002
vn 0.0303 0.9993 -0.0202
vn 0.0165 0.9995 -0.0251
vn 0.0295 0.9995 -0.0057
vn 0.0258 0.9993 -0.0260
vn 0.0116 0.9995 -0.0279
vn 0.0276 0.9996 -0.0116
vn 0.0203 0.9993 -0.0304
vn 0.0058 0.9995 -0.0298
vn 0.0250 0.9995 -0.0165
vn 0.0139 0.9993 -0.0341
vn -0.0000 0.9995 -0.0305
vn 0.0211 0.9996 -0.0213
vn -0.1065 0.7910 -0.6024
vn -0.0225 0.9818 -0.1884
vn -0.1277 0.7845 -0.6068
vn -0.0661 0.9808 -0.1837
vn -0.2789 0.0601 -0.9584
vn -0.1547 0.7606 -0.6305
vn -0.0351 0.9789 -0.2015
vn -0.0098 0.9971 -0.0760
vn -0.0140 0.9977 -0.0665
vn -0.0458 0.9971 -0.0607
vn -0.0579 0.9957 -0.0723
vn -0.0709 0.9741 -0.2149
vn -0.1189 0.7378 -0.6644
vn -0.1502 0.0942 -0.9842
vn -0.1826 0.0985 -0.9782
vn -0.2194 0.0867 -0.9718
vn -0.0320 0.7693 -0.6380
vn 0.0075 0.9773 -0.2119
vn -0.0651 0.7681 -0.6371
vn -0.0456 0.9766 -0.2104
vn -0.1175 0.1031 -0.9877
vn -0.0504 0.7321 -0.6793
vn 0.0035 0.9724 -0.2333
vn 0.0111 0.9962 -0.0861
vn 0.0046 0.9972 -0.0748
vn -0.0310 0.9968 -0.0736
vn -0.0400 0.9954 -0.0870
vn -0.0433 0.9704 -0.2377
vn -0.0431 0.7285 -0.6837
vn -0.0255 0.1125 -0.9933
vn -0.0663 0.1264 -0.9898
vn -0.0904 0.1236 -0.9882
vn 0.0044 -0.9992 -0.0392
vn 0.0082 -0.9992 -0.0383
vn 0.0167 -0.9992 -0.0355
vn 0.0226 -0.9992 -0.0324
vn 0.0290 -0.9992 -0.0269
vn 0.0336 -0.9992 -0.0215
vn 0.0374 -0.9992 -0.0141
vn 0.0394 -0.9992 -0.0088
vn 0.0396 -0.9992 -0.0047
vn 0.0387 -0.9992 0.0065
vn 0.0365 -0.9992 0.0151
vn 0.0330 -0.9992 0.0221
vn 0.0282 -0.9992 0.0282
vn 0.0223 -0.9992 0.0334
vn 0.0157 -0.9992 0.0373
vn 0.0166 -0.9991 0.0378
vn 0.0435 -0.9984 0.0348
vn 0.0416 -0.9986 0.0329
vn -0.0025 -0.9998 0.0200
vn -0.0330 -0.9994 0.0058
vn -0.0447 -0.9990 -0.0025
vn -0.0484 -0.9988 -0.0068
vn -0.0460 -0.9989 -0.0024
vn -0.0401 -0.9991 0.0096
vn -0.0407 -0.9991 0.0064
vn -0.0413 -0.9991 -0.0004
vn -0.0402 -0.9992 -0.0085
vn -0.0388 -0.9991 -0.0139
vn -0.0485 -0.9988 0.0011
vn -0.0516 -0.9986 0.0069
vn -0.0120 -0.9997 -0.0220
vn 0.0243 -0.9988 -0.0417
vn 0.0171 -0.9990 -0.0406
vn 0.0006 -0.9948 -0.1016
vn 0.0295 -0.9964 -0.0789
vn -0.0236 -0.9964 -0.0813
vn 0.0198 -0.9949 -0.0989
vn 0.0444 -0.9965 -0.0712
vn -0.0129 -0.9964 -0.0840
vn 0.0411 -0.9949 -0.0918
vn 0.0592 -0.9964 -0.0606
vn 0.0053 -0.9965 -0.0838
vn 0.0562 -0.9949 -0.0839
vn 0.0679 -0.9965 -0.0495
vn 0.0212 -0.9964 -0.0817
vn 0.0726 -0.9949 -0.0694
vn 0.0783 -0.9964 -0.0334
vn 0.0361 -0.9965 -0.0759
vn 0.0844 -0.9949 -0.0560
vn 0.0821 -0.9964 -0.0205
vn 0.0512 -0.9964 -0.0669
vn 0.0938 -0.9949 -0.0368
vn 0.0859 -0.9963 -0.0011
vn 0.0621 -0.9964 -0.0569
vn 0.1002 -0.9948 -0.0203
vn 0.0845 -0.9964 0.0095
vn 0.0732 -0.9964 -0.0424
vn 0.1008 -0.9949 -0.0070
vn 0.0797 -0.9965 0.0244
vn 0.0790 -0.9962 -0.0353
vn 0.0991 -0.9949 0.0195
vn 0.0729 -0.9964 0.0440
vn 0.0828 -0.9965 -0.0148
vn 0.0939 -0.9948 0.0389
vn 0.0633 -0.9963 0.0577
vn 0.0841 -0.9965 0.0034
vn 0.0850 -0.9948 0.0568
vn 0.0513 -0.9963 0.0693
vn 0.0821 -0.9964 0.0199
vn 0.0727 -0.9947 0.0727
vn 0.0371 -0.9962 0.0784
vn 0.0770 -0.9964 0.0359
vn 0.0575 -0.9946 0.0861
vn 0.0214 -0.9962 0.0846
vn 0.0688 -0.9963 0.0506
vn 0.0399 -0.9946 0.0963
vn 0.0048 -0.9961 0.0877
vn 0.0579 -0.9963 0.0636
vn 0.0220 -0.9944 0.1029
vn -0.0004 -0.9962 0.0868
vn 0.0456 -0.9962 0.0741
vn 0.0488 -0.9935 0.1030
vn 0.0254 -0.9965 0.0801
vn 0.0645 -0.9948 0.0794
vn 0.0382 -0.9941 0.1012
vn -0.0006 -0.9976 0.0685
vn 0.0738 -0.9938 0.0831
vn -0.0327 -0.9961 0.0814
vn -0.0610 -0.9972 0.0440
vn 0.0207 -0.9970 0.0743
vn -0.0730 -0.9953 0.0642
vn -0.0909 -0.9956 0.0231
vn -0.0267 -0.9977 0.0628
vn -0.0910 -0.9945 0.0513
vn -0.0994 -0.9950 0.0089
vn -0.0491 -0.9972 0.0557
vn -0.1030 -0.9942 0.0316
vn -0.1049 -0.9944 -0.0095
vn -0.0621 -0.9970 0.0471
vn -0.1060 -0.9940 0.0266
vn -0.1005 -0.9949 -0.0111
vn -0.0713 -0.9965 0.0432
vn -0.0998 -0.9944 0.0358
vn -0.0908 -0.9959 -0.0039
vn -0.0673 -0.9960 0.0592
vn -0.1046 -0.9943 0.0189
vn -0.0874 -0.9961 -0.0138
vn -0.0767 -0.9961 0.0437
vn -0.1062 -0.9943 -0.0004
vn -0.0828 -0.9961 -0.0294
vn -0.0840 -0.9961 0.0287
vn -0.1037 -0.9944 -0.0207
vn -0.0748 -0.9962 -0.0454
vn -0.0879 -0.9961 0.0123
vn -0.0963 -0.9944 -0.0440
vn -0.0667 -0.9961 -0.0579
vn -0.0878 -0.9961 -0.0067
vn -0.1047 -0.9938 -0.0376
vn -0.0742 -0.9964 -0.0412
vn -0.0968 -0.9953 -0.0081
vn -0.1082 -0.9936 -0.0330
vn -0.0587 -0.9973 -0.0447
vn -0.1115 -0.9938 0.0023
vn -0.0474 -0.9958 -0.0785
vn 0.0058 -0.9966 -0.0826
vn -0.0750 -0.9967 -0.0314
vn 0.0070 -0.9941 -0.1079
vn 0.0386 -0.9948 -0.0945
vn -0.0185 -0.9973 -0.0713
vn 0.0016 -0.9946 -0.1038
vn 0.0299 -0.9959 -0.0857
vn -0.0158 -0.9967 -0.0791
vn 0.0145 -0.9010 -0.4336
vn -0.0609 -0.5455 -0.8359
vn -0.0880 -0.9011 -0.4246
vn -0.0926 -0.5455 -0.8330
vn 0.0632 -0.9720 -0.2264
vn 0.0027 -0.8791 -0.4767
vn -0.0981 -0.5011 -0.8598
vn -0.1454 -0.0806 -0.9861
vn -0.1061 -0.0869 -0.9906
vn -0.0732 -0.0851 -0.9937
vn -0.0277 -0.0746 -0.9968
vn -0.0564 -0.5019 -0.8631
vn -0.0814 -0.8811 -0.4659
vn -0.0877 -0.9732 -0.2125
vn -0.0609 -0.9807 -0.1858
vn 0.0400 -0.9802 -0.1940
vn -0.0442 -0.8936 -0.4467
vn -0.1908 -0.5415 -0.8188
vn -0.1492 -0.8977 -0.4146
vn -0.2255 -0.5439 -0.8083
vn 0.0483 -0.9673 -0.2489
vn -0.0596 -0.8692 -0.4909
vn -0.2286 -0.4971 -0.8370
vn -0.3020 -0.1052 -0.9475
vn -0.2597 -0.1098 -0.9594
vn -0.2292 -0.1031 -0.9679
vn -0.1916 -0.0864 -0.9777
vn -0.2017 -0.5011 -0.8416
vn -0.1541 -0.8781 -0.4530
vn -0.1097 -0.9738 -0.1992
vn -0.0750 -0.9809 -0.1793
vn 0.0283 -0.9774 -0.2093
vn -0.1304 -0.8902 -0.4365
vn -0.3487 -0.5304 -0.7727
vn -0.2115 -0.8937 -0.3958
vn -0.3592 -0.5345 -0.7651
vn -0.0249 -0.9715 -0.2359
vn -0.1808 -0.8699 -0.4589
vn -0.4209 -0.4875 -0.7650
vn -0.5195 -0.0963 -0.8490
vn -0.4555 -0.1087 -0.8836
vn -0.4064 -0.1128 -0.9067
vn -0.3559 -0.1063 -0.9284
vn -0.3293 -0.4960 -0.8035
vn -0.2131 -0.8727 -0.4392
vn -0.1242 -0.9746 -0.1864
vn -0.0962 -0.9815 -0.1656
vn -0.0172 -0.9787 -0.2045
vn -0.2821 -0.8932 -0.3502
vn -0.5664 -0.5318 -0.6296
vn -0.3501 -0.8891 -0.2948
vn -0.5786 -0.5287 -0.6211
vn -0.1251 -0.9749 -0.1843
vn -0.3246 -0.8719 -0.3666
vn -0.6100 -0.4949 -0.6188
vn -0.7083 -0.1082 -0.6975
vn -0.6780 -0.1109 -0.7266
vn -0.6444 -0.1065 -0.7572
vn -0.5919 -0.0956 -0.8003
vn -0.5444 -0.4871 -0.6829
vn -0.3491 -0.8693 -0.3500
vn -0.2033 -0.9714 -0.1228
vn -0.1793 -0.9786 -0.1014
vn -0.1137 -0.9816 -0.1533
vn -0.3353 -0.8956 -0.2925
vn -0.6520 -0.5534 -0.5183
vn -0.4071 -0.8890 -0.2097
vn -0.6742 -0.5476 -0.4957
vn -0.1494 -0.9732 -0.1749
vn -0.3684 -0.8757 -0.3123
vn -0.6950 -0.5157 -0.5011
vn -0.8226 -0.1260 -0.5545
vn -0.7871 -0.1347 -0.6019
vn -0.7624 -0.1305 -0.6338
vn -0.7374 -0.1152 -0.6655
vn -0.6763 -0.5007 -0.5403
vn -0.4376 -0.8655 -0.2437
vn -0.2603 -0.9642 -0.0503
vn -0.2183 -0.9746 -0.0503
vn -0.1467 -0.9802 -0.1328
vn -0.3674 -0.8968 -0.2466
vn -0.7444 -0.5468 -0.3832
vn -0.4198 -0.8940 -0.1565
vn -0.7551 -0.5499 -0.3570
vn -0.1643 -0.9719 -0.1683
vn -0.4089 -0.8760 -0.2557
vn -0.7869 -0.4987 -0.3634
vn -0.9254 -0.0885 -0.3685
vn -0.9079 -0.1090 -0.4048
vn -0.8898 -0.1206 -0.4401
vn -0.8625 -0.1210 -0.4913
vn -0.7575 -0.5130 -0.4037
vn -0.4552 -0.8719 -0.1806
vn -0.2482 -0.9682 -0.0318
vn -0.2048 -0.9778 -0.0437
vn -0.1509 -0.9794 -0.1341
vn -0.4086 -0.8959 -0.1745
vn -0.8073 -0.5319 -0.2557
vn -0.4387 -0.8948 -0.0830
vn -0.8153 -0.5325 -0.2276
vn -0.1952 -0.9722 -0.1290
vn -0.4530 -0.8745 -0.1733
vn -0.8436 -0.4874 -0.2252
vn -0.9722 -0.0717 -0.2228
vn -0.9606 -0.0819 -0.2656
vn -0.9518 -0.0842 -0.2948
vn -0.9411 -0.0799 -0.3286
vn -0.8284 -0.4921 -0.2676
vn -0.4743 -0.8738 -0.1078
vn -0.2367 -0.9716 -0.0057
vn -0.2018 -0.9793 -0.0146
vn -0.1727 -0.9797 -0.1019
vn -0.4367 -0.8949 -0.0918
vn -0.8425 -0.5300 -0.0963
vn -0.4480 -0.8940 0.0041
vn -0.8453 -0.5296 -0.0712
vn -0.2180 -0.9719 -0.0888
vn -0.4798 -0.8735 -0.0821
vn -0.8720 -0.4861 -0.0572
vn -0.9969 -0.0720 -0.0301
vn -0.9936 -0.0813 -0.0790
vn -0.9897 -0.0811 -0.1183
vn -0.9834 -0.0716 -0.1665
vn -0.8662 -0.4862 -0.1151
vn -0.4879 -0.8728 -0.0140
vn -0.2340 -0.9713 0.0437
vn -0.2017 -0.9791 0.0269
vn -0.1905 -0.9795 -0.0658
vn -0.4471 -0.8944 -0.0063
vn -0.8456 -0.5293 0.0691
vn -0.4395 -0.8937 0.0904
vn -0.8435 -0.5288 0.0945
vn -0.2317 -0.9717 -0.0459
vn -0.4872 -0.8732 0.0113
vn -0.8668 -0.4858 0.1128
vn -0.9837 -0.0719 0.1651
vn -0.9898 -0.0814 0.1168
vn -0.9937 -0.0814 0.0776
vn -0.9970 -0.0721 0.0286
vn -0.8726 -0.4853 0.0555
vn -0.4824 -0.8722 0.0807
vn -0.2214 -0.9712 0.0878
vn -0.1929 -0.9791 0.0648
vn -0.2003 -0.9793 -0.0285
vn -0.4444 -0.8935 0.0641
vn -0.8216 -0.5289 0.2127
vn -0.4139 -0.8941 0.1711
vn -0.8111 -0.5287 0.2503
vn -0.2449 -0.9692 -0.0264
vn -0.4849 -0.8712 0.0766
vn -0.8387 -0.4847 0.2482
vn -0.9427 -0.0702 0.3261
vn -0.9538 -0.0803 0.2894
vn -0.9617 -0.0806 0.2618
vn -0.9727 -0.0716 0.2210
vn -0.8458 -0.4850 0.2224
vn -0.4577 -0.8725 0.1711
vn -0.1999 -0.9714 0.1280
vn -0.1763 -0.9792 0.1002
vn -0.2059 -0.9786 -0.0015
vn -0.4440 -0.8902 0.1023
vn -0.7864 -0.5223 0.3298
vn -0.3686 -0.8918 0.2623
vn -0.7517 -0.5254 0.3986
vn -0.2641 -0.9641 -0.0287
vn -0.4894 -0.8647 0.1135
vn -0.8075 -0.4692 0.3576
vn -0.8810 -0.0556 0.4698
vn -0.8917 -0.0726 0.4467
vn -0.9030 -0.0766 0.4227
vn -0.9230 -0.0691 0.3786
vn -0.7922 -0.4837 0.3719
vn -0.4099 -0.8713 0.2699
vn -0.1615 -0.9689 0.1874
vn -0.1501 -0.9780 0.1447
vn -0.2175 -0.9761 0.0007
vn -0.4097 -0.8794 0.2423
vn -0.6983 -0.4802 0.5308
vn -0.3264 -0.8859 0.3295
vn -0.6808 -0.4781 0.5548
vn -0.2536 -0.9648 0.0695
vn -0.4348 -0.8544 0.2844
vn -0.6771 -0.4413 0.5889
vn -0.7339 -0.0481 0.6776
vn -0.7822 -0.0441 0.6215
vn -0.8111 -0.0303 0.5842
vn -0.8354 -0.0109 0.5496
vn -0.7299 -0.4277 0.5332
vn -0.3726 -0.8637 0.3393
vn -0.1353 -0.9732 0.1861
vn -0.1266 -0.9802 0.1521
vn -0.2077 -0.9758 0.0684
vn -0.3485 -0.8802 0.3223
vn -0.5341 -0.4905 0.6886
vn -0.2461 -0.8813 0.4033
vn -0.5073 -0.4892 0.7094
vn -0.2298 -0.9666 0.1130
vn -0.3634 -0.8562 0.3674
vn -0.5141 -0.4447 0.7335
vn -0.5221 -0.0621 0.8506
vn -0.5634 -0.0715 0.8231
vn -0.6055 -0.0697 0.7928
vn -0.6650 -0.0566 0.7447
vn -0.5659 -0.4448 0.6942
vn -0.2826 -0.8575 0.4299
vn -0.0885 -0.9707 0.2232
vn -0.0938 -0.9795 0.1780
vn -0.1912 -0.9762 0.1019
vn -0.2727 -0.8844 0.3787
vn -0.4125 -0.4854 0.7709
vn -0.1771 -0.8845 0.4316
vn -0.3822 -0.4860 0.7859
vn -0.1753 -0.9715 0.1597
vn -0.2734 -0.8607 0.4295
vn -0.3831 -0.4356 0.8145
vn -0.3795 -0.0397 0.9243
vn -0.4204 -0.0569 0.9055
vn -0.4480 -0.0634 0.8918
vn -0.4806 -0.0593 0.8749
vn -0.4189 -0.4413 0.7936
vn -0.2050 -0.8579 0.4712
vn -0.0491 -0.9720 0.2300
vn -0.0569 -0.9809 0.1862
vn -0.1474 -0.9795 0.1375
vn -0.1438 -0.8855 0.4419
vn -0.2291 -0.4684 0.8533
vn -0.0541 -0.8832 0.4658
vn -0.2100 -0.4709 0.8568
vn -0.0821 -0.9749 0.2067
vn -0.1295 -0.8612 0.4915
vn -0.1874 -0.4215 0.8872
vn -0.1918 -0.0151 0.9813
vn -0.2390 -0.0258 0.9707
vn -0.2773 -0.0315 0.9603
vn -0.3248 -0.0307 0.9453
vn -0.2669 -0.4294 0.8628
vn -0.0955 -0.8601 0.5011
vn 0.0168 -0.9719 0.2350
vn 0.0183 -0.9795 0.2008
vn -0.0640 -0.9820 0.1779
vn -0.0335 -0.8889 0.4569
vn -0.0484 -0.4967 0.8666
vn 0.0735 -0.8814 0.4666
vn -0.0175 -0.4837 0.8750
vn -0.0376 -0.9738 0.2243
vn -0.0312 -0.8682 0.4953
vn -0.0180 -0.4639 0.8857
vn -0.0101 -0.0525 0.9986
vn -0.0530 -0.0497 0.9974
vn -0.0882 -0.0376 0.9954
vn -0.1348 -0.0192 0.9907
vn -0.0646 -0.4267 0.9021
vn 0.0547 -0.8554 0.5151
vn 0.1139 -0.9647 0.2376
vn 0.0946 -0.9746 0.2031
vn -0.0079 -0.9806 0.1958
vn 0.0039 -0.8952 0.4457
vn 0.0757 -0.5309 0.8441
vn 0.1137 -0.8933 0.4348
vn 0.1101 -0.5273 0.8425
vn -0.0419 -0.9717 0.2325
vn 0.0146 -0.8743 0.4852
vn 0.1150 -0.4887 0.8648
vn 0.1661 -0.0715 0.9835
vn 0.1196 -0.0800 0.9896
vn 0.0843 -0.0772 0.9934
vn 0.0413 -0.0620 0.9972
vn 0.0829 -0.4751 0.8760
vn 0.1207 -0.8678 0.4821
vn 0.1322 -0.9674 0.2158
vn 0.0939 -0.9777 0.1878
vn -0.0160 -0.9796 0.2002
vn 0.0816 -0.8963 0.4359
vn 0.2330 -0.5344 0.8125
vn 0.1737 -0.8975 0.4054
vn 0.2576 -0.5348 0.8048
vn 0.0019 -0.9718 0.2357
vn 0.1069 -0.8755 0.4713
vn 0.2802 -0.4911 0.8248
vn 0.3545 -0.0720 0.9323
vn 0.3081 -0.0815 0.9479
vn 0.2704 -0.0814 0.9593
vn 0.2232 -0.0717 0.9721
vn 0.2253 -0.4903 0.8419
vn 0.1727 -0.8764 0.4496
vn 0.1285 -0.9727 0.1931
vn 0.1007 -0.9801 0.1710
vn 0.0122 -0.9795 0.2009
vn 0.1640 -0.8974 0.4097
vn 0.3861 -0.5368 0.7502
vn 0.2485 -0.8986 0.3616
vn 0.4091 -0.5372 0.7376
vn 0.0472 -0.9721 0.2297
vn 0.1954 -0.8767 0.4395
vn 0.4349 -0.4935 0.7532
vn 0.5295 -0.0725 0.8452
vn 0.4871 -0.0820 0.8695
vn 0.4524 -0.0819 0.8881
vn 0.4086 -0.0722 0.9099
vn 0.3848 -0.4927 0.7805
vn 0.2562 -0.8777 0.4050
vn 0.1632 -0.9730 0.1629
vn 0.1316 -0.9803 0.1470
vn 0.0506 -0.9798 0.1937
vn 0.2392 -0.8985 0.3682
vn 0.5239 -0.5393 0.6593
vn 0.3129 -0.8997 0.3043
vn 0.5443 -0.5397 0.6422
vn 0.0901 -0.9724 0.2151
vn 0.2757 -0.8780 0.3913
vn 0.5723 -0.4959 0.6530
vn 0.6842 -0.0730 0.7257
vn 0.6473 -0.0825 0.7578
vn 0.6169 -0.0824 0.7827
vn 0.5782 -0.0726 0.8126
vn 0.5291 -0.4951 0.6892
vn 0.3290 -0.8790 0.3452
vn 0.1910 -0.9734 0.1268
vn 0.1570 -0.9806 0.1175
vn 0.0866 -0.9800 0.1792
vn 0.3045 -0.8996 0.3131
vn 0.6411 -0.5418 0.5436
vn 0.3646 -0.9008 0.2359
vn 0.6580 -0.5422 0.5225
vn 0.1292 -0.9727 0.1926
vn 0.3447 -0.8793 0.3287
vn 0.6875 -0.4983 0.5282
vn 0.8125 -0.0734 0.5782
vn 0.7826 -0.0831 0.6169
vn 0.7578 -0.0830 0.6472
vn 0.7257 -0.0731 0.6842
vn 0.6524 -0.4976 0.5716
vn 0.3884 -0.8802 0.2727
vn 0.2112 -0.9736 0.0862
vn 0.1761 -0.9808 0.0838
vn 0.1189 -0.9802 0.1581
vn 0.3577 -0.9007 0.2467
vn 0.7334 -0.5441 0.4075
vn 0.4018 -0.9018 0.1591
vn 0.7461 -0.5445 0.3832
vn 0.1629 -0.9730 0.1632
vn 0.4000 -0.8805 0.2543
vn 0.7761 -0.5006 0.3835
vn 0.9097 -0.0739 0.4086
vn 0.8879 -0.0836 0.4524
vn 0.8694 -0.0835 0.4869
vn 0.8452 -0.0736 0.5294
vn 0.7504 -0.4999 0.4325
vn 0.4323 -0.8814 0.1904
vn 0.2230 -0.9739 0.0427
vn 0.1882 -0.9810 0.0474
vn 0.1464 -0.9805 0.1313
vn 0.3969 -0.9016 0.1717
vn 0.7974 -0.5463 0.2564
vn 0.4235 -0.9026 0.0770
vn 0.8052 -0.5466 0.2298
vn 0.1903 -0.9733 0.1280
vn 0.4399 -0.8816 0.1710
vn 0.8348 -0.5026 0.2246
vn 0.9719 -0.0743 0.2233
vn 0.9590 -0.0840 0.2705
vn 0.9477 -0.0839 0.3079
vn 0.9322 -0.0740 0.3543
vn 0.8193 -0.5020 0.2772
vn 0.4594 -0.8824 0.1016
vn 0.2262 -0.9741 -0.0020
vn 0.1930 -0.9812 0.0094
vn 0.1680 -0.9807 0.1000
vn 0.4209 -0.9030 0.0865
vn 0.8309 -0.5488 0.0916
vn 0.4289 -0.9033 -0.0090
vn 0.8335 -0.5486 0.0663
vn 0.2103 -0.9742 0.0814
vn 0.4625 -0.8835 0.0739
vn 0.8612 -0.5059 0.0492
vn 0.9968 -0.0760 0.0229
vn 0.9936 -0.0850 0.0749
vn 0.9897 -0.0845 0.1159
vn 0.9834 -0.0744 0.1654
vn 0.8566 -0.5038 0.1115
vn 0.4688 -0.8833 0.0094
vn 0.2208 -0.9742 -0.0465
vn 0.1905 -0.9812 -0.0302
vn 0.1833 -0.9812 0.0609
vn 0.4283 -0.9036 -0.0018
vn 0.8292 -0.5533 -0.0788
vn 0.4164 -0.9035 -0.1018
vn 0.8263 -0.5526 -0.1094
vn 0.2237 -0.9737 0.0429
vn 0.4682 -0.8835 -0.0138
vn 0.8523 -0.5100 -0.1159
vn 0.9821 -0.0820 -0.1694
vn 0.9878 -0.0908 -0.1262
vn 0.9920 -0.0892 -0.0896
vn 0.9962 -0.0774 -0.0396
vn 0.8588 -0.5075 -0.0702
vn 0.4587 -0.8837 -0.0930
vn 0.2066 -0.9736 -0.0971
vn 0.1808 -0.9808 -0.0733
vn 0.1922 -0.9811 0.0222
vn 0.4228 -0.9036 -0.0686
vn 0.8035 -0.5538 -0.2182
vn 0.3939 -0.9045 -0.1634
vn 0.7949 -0.5546 -0.2460
vn 0.2275 -0.9738 0.0053
vn 0.4570 -0.8844 -0.0950
vn 0.8170 -0.5099 -0.2691
vn 0.9337 -0.0790 -0.3491
vn 0.9499 -0.0900 -0.2994
vn 0.9606 -0.0912 -0.2626
vn 0.9721 -0.0821 -0.2199
vn 0.8312 -0.5107 -0.2198
vn 0.4360 -0.8844 -0.1668
vn 0.1878 -0.9742 -0.1254
vn 0.1670 -0.9814 -0.0952
vn 0.1948 -0.9808 -0.0049
vn 0.3954 -0.9044 -0.1604
vn 0.7380 -0.5542 -0.3851
vn 0.3484 -0.9044 -0.2462
vn 0.7248 -0.5541 -0.4095
vn 0.2221 -0.9741 -0.0436
vn 0.4266 -0.8844 -0.1892
vn 0.7441 -0.5103 -0.4312
vn 0.8436 -0.0803 -0.5310
vn 0.8665 -0.0897 -0.4911
vn 0.8853 -0.0890 -0.4564
vn 0.9090 -0.0786 -0.4092
vn 0.7704 -0.5102 -0.3822
vn 0.3917 -0.8853 -0.2509
vn 0.1576 -0.9744 -0.1602
vn 0.1416 -0.9813 -0.1306
vn 0.1863 -0.9813 -0.0489
vn 0.3628 -0.9042 -0.2256
vn 0.6577 -0.5537 -0.5107
vn 0.3003 -0.9045 -0.3027
vn 0.6392 -0.5542 -0.5333
vn 0.2113 -0.9740 -0.0813
vn 0.3852 -0.8847 -0.2625
vn 0.6517 -0.5093 -0.5620
vn 0.7288 -0.0776 -0.6804
vn 0.7620 -0.0885 -0.6416
vn 0.7860 -0.0895 -0.6117
vn 0.8137 -0.0803 -0.5757
vn 0.6836 -0.5103 -0.5218
vn 0.3383 -0.8846 -0.3211
vn 0.1254 -0.9742 -0.1878
vn 0.1172 -0.9814 -0.1523
vn 0.1768 -0.9811 -0.0788
vn 0.3054 -0.9044 -0.2980
vn 0.5371 -0.5527 -0.6372
vn 0.2300 -0.9041 -0.3601
vn 0.5158 -0.5526 -0.6547
vn 0.1882 -0.9743 -0.1239
vn 0.3223 -0.8845 -0.3373
vn 0.5239 -0.5085 -0.6834
vn 0.5770 -0.0778 -0.8130
vn 0.6146 -0.0875 -0.7840
vn 0.6453 -0.0872 -0.7589
vn 0.6843 -0.0772 -0.7251
vn 0.5673 -0.5089 -0.6475
vn 0.2675 -0.8848 -0.3816
vn 0.0856 -0.9743 -0.2084
vn 0.0821 -0.9812 -0.1744
vn 0.1538 -0.9814 -0.1150
vn 0.2475 -0.9039 -0.3489
vn 0.4105 -0.5515 -0.7262
vn 0.1604 -0.9037 -0.3970
vn 0.3846 -0.5517 -0.7401
vn 0.1640 -0.9741 -0.1559
vn 0.2556 -0.8841 -0.3913
vn 0.3869 -0.5068 -0.7704
vn 0.4123 -0.0759 -0.9079
vn 0.4564 -0.0866 -0.8856
vn 0.4899 -0.0873 -0.8674
vn 0.5304 -0.0778 -0.8441
vn 0.4312 -0.5079 -0.7457
vn 0.1893 -0.8838 -0.4279
vn 0.0437 -0.9739 -0.2227
vn 0.0492 -0.9812 -0.1868
vn 0.1323 -0.9812 -0.1408
vn 0.1713 -0.9036 -0.3926
vn 0.2567 -0.5492 -0.7953
vn 0.0785 -0.9031 -0.4223
vn 0.2308 -0.5492 -0.8032
vn 0.1273 -0.9743 -0.1860
vn 0.1704 -0.8836 -0.4361
vn 0.2246 -0.5046 -0.8336
vn 0.2234 -0.0745 -0.9719
vn 0.2710 -0.0846 -0.9589
vn 0.3091 -0.0848 -0.9472
vn 0.3567 -0.0753 -0.9312
vn 0.2794 -0.5057 -0.8162
vn 0.1040 -0.8834 -0.4569
vn 0.0012 -0.9740 -0.2266
vn 0.0113 -0.9811 -0.1932
vn 0.0998 -0.9813 -0.1646
vn 0.0908 -0.9030 -0.4199
vn 0.0961 -0.5476 -0.8312
vn -0.0069 -0.9021 -0.4315
vn 0.0682 -0.5472 -0.8342
vn 0.0883 -0.9742 -0.2079
vn 0.0819 -0.8829 -0.4624
vn 0.0579 -0.5030 -0.8623
vn 0.0302 -0.0744 -0.9968
vn 0.0786 -0.0842 -0.9933
vn 0.1172 -0.0842 -0.9895
vn 0.1656 -0.0744 -0.9834
vn 0.1118 -0.5035 -0.8567
vn 0.0102 -0.8821 -0.4709
vn -0.0455 -0.9735 -0.2242
vn -0.0281 -0.9808 -0.1930
vn 0.0651 -0.9812 -0.1816
vn -0.4491 -0.8813 0.1468
vn -0.7842 -0.4798 0.3935
vn -0.3740 -0.8898 0.2616
vn -0.7467 -0.4938 0.4456
vn -0.2644 -0.9643 0.0153
vn -0.4873 -0.8549 0.1781
vn -0.7964 -0.4242 0.4311
vn -0.8555 -0.0086 0.5177
vn -0.8649 -0.0253 0.5013
vn -0.8661 -0.0387 0.4984
vn -0.8706 -0.0437 0.4901
vn -0.7652 -0.4582 0.4522
vn -0.4019 -0.8670 0.2947
vn -0.1546 -0.9710 0.1824
vn -0.1532 -0.9800 0.1274
vn -0.2217 -0.9749 0.0208
vn -0.5835 0.7472 0.3182
vn -0.2094 0.9735 0.0919
vn -0.5539 0.7455 0.3707
vn -0.1734 0.9729 0.1528
vn -0.8534 0.1051 0.5105
vn -0.6209 0.7096 0.3331
vn -0.2317 0.9678 0.0986
vn -0.0903 0.9955 0.0280
vn -0.0739 0.9968 0.0320
vn -0.0496 0.9961 0.0725
vn -0.0539 0.9940 0.0953
vn -0.1952 0.9648 0.1762
vn -0.5930 0.7016 0.3950
vn -0.8510 0.1084 0.5139
vn -0.8457 0.1224 0.5194
vn -0.8503 0.1216 0.5121
vn -0.8536 0.0200 0.5206
vn -0.8525 0.0096 0.5226
vn -0.8572 0.0159 0.5148
vn -0.8551 0.0084 0.5184
vn -0.8507 0.0392 0.5241
vn -0.8508 0.0212 0.5251
vn -0.8516 0.0087 0.5242
vn -0.8529 0.0011 0.5221
vn -0.8527 0.0035 0.5225
vn -0.8545 0.0041 0.5194
vn -0.8590 0.0038 0.5120
vn -0.8598 0.0063 0.5106
vn -0.8621 0.0108 0.5067
vn -0.8666 0.0177 0.4987
vn -0.8615 0.0270 0.5071
vn -0.8563 0.0353 0.5152
vn -0.1053 -0.0034 -0.9944
vn -0.1025 -0.0036 -0.9947
vn -0.0660 -0.0013 -0.9978
vn -0.0648 -0.0013 -0.9979
vn -0.1451 -0.0075 -0.9894
vn -0.1399 -0.0075 -0.9901
vn -0.1347 -0.0081 -0.9909
vn -0.1295 -0.0093 -0.9915
vn -0.0997 -0.0041 -0.9950
vn -0.0636 -0.0015 -0.9980
vn -0.0212 -0.0005 -0.9998
vn -0.0216 -0.0005 -0.9998
vn -0.0219 -0.0005 -0.9998
vn -0.0223 -0.0005 -0.9998
vn -0.0672 -0.0013 -0.9977
vn -0.1082 -0.0034 -0.9941
vn -0.2510 -0.0321 -0.9675
vn -0.2432 -0.0354 -0.9693
vn -0.2080 -0.0232 -0.9778
vn -0.1992 -0.0253 -0.9796
vn -0.3046 -0.0370 -0.9518
vn -0.3003 -0.0390 -0.9530
vn -0.2956 -0.0433 -0.9543
vn -0.2904 -0.0518 -0.9555
vn -0.2352 -0.0419 -0.9711
vn -0.1903 -0.0297 -0.9813
vn -0.1559 -0.0181 -0.9876
vn -0.1638 -0.0156 -0.9864
vn -0.1716 -0.0144 -0.9851
vn -0.1793 -0.0140 -0.9837
vn -0.2167 -0.0225 -0.9760
vn -0.2584 -0.0308 -0.9655
vn -0.4720 -0.0376 -0.8808
vn -0.4753 -0.0431 -0.8788
vn -0.4128 -0.0409 -0.9099
vn -0.4151 -0.0464 -0.9086
vn -0.5297 -0.0309 -0.8476
vn -0.5325 -0.0344 -0.8457
vn -0.5349 -0.0396 -0.8440
vn -0.5369 -0.0485 -0.8422
vn -0.4781 -0.0527 -0.8767
vn -0.4169 -0.0563 -0.9072
vn -0.3537 -0.0567 -0.9336
vn -0.3548 -0.0470 -0.9338
vn -0.3553 -0.0419 -0.9338
vn -0.3551 -0.0393 -0.9340
vn -0.4097 -0.0378 -0.9114
vn -0.4681 -0.0342 -0.8830
vn -0.6784 -0.0368 -0.7338
vn -0.6762 -0.0409 -0.7356
vn -0.6403 -0.0340 -0.7674
vn -0.6390 -0.0386 -0.7683
vn -0.7103 -0.0398 -0.7028
vn -0.7073 -0.0405 -0.7058
vn -0.7049 -0.0441 -0.7080
vn -0.7028 -0.0523 -0.7095
vn -0.6742 -0.0491 -0.7369
vn -0.6377 -0.0468 -0.7689
vn -0.5919 -0.0463 -0.8047
vn -0.5917 -0.0379 -0.8053
vn -0.5914 -0.0330 -0.8057
vn -0.5911 -0.0297 -0.8061
vn -0.6418 -0.0313 -0.7662
vn -0.6811 -0.0350 -0.7314
vn -0.7946 -0.0481 -0.6052
vn -0.7950 -0.0491 -0.6046
vn -0.7593 -0.0470 -0.6491
vn -0.7583 -0.0490 -0.6501
vn -0.8324 -0.0505 -0.5519
vn -0.8346 -0.0463 -0.5490
vn -0.8366 -0.0465 -0.5458
vn -0.8385 -0.0528 -0.5424
vn -0.7955 -0.0563 -0.6033
vn -0.7575 -0.0568 -0.6504
vn -0.7270 -0.0551 -0.6844
vn -0.7286 -0.0470 -0.6833
vn -0.7306 -0.0442 -0.6814
vn -0.7333 -0.0448 -0.6784
vn -0.7609 -0.0491 -0.6470
vn -0.7946 -0.0514 -0.6050
vn -0.9245 -0.0226 -0.3805
vn -0.9280 -0.0220 -0.3720
vn -0.9039 -0.0323 -0.4265
vn -0.9078 -0.0317 -0.4183
vn -0.9348 -0.0152 -0.3548
vn -0.9379 -0.0135 -0.3466
vn -0.9405 -0.0131 -0.3394
vn -0.9429 -0.0143 -0.3328
vn -0.9310 -0.0242 -0.3641
vn -0.9111 -0.0353 -0.4106
vn -0.8805 -0.0455 -0.4718
vn -0.8775 -0.0405 -0.4779
vn -0.8740 -0.0408 -0.4841
vn -0.8701 -0.0451 -0.4908
vn -0.8994 -0.0361 -0.4356
vn -0.9204 -0.0253 -0.3901
vn -0.9657 -0.0010 -0.2596
vn -0.9660 -0.0009 -0.2587
vn -0.9558 -0.0028 -0.2939
vn -0.9566 -0.0027 -0.2915
vn -0.9758 -0.0005 -0.2187
vn -0.9758 -0.0004 -0.2186
vn -0.9758 -0.0004 -0.2185
vn -0.9758 -0.0005 -0.2184
vn -0.9662 -0.0010 -0.2579
vn -0.9572 -0.0029 -0.2893
vn -0.9497 -0.0071 -0.3130
vn -0.9483 -0.0065 -0.3172
vn -0.9468 -0.0068 -0.3218
vn -0.9450 -0.0076 -0.3271
vn -0.9550 -0.0031 -0.2967
vn -0.9655 -0.0011 -0.2606
vn -0.9972 -0.0008 -0.0750
vn -0.9972 -0.0008 -0.0752
vn -0.9923 -0.0006 -0.1237
vn -0.9923 -0.0006 -0.1239
vn -0.9997 -0.0011 -0.0256
vn -0.9997 -0.0010 -0.0258
vn -0.9997 -0.0009 -0.0259
vn -0.9997 -0.0010 -0.0260
vn -0.9972 -0.0008 -0.0754
vn -0.9923 -0.0006 -0.1240
vn -0.9851 -0.0005 -0.1721
vn -0.9851 -0.0004 -0.1720
vn -0.9851 -0.0005 -0.1719
vn -0.9851 -0.0005 -0.1718
vn -0.9923 -0.0007 -0.1235
vn -0.9972 -0.0009 -0.0748
vn -0.9925 -0.0010 0.1220
vn -0.9925 -0.0009 0.1220
vn -0.9973 -0.0010 0.0732
vn -0.9854 -0.0010 0.1704
vn -0.9854 -0.0009 0.1704
vn -0.9854 -0.0008 0.1703
vn -0.9854 -0.0009 0.1702
vn -0.9925 -0.0010 0.1219
vn -0.9973 -0.0011 0.0732
vn -0.9997 -0.0011 0.0238
vn -0.9997 -0.0010 0.0239
vn -0.9997 -0.0012 0.0240
vn -0.9973 -0.0012 0.0733
vn -0.9925 -0.0011 0.1221
vn -0.9552 -0.0000 0.2958
vn -0.9661 -0.0004 0.2583
vn -0.9430 0.0005 0.3327
vn -0.9430 0.0005 0.3328
vn -0.9430 0.0005 0.3329
vn -0.9552 -0.0000 0.2959
vn -0.9762 -0.0007 0.2169
vn -0.9762 -0.0007 0.2170
vn -0.9762 -0.0007 0.2171
vn -0.9761 -0.0008 0.2172
vn -0.9660 -0.0005 0.2584
vn -0.8861 0.0039 0.4635
vn -0.8852 0.0030 0.4651
vn -0.9072 0.0022 0.4206
vn -0.9069 0.0020 0.4212
vn -0.8735 0.0102 0.4867
vn -0.8702 0.0067 0.4926
vn -0.8686 0.0044 0.4955
vn -0.8680 0.0032 0.4965
vn -0.8849 0.0027 0.4657
vn -0.9068 0.0019 0.4215
vn -0.9274 0.0012 0.3740
vn -0.9275 0.0011 0.3739
vn -0.9275 0.0012 0.3738
vn -0.9276 0.0014 0.3736
vn -0.9078 0.0028 0.4194
vn -0.8878 0.0054 0.4602
vn -0.8000 -0.0014 0.6001
vn -0.8072 -0.0135 0.5901
vn -0.8309 0.0096 0.5563
vn -0.8365 -0.0031 0.5480
vn -0.7418 0.0022 0.6707
vn -0.7511 -0.0127 0.6601
vn -0.7593 -0.0251 0.6502
vn -0.7670 -0.0365 0.6406
vn -0.8136 -0.0233 0.5810
vn -0.8413 -0.0122 0.5404
vn -0.8527 -0.0039 0.5223
vn -0.8497 0.0047 0.5273
vn -0.8464 0.0178 0.5323
vn -0.8425 0.0364 0.5375
vn -0.8239 0.0270 0.5661
vn -0.7911 0.0144 0.6115
vn -0.5671 -0.0380 0.8228
vn -0.5737 -0.0564 0.8171
vn -0.6233 -0.0314 0.7813
vn -0.6316 -0.0474 0.7738
vn -0.5171 -0.0198 0.8557
vn -0.5199 -0.0421 0.8532
vn -0.5236 -0.0623 0.8497
vn -0.5275 -0.0837 0.8454
vn -0.5808 -0.0761 0.8105
vn -0.6403 -0.0644 0.7655
vn -0.7043 -0.0506 0.7081
vn -0.6956 -0.0366 0.7175
vn -0.6869 -0.0229 0.7264
vn -0.6783 -0.0072 0.7348
vn -0.6159 -0.0137 0.7877
vn -0.5615 -0.0179 0.8273
vn -0.4019 -0.0332 0.9151
vn -0.3956 -0.0541 0.9168
vn -0.4423 -0.0394 0.8960
vn -0.4387 -0.0608 0.8966
vn -0.3663 0.0001 0.9305
vn -0.3581 -0.0248 0.9333
vn -0.3497 -0.0449 0.9358
vn -0.3409 -0.0623 0.9380
vn -0.3888 -0.0734 0.9184
vn -0.4347 -0.0817 0.8969
vn -0.4801 -0.0856 0.8730
vn -0.4805 -0.0638 0.8747
vn -0.4807 -0.0426 0.8759
vn -0.4813 -0.0189 0.8763
vn -0.4460 -0.0148 0.8949
vn -0.4081 -0.0083 0.9129
vn -0.2233 0.0038 0.9747
vn -0.2145 -0.0126 0.9766
vn -0.2657 -0.0051 0.9640
vn -0.2556 -0.0230 0.9665
vn -0.1881 0.0300 0.9817
vn -0.1840 0.0102 0.9829
vn -0.1779 -0.0042 0.9840
vn -0.1707 -0.0135 0.9852
vn -0.2051 -0.0241 0.9784
vn -0.2452 -0.0365 0.9688
vn -0.2911 -0.0496 0.9554
vn -0.3012 -0.0342 0.9529
vn -0.3111 -0.0150 0.9502
vn -0.3207 0.0094 0.9471
vn -0.2752 0.0184 0.9612
vn -0.2310 0.0258 0.9726
vn -0.0655 0.0095 0.9978
vn -0.0677 0.0034 0.9977
vn -0.1075 0.0124 0.9941
vn -0.1081 0.0034 0.9941
vn -0.0154 0.0111 0.9998
vn -0.0206 0.0059 0.9998
vn -0.0230 0.0023 0.9997
vn -0.0237 0.0003 0.9997
vn -0.0677 -0.0000 0.9977
vn -0.1066 -0.0018 0.9943
vn -0.1403 -0.0061 0.9901
vn -0.1444 0.0012 0.9895
vn -0.1467 0.0130 0.9891
vn -0.1460 0.0297 0.9888
vn -0.1035 0.0253 0.9943
vn -0.0599 0.0184 0.9980
vn 0.1228 0.0003 0.9924
vn 0.1225 0.0001 0.9925
vn 0.0747 0.0011 0.9972
vn 0.0739 0.0004 0.9973
vn 0.1711 0.0001 0.9853
vn 0.1710 -0.0000 0.9853
vn 0.1709 -0.0000 0.9853
vn 0.1224 -0.0000 0.9925
vn 0.0736 0.0001 0.9973
vn 0.0246 0.0002 0.9997
vn 0.0251 0.0011 0.9997
vn 0.0267 0.0029 0.9996
vn 0.0301 0.0055 0.9995
vn 0.0764 0.0021 0.9971
vn 0.1234 0.0005 0.9924
vn 0.3136 -0.0000 0.9495
vn 0.2667 -0.0000 0.9638
vn 0.3599 -0.0000 0.9330
vn 0.2191 -0.0000 0.9757
vn 0.4929 -0.0000 0.8701
vn 0.4496 -0.0000 0.8932
vn 0.5350 -0.0000 0.8449
vn 0.4053 -0.0000 0.9142
vn 0.6531 -0.0000 0.7572
vn 0.6153 -0.0000 0.7883
vn 0.6895 -0.0000 0.7243
vn 0.5758 -0.0000 0.8176
vn 0.7883 -0.0000 0.6153
vn 0.7572 -0.0000 0.6531
vn 0.8176 -0.0000 0.5758
vn 0.7243 -0.0000 0.6895
vn 0.8932 -0.0000 0.4496
vn 0.8701 -0.0000 0.4929
vn 0.9142 -0.0000 0.4053
vn 0.8449 -0.0000 0.5350
vn 0.9638 -0.0000 0.2667
vn 0.9495 -0.0000 0.3136
vn 0.9495 -0.0000 0.3137
vn 0.9757 -0.0000 0.2191
vn 0.9330 -0.0000 0.3599
vn 0.9975 -0.0004 0.0713
vn 0.9974 -0.0004 0.0717
vn 0.9926 -0.0001 0.1216
vn 0.9926 -0.0001 0.1217
vn 0.9998 -0.0011 0.0192
vn 0.9998 -0.0010 0.0201
vn 0.9998 -0.0010 0.0209
vn 0.9998 -0.0010 0.0216
vn 0.9974 -0.0004 0.0721
vn 0.9926 -0.0001 0.1218
vn 0.9853 -0.0000 0.1708
vn 0.9926 -0.0001 0.1214
vn 0.9975 -0.0004 0.0709
vn 0.9917 -0.0047 -0.1287
vn 0.9918 -0.0045 -0.1276
vn 0.9967 -0.0034 -0.0814
vn 0.9968 -0.0033 -0.0800
vn 0.9847 -0.0062 -0.1741
vn 0.9848 -0.0055 -0.1736
vn 0.9849 -0.0053 -0.1731
vn 0.9850 -0.0058 -0.1727
vn 0.9919 -0.0049 -0.1266
vn 0.9969 -0.0035 -0.0788
vn 0.9996 -0.0021 -0.0293
vn 0.9995 -0.0020 -0.0304
vn 0.9995 -0.0020 -0.0316
vn 0.9995 -0.0023 -0.0329
vn 0.9966 -0.0038 -0.0829
vn 0.9915 -0.0053 -0.1299
vn 0.9514 -0.0038 -0.3080
vn 0.9511 -0.0037 -0.3090
vn 0.9652 -0.0048 -0.2614
vn 0.9650 -0.0047 -0.2623
vn 0.9346 -0.0033 -0.3558
vn 0.9343 -0.0029 -0.3564
vn 0.9341 -0.0028 -0.3570
vn 0.9339 -0.0030 -0.3576
vn 0.9508 -0.0040 -0.3098
vn 0.9647 -0.0051 -0.2632
vn 0.9760 -0.0058 -0.2176
vn 0.9761 -0.0054 -0.2173
vn 0.9762 -0.0056 -0.2169
vn 0.9763 -0.0063 -0.2164
vn 0.9655 -0.0055 -0.2604
vn 0.9517 -0.0043 -0.3069
vn 0.8684 -0.0036 -0.4959
vn 0.8687 -0.0034 -0.4954
vn 0.8918 -0.0030 -0.4525
vn 0.8920 -0.0028 -0.4520
vn 0.8439 -0.0046 -0.5365
vn 0.8440 -0.0040 -0.5363
vn 0.8442 -0.0039 -0.5361
vn 0.8443 -0.0042 -0.5359
vn 0.8689 -0.0037 -0.4949
vn 0.8922 -0.0031 -0.4516
vn 0.9141 -0.0027 -0.4056
vn 0.9140 -0.0025 -0.4057
vn 0.9140 -0.0026 -0.4057
vn 0.9139 -0.0030 -0.4058
vn 0.8915 -0.0033 -0.4530
vn 0.8680 -0.0040 -0.4965
vn 0.7603 -0.0026 -0.6496
vn 0.7598 -0.0025 -0.6502
vn 0.7910 -0.0034 -0.6119
vn 0.7905 -0.0033 -0.6124
vn 0.7269 -0.0021 -0.6867
vn 0.7265 -0.0019 -0.6871
vn 0.7261 -0.0018 -0.6875
vn 0.7258 -0.0020 -0.6879
vn 0.7593 -0.0027 -0.6507
vn 0.7901 -0.0036 -0.6130
vn 0.8183 -0.0042 -0.5748
vn 0.8185 -0.0039 -0.5745
vn 0.8187 -0.0040 -0.5742
vn 0.8189 -0.0045 -0.5739
vn 0.7915 -0.0039 -0.6112
vn 0.7609 -0.0029 -0.6489
vn 0.6137 -0.0019 -0.7895
vn 0.6140 -0.0019 -0.7893
vn 0.6520 -0.0016 -0.7582
vn 0.6522 -0.0016 -0.7580
vn 0.5749 -0.0025 -0.8182
vn 0.5751 -0.0022 -0.8181
vn 0.5752 -0.0021 -0.8180
vn 0.5753 -0.0023 -0.8179
vn 0.6142 -0.0020 -0.7891
vn 0.6524 -0.0017 -0.7579
vn 0.6897 -0.0016 -0.7241
vn 0.6898 -0.0015 -0.7240
vn 0.6899 -0.0017 -0.7239
vn 0.6518 -0.0018 -0.7584
vn 0.6134 -0.0022 -0.7897
vn 0.4524 -0.0014 -0.8918
vn 0.4519 -0.0013 -0.8920
vn 0.4951 -0.0019 -0.8689
vn 0.4947 -0.0018 -0.8691
vn 0.4083 -0.0009 -0.9128
vn 0.4078 -0.0008 -0.9131
vn 0.4074 -0.0008 -0.9133
vn 0.4070 -0.0009 -0.9134
vn 0.4515 -0.0014 -0.8923
vn 0.4943 -0.0020 -0.8693
vn 0.5356 -0.0023 -0.8445
vn 0.5357 -0.0021 -0.8444
vn 0.5358 -0.0022 -0.8443
vn 0.5360 -0.0025 -0.8442
vn 0.4955 -0.0021 -0.8686
vn 0.4529 -0.0015 -0.8915
vn 0.2671 -0.0000 -0.9637
vn 0.2670 -0.0000 -0.9637
vn 0.3145 -0.0002 -0.9493
vn 0.3144 -0.0001 -0.9493
vn 0.2192 -0.0000 -0.9757
vn 0.3142 -0.0002 -0.9493
vn 0.3610 -0.0004 -0.9326
vn 0.3612 -0.0004 -0.9325
vn 0.3615 -0.0004 -0.9324
vn 0.3618 -0.0004 -0.9322
vn 0.3147 -0.0002 -0.9492
vn 0.0742 -0.0001 -0.9972
vn 0.0743 -0.0001 -0.9972
vn 0.1226 -0.0000 -0.9925
vn 0.0256 -0.0002 -0.9997
vn 0.0258 -0.0002 -0.9997
vn 0.0259 -0.0002 -0.9997
vn 0.0261 -0.0002 -0.9997
vn 0.0744 -0.0001 -0.9972
vn 0.1710 -0.0000 -0.9853
vn 0.1709 -0.0000 -0.9853
vn 0.0741 -0.0001 -0.9972
vt 0.992188 0.906250
vt 0.992188 0.937500
vt 0.984375 0.937500
vt 0.984375 0.906250
vt 0.992188 0.968750
vt 0.984375 0.968750
vt 0.976563 0.937500
vt 0.976562 0.906250
vt 0.976563 0.968750
vt 1.000000 0.875000
vt 1.000000 0.906250
vt 0.992188 0.875000
vt 1.000000 0.937500
vt 1.000000 0.968750
vt 1.000000 1.000000
vt 0.992188 1.000000
vt 0.984375 1.000000
vt 0.976563 1.000000
vt 0.968750 1.000000
vt 0.968750 0.968750
vt 0.968750 0.937500
vt 0.968750 0.906250
vt 0.976563 0.875000
vt 0.968750 0.875000
vt 0.984375 0.875000
vt 0.960938 0.906250
vt 0.960938 0.937500
vt 0.953125 0.937500
vt 0.953125 0.906250
vt 0.960938 0.968750
vt 0.953125 0.968750
vt 0.945313 0.937500
vt 0.945312 0.906250
vt 0.945313 0.968750
vt 0.960938 0.875000
vt 0.960938 1.000000
vt 0.953125 1.000000
vt 0.945313 1.000000
vt 0.937500 1.000000
vt 0.937500 0.968750
vt 0.937500 0.937500
vt 0.937500 0.906250
vt 0.945313 0.875000
vt 0.937500 0.875000
vt 0.953125 0.875000
vt 0.929688 0.906250
vt 0.929688 0.937500
vt 0.921875 0.937500
vt 0.921875 0.906250
vt 0.929688 0.968750
vt 0.921875 0.968750
vt 0.914063 0.937500
vt 0.914063 0.906250
vt 0.914063 0.968750
vt 0.929688 0.875000
vt 0.929688 1.000000
vt 0.921875 1.000000
vt 0.914063 1.000000
vt 0.906250 1.000000
vt 0.906250 0.968750
vt 0.906250 0.937500
vt 0.906250 0.906250
vt 0.914063 0.875000
vt 0.906250 0.875000
vt 0.921875 0.875000
vt 0.898438 0.906250
vt 0.898438 0.937500
vt 0.890625 0.937500
vt 0.890625 0.906250
vt 0.898438 0.968750
vt 0.890625 0.968750
vt 0.882813 0.937500
vt 0.882813 0.906250
vt 0.882813 0.968750
vt 0.898438 0.875000
vt 0.898438 1.000000
vt 0.890625 1.000000
vt 0.882813 1.000000
vt 0.875000 1.000000
vt 0.875000 0.968750
vt 0.875000 0.937500
vt 0.875000 0.906250
vt 0.882812 0.875000
vt 0.875000 0.875000
vt 0.890625 0.875000
vt 0.867188 0.906250
vt 0.867188 0.937500
vt 0.859375 0.937500
vt 0.859375 0.906250
vt 0.867188 0.968750
vt 0.859375 0.968750
vt 0.851563 0.937500
vt 0.851562 0.906250
vt 0.851563 0.968750
vt 0.867188 0.875000
vt 0.867188 1.000000
vt 0.859375 1.000000
vt 0.851563 1.000000
vt 0.843750 1.000000
vt 0.843750 0.968750
vt 0.843750 0.937500
vt 0.843750 0.906250
vt 0.851563 0.875000
vt 0.843750 0.875000
vt 0.859375 0.875000
vt 0.835938 0.906250
vt 0.835938 0.937500
vt 0.828125 0.937500
vt 0.828125 0.906250
vt 0.835938 0.968750
vt 0.828125 0.968750
vt 0.820312 0.937500
vt 0.820312 0.906250
vt 0.820313 0.968750
vt 0.835938 0.875000
vt 0.835938 1.000000
vt 0.828125 1.000000
vt 0.820313 1.000000
vt 0.812500 1.000000
vt 0.812500 0.968750
vt 0.812500 0.937500
vt 0.812500 0.906250
vt 0.820312 0.875000
vt 0.812500 0.875000
vt 0.828125 0.875000
vt 0.804688 0.906250
vt 0.804688 0.937500
vt 0.796875 0.937500
vt 0.796875 0.906250
vt 0.804688 0.968750
vt 0.796875 0.968750
vt 0.789063 0.937500
vt 0.789063 0.906250
vt 0.789062 0.968750
vt 0.804688 0.875000
vt 0.804688 1.000000
vt 0.796875 1.000000
vt 0.789063 1.000000
vt 0.781250 1.000000
vt 0.781250 0.968750
vt 0.781250 0.937500
vt 0.781250 0.906250
vt 0.789063 0.875000
vt 0.781250 0.875000
vt 0.796875 0.875000
vt 0.773438 0.906250
vt 0.773438 0.937500
vt 0.765625 0.937500
vt 0.765625 0.906250
vt 0.773438 0.968750
vt 0.765625 0.968750
vt 0.757812 0.937500
vt 0.757813 0.906250
vt 0.757813 0.968750
vt 0.773438 0.875000
vt 0.773438 1.000000
vt 0.765625 1.000000
vt 0.757813 1.000000
vt 0.750000 1.000000
vt 0.750000 0.968750
vt 0.750000 0.937500
vt 0.750000 0.906250
vt 0.757812 0.875000
vt 0.750000 0.875000
vt 0.765625 0.875000
vt 0.742188 0.906250
vt 0.742188 0.937500
vt 0.734375 0.937500
vt 0.734375 0.906250
vt 0.742188 0.968750
vt 0.734375 0.968750
vt 0.726563 0.937500
vt 0.726563 0.906250
vt 0.726563 0.968750
vt 0.742188 0.875000
vt 0.742188 1.000000
vt 0.734375 1.000000
vt 0.726563 1.000000
vt 0.718750 1.000000
vt 0.718750 0.968750
vt 0.718750 0.937500
vt 0.718750 0.906250
vt 0.726563 0.875000
vt 0.718750 0.875000
vt 0.734375 0.875000
vt 0.710938 0.906250
vt 0.710938 0.937500
vt 0.703125 0.937500
vt 0.703125 0.906250
vt 0.710938 0.968750
vt 0.703125 0.968750
vt 0.695313 0.937500
vt 0.695312 0.906250
vt 0.695313 0.968750
vt 0.710938 0.875000
vt 0.710938 1.000000
vt 0.703125 1.000000
vt 0.695313 1.000000
vt 0.687500 1.000000
vt 0.687500 0.968750
vt 0.687500 0.937500
vt 0.687500 0.906250
vt 0.695313 0.875000
vt 0.687500 0.875000
vt 0.703125 0.875000
vt 0.679688 0.906250
vt 0.679688 0.937500
vt 0.671875 0.937500
vt 0.671875 0.906250
vt 0.679688 0.968750
vt 0.671875 0.968750
vt 0.664063 0.937500
vt 0.664062 0.906250
vt 0.664063 0.968750
vt 0.679688 0.875000
vt 0.679688 1.000000
vt 0.671875 1.000000
vt 0.664063 1.000000
vt 0.656250 1.000000
vt 0.656250 0.968750
vt 0.656250 0.937500
vt 0.656250 0.906250
vt 0.664063 0.875000
vt 0.656250 0.875000
vt 0.671875 0.875000
vt 0.648438 0.906250
vt 0.648438 0.937500
vt 0.640625 0.937500
vt 0.640625 0.906250
vt 0.648438 0.968750
vt 0.640625 0.968750
vt 0.632813 0.937500
vt 0.632813 0.906250
vt 0.632813 0.968750
vt 0.648438 0.875000
vt 0.648438 1.000000
vt 0.640625 1.000000
vt 0.632813 1.000000
vt 0.625000 1.000000
vt 0.625000 0.968750
vt 0.625000 0.937500
vt 0.625000 0.906250
vt 0.632813 0.875000
vt 0.625000 0.875000
vt 0.640625 0.875000
vt 0.617188 0.906250
vt 0.617187 0.937500
vt 0.609375 0.937500
vt 0.609375 0.906250
vt 0.617187 0.968750
vt 0.609375 0.968750
vt 0.601563 0.937500
vt 0.601563 0.906250
vt 0.601562 0.968750
vt 0.617188 0.875000
vt 0.617188 1.000000
vt 0.609375 1.000000
vt 0.601563 1.000000
vt 0.593750 1.000000
vt 0.593750 0.968750
vt 0.593750 0.937500
vt 0.593750 0.906250
vt 0.601563 0.875000
vt 0.593750 0.875000
vt 0.609375 0.875000
vt 0.585938 0.906250
vt 0.585938 0.937500
vt 0.578125 0.937500
vt 0.578125 0.906250
vt 0.585938 0.968750
vt 0.578125 0.968750
vt 0.570313 0.937500
vt 0.570312 0.906250
vt 0.570312 0.968750
vt 0.585938 0.875000
vt 0.585938 1.000000
vt 0.578125 1.000000
vt 0.570313 1.000000
vt 0.562500 1.000000
vt 0.562500 0.968750
vt 0.562500 0.937500
vt 0.562500 0.906250
vt 0.570313 0.875000
vt 0.562500 0.875000
vt 0.578125 0.875000
vt 0.554687 0.906250
vt 0.554688 0.937500
vt 0.546875 0.937500
vt 0.546875 0.906250
vt 0.554688 0.968750
vt 0.546875 0.968750
vt 0.539062 0.937500
vt 0.539062 0.906250
vt 0.539063 0.968750
vt 0.554688 0.875000
vt 0.554688 1.000000
vt 0.546875 1.000000
vt 0.539063 1.000000
vt 0.531250 1.000000
vt 0.531250 0.968750
vt 0.531250 0.937500
vt 0.531250 0.906250
vt 0.539062 0.875000
vt 0.531250 0.875000
vt 0.546875 0.875000
vt 0.523438 0.906250
vt 0.523438 0.937500
vt 0.515625 0.937500
vt 0.515625 0.906250
vt 0.523438 0.968750
vt 0.515625 0.968750
vt 0.507812 0.937500
vt 0.507813 0.906250
vt 0.507813 0.968750
vt 0.523438 0.875000
vt 0.523438 1.000000
vt 0.515625 1.000000
vt 0.507813 1.000000
vt 0.500000 1.000000
vt 0.500000 0.968750
vt 0.500000 0.937500
vt 0.500000 0.906250
vt 0.507813 0.875000
vt 0.500000 0.875000
vt 0.515625 0.875000
vt 0.492188 0.906250
vt 0.492188 0.937500
vt 0.484375 0.937500
vt 0.484375 0.906250
vt 0.492188 0.968750
vt 0.484375 0.968750
vt 0.476563 0.937500
vt 0.476563 0.906250
vt 0.476563 0.968750
vt 0.492188 0.875000
vt 0.492188 1.000000
vt 0.484375 1.000000
vt 0.476563 1.000000
vt 0.468750 1.000000
vt 0.468750 0.968750
vt 0.468750 0.937500
vt 0.468750 0.906250
vt 0.476563 0.875000
vt 0.468750 0.875000
vt 0.484375 0.875000
vt 0.460938 0.906250
vt 0.460938 0.937500
vt 0.453125 0.937500
vt 0.453125 0.906250
vt 0.460938 0.968750
vt 0.453125 0.968750
vt 0.445313 0.937500
vt 0.445313 0.906250
vt 0.445312 0.968750
vt 0.460938 0.875000
vt 0.460938 1.000000
vt 0.453125 1.000000
vt 0.445313 1.000000
vt 0.437500 1.000000
vt 0.437500 0.968750
vt 0.437500 0.937500
vt 0.437500 0.906250
vt 0.445313 0.875000
vt 0.437500 0.875000
vt 0.453125 0.875000
vt 0.429688 0.906250
vt 0.429688 0.937500
vt 0.421875 0.937500
vt 0.421875 0.906250
vt 0.429688 0.968750
vt 0.421875 0.968750
vt 0.414063 0.937500
vt 0.414063 0.906250
vt 0.414062 0.968750
vt 0.429688 0.875000
vt 0.429688 1.000000
vt 0.421875 1.000000
vt 0.414063 1.000000
vt 0.406250 1.000000
vt 0.406250 0.968750
vt 0.406250 0.937500
vt 0.406250 0.906250
vt 0.414063 0.875000
vt 0.406250 0.875000
vt 0.421875 0.875000
vt 0.398438 0.906250
vt 0.398438 0.937500
vt 0.390625 0.937500
vt 0.390625 0.906250
vt 0.398438 0.968750
vt 0.390625 0.968750
vt 0.382812 0.937500
vt 0.382813 0.906250
vt 0.382813 0.968750
vt 0.398438 0.875000
vt 0.398438 1.000000
vt 0.390625 1.000000
vt 0.382813 1.000000
vt 0.375000 1.000000
vt 0.375000 0.968750
vt 0.375000 0.937500
vt 0.375000 0.906250
vt 0.382813 0.875000
vt 0.375000 0.875000
vt 0.390625 0.875000
vt 0.367227 0.906250
vt 0.367221 0.937500
vt 0.359646 0.937500
vt 0.359694 0.906250
vt 0.367207 0.968750
vt 0.359531 0.968750
vt 0.352505 0.937500
vt 0.352642 0.906250
vt 0.352147 0.968750
vt 0.367228 0.875000
vt 0.367188 1.000000
vt 0.359375 1.000000
vt 0.351563 1.000000
vt 0.343750 1.000000
vt 0.345568 0.968750
vt 0.346137 0.937500
vt 0.346327 0.906250
vt 0.352661 0.875000
vt 0.346354 0.875000
vt 0.359701 0.875000
vt 0.324179 0.906250
vt 0.324185 0.937500
vt 0.320041 0.937500
vt 0.319994 0.906250
vt 0.324199 0.968750
vt 0.320157 0.968750
vt 0.315464 0.937500
vt 0.315327 0.906250
vt 0.315822 0.968750
vt 0.328125 0.875000
vt 0.328125 0.906250
vt 0.324178 0.875000
vt 0.328125 0.937500
vt 0.328125 0.968750
vt 0.328125 1.000000
vt 0.324219 1.000000
vt 0.320313 1.000000
vt 0.316406 1.000000
vt 0.312500 1.000000
vt 0.310683 0.968750
vt 0.310113 0.937500
vt 0.309923 0.906250
vt 0.315308 0.875000
vt 0.309896 0.875000
vt 0.319987 0.875000
vt 0.303608 0.906250
vt 0.303745 0.937500
vt 0.296604 0.937500
vt 0.296556 0.906250
vt 0.304103 0.968750
vt 0.296719 0.968750
vt 0.289029 0.937500
vt 0.289023 0.906250
vt 0.289043 0.968750
vt 0.303589 0.875000
vt 0.304688 1.000000
vt 0.296875 1.000000
vt 0.289063 1.000000
vt 0.281250 1.000000
vt 0.281250 0.968750
vt 0.281250 0.937500
vt 0.281250 0.906250
vt 0.289022 0.875000
vt 0.281250 0.875000
vt 0.296549 0.875000
vt 0.273438 0.906250
vt 0.273438 0.937500
vt 0.265625 0.937500
vt 0.265625 0.906250
vt 0.273438 0.968750
vt 0.265625 0.968750
vt 0.257813 0.937500
vt 0.257812 0.906250
vt 0.257813 0.968750
vt 0.273438 0.875000
vt 0.273438 1.000000
vt 0.265625 1.000000
vt 0.257813 1.000000
vt 0.250000 1.000000
vt 0.250000 0.968750
vt 0.250000 0.937500
vt 0.250000 0.906250
vt 0.257813 0.875000
vt 0.250000 0.875000
vt 0.265625 0.875000
vt 0.242188 0.906250
vt 0.242188 0.937500
vt 0.234375 0.937500
vt 0.234375 0.906250
vt 0.242188 0.968750
vt 0.234375 0.968750
vt 0.226563 0.937500
vt 0.226562 0.906250
vt 0.226562 0.968750
vt 0.242188 0.875000
vt 0.242188 1.000000
vt 0.234375 1.000000
vt 0.226563 1.000000
vt 0.218750 1.000000
vt 0.218750 0.968750
vt 0.218750 0.937500
vt 0.218750 0.906250
vt 0.226563 0.875000
vt 0.218750 0.875000
vt 0.234375 0.875000
vt 0.210937 0.906250
vt 0.210938 0.937500
vt 0.203125 0.937500
vt 0.203125 0.906250
vt 0.210938 0.968750
vt 0.203125 0.968750
vt 0.195312 0.937500
vt 0.195312 0.906250
vt 0.195313 0.968750
vt 0.210938 0.875000
vt 0.210938 1.000000
vt 0.203125 1.000000
vt 0.195313 1.000000
vt 0.187500 1.000000
vt 0.187500 0.968750
vt 0.187500 0.937500
vt 0.187500 0.906250
vt 0.195312 0.875000
vt 0.187500 0.875000
vt 0.203125 0.875000
vt 0.179688 0.906250
vt 0.179688 0.937500
vt 0.171875 0.937500
vt 0.171875 0.906250
vt 0.179688 0.968750
vt 0.171875 0.968750
vt 0.164063 0.937500
vt 0.164063 0.906250
vt 0.164063 0.968750
vt 0.179688 0.875000
vt 0.179688 1.000000
vt 0.171875 1.000000
vt 0.164063 1.000000
vt 0.156250 1.000000
vt 0.156250 0.968750
vt 0.156250 0.937500
vt 0.156250 0.906250
vt 0.164063 0.875000
vt 0.156250 0.875000
vt 0.171875 0.875000
vt 0.148438 0.906250
vt 0.148438 0.937500
vt 0.140625 0.937500
vt 0.140625 0.906250
vt 0.148438 0.968750
vt 0.140625 0.968750
vt 0.132813 0.937500
vt 0.132813 0.906250
vt 0.132813 0.968750
vt 0.148438 0.875000
vt 0.148438 1.000000
vt 0.140625 1.000000
vt 0.132813 1.000000
vt 0.125000 1.000000
vt 0.125000 0.968750
vt 0.125000 0.937500
vt 0.125000 0.906250
vt 0.132813 0.875000
vt 0.125000 0.875000
vt 0.140625 0.875000
vt 0.117188 0.906250
vt 0.117188 0.937500
vt 0.109375 0.937500
vt 0.109375 0.906250
vt 0.117188 0.968750
vt 0.109375 0.968750
vt 0.101562 0.937500
vt 0.101563 0.906250
vt 0.101563 0.968750
vt 0.117188 0.875000
vt 0.117188 1.000000
vt 0.109375 1.000000
vt 0.101563 1.000000
vt 0.093750 1.000000
vt 0.093750 0.968750
vt 0.093750 0.937500
vt 0.093750 0.906250
vt 0.101563 0.875000
vt 0.093750 0.875000
vt 0.109375 0.875000
vt 0.085938 0.906250
vt 0.085938 0.937500
vt 0.078125 0.937500
vt 0.078125 0.906250
vt 0.085938 0.968750
vt 0.078125 0.968750
vt 0.070313 0.937500
vt 0.070312 0.906250
vt 0.070312 0.968750
vt 0.085938 0.875000
vt 0.085938 1.000000
vt 0.078125 1.000000
vt 0.070313 1.000000
vt 0.062500 1.000000
vt 0.062500 0.968750
vt 0.062500 0.937500
vt 0.062500 0.906250
vt 0.070312 0.875000
vt 0.062500 0.875000
vt 0.078125 0.875000
vt 0.284736 0.431004
vt 0.262790 0.401605
vt 0.243617 0.246588
vt 0.292313 0.395733
vt 0.248582 0.434565
vt 0.232689 0.401605
vt 0.262790 0.401605
vt 0.212427 0.431004
vt 0.203165 0.395733
vt 0.232689 0.401605
vt 0.177662 0.420458
vt 0.175355 0.384213
vt 0.203165 0.395733
vt 0.145622 0.403332
vt 0.150326 0.367490
vt 0.117538 0.380285
vt 0.129041 0.346205
vt 0.150326 0.367490
vt 0.094491 0.352202
vt 0.112318 0.321176
vt 0.077366 0.320162
vt 0.100798 0.293366
vt 0.112318 0.321176
vt 0.066820 0.285396
vt 0.094926 0.263843
vt 0.063259 0.249242
vt 0.094916 0.233759
vt 0.094926 0.263842
vt 0.066781 0.213159
vt 0.100378 0.204988
vt 0.094916 0.233759
vt 0.075799 0.181185
vt 0.108047 0.183671
vt 0.100378 0.204988
vt 0.084805 0.161702
vt 0.115984 0.168821
vt 0.108047 0.183671
vt 0.096002 0.143388
vt 0.129448 0.150601
vt 0.115984 0.168821
vt 0.117577 0.118127
vt 0.150336 0.130075
vt 0.145622 0.095152
vt 0.175355 0.113370
vt 0.150336 0.130075
vt 0.177662 0.078026
vt 0.203165 0.101851
vt 0.175355 0.113370
vt 0.212427 0.067480
vt 0.232689 0.095978
vt 0.248582 0.063919
vt 0.262790 0.095978
vt 0.232689 0.095978
vt 0.284736 0.067480
vt 0.292313 0.101851
vt 0.262790 0.095978
vt 0.319502 0.078026
vt 0.320124 0.113370
vt 0.292313 0.101851
vt 0.351541 0.095151
vt 0.345152 0.130094
vt 0.320124 0.113370
vt 0.379625 0.118199
vt 0.366437 0.151379
vt 0.402672 0.146282
vt 0.383161 0.176407
vt 0.366438 0.151379
vt 0.419798 0.178322
vt 0.394681 0.204218
vt 0.383161 0.176407
vt 0.430344 0.213087
vt 0.400553 0.233741
vt 0.394681 0.204218
vt 0.433904 0.249242
vt 0.400553 0.263843
vt 0.430344 0.285397
vt 0.394680 0.293366
vt 0.400553 0.263843
vt 0.419798 0.320162
vt 0.383161 0.321176
vt 0.394681 0.293366
vt 0.402672 0.352202
vt 0.366437 0.346205
vt 0.383161 0.321176
vt 0.379625 0.380285
vt 0.345152 0.367490
vt 0.351541 0.403332
vt 0.320124 0.384213
vt 0.319502 0.420458
vt 0.320124 0.384213
vt 0.296822 0.485389
vt 0.285116 0.486541
vt 0.308077 0.481974
vt 0.273411 0.487694
vt 0.319333 0.478560
vt 0.250000 0.490000
vt 0.238295 0.488847
vt 0.261705 0.488847
vt 0.226589 0.487694
vt 0.203178 0.485389
vt 0.191923 0.481974
vt 0.214884 0.486541
vt 0.180667 0.478560
vt 0.158156 0.471731
vt 0.147783 0.466187
vt 0.169412 0.475145
vt 0.137410 0.460642
vt 0.116663 0.449553
vt 0.107571 0.442091
vt 0.127036 0.455097
vt 0.098479 0.434629
vt 0.080294 0.419706
vt 0.072833 0.410613
vt 0.089387 0.427167
vt 0.065371 0.401521
vt 0.098479 0.434629
vt 0.050447 0.383337
vt 0.044903 0.372964
vt 0.057909 0.392429
vt 0.039358 0.362590
vt 0.028269 0.341844
vt 0.024855 0.330588
vt 0.033814 0.352217
vt 0.021440 0.319333
vt 0.039358 0.362590
vt 0.014612 0.296822
vt 0.013459 0.285116
vt 0.018026 0.308077
vt 0.012306 0.273411
vt 0.021440 0.319333
vt 0.010000 0.250000
vt 0.011153 0.238295
vt 0.011153 0.261705
vt 0.012306 0.226589
vt 0.014612 0.203178
vt 0.018026 0.191923
vt 0.013459 0.214884
vt 0.021440 0.180667
vt 0.028269 0.158156
vt 0.031041 0.152969
vt 0.024855 0.169412
vt 0.033814 0.147783
vt 0.039358 0.137410
vt 0.042130 0.132223
vt 0.036586 0.142596
vt 0.044903 0.127036
vt 0.050447 0.116663
vt 0.057909 0.107571
vt 0.047675 0.121850
vt 0.065371 0.098479
vt 0.080294 0.080294
vt 0.089387 0.072833
vt 0.072833 0.089387
vt 0.098479 0.065371
vt 0.065371 0.098479
vt 0.116663 0.050447
vt 0.127036 0.044903
vt 0.107571 0.057909
vt 0.137410 0.039358
vt 0.098479 0.065371
vt 0.158156 0.028269
vt 0.169412 0.024855
vt 0.147783 0.033814
vt 0.180667 0.021440
vt 0.203178 0.014612
vt 0.214884 0.013459
vt 0.191923 0.018026
vt 0.226589 0.012306
vt 0.250000 0.010000
vt 0.261705 0.011153
vt 0.238295 0.011153
vt 0.273411 0.012306
vt 0.296822 0.014612
vt 0.308077 0.018026
vt 0.285116 0.013459
vt 0.319333 0.021440
vt 0.341844 0.028269
vt 0.352217 0.033814
vt 0.330588 0.024855
vt 0.362590 0.039358
vt 0.319333 0.021440
vt 0.383337 0.050447
vt 0.392429 0.057909
vt 0.372964 0.044903
vt 0.401521 0.065371
vt 0.362590 0.039358
vt 0.419706 0.080294
vt 0.427167 0.089387
vt 0.410613 0.072833
vt 0.434629 0.098479
vt 0.449553 0.116663
vt 0.455097 0.127036
vt 0.442091 0.107571
vt 0.460642 0.137410
vt 0.434629 0.098479
vt 0.471731 0.158156
vt 0.475145 0.169412
vt 0.466187 0.147783
vt 0.478560 0.180667
vt 0.485389 0.203178
vt 0.486541 0.214884
vt 0.481974 0.191923
vt 0.487694 0.226589
vt 0.490000 0.250000
vt 0.488847 0.261705
vt 0.488847 0.238295
vt 0.487694 0.273411
vt 0.485389 0.296822
vt 0.481974 0.308077
vt 0.486541 0.285116
vt 0.478560 0.319333
vt 0.471731 0.341844
vt 0.466187 0.352217
vt 0.475145 0.330588
vt 0.460642 0.362590
vt 0.478560 0.319333
vt 0.449553 0.383337
vt 0.442091 0.392429
vt 0.455097 0.372964
vt 0.434629 0.401521
vt 0.460642 0.362590
vt 0.419706 0.419706
vt 0.410613 0.427167
vt 0.427167 0.410613
vt 0.401521 0.434629
vt 0.383337 0.449553
vt 0.372964 0.455097
vt 0.392429 0.442091
vt 0.362590 0.460642
vt 0.341844 0.471731
vt 0.330588 0.475145
vt 0.352217 0.466187
vt 0.319333 0.478560
vt 0.362590 0.460642
vt 0.054688 0.906250
vt 0.054687 0.937500
vt 0.046875 0.937500
vt 0.046875 0.906250
vt 0.054687 0.968750
vt 0.046875 0.968750
vt 0.039063 0.937500
vt 0.039062 0.906250
vt 0.039063 0.968750
vt 0.054688 0.875000
vt 0.054688 1.000000
vt 0.046875 1.000000
vt 0.039063 1.000000
vt 0.031250 1.000000
vt 0.031250 0.968750
vt 0.031250 0.937500
vt 0.031250 0.906250
vt 0.039063 0.875000
vt 0.031250 0.875000
vt 0.046875 0.875000
vt 0.023438 0.906250
vt 0.023438 0.937500
vt 0.015625 0.937500
vt 0.015625 0.906250
vt 0.023438 0.968750
vt 0.015625 0.968750
vt 0.007813 0.937500
vt 0.007813 0.906250
vt 0.007812 0.968750
vt 0.023438 0.875000
vt 0.023438 1.000000
vt 0.015625 1.000000
vt 0.007813 1.000000
vt 0.000000 1.000000
vt 0.000000 0.968750
vt 0.000000 0.937500
vt 0.000000 0.906250
vt 0.007812 0.875000
vt 0.000000 0.875000
vt 0.015625 0.875000
vt 0.748582 0.434565
vt 0.762790 0.401605
vt 0.743617 0.246588
vt 0.732688 0.401605
vt 0.784736 0.431004
vt 0.792313 0.395733
vt 0.762790 0.401605
vt 0.819502 0.420458
vt 0.820124 0.384213
vt 0.792313 0.395733
vt 0.851541 0.403332
vt 0.845152 0.367490
vt 0.879625 0.380285
vt 0.866438 0.346205
vt 0.845152 0.367490
vt 0.902672 0.352202
vt 0.883161 0.321176
vt 0.919798 0.320162
vt 0.894681 0.293366
vt 0.883161 0.321176
vt 0.930344 0.285396
vt 0.900553 0.263843
vt 0.894680 0.293366
vt 0.933905 0.249242
vt 0.900553 0.233741
vt 0.900553 0.263843
vt 0.930344 0.213087
vt 0.894681 0.204218
vt 0.900553 0.233741
vt 0.919797 0.178322
vt 0.883161 0.176407
vt 0.894681 0.204218
vt 0.902672 0.146282
vt 0.866437 0.151379
vt 0.883161 0.176407
vt 0.879625 0.118199
vt 0.845152 0.130094
vt 0.866438 0.151379
vt 0.851541 0.095152
vt 0.820124 0.113370
vt 0.845152 0.130094
vt 0.819502 0.078026
vt 0.792313 0.101851
vt 0.820124 0.113370
vt 0.784736 0.067480
vt 0.762790 0.095978
vt 0.792314 0.101851
vt 0.748582 0.063919
vt 0.732689 0.095978
vt 0.762790 0.095978
vt 0.712427 0.067480
vt 0.703165 0.101851
vt 0.732689 0.095978
vt 0.677662 0.078026
vt 0.675355 0.113370
vt 0.703165 0.101851
vt 0.645622 0.095152
vt 0.650336 0.130075
vt 0.675355 0.113370
vt 0.617577 0.118127
vt 0.629448 0.150601
vt 0.650336 0.130076
vt 0.596002 0.143388
vt 0.615984 0.168821
vt 0.629448 0.150601
vt 0.584805 0.161702
vt 0.608047 0.183671
vt 0.615984 0.168821
vt 0.575799 0.181185
vt 0.600378 0.204987
vt 0.608047 0.183671
vt 0.566781 0.213159
vt 0.594916 0.233759
vt 0.600378 0.204987
vt 0.563259 0.249242
vt 0.594926 0.263843
vt 0.594916 0.233759
vt 0.566820 0.285397
vt 0.600798 0.293366
vt 0.577366 0.320162
vt 0.612318 0.321176
vt 0.594491 0.352202
vt 0.629041 0.346205
vt 0.617538 0.380285
vt 0.650326 0.367490
vt 0.629041 0.346205
vt 0.645622 0.403332
vt 0.675355 0.384213
vt 0.677662 0.420458
vt 0.703165 0.395733
vt 0.675355 0.384213
vt 0.712427 0.431004
vt 0.732688 0.401605
vt 0.703165 0.395733
vt 0.750000 0.490000
vt 0.761706 0.488847
vt 0.738295 0.488847
vt 0.773411 0.487694
vt 0.726589 0.487694
vt 0.796822 0.485389
vt 0.808077 0.481974
vt 0.785116 0.486541
vt 0.819333 0.478560
vt 0.773411 0.487694
vt 0.841844 0.471731
vt 0.852217 0.466187
vt 0.830589 0.475145
vt 0.862591 0.460642
vt 0.883337 0.449553
vt 0.892429 0.442091
vt 0.872964 0.455097
vt 0.901521 0.434629
vt 0.862590 0.460642
vt 0.919706 0.419706
vt 0.927168 0.410613
vt 0.910614 0.427167
vt 0.934629 0.401521
vt 0.949553 0.383337
vt 0.955097 0.372964
vt 0.942091 0.392429
vt 0.960642 0.362590
vt 0.971731 0.341844
vt 0.975146 0.330588
vt 0.966187 0.352217
vt 0.978560 0.319333
vt 0.960642 0.362590
vt 0.985389 0.296822
vt 0.986542 0.285116
vt 0.981974 0.308077
vt 0.987694 0.273411
vt 0.978560 0.319333
vt 0.990000 0.250000
vt 0.988847 0.238295
vt 0.988847 0.261705
vt 0.987694 0.226589
vt 0.987694 0.273411
vt 0.985389 0.203178
vt 0.981974 0.191923
vt 0.986542 0.214884
vt 0.978560 0.180667
vt 0.987694 0.226589
vt 0.971731 0.158156
vt 0.966187 0.147783
vt 0.975146 0.169412
vt 0.960642 0.137410
vt 0.949553 0.116663
vt 0.942091 0.107571
vt 0.955097 0.127036
vt 0.934629 0.098479
vt 0.919706 0.080294
vt 0.910614 0.072833
vt 0.927168 0.089387
vt 0.901521 0.065371
vt 0.934629 0.098479
vt 0.883337 0.050447
vt 0.872964 0.044903
vt 0.892429 0.057909
vt 0.862590 0.039358
vt 0.841844 0.028269
vt 0.830589 0.024855
vt 0.852217 0.033814
vt 0.819333 0.021440
vt 0.862591 0.039358
vt 0.796822 0.014612
vt 0.785116 0.013459
vt 0.808077 0.018026
vt 0.773411 0.012306
vt 0.750000 0.010000
vt 0.738295 0.011153
vt 0.761706 0.011153
vt 0.726589 0.012306
vt 0.773411 0.012306
vt 0.703178 0.014612
vt 0.691923 0.018026
vt 0.714884 0.013459
vt 0.680667 0.021440
vt 0.726589 0.012306
vt 0.658156 0.028269
vt 0.647783 0.033814
vt 0.669412 0.024855
vt 0.637410 0.039358
vt 0.680667 0.021440
vt 0.616663 0.050447
vt 0.607571 0.057909
vt 0.627036 0.044903
vt 0.598479 0.065371
vt 0.580294 0.080294
vt 0.572833 0.089387
vt 0.589387 0.072833
vt 0.565371 0.098479
vt 0.598479 0.065371
vt 0.550447 0.116663
vt 0.547675 0.121850
vt 0.557909 0.107571
vt 0.544903 0.127036
vt 0.565371 0.098479
vt 0.539358 0.137410
vt 0.536586 0.142596
vt 0.542130 0.132223
vt 0.533814 0.147783
vt 0.528269 0.158156
vt 0.524855 0.169412
vt 0.531041 0.152969
vt 0.521440 0.180667
vt 0.514612 0.203178
vt 0.513459 0.214884
vt 0.518026 0.191923
vt 0.512306 0.226589
vt 0.510000 0.250000
vt 0.511153 0.261705
vt 0.511153 0.238295
vt 0.512306 0.273411
vt 0.514612 0.296822
vt 0.518026 0.308077
vt 0.513459 0.285116
vt 0.521440 0.319333
vt 0.528269 0.341844
vt 0.533814 0.352217
vt 0.524855 0.330588
vt 0.539358 0.362590
vt 0.521440 0.319333
vt 0.550447 0.383337
vt 0.557909 0.392429
vt 0.544903 0.372964
vt 0.565371 0.401521
vt 0.539358 0.362590
vt 0.580294 0.419706
vt 0.589387 0.427167
vt 0.572833 0.410613
vt 0.598479 0.434629
vt 0.565371 0.401521
vt 0.616663 0.449553
vt 0.627036 0.455097
vt 0.607571 0.442091
vt 0.637410 0.460642
vt 0.598479 0.434629
vt 0.658156 0.471731
vt 0.669412 0.475145
vt 0.647783 0.466187
vt 0.680667 0.478560
vt 0.703178 0.485389
vt 0.714884 0.486541
vt 0.691923 0.481974
vt 0.726589 0.487694
vt 0.023438 0.562181
vt 0.023438 0.622450
vt 0.015625 0.622830
vt 0.015625 0.562229
vt 0.023438 0.678867
vt 0.015625 0.679959
vt 0.007813 0.623752
vt 0.007813 0.562344
vt 0.007812 0.682828
vt 0.031250 0.500000
vt 0.031250 0.562175
vt 0.023438 0.500000
vt 0.031250 0.622396
vt 0.031250 0.678711
vt 0.031250 0.729167
vt 0.023438 0.729384
vt 0.015625 0.730903
vt 0.007812 0.735460
vt 0.000000 0.750000
vt 0.000000 0.687500
vt 0.000000 0.625000
vt 0.000000 0.562500
vt 0.007813 0.500000
vt 0.000000 0.500000
vt 0.015625 0.500000
vt 0.054687 0.562175
vt 0.054688 0.622396
vt 0.046875 0.622396
vt 0.046875 0.562175
vt 0.054688 0.678711
vt 0.046875 0.678711
vt 0.039063 0.622396
vt 0.039063 0.562175
vt 0.039062 0.678711
vt 0.062500 0.500000
vt 0.062500 0.562175
vt 0.054688 0.500000
vt 0.062500 0.622396
vt 0.062500 0.678711
vt 0.062500 0.729167
vt 0.054687 0.729167
vt 0.046875 0.729167
vt 0.039063 0.729167
vt 0.039063 0.500000
vt 0.046875 0.500000
vt 0.085938 0.562175
vt 0.085937 0.622396
vt 0.078125 0.622396
vt 0.078125 0.562175
vt 0.085938 0.678711
vt 0.078125 0.678711
vt 0.070312 0.622396
vt 0.070313 0.562175
vt 0.070312 0.678711
vt 0.093750 0.500000
vt 0.093750 0.562175
vt 0.085938 0.500000
vt 0.093750 0.622396
vt 0.093750 0.678711
vt 0.093750 0.729167
vt 0.085937 0.729167
vt 0.078125 0.729167
vt 0.070312 0.729167
vt 0.070313 0.500000
vt 0.078125 0.500000
vt 0.117188 0.562175
vt 0.117188 0.622396
vt 0.109375 0.622396
vt 0.109375 0.562175
vt 0.117188 0.678711
vt 0.109375 0.678711
vt 0.101563 0.622396
vt 0.101562 0.562175
vt 0.101563 0.678711
vt 0.125000 0.500000
vt 0.125000 0.562175
vt 0.117188 0.500000
vt 0.125000 0.622396
vt 0.125000 0.678711
vt 0.125000 0.729167
vt 0.117188 0.729167
vt 0.109375 0.729167
vt 0.101563 0.729167
vt 0.101563 0.500000
vt 0.109375 0.500000
vt 0.148438 0.562175
vt 0.148438 0.622396
vt 0.140625 0.622396
vt 0.140625 0.562175
vt 0.148438 0.678711
vt 0.140625 0.678711
vt 0.132813 0.622396
vt 0.132813 0.562175
vt 0.132813 0.678711
vt 0.156250 0.500000
vt 0.156250 0.562175
vt 0.148438 0.500000
vt 0.156250 0.622396
vt 0.156250 0.678711
vt 0.156250 0.729167
vt 0.148438 0.729167
vt 0.140625 0.729167
vt 0.132813 0.729167
vt 0.132813 0.500000
vt 0.140625 0.500000
vt 0.179688 0.562175
vt 0.179688 0.622396
vt 0.171875 0.622396
vt 0.171875 0.562175
vt 0.179688 0.678711
vt 0.171875 0.678711
vt 0.164063 0.622396
vt 0.164063 0.562175
vt 0.164063 0.678711
vt 0.187500 0.500000
vt 0.187500 0.562175
vt 0.179688 0.500000
vt 0.187500 0.622396
vt 0.187500 0.678711
vt 0.187500 0.729167
vt 0.179688 0.729167
vt 0.171875 0.729167
vt 0.164063 0.729167
vt 0.164063 0.500000
vt 0.171875 0.500000
vt 0.210938 0.562175
vt 0.210938 0.622396
vt 0.203125 0.622396
vt 0.203125 0.562175
vt 0.210938 0.678711
vt 0.203125 0.678711
vt 0.195313 0.622396
vt 0.195312 0.562175
vt 0.195313 0.678711
vt 0.218750 0.500000
vt 0.218750 0.562175
vt 0.210938 0.500000
vt 0.218750 0.622396
vt 0.218750 0.678711
vt 0.218750 0.729167
vt 0.210938 0.729167
vt 0.203125 0.729167
vt 0.195313 0.729167
vt 0.195313 0.500000
vt 0.203125 0.500000
vt 0.242188 0.562175
vt 0.242188 0.622396
vt 0.234375 0.622396
vt 0.234375 0.562175
vt 0.242188 0.678711
vt 0.234375 0.678711
vt 0.226563 0.622396
vt 0.226563 0.562175
vt 0.226562 0.678711
vt 0.250000 0.500000
vt 0.250000 0.562175
vt 0.242188 0.500000
vt 0.250000 0.622396
vt 0.250000 0.678711
vt 0.250000 0.729167
vt 0.242188 0.729167
vt 0.234375 0.729167
vt 0.226563 0.729167
vt 0.226563 0.500000
vt 0.234375 0.500000
vt 0.273438 0.562175
vt 0.273438 0.622396
vt 0.265625 0.622396
vt 0.265625 0.562175
vt 0.273438 0.678711
vt 0.265625 0.678711
vt 0.257813 0.622396
vt 0.257813 0.562175
vt 0.257812 0.678711
vt 0.281250 0.500000
vt 0.281250 0.562175
vt 0.273438 0.500000
vt 0.281250 0.622396
vt 0.281250 0.678711
vt 0.281250 0.729167
vt 0.273438 0.729167
vt 0.265625 0.729167
vt 0.257813 0.729167
vt 0.257813 0.500000
vt 0.265625 0.500000
vt 0.304103 0.562175
vt 0.303745 0.622396
vt 0.296604 0.622396
vt 0.296719 0.562175
vt 0.303608 0.678711
vt 0.296556 0.678711
vt 0.289029 0.622396
vt 0.289043 0.562175
vt 0.289023 0.678711
vt 0.312500 0.500000
vt 0.310683 0.562175
vt 0.304688 0.500000
vt 0.310113 0.622396
vt 0.309923 0.678711
vt 0.309896 0.729167
vt 0.303589 0.729167
vt 0.296549 0.729167
vt 0.289022 0.729167
vt 0.289063 0.500000
vt 0.296875 0.500000
vt 0.324199 0.562175
vt 0.324185 0.622396
vt 0.320041 0.622396
vt 0.320157 0.562175
vt 0.324179 0.678711
vt 0.319994 0.678711
vt 0.315464 0.622396
vt 0.315822 0.562175
vt 0.315327 0.678711
vt 0.328125 0.500000
vt 0.328125 0.562175
vt 0.324219 0.500000
vt 0.328125 0.622396
vt 0.328125 0.678711
vt 0.328125 0.729167
vt 0.324178 0.729167
vt 0.319987 0.729167
vt 0.315308 0.729167
vt 0.316406 0.500000
vt 0.320313 0.500000
vt 0.367207 0.562175
vt 0.367221 0.622396
vt 0.359646 0.622396
vt 0.359531 0.562175
vt 0.367227 0.678711
vt 0.359694 0.678711
vt 0.352505 0.622396
vt 0.352147 0.562175
vt 0.352642 0.678711
vt 0.375000 0.500000
vt 0.375000 0.562175
vt 0.367188 0.500000
vt 0.375000 0.622396
vt 0.375000 0.678711
vt 0.375000 0.729167
vt 0.367228 0.729167
vt 0.359701 0.729167
vt 0.352661 0.729167
vt 0.346354 0.729167
vt 0.346327 0.678711
vt 0.346137 0.622396
vt 0.345568 0.562175
vt 0.351563 0.500000
vt 0.343750 0.500000
vt 0.359375 0.500000
vt 0.398438 0.562175
vt 0.398438 0.622396
vt 0.390625 0.622396
vt 0.390625 0.562175
vt 0.398438 0.678711
vt 0.390625 0.678711
vt 0.382812 0.622396
vt 0.382812 0.562175
vt 0.382813 0.678711
vt 0.406250 0.500000
vt 0.406250 0.562175
vt 0.398438 0.500000
vt 0.406250 0.622396
vt 0.406250 0.678711
vt 0.406250 0.729167
vt 0.398438 0.729167
vt 0.390625 0.729167
vt 0.382812 0.729167
vt 0.382813 0.500000
vt 0.390625 0.500000
vt 0.429688 0.562175
vt 0.429688 0.622396
vt 0.421875 0.622396
vt 0.421875 0.562175
vt 0.429688 0.678711
vt 0.421875 0.678711
vt 0.414063 0.622396
vt 0.414062 0.562175
vt 0.414062 0.678711
vt 0.437500 0.500000
vt 0.437500 0.562175
vt 0.429688 0.500000
vt 0.437500 0.622396
vt 0.437500 0.678711
vt 0.437500 0.729167
vt 0.429688 0.729167
vt 0.421875 0.729167
vt 0.414063 0.729167
vt 0.414063 0.500000
vt 0.421875 0.500000
vt 0.460938 0.562175
vt 0.460938 0.622396
vt 0.453125 0.622396
vt 0.453125 0.562175
vt 0.460938 0.678711
vt 0.453125 0.678711
vt 0.445313 0.622396
vt 0.445313 0.562175
vt 0.445313 0.678711
vt 0.468750 0.500000
vt 0.468750 0.562175
vt 0.460938 0.500000
vt 0.468750 0.622396
vt 0.468750 0.678711
vt 0.468750 0.729167
vt 0.460938 0.729167
vt 0.453125 0.729167
vt 0.445313 0.729167
vt 0.445313 0.500000
vt 0.453125 0.500000
vt 0.492188 0.562175
vt 0.492188 0.622396
vt 0.484375 0.622396
vt 0.484375 0.562175
vt 0.492188 0.678711
vt 0.484375 0.678711
vt 0.476563 0.622396
vt 0.476563 0.562175
vt 0.476563 0.678711
vt 0.500000 0.500000
vt 0.500000 0.562175
vt 0.492188 0.500000
vt 0.500000 0.622396
vt 0.500000 0.678711
vt 0.500000 0.729167
vt 0.492188 0.729167
vt 0.484375 0.729167
vt 0.476563 0.729167
vt 0.476563 0.500000
vt 0.484375 0.500000
vt 0.523438 0.562175
vt 0.523438 0.622396
vt 0.515625 0.622396
vt 0.515625 0.562175
vt 0.523438 0.678711
vt 0.515625 0.678711
vt 0.507813 0.622396
vt 0.507812 0.562175
vt 0.507813 0.678711
vt 0.531250 0.500000
vt 0.531250 0.562175
vt 0.523438 0.500000
vt 0.531250 0.622396
vt 0.531250 0.678711
vt 0.531250 0.729167
vt 0.523438 0.729167
vt 0.515625 0.729167
vt 0.507813 0.729167
vt 0.507813 0.500000
vt 0.515625 0.500000
vt 0.554688 0.562175
vt 0.554688 0.622396
vt 0.546875 0.622396
vt 0.546875 0.562175
vt 0.554687 0.678711
vt 0.546875 0.678711
vt 0.539062 0.622396
vt 0.539062 0.562175
vt 0.539062 0.678711
vt 0.562500 0.500000
vt 0.562500 0.562175
vt 0.554688 0.500000
vt 0.562500 0.622396
vt 0.562500 0.678711
vt 0.562500 0.729167
vt 0.554688 0.729167
vt 0.546875 0.729167
vt 0.539062 0.729167
vt 0.539063 0.500000
vt 0.546875 0.500000
vt 0.585938 0.562175
vt 0.585938 0.622396
vt 0.578125 0.622396
vt 0.578125 0.562175
vt 0.585938 0.678711
vt 0.578125 0.678711
vt 0.570313 0.622396
vt 0.570313 0.562175
vt 0.570312 0.678711
vt 0.593750 0.500000
vt 0.593750 0.562175
vt 0.585938 0.500000
vt 0.593750 0.622396
vt 0.593750 0.678711
vt 0.593750 0.729167
vt 0.585938 0.729167
vt 0.578125 0.729167
vt 0.570313 0.729167
vt 0.570313 0.500000
vt 0.578125 0.500000
vt 0.617187 0.562175
vt 0.617188 0.622396
vt 0.609375 0.622396
vt 0.609375 0.562175
vt 0.617188 0.678711
vt 0.609375 0.678711
vt 0.601563 0.622396
vt 0.601563 0.562175
vt 0.601563 0.678711
vt 0.625000 0.500000
vt 0.625000 0.562175
vt 0.617188 0.500000
vt 0.625000 0.622396
vt 0.625000 0.678711
vt 0.625000 0.729167
vt 0.617188 0.729167
vt 0.609375 0.729167
vt 0.601563 0.729167
vt 0.601563 0.500000
vt 0.609375 0.500000
vt 0.648438 0.562175
vt 0.648438 0.622396
vt 0.640625 0.622396
vt 0.640625 0.562175
vt 0.648438 0.678711
vt 0.640625 0.678711
vt 0.632813 0.622396
vt 0.632813 0.562175
vt 0.632813 0.678711
vt 0.656250 0.500000
vt 0.656250 0.562175
vt 0.648438 0.500000
vt 0.656250 0.622396
vt 0.656250 0.678711
vt 0.656250 0.729167
vt 0.648438 0.729167
vt 0.640625 0.729167
vt 0.632813 0.729167
vt 0.632813 0.500000
vt 0.640625 0.500000
vt 0.679688 0.562175
vt 0.679688 0.622396
vt 0.671875 0.622396
vt 0.671875 0.562175
vt 0.679688 0.678711
vt 0.671875 0.678711
vt 0.664063 0.622396
vt 0.664063 0.562175
vt 0.664062 0.678711
vt 0.687500 0.500000
vt 0.687500 0.562175
vt 0.679688 0.500000
vt 0.687500 0.622396
vt 0.687500 0.678711
vt 0.687500 0.729167
vt 0.679688 0.729167
vt 0.671875 0.729167
vt 0.664063 0.729167
vt 0.664063 0.500000
vt 0.671875 0.500000
vt 0.710938 0.562175
vt 0.710938 0.622396
vt 0.703125 0.622396
vt 0.703125 0.562175
vt 0.710938 0.678711
vt 0.703125 0.678711
vt 0.695313 0.622396
vt 0.695313 0.562175
vt 0.695312 0.678711
vt 0.718750 0.500000
vt 0.718750 0.562175
vt 0.710938 0.500000
vt 0.718750 0.622396
vt 0.718750 0.678711
vt 0.718750 0.729167
vt 0.710938 0.729167
vt 0.703125 0.729167
vt 0.695313 0.729167
vt 0.695313 0.500000
vt 0.703125 0.500000
vt 0.742188 0.562175
vt 0.742188 0.622396
vt 0.734375 0.622396
vt 0.734375 0.562175
vt 0.742188 0.678711
vt 0.734375 0.678711
vt 0.726563 0.622396
vt 0.726563 0.562175
vt 0.726563 0.678711
vt 0.750000 0.500000
vt 0.750000 0.562175
vt 0.742188 0.500000
vt 0.750000 0.622396
vt 0.750000 0.678711
vt 0.750000 0.729167
vt 0.742188 0.729167
vt 0.734375 0.729167
vt 0.726563 0.729167
vt 0.726563 0.500000
vt 0.734375 0.500000
vt 0.773438 0.562175
vt 0.773438 0.622396
vt 0.765625 0.622396
vt 0.765625 0.562175
vt 0.773438 0.678711
vt 0.765625 0.678711
vt 0.757812 0.622396
vt 0.757812 0.562175
vt 0.757813 0.678711
vt 0.781250 0.500000
vt 0.781250 0.562175
vt 0.773438 0.500000
vt 0.781250 0.622396
vt 0.781250 0.678711
vt 0.781250 0.729167
vt 0.773438 0.729167
vt 0.765625 0.729167
vt 0.757812 0.729167
vt 0.757813 0.500000
vt 0.765625 0.500000
vt 0.804688 0.562175
vt 0.804688 0.622396
vt 0.796875 0.622396
vt 0.796875 0.562175
vt 0.804688 0.678711
vt 0.796875 0.678711
vt 0.789063 0.622396
vt 0.789063 0.562175
vt 0.789063 0.678711
vt 0.812500 0.500000
vt 0.812500 0.562175
vt 0.804688 0.500000
vt 0.812500 0.622396
vt 0.812500 0.678711
vt 0.812500 0.729167
vt 0.804688 0.729167
vt 0.796875 0.729167
vt 0.789063 0.729167
vt 0.789063 0.500000
vt 0.796875 0.500000
vt 0.835938 0.562175
vt 0.835938 0.622396
vt 0.828125 0.622396
vt 0.828125 0.562175
vt 0.835937 0.678711
vt 0.828125 0.678711
vt 0.820313 0.622396
vt 0.820312 0.562175
vt 0.820312 0.678711
vt 0.843750 0.500000
vt 0.843750 0.562175
vt 0.835938 0.500000
vt 0.843750 0.622396
vt 0.843750 0.678711
vt 0.843750 0.729167
vt 0.835938 0.729167
vt 0.828125 0.729167
vt 0.820312 0.729167
vt 0.820313 0.500000
vt 0.828125 0.500000
vt 0.867188 0.562175
vt 0.867188 0.622396
vt 0.859375 0.622396
vt 0.859375 0.562175
vt 0.867188 0.678711
vt 0.859375 0.678711
vt 0.851563 0.622396
vt 0.851563 0.562175
vt 0.851562 0.678711
vt 0.875000 0.500000
vt 0.875000 0.562175
vt 0.867188 0.500000
vt 0.875000 0.622396
vt 0.875000 0.678711
vt 0.875000 0.729167
vt 0.867188 0.729167
vt 0.859375 0.729167
vt 0.851563 0.729167
vt 0.851563 0.500000
vt 0.859375 0.500000
vt 0.898438 0.562175
vt 0.898438 0.622396
vt 0.890625 0.622396
vt 0.890625 0.562175
vt 0.898438 0.678711
vt 0.890625 0.678711
vt 0.882812 0.622396
vt 0.882813 0.562175
vt 0.882813 0.678711
vt 0.906250 0.500000
vt 0.906250 0.562175
vt 0.898438 0.500000
vt 0.906250 0.622396
vt 0.906250 0.678711
vt 0.906250 0.729167
vt 0.898438 0.729167
vt 0.890625 0.729167
vt 0.882812 0.729167
vt 0.882813 0.500000
vt 0.890625 0.500000
vt 0.929688 0.562175
vt 0.929688 0.622396
vt 0.921875 0.622396
vt 0.921875 0.562175
vt 0.929688 0.678711
vt 0.921875 0.678711
vt 0.914063 0.622396
vt 0.914063 0.562175
vt 0.914063 0.678711
vt 0.937500 0.500000
vt 0.937500 0.562175
vt 0.929688 0.500000
vt 0.937500 0.622396
vt 0.937500 0.678711
vt 0.937500 0.729167
vt 0.929688 0.729167
vt 0.921875 0.729167
vt 0.914063 0.729167
vt 0.914063 0.500000
vt 0.921875 0.500000
vt 0.960938 0.562175
vt 0.960938 0.622396
vt 0.953125 0.622396
vt 0.953125 0.562175
vt 0.960938 0.678711
vt 0.953125 0.678711
vt 0.945313 0.622396
vt 0.945313 0.562175
vt 0.945312 0.678711
vt 0.968750 0.500000
vt 0.968750 0.562175
vt 0.960938 0.500000
vt 0.968750 0.622396
vt 0.968750 0.678711
vt 0.968750 0.729167
vt 0.960938 0.729167
vt 0.953125 0.729167
vt 0.945313 0.729167
vt 0.945313 0.500000
vt 0.953125 0.500000
vt 0.992188 0.562344
vt 0.992188 0.623752
vt 0.984375 0.622830
vt 0.984375 0.562229
vt 0.992188 0.682828
vt 0.984375 0.679959
vt 0.976563 0.622450
vt 0.976563 0.562181
vt 0.976562 0.678867
vt 1.000000 0.500000
vt 1.000000 0.562500
vt 0.992188 0.500000
vt 1.000000 0.625000
vt 1.000000 0.687500
vt 1.000000 0.750000
vt 0.992188 0.735460
vt 0.984375 0.730903
vt 0.976563 0.729384
vt 0.976563 0.500000
vt 0.984375 0.500000
vt 0.340428 0.562175
vt 0.340786 0.622396
vt 0.336209 0.622396
vt 0.336094 0.562175
vt 0.340923 0.678711
vt 0.336256 0.678711
vt 0.332065 0.622396
vt 0.332051 0.562175
vt 0.332071 0.678711
vt 0.339844 0.500000
vt 0.340942 0.729167
vt 0.336263 0.729167
vt 0.332072 0.729167
vt 0.332031 0.500000
vt 0.335938 0.500000
vt 0.340923 0.906250
vt 0.340786 0.937500
vt 0.336209 0.937500
vt 0.336256 0.906250
vt 0.340428 0.968750
vt 0.336094 0.968750
vt 0.332065 0.937500
vt 0.332071 0.906250
vt 0.332051 0.968750
vt 0.340942 0.875000
vt 0.339844 1.000000
vt 0.335938 1.000000
vt 0.332031 1.000000
vt 0.332072 0.875000
vt 0.336263 0.875000
vt 0.340942 0.772461
vt 0.340942 0.809896
vt 0.336263 0.809896
vt 0.336263 0.772461
vt 0.340942 0.843425
vt 0.336263 0.843424
vt 0.332072 0.809896
vt 0.332072 0.772461
vt 0.332072 0.843425
vt 0.346354 0.729167
vt 0.346354 0.772461
vt 0.340942 0.729167
vt 0.346354 0.809896
vt 0.346354 0.843425
vt 0.346354 0.875000
vt 0.340942 0.875000
vt 0.336263 0.875000
vt 0.332072 0.875000
vt 0.328125 0.875000
vt 0.328125 0.843425
vt 0.328125 0.809896
vt 0.328125 0.772461
vt 0.332072 0.729167
vt 0.328125 0.729167
vt 0.336263 0.729167
vt 0.023437 0.772617
vt 0.023438 0.809950
vt 0.015625 0.810330
vt 0.015625 0.773709
vt 0.023438 0.843431
vt 0.015625 0.843479
vt 0.007813 0.811252
vt 0.007813 0.776577
vt 0.007812 0.843594
vt 0.031250 0.772461
vt 0.031250 0.809896
vt 0.031250 0.843424
vt 0.000000 0.843750
vt 0.000000 0.812500
vt 0.000000 0.781250
vt 0.054688 0.772461
vt 0.054687 0.809896
vt 0.046875 0.809896
vt 0.046875 0.772461
vt 0.054688 0.843425
vt 0.046875 0.843425
vt 0.039063 0.809896
vt 0.039063 0.772461
vt 0.039063 0.843425
vt 0.062500 0.729167
vt 0.062500 0.772461
vt 0.054688 0.729167
vt 0.062500 0.809896
vt 0.062500 0.843424
vt 0.062500 0.875000
vt 0.054688 0.875000
vt 0.046875 0.875000
vt 0.039062 0.875000
vt 0.031250 0.875000
vt 0.031250 0.843425
vt 0.031250 0.809896
vt 0.031250 0.772461
vt 0.039062 0.729167
vt 0.031250 0.729167
vt 0.046875 0.729167
vt 0.085938 0.772461
vt 0.085938 0.809896
vt 0.078125 0.809896
vt 0.078125 0.772461
vt 0.085938 0.843425
vt 0.078125 0.843424
vt 0.070312 0.809896
vt 0.070312 0.772461
vt 0.070312 0.843424
vt 0.093750 0.729167
vt 0.093750 0.772461
vt 0.085938 0.729167
vt 0.093750 0.809896
vt 0.093750 0.843424
vt 0.093750 0.875000
vt 0.085938 0.875000
vt 0.078125 0.875000
vt 0.070312 0.875000
vt 0.070312 0.729167
vt 0.078125 0.729167
vt 0.117188 0.772461
vt 0.117188 0.809896
vt 0.109375 0.809896
vt 0.109375 0.772461
vt 0.117188 0.843425
vt 0.109375 0.843424
vt 0.101563 0.809896
vt 0.101562 0.772461
vt 0.101562 0.843424
vt 0.125000 0.772461
vt 0.117188 0.729167
vt 0.125000 0.809896
vt 0.125000 0.843424
vt 0.125000 0.875000
vt 0.117188 0.875000
vt 0.109375 0.875000
vt 0.101562 0.875000
vt 0.101562 0.729167
vt 0.148438 0.772461
vt 0.148438 0.809896
vt 0.140625 0.809896
vt 0.140625 0.772461
vt 0.148438 0.843424
vt 0.140625 0.843424
vt 0.132813 0.809896
vt 0.132813 0.772461
vt 0.132812 0.843424
vt 0.156250 0.772461
vt 0.148438 0.729167
vt 0.156250 0.809896
vt 0.156250 0.843424
vt 0.156250 0.875000
vt 0.148438 0.875000
vt 0.140625 0.875000
vt 0.132812 0.875000
vt 0.132813 0.729167
vt 0.140625 0.729167
vt 0.179688 0.772461
vt 0.179688 0.809896
vt 0.171875 0.809896
vt 0.171875 0.772461
vt 0.179688 0.843424
vt 0.171875 0.843424
vt 0.164063 0.809896
vt 0.164062 0.772461
vt 0.164062 0.843424
vt 0.187500 0.772461
vt 0.179688 0.729167
vt 0.187500 0.809896
vt 0.187500 0.843424
vt 0.187500 0.875000
vt 0.179687 0.875000
vt 0.171875 0.875000
vt 0.164062 0.875000
vt 0.164062 0.729167
vt 0.210937 0.772461
vt 0.210937 0.809896
vt 0.203125 0.809896
vt 0.203125 0.772461
vt 0.210937 0.843425
vt 0.203125 0.843424
vt 0.195312 0.809896
vt 0.195312 0.772461
vt 0.195312 0.843424
vt 0.218750 0.729167
vt 0.218750 0.772461
vt 0.210937 0.729167
vt 0.218750 0.809896
vt 0.218750 0.843424
vt 0.218750 0.875000
vt 0.210937 0.875000
vt 0.203125 0.875000
vt 0.195312 0.875000
vt 0.195312 0.729167
vt 0.203125 0.729167
vt 0.242188 0.772461
vt 0.242188 0.809896
vt 0.234375 0.809896
vt 0.234375 0.772461
vt 0.242187 0.843425
vt 0.234375 0.843425
vt 0.226563 0.809896
vt 0.226563 0.772461
vt 0.226563 0.843425
vt 0.250000 0.729167
vt 0.250000 0.772461
vt 0.242188 0.729167
vt 0.250000 0.809896
vt 0.250000 0.843425
vt 0.250000 0.875000
vt 0.242188 0.875000
vt 0.226562 0.875000
vt 0.226562 0.729167
vt 0.273438 0.772461
vt 0.273438 0.809896
vt 0.265625 0.809896
vt 0.265625 0.772461
vt 0.273438 0.843425
vt 0.265625 0.843425
vt 0.257813 0.809896
vt 0.257813 0.772461
vt 0.257813 0.843425
vt 0.281250 0.729167
vt 0.281250 0.772461
vt 0.273438 0.729167
vt 0.281250 0.809896
vt 0.281250 0.843425
vt 0.281250 0.875000
vt 0.273438 0.875000
vt 0.265625 0.875000
vt 0.257813 0.875000
vt 0.257813 0.729167
vt 0.265625 0.729167
vt 0.303589 0.772461
vt 0.303589 0.809896
vt 0.296549 0.809896
vt 0.296549 0.772461
vt 0.303589 0.843425
vt 0.296549 0.843425
vt 0.289022 0.809896
vt 0.289022 0.772461
vt 0.289022 0.843425
vt 0.309896 0.729167
vt 0.309896 0.772461
vt 0.303589 0.729167
vt 0.309896 0.809896
vt 0.309896 0.843424
vt 0.309896 0.875000
vt 0.303589 0.875000
vt 0.296549 0.875000
vt 0.289022 0.875000
vt 0.289022 0.729167
vt 0.296549 0.729167
vt 0.324178 0.772461
vt 0.324178 0.809896
vt 0.319987 0.809896
vt 0.319987 0.772461
vt 0.324178 0.843425
vt 0.319987 0.843425
vt 0.315308 0.809896
vt 0.315308 0.772461
vt 0.315308 0.843425
vt 0.324178 0.729167
vt 0.324178 0.875000
vt 0.319987 0.875000
vt 0.315308 0.875000
vt 0.315308 0.729167
vt 0.367228 0.772461
vt 0.367228 0.809896
vt 0.359701 0.809896
vt 0.359701 0.772461
vt 0.367228 0.843425
vt 0.359701 0.843425
vt 0.352661 0.809896
vt 0.352661 0.772461
vt 0.352661 0.843425
vt 0.375000 0.729167
vt 0.375000 0.772461
vt 0.367228 0.729167
vt 0.375000 0.809896
vt 0.375000 0.843425
vt 0.375000 0.875000
vt 0.367228 0.875000
vt 0.359701 0.875000
vt 0.352661 0.875000
vt 0.352661 0.729167
vt 0.359701 0.729167
vt 0.398438 0.772461
vt 0.398438 0.809896
vt 0.390625 0.809896
vt 0.390625 0.772461
vt 0.398438 0.843425
vt 0.390625 0.843425
vt 0.382813 0.809896
vt 0.382813 0.772461
vt 0.382813 0.843425
vt 0.406250 0.729167
vt 0.406250 0.772461
vt 0.398438 0.729167
vt 0.406250 0.809896
vt 0.406250 0.843425
vt 0.406250 0.875000
vt 0.398438 0.875000
vt 0.390625 0.875000
vt 0.382813 0.875000
vt 0.382813 0.729167
vt 0.390625 0.729167
vt 0.429688 0.772461
vt 0.429688 0.809896
vt 0.421875 0.809896
vt 0.421875 0.772461
vt 0.429688 0.843425
vt 0.421875 0.843425
vt 0.414063 0.809896
vt 0.414062 0.772461
vt 0.414063 0.843425
vt 0.437500 0.772461
vt 0.429688 0.729167
vt 0.437500 0.809896
vt 0.437500 0.843425
vt 0.437500 0.875000
vt 0.429688 0.875000
vt 0.421875 0.875000
vt 0.414063 0.875000
vt 0.414063 0.729167
vt 0.421875 0.729167
vt 0.460938 0.772461
vt 0.460938 0.809896
vt 0.453125 0.809896
vt 0.453125 0.772461
vt 0.460938 0.843425
vt 0.453125 0.843425
vt 0.445313 0.809896
vt 0.445313 0.772461
vt 0.445313 0.843425
vt 0.468750 0.772461
vt 0.460938 0.729167
vt 0.468750 0.809896
vt 0.468750 0.843425
vt 0.460938 0.875000
vt 0.453125 0.875000
vt 0.445313 0.875000
vt 0.445313 0.729167
vt 0.492188 0.772461
vt 0.492188 0.809896
vt 0.484375 0.809896
vt 0.484375 0.772461
vt 0.492188 0.843425
vt 0.484375 0.843425
vt 0.476563 0.809896
vt 0.476563 0.772461
vt 0.476563 0.843425
vt 0.500000 0.729167
vt 0.500000 0.772461
vt 0.492188 0.729167
vt 0.500000 0.809896
vt 0.500000 0.843425
vt 0.500000 0.875000
vt 0.492188 0.875000
vt 0.484375 0.875000
vt 0.476563 0.875000
vt 0.476563 0.729167
vt 0.523438 0.772461
vt 0.523438 0.809896
vt 0.515625 0.809896
vt 0.515625 0.772461
vt 0.523438 0.843425
vt 0.515625 0.843425
vt 0.507813 0.809896
vt 0.507813 0.772461
vt 0.507813 0.843425
vt 0.531250 0.772461
vt 0.523438 0.729167
vt 0.531250 0.809896
vt 0.531250 0.843425
vt 0.531250 0.875000
vt 0.523438 0.875000
vt 0.515625 0.875000
vt 0.507813 0.875000
vt 0.507813 0.729167
vt 0.515625 0.729167
vt 0.554688 0.772461
vt 0.554688 0.809896
vt 0.546875 0.809896
vt 0.546875 0.772461
vt 0.554688 0.843425
vt 0.546875 0.843425
vt 0.539063 0.809896
vt 0.539062 0.772461
vt 0.539062 0.843425
vt 0.562500 0.772461
vt 0.554688 0.729167
vt 0.562500 0.809896
vt 0.562500 0.843425
vt 0.562500 0.875000
vt 0.554688 0.875000
vt 0.546875 0.875000
vt 0.539062 0.875000
vt 0.539062 0.729167
vt 0.585938 0.772461
vt 0.585938 0.809896
vt 0.578125 0.809896
vt 0.578125 0.772461
vt 0.585938 0.843425
vt 0.578125 0.843425
vt 0.570313 0.809896
vt 0.570313 0.772461
vt 0.570313 0.843425
vt 0.593750 0.729167
vt 0.593750 0.772461
vt 0.585938 0.729167
vt 0.593750 0.809896
vt 0.593750 0.843425
vt 0.593750 0.875000
vt 0.585938 0.875000
vt 0.578125 0.875000
vt 0.570313 0.875000
vt 0.570313 0.729167
vt 0.578125 0.729167
vt 0.617188 0.772461
vt 0.617188 0.809896
vt 0.609375 0.809896
vt 0.609375 0.772461
vt 0.617188 0.843425
vt 0.609375 0.843425
vt 0.601562 0.809896
vt 0.601563 0.772461
vt 0.601563 0.843425
vt 0.625000 0.729167
vt 0.625000 0.772461
vt 0.617188 0.729167
vt 0.625000 0.809896
vt 0.625000 0.843425
vt 0.625000 0.875000
vt 0.617188 0.875000
vt 0.609375 0.875000
vt 0.601563 0.875000
vt 0.601563 0.729167
vt 0.648438 0.772461
vt 0.648438 0.809896
vt 0.640625 0.809896
vt 0.640625 0.772461
vt 0.648438 0.843425
vt 0.640625 0.843425
vt 0.632813 0.809896
vt 0.632813 0.772461
vt 0.632813 0.843425
vt 0.656250 0.729167
vt 0.656250 0.772461
vt 0.648438 0.729167
vt 0.656250 0.809896
vt 0.656250 0.843425
vt 0.656250 0.875000
vt 0.648438 0.875000
vt 0.640625 0.875000
vt 0.632813 0.875000
vt 0.632813 0.729167
vt 0.679688 0.772461
vt 0.679688 0.809896
vt 0.671875 0.809896
vt 0.671875 0.772461
vt 0.679688 0.843425
vt 0.671875 0.843425
vt 0.664062 0.809896
vt 0.664063 0.772461
vt 0.664063 0.843425
vt 0.687500 0.729167
vt 0.687500 0.772461
vt 0.679688 0.729167
vt 0.687500 0.809896
vt 0.687500 0.843425
vt 0.687500 0.875000
vt 0.679688 0.875000
vt 0.671875 0.875000
vt 0.664063 0.875000
vt 0.664063 0.729167
vt 0.671875 0.729167
vt 0.710938 0.772461
vt 0.710938 0.809896
vt 0.703125 0.809896
vt 0.703125 0.772461
vt 0.710938 0.843425
vt 0.703125 0.843425
vt 0.695313 0.809896
vt 0.695312 0.772461
vt 0.695313 0.843425
vt 0.718750 0.729167
vt 0.718750 0.772461
vt 0.710938 0.729167
vt 0.718750 0.809896
vt 0.718750 0.843425
vt 0.718750 0.875000
vt 0.710938 0.875000
vt 0.703125 0.875000
vt 0.695313 0.875000
vt 0.695313 0.729167
vt 0.742188 0.772461
vt 0.742188 0.809896
vt 0.734375 0.809896
vt 0.734375 0.772461
vt 0.742188 0.843425
vt 0.734375 0.843425
vt 0.726563 0.809896
vt 0.726563 0.772461
vt 0.726563 0.843424
vt 0.750000 0.729167
vt 0.750000 0.772461
vt 0.742188 0.729167
vt 0.750000 0.809896
vt 0.750000 0.843424
vt 0.742188 0.875000
vt 0.726563 0.875000
vt 0.726563 0.729167
vt 0.773438 0.772461
vt 0.773438 0.809896
vt 0.765625 0.809896
vt 0.765625 0.772461
vt 0.773438 0.843424
vt 0.765625 0.843424
vt 0.757813 0.809896
vt 0.757813 0.772461
vt 0.757813 0.843424
vt 0.781250 0.729167
vt 0.781250 0.772461
vt 0.773438 0.729167
vt 0.781250 0.809896
vt 0.781250 0.843425
vt 0.781250 0.875000
vt 0.773438 0.875000
vt 0.765625 0.875000
vt 0.757812 0.875000
vt 0.757812 0.729167
vt 0.804687 0.772461
vt 0.804688 0.809896
vt 0.796875 0.809896
vt 0.796875 0.772461
vt 0.804688 0.843425
vt 0.796875 0.843425
vt 0.789062 0.809896
vt 0.789062 0.772461
vt 0.789063 0.843425
vt 0.812500 0.729167
vt 0.812500 0.772461
vt 0.804688 0.729167
vt 0.812500 0.809896
vt 0.812500 0.843425
vt 0.812500 0.875000
vt 0.804688 0.875000
vt 0.796875 0.875000
vt 0.789063 0.875000
vt 0.789062 0.729167
vt 0.796875 0.729167
vt 0.835938 0.772461
vt 0.835938 0.809896
vt 0.828125 0.809896
vt 0.828125 0.772461
vt 0.835938 0.843425
vt 0.828125 0.843425
vt 0.820313 0.809896
vt 0.820312 0.772461
vt 0.820312 0.843425
vt 0.843750 0.729167
vt 0.843750 0.772461
vt 0.835938 0.729167
vt 0.843750 0.809896
vt 0.843750 0.843425
vt 0.843750 0.875000
vt 0.835938 0.875000
vt 0.828125 0.875000
vt 0.820313 0.875000
vt 0.820312 0.729167
vt 0.867188 0.772461
vt 0.867188 0.809896
vt 0.859375 0.809896
vt 0.859375 0.772461
vt 0.867188 0.843425
vt 0.859375 0.843425
vt 0.851562 0.809896
vt 0.851562 0.772461
vt 0.851563 0.843425
vt 0.875000 0.729167
vt 0.875000 0.772461
vt 0.867188 0.729167
vt 0.875000 0.809896
vt 0.875000 0.843425
vt 0.875000 0.875000
vt 0.867188 0.875000
vt 0.859375 0.875000
vt 0.851563 0.875000
vt 0.851562 0.729167
vt 0.859375 0.729167
vt 0.898438 0.772461
vt 0.898438 0.809896
vt 0.890625 0.809896
vt 0.890625 0.772461
vt 0.898438 0.843425
vt 0.890625 0.843425
vt 0.882813 0.809896
vt 0.882813 0.772461
vt 0.882813 0.843425
vt 0.906250 0.729167
vt 0.906250 0.772461
vt 0.898438 0.729167
vt 0.906250 0.809896
vt 0.906250 0.843425
vt 0.906250 0.875000
vt 0.898438 0.875000
vt 0.890625 0.875000
vt 0.882813 0.875000
vt 0.882813 0.729167
vt 0.890625 0.729167
vt 0.929688 0.772461
vt 0.929688 0.809896
vt 0.921875 0.809896
vt 0.921875 0.772461
vt 0.929688 0.843425
vt 0.921875 0.843425
vt 0.914063 0.809896
vt 0.914063 0.772461
vt 0.914063 0.843425
vt 0.937500 0.729167
vt 0.937500 0.772461
vt 0.929688 0.729167
vt 0.937500 0.809896
vt 0.937500 0.843425
vt 0.937500 0.875000
vt 0.929688 0.875000
vt 0.921875 0.875000
vt 0.914062 0.875000
vt 0.914062 0.729167
vt 0.921875 0.729167
vt 0.960938 0.772461
vt 0.960938 0.809896
vt 0.953125 0.809896
vt 0.953125 0.772461
vt 0.960938 0.843425
vt 0.953125 0.843425
vt 0.945313 0.809896
vt 0.945313 0.772461
vt 0.945313 0.843425
vt 0.968750 0.729167
vt 0.968750 0.772461
vt 0.960938 0.729167
vt 0.968750 0.809896
vt 0.968750 0.843425
vt 0.968750 0.875000
vt 0.960938 0.875000
vt 0.953125 0.875000
vt 0.945313 0.875000
vt 0.945313 0.729167
vt 0.953125 0.729167
vt 0.992188 0.776577
vt 0.992188 0.811252
vt 0.984375 0.810330
vt 0.984375 0.773709
vt 0.992188 0.843594
vt 0.984375 0.843479
vt 0.976563 0.809950
vt 0.976562 0.772617
vt 0.976562 0.843431
vt 1.000000 0.781250
vt 1.000000 0.812500
vt 1.000000 0.843750
vt 0.968750 0.843424
vt 0.968750 0.809896
vt 0.968750 0.772461
s 0
f 826/1/1 827/2/1 830/3/1 829/4/1
f 827/2/2 828/5/2 831/6/2 830/3/2
f 829/4/3 830/3/3 833/7/3 832/8/3
f 830/3/4 831/6/4 834/9/4 833/7/4
f 100/10/5 139/11/5 826/1/5 823/12/5
f 139/11/6 140/13/6 827/2/6 826/1/6
f 140/13/7 141/14/7 828/5/7 827/2/7
f 141/14/8 2/15/8 138/16/8 828/5/8
f 828/5/9 138/16/9 137/17/9 831/6/9
f 831/6/10 137/17/10 136/18/10 834/9/10
f 834/9/11 136/18/11 4/19/11 631/20/11
f 833/7/12 834/9/12 631/20/12 632/21/12
f 832/8/13 833/7/13 632/21/13 633/22/13
f 825/23/14 832/8/14 633/22/14 101/24/14
f 824/25/15 829/4/15 832/8/15 825/23/15
f 823/12/16 826/1/16 829/4/16 824/25/16
f 835/26/17 836/27/17 839/28/17 838/29/17
f 836/27/18 837/30/18 840/31/18 839/28/18
f 838/29/19 839/28/19 842/32/19 841/33/19
f 839/28/20 840/31/20 843/34/20 842/32/20
f 101/24/21 633/22/21 835/26/21 820/35/21
f 633/22/22 632/21/22 836/27/22 835/26/22
f 632/21/23 631/20/23 837/30/23 836/27/23
f 631/20/24 4/19/24 150/36/24 837/30/24
f 837/30/25 150/36/25 149/37/25 840/31/25
f 840/31/26 149/37/26 148/38/26 843/34/26
f 843/34/27 148/38/27 6/39/27 634/40/27
f 842/32/28 843/34/28 634/40/28 635/41/28
f 841/33/29 842/32/29 635/41/29 636/42/29
f 822/43/30 841/33/30 636/42/30 102/44/30
f 821/45/31 838/29/31 841/33/31 822/43/31
f 820/35/32 835/26/32 838/29/32 821/45/32
f 844/46/33 845/47/33 848/48/33 847/49/33
f 845/47/34 846/50/34 849/51/34 848/48/34
f 847/49/35 848/48/35 851/52/35 850/53/35
f 848/48/36 849/51/36 852/54/36 851/52/36
f 102/44/37 636/42/37 844/46/37 817/55/37
f 636/42/38 635/41/38 845/47/38 844/46/38
f 635/41/39 634/40/39 846/50/39 845/47/39
f 634/40/40 6/39/40 159/56/40 846/50/40
f 846/50/41 159/56/41 158/57/41 849/51/41
f 849/51/42 158/57/42 157/58/42 852/54/42
f 852/54/43 157/58/43 8/59/43 637/60/43
f 851/52/44 852/54/44 637/60/44 638/61/44
f 850/53/45 851/52/45 638/61/45 639/62/45
f 819/63/46 850/53/46 639/62/46 103/64/46
f 818/65/47 847/49/47 850/53/47 819/63/47
f 817/55/48 844/46/48 847/49/48 818/65/48
f 853/66/49 854/67/49 857/68/49 856/69/49
f 854/67/50 855/70/50 858/71/50 857/68/50
f 856/69/51 857/68/51 860/72/51 859/73/51
f 857/68/52 858/71/52 861/74/52 860/72/52
f 103/64/53 639/62/53 853/66/53 814/75/53
f 639/62/54 638/61/54 854/67/54 853/66/54
f 638/61/55 637/60/55 855/70/55 854/67/55
f 637/60/56 8/59/56 168/76/56 855/70/56
f 855/70/57 168/76/57 167/77/57 858/71/57
f 858/71/58 167/77/58 166/78/58 861/74/58
f 861/74/59 166/78/59 10/79/59 640/80/59
f 860/72/60 861/74/60 640/80/60 641/81/60
f 859/73/61 860/72/61 641/81/61 642/82/61
f 816/83/62 859/73/62 642/82/62 104/84/62
f 815/85/63 856/69/63 859/73/63 816/83/63
f 814/75/64 853/66/64 856/69/64 815/85/64
f 862/86/65 863/87/65 866/88/65 865/89/65
f 863/87/66 864/90/66 867/91/66 866/88/66
f 865/89/67 866/88/67 869/92/67 868/93/67
f 866/88/68 867/91/68 870/94/68 869/92/68
f 104/84/69 642/82/69 862/86/69 811/95/69
f 642/82/70 641/81/70 863/87/70 862/86/70
f 641/81/71 640/80/71 864/90/71 863/87/71
f 640/80/72 10/79/72 177/96/72 864/90/72
f 864/90/73 177/96/73 176/97/73 867/91/73
f 867/91/74 176/97/74 175/98/74 870/94/74
f 870/94/75 175/98/75 12/99/75 643/100/75
f 869/92/76 870/94/76 643/100/76 644/101/76
f 868/93/77 869/92/77 644/101/77 645/102/77
f 813/103/78 868/93/78 645/102/78 105/104/78
f 812/105/79 865/89/79 868/93/79 813/103/79
f 811/95/80 862/86/80 865/89/80 812/105/80
f 871/106/81 872/107/81 875/108/81 874/109/81
f 872/107/82 873/110/82 876/111/82 875/108/82
f 874/109/83 875/108/83 878/112/83 877/113/83
f 875/108/84 876/111/84 879/114/84 878/112/84
f 105/104/85 645/102/85 871/106/85 808/115/85
f 645/102/86 644/101/86 872/107/86 871/106/86
f 644/101/87 643/100/87 873/110/87 872/107/87
f 643/100/88 12/99/88 186/116/88 873/110/88
f 873/110/89 186/116/89 185/117/89 876/111/89
f 876/111/90 185/117/90 184/118/90 879/114/90
f 879/114/91 184/118/91 14/119/91 646/120/91
f 878/112/92 879/114/92 646/120/92 647/121/92
f 877/113/93 878/112/93 647/121/93 648/122/93
f 810/123/94 877/113/94 648/122/94 106/124/94
f 809/125/95 874/109/95 877/113/95 810/123/95
f 808/115/96 871/106/96 874/109/96 809/125/96
f 880/126/97 881/127/97 884/128/97 883/129/97
f 881/127/98 882/130/98 885/131/98 884/128/98
f 883/129/99 884/128/99 887/132/99 886/133/99
f 884/128/100 885/131/100 888/134/100 887/132/100
f 106/124/101 648/122/101 880/126/101 805/135/101
f 648/122/102 647/121/102 881/127/102 880/126/102
f 647/121/103 646/120/103 882/130/103 881/127/103
f 646/120/104 14/119/104 195/136/104 882/130/104
f 882/130/105 195/136/105 194/137/105 885/131/105
f 885/131/106 194/137/106 193/138/106 888/134/106
f 888/134/107 193/138/107 16/139/107 649/140/107
f 887/132/108 888/134/108 649/140/108 650/141/108
f 886/133/109 887/132/109 650/141/109 651/142/109
f 807/143/110 886/133/110 651/142/110 107/144/110
f 806/145/111 883/129/111 886/133/111 807/143/111
f 805/135/112 880/126/112 883/129/112 806/145/112
f 889/146/113 890/147/113 893/148/113 892/149/113
f 890/147/114 891/150/114 894/151/114 893/148/114
f 892/149/115 893/148/115 896/152/115 895/153/115
f 893/148/116 894/151/116 897/154/116 896/152/116
f 107/144/117 651/142/117 889/146/117 802/155/117
f 651/142/118 650/141/118 890/147/118 889/146/118
f 650/141/119 649/140/119 891/150/119 890/147/119
f 649/140/120 16/139/120 204/156/120 891/150/120
f 891/150/121 204/156/121 203/157/121 894/151/121
f 894/151/122 203/157/122 202/158/122 897/154/122
f 897/154/123 202/158/123 18/159/123 652/160/123
f 896/152/124 897/154/124 652/160/124 653/161/124
f 895/153/125 896/152/125 653/161/125 654/162/125
f 804/163/126 895/153/126 654/162/126 108/164/126
f 803/165/127 892/149/127 895/153/127 804/163/127
f 802/155/128 889/146/128 892/149/128 803/165/128
f 898/166/129 899/167/129 902/168/129 901/169/129
f 899/167/130 900/170/130 903/171/130 902/168/130
f 901/169/131 902/168/131 905/172/131 904/173/131
f 902/168/132 903/171/132 906/174/132 905/172/132
f 108/164/133 654/162/133 898/166/133 799/175/133
f 654/162/134 653/161/134 899/167/134 898/166/134
f 653/161/135 652/160/135 900/170/135 899/167/135
f 652/160/136 18/159/136 213/176/136 900/170/136
f 900/170/137 213/176/137 212/177/137 903/171/137
f 903/171/138 212/177/138 211/178/138 906/174/138
f 906/174/139 211/178/139 20/179/139 655/180/139
f 905/172/140 906/174/140 655/180/140 656/181/140
f 904/173/141 905/172/141 656/181/141 657/182/141
f 801/183/142 904/173/142 657/182/142 109/184/142
f 800/185/143 901/169/143 904/173/143 801/183/143
f 799/175/144 898/166/144 901/169/144 800/185/144
f 907/186/145 908/187/145 911/188/145 910/189/145
f 908/187/146 909/190/146 912/191/146 911/188/146
f 910/189/147 911/188/147 914/192/147 913/193/147
f 911/188/148 912/191/148 915/194/148 914/192/148
f 109/184/149 657/182/149 907/186/149 796/195/149
f 657/182/150 656/181/150 908/187/150 907/186/150
f 656/181/151 655/180/151 909/190/151 908/187/151
f 655/180/152 20/179/152 222/196/152 909/190/152
f 909/190/153 222/196/153 221/197/153 912/191/153
f 912/191/154 221/197/154 220/198/154 915/194/154
f 915/194/155 220/198/155 22/199/155 658/200/155
f 914/192/156 915/194/156 658/200/156 659/201/156
f 913/193/157 914/192/157 659/201/157 660/202/157
f 798/203/158 913/193/158 660/202/158 110/204/158
f 797/205/159 910/189/159 913/193/159 798/203/159
f 796/195/160 907/186/160 910/189/160 797/205/160
f 916/206/161 917/207/161 920/208/161 919/209/161
f 917/207/162 918/210/162 921/211/162 920/208/162
f 919/209/163 920/208/163 923/212/163 922/213/163
f 920/208/164 921/211/164 924/214/164 923/212/164
f 110/204/165 660/202/165 916/206/165 793/215/165
f 660/202/166 659/201/166 917/207/166 916/206/166
f 659/201/167 658/200/167 918/210/167 917/207/167
f 658/200/168 22/199/168 231/216/168 918/210/168
f 918/210/169 231/216/169 230/217/169 921/211/169
f 921/211/170 230/217/170 229/218/170 924/214/170
f 924/214/171 229/218/171 24/219/171 661/220/171
f 923/212/172 924/214/172 661/220/172 662/221/172
f 922/213/173 923/212/173 662/221/173 663/222/173
f 795/223/174 922/213/174 663/222/174 111/224/174
f 794/225/175 919/209/175 922/213/175 795/223/175
f 793/215/176 916/206/176 919/209/176 794/225/176
f 925/226/177 926/227/177 929/228/177 928/229/177
f 926/227/178 927/230/178 930/231/178 929/228/178
f 928/229/179 929/228/179 932/232/179 931/233/179
f 929/228/180 930/231/180 933/234/180 932/232/180
f 111/224/181 663/222/181 925/226/181 790/235/181
f 663/222/182 662/221/182 926/227/182 925/226/182
f 662/221/183 661/220/183 927/230/183 926/227/183
f 661/220/184 24/219/184 240/236/184 927/230/184
f 927/230/185 240/236/185 239/237/185 930/231/185
f 930/231/186 239/237/186 238/238/186 933/234/186
f 933/234/187 238/238/187 26/239/187 664/240/187
f 932/232/188 933/234/188 664/240/188 665/241/188
f 931/233/189 932/232/189 665/241/189 666/242/189
f 792/243/190 931/233/190 666/242/190 112/244/190
f 791/245/191 928/229/191 931/233/191 792/243/191
f 790/235/192 925/226/192 928/229/192 791/245/192
f 934/246/193 935/247/193 938/248/193 937/249/193
f 935/247/194 936/250/194 939/251/194 938/248/194
f 937/249/195 938/248/195 941/252/195 940/253/195
f 938/248/196 939/251/196 942/254/196 941/252/196
f 112/244/197 666/242/197 934/246/197 787/255/197
f 666/242/198 665/241/198 935/247/198 934/246/198
f 665/241/199 664/240/199 936/250/199 935/247/199
f 664/240/200 26/239/200 249/256/200 936/250/200
f 936/250/201 249/256/201 248/257/201 939/251/201
f 939/251/202 248/257/202 247/258/202 942/254/202
f 942/254/203 247/258/203 28/259/203 667/260/203
f 941/252/204 942/254/204 667/260/204 668/261/204
f 940/253/205 941/252/205 668/261/205 669/262/205
f 789/263/206 940/253/206 669/262/206 113/264/206
f 788/265/207 937/249/207 940/253/207 789/263/207
f 787/255/208 934/246/208 937/249/208 788/265/208
f 943/266/209 944/267/209 947/268/209 946/269/209
f 944/267/210 945/270/210 948/271/210 947/268/210
f 946/269/211 947/268/211 950/272/211 949/273/211
f 947/268/212 948/271/212 951/274/212 950/272/212
f 113/264/213 669/262/213 943/266/213 784/275/213
f 669/262/214 668/261/214 944/267/214 943/266/214
f 668/261/215 667/260/215 945/270/215 944/267/215
f 667/260/216 28/259/216 258/276/216 945/270/216
f 945/270/217 258/276/217 257/277/217 948/271/217
f 948/271/218 257/277/218 256/278/218 951/274/218
f 951/274/219 256/278/219 30/279/219 670/280/219
f 950/272/220 951/274/220 670/280/220 671/281/220
f 949/273/221 950/272/221 671/281/221 672/282/221
f 786/283/222 949/273/222 672/282/222 114/284/222
f 785/285/223 946/269/223 949/273/223 786/283/223
f 784/275/224 943/266/224 946/269/224 785/285/224
f 952/286/225 953/287/225 956/288/225 955/289/225
f 953/287/226 954/290/226 957/291/226 956/288/226
f 955/289/227 956/288/227 959/292/227 958/293/227
f 956/288/228 957/291/228 960/294/228 959/292/228
f 114/284/229 672/282/229 952/286/229 781/295/229
f 672/282/230 671/281/230 953/287/230 952/286/230
f 671/281/231 670/280/231 954/290/231 953/287/231
f 670/280/232 30/279/232 267/296/232 954/290/232
f 954/290/233 267/296/233 266/297/233 957/291/233
f 957/291/234 266/297/234 265/298/234 960/294/234
f 960/294/235 265/298/235 32/299/235 673/300/235
f 959/292/236 960/294/236 673/300/236 674/301/236
f 958/293/237 959/292/237 674/301/237 675/302/237
f 783/303/238 958/293/238 675/302/238 115/304/238
f 782/305/239 955/289/239 958/293/239 783/303/239
f 781/295/240 952/286/240 955/289/240 782/305/240
f 961/306/241 962/307/241 965/308/241 964/309/241
f 962/307/242 963/310/242 966/311/242 965/308/242
f 964/309/243 965/308/243 968/312/243 967/313/243
f 965/308/244 966/311/244 969/314/244 968/312/244
f 115/304/245 675/302/245 961/306/245 778/315/245
f 675/302/246 674/301/246 962/307/246 961/306/246
f 674/301/247 673/300/247 963/310/247 962/307/247
f 673/300/248 32/299/248 276/316/248 963/310/248
f 963/310/249 276/316/249 275/317/249 966/311/249
f 966/311/250 275/317/250 274/318/250 969/314/250
f 969/314/251 274/318/251 34/319/251 676/320/251
f 968/312/252 969/314/252 676/320/252 677/321/252
f 967/313/253 968/312/253 677/321/253 678/322/253
f 780/323/254 967/313/254 678/322/254 116/324/254
f 779/325/255 964/309/255 967/313/255 780/323/255
f 778/315/256 961/306/256 964/309/256 779/325/256
f 970/326/257 971/327/257 974/328/257 973/329/257
f 971/327/258 972/330/258 975/331/258 974/328/258
f 973/329/259 974/328/259 977/332/259 976/333/259
f 974/328/260 975/331/260 978/334/260 977/332/260
f 116/324/261 678/322/261 970/326/261 775/335/261
f 678/322/262 677/321/262 971/327/262 970/326/262
f 677/321/263 676/320/263 972/330/263 971/327/263
f 676/320/264 34/319/264 285/336/264 972/330/264
f 972/330/265 285/336/265 284/337/265 975/331/265
f 975/331/266 284/337/266 283/338/266 978/334/266
f 978/334/267 283/338/267 36/339/267 679/340/267
f 977/332/268 978/334/268 679/340/268 680/341/268
f 976/333/269 977/332/269 680/341/269 681/342/269
f 777/343/270 976/333/270 681/342/270 117/344/270
f 776/345/271 973/329/271 976/333/271 777/343/271
f 775/335/272 970/326/272 973/329/272 776/345/272
f 979/346/273 980/347/273 983/348/273 982/349/273
f 980/347/274 981/350/274 984/351/274 983/348/274
f 982/349/275 983/348/275 986/352/275 985/353/275
f 983/348/276 984/351/276 987/354/276 986/352/276
f 117/344/277 681/342/277 979/346/277 772/355/277
f 681/342/278 680/341/278 980/347/278 979/346/278
f 680/341/279 679/340/279 981/350/279 980/347/279
f 679/340/280 36/339/280 294/356/280 981/350/280
f 981/350/281 294/356/281 293/357/281 984/351/281
f 984/351/282 293/357/282 292/358/282 987/354/282
f 987/354/283 292/358/283 38/359/283 682/360/283
f 986/352/284 987/354/284 682/360/284 683/361/284
f 985/353/285 986/352/285 683/361/285 684/362/285
f 774/363/286 985/353/286 684/362/286 118/364/286
f 773/365/287 982/349/287 985/353/287 774/363/287
f 772/355/288 979/346/288 982/349/288 773/365/288
f 988/366/289 989/367/289 992/368/289 991/369/289
f 989/367/290 990/370/290 993/371/290 992/368/290
f 991/369/291 992/368/291 995/372/291 994/373/291
f 992/368/292 993/371/292 996/374/292 995/372/292
f 118/364/293 684/362/293 988/366/293 769/375/293
f 684/362/294 683/361/294 989/367/294 988/366/294
f 683/361/295 682/360/295 990/370/295 989/367/295
f 682/360/296 38/359/296 303/376/296 990/370/296
f 990/370/297 303/376/297 302/377/297 993/371/297
f 993/371/298 302/377/298 301/378/298 996/374/298
f 996/374/299 301/378/299 40/379/299 685/380/299
f 995/372/300 996/374/300 685/380/300 686/381/300
f 994/373/301 995/372/301 686/381/301 687/382/301
f 771/383/302 994/373/302 687/382/302 119/384/302
f 770/385/303 991/369/303 994/373/303 771/383/303
f 769/375/304 988/366/304 991/369/304 770/385/304
f 997/386/305 998/387/305 1001/388/305 1000/389/305
f 998/387/306 999/390/306 1002/391/306 1001/388/306
f 1000/389/307 1001/388/307 1004/392/307 1003/393/307
f 1001/388/308 1002/391/308 1005/394/308 1004/392/308
f 119/384/309 687/382/309 997/386/309 766/395/309
f 687/382/310 686/381/310 998/387/310 997/386/310
f 686/381/311 685/380/311 999/390/311 998/387/311
f 685/380/312 40/379/312 312/396/312 999/390/312
f 999/390/313 312/396/313 311/397/313 1002/391/313
f 1002/391/314 311/397/314 310/398/314 1005/394/314
f 1005/394/315 310/398/315 42/399/315 688/400/315
f 1004/392/316 1005/394/316 688/400/316 689/401/316
f 1003/393/317 1004/392/317 689/401/317 690/402/317
f 768/403/318 1003/393/318 690/402/318 120/404/318
f 767/405/319 1000/389/319 1003/393/319 768/403/319
f 766/395/320 997/386/320 1000/389/320 767/405/320
f 1006/406/321 1007/407/321 1010/408/321 1009/409/321
f 1007/407/322 1008/410/322 1011/411/322 1010/408/322
f 1009/409/323 1010/408/323 1013/412/323 1012/413/323
f 1010/408/324 1011/411/324 1014/414/324 1013/412/324
f 120/404/325 690/402/325 1006/406/325 763/415/325
f 690/402/326 689/401/326 1007/407/326 1006/406/326
f 689/401/327 688/400/327 1008/410/327 1007/407/327
f 688/400/328 42/399/328 321/416/328 1008/410/328
f 1008/410/329 321/416/329 320/417/329 1011/411/329
f 1011/411/330 320/417/330 319/418/330 1014/414/330
f 1014/414/331 319/418/331 44/419/331 691/420/331
f 1013/412/332 1014/414/332 691/420/332 692/421/332
f 1012/413/333 1013/412/333 692/421/333 693/422/333
f 765/423/334 1012/413/334 693/422/334 121/424/334
f 764/425/335 1009/409/335 1012/413/335 765/423/335
f 763/415/336 1006/406/336 1009/409/336 764/425/336
f 1015/426/337 1016/427/337 1019/428/337 1018/429/337
f 1016/427/338 1017/430/338 1020/431/338 1019/428/338
f 1018/429/339 1019/428/339 1022/432/339 1021/433/339
f 1019/428/340 1020/431/340 1023/434/340 1022/432/340
f 132/435/341 726/436/341 1015/426/341 760/437/341
f 726/436/342 725/438/342 1016/427/342 1015/426/342
f 725/438/343 724/439/343 1017/430/343 1016/427/343
f 724/439/344 98/440/344 618/441/344 1017/430/344
f 1017/430/345 618/441/345 617/442/345 1020/431/345
f 1020/431/346 617/442/346 616/443/346 1023/434/346
f 1023/434/347 616/443/347 46/444/347 694/445/347
f 1022/432/348 1023/434/348 694/445/348 695/446/348
f 1021/433/349 1022/432/349 695/446/349 696/447/349
f 762/448/350 1021/433/350 696/447/350 122/449/350
f 761/450/351 1018/429/351 1021/433/351 762/448/351
f 760/437/352 1015/426/352 1018/429/352 761/450/352
f 1024/451/353 1025/452/353 1028/453/353 1027/454/353
f 1025/452/354 1026/455/354 1029/456/354 1028/453/354
f 1027/454/355 1028/453/355 1031/457/355 1030/458/355
f 1028/453/356 1029/456/356 1032/459/356 1031/457/356
f 122/449/357 696/447/357 1024/451/357 757/460/357
f 696/447/358 695/446/358 1025/452/358 1024/451/358
f 695/446/359 694/445/359 1026/455/359 1025/452/359
f 694/445/360 46/444/360 339/461/360 1026/455/360
f 1026/455/361 339/461/361 338/462/361 1029/456/361
f 1029/456/362 338/462/362 337/463/362 1032/459/362
f 1032/459/363 337/463/363 48/464/363 697/465/363
f 1031/457/364 1032/459/364 697/465/364 698/466/364
f 1030/458/365 1031/457/365 698/466/365 699/467/365
f 759/468/366 1030/458/366 699/467/366 123/469/366
f 758/470/367 1027/454/367 1030/458/367 759/468/367
f 757/460/368 1024/451/368 1027/454/368 758/470/368
f 1033/471/369 1034/472/369 1037/473/369 1036/474/369
f 1034/472/370 1035/475/370 1038/476/370 1037/473/370
f 1036/474/371 1037/473/371 1040/477/371 1039/478/371
f 1037/473/372 1038/476/372 1041/479/372 1040/477/372
f 123/469/373 699/467/373 1033/471/373 754/480/373
f 699/467/374 698/466/374 1034/472/374 1033/471/374
f 698/466/375 697/465/375 1035/475/375 1034/472/375
f 697/465/376 48/464/376 348/481/376 1035/475/376
f 1035/475/377 348/481/377 347/482/377 1038/476/377
f 1038/476/378 347/482/378 346/483/378 1041/479/378
f 1041/479/379 346/483/379 50/484/379 700/485/379
f 1040/477/380 1041/479/380 700/485/380 701/486/380
f 1039/478/381 1040/477/381 701/486/381 702/487/381
f 756/488/382 1039/478/382 702/487/382 124/489/382
f 755/490/383 1036/474/383 1039/478/383 756/488/383
f 754/480/384 1033/471/384 1036/474/384 755/490/384
f 1042/491/385 1043/492/385 1046/493/385 1045/494/385
f 1043/492/386 1044/495/386 1047/496/386 1046/493/386
f 1045/494/387 1046/493/387 1049/497/387 1048/498/387
f 1046/493/388 1047/496/388 1050/499/388 1049/497/388
f 124/489/389 702/487/389 1042/491/389 751/500/389
f 702/487/390 701/486/390 1043/492/390 1042/491/390
f 701/486/391 700/485/391 1044/495/391 1043/492/391
f 700/485/392 50/484/392 357/501/392 1044/495/392
f 1044/495/393 357/501/393 356/502/393 1047/496/393
f 1047/496/394 356/502/394 355/503/394 1050/499/394
f 1050/499/395 355/503/395 52/504/395 703/505/395
f 1049/497/396 1050/499/396 703/505/396 704/506/396
f 1048/498/397 1049/497/397 704/506/397 705/507/397
f 753/508/398 1048/498/398 705/507/398 125/509/398
f 752/510/399 1045/494/399 1048/498/399 753/508/399
f 751/500/400 1042/491/400 1045/494/400 752/510/400
f 1051/511/401 1052/512/401 1055/513/401 1054/514/401
f 1052/512/402 1053/515/402 1056/516/402 1055/513/402
f 1054/514/403 1055/513/403 1058/517/403 1057/518/403
f 1055/513/404 1056/516/404 1059/519/404 1058/517/404
f 125/509/405 705/507/405 1051/511/405 748/520/405
f 705/507/406 704/506/406 1052/512/406 1051/511/406
f 704/506/407 703/505/407 1053/515/407 1052/512/407
f 703/505/408 52/504/408 366/521/408 1053/515/408
f 1053/515/409 366/521/409 365/522/409 1056/516/409
f 1056/516/410 365/522/410 364/523/410 1059/519/410
f 1059/519/411 364/523/411 54/524/411 706/525/411
f 1058/517/412 1059/519/412 706/525/412 707/526/412
f 1057/518/413 1058/517/413 707/526/413 708/527/413
f 750/528/414 1057/518/414 708/527/414 126/529/414
f 749/530/415 1054/514/415 1057/518/415 750/528/415
f 748/520/416 1051/511/416 1054/514/416 749/530/416
f 1060/531/417 1061/532/417 1064/533/417 1063/534/417
f 1061/532/418 1062/535/418 1065/536/418 1064/533/418
f 1063/534/419 1064/533/419 1067/537/419 1066/538/419
f 1064/533/420 1065/536/420 1068/539/420 1067/537/420
f 126/529/421 708/527/421 1060/531/421 745/540/421
f 708/527/422 707/526/422 1061/532/422 1060/531/422
f 707/526/423 706/525/423 1062/535/423 1061/532/423
f 706/525/424 54/524/424 375/541/424 1062/535/424
f 1062/535/425 375/541/425 374/542/425 1065/536/425
f 1065/536/426 374/542/426 373/543/426 1068/539/426
f 1068/539/427 373/543/427 56/544/427 709/545/427
f 1067/537/428 1068/539/428 709/545/428 710/546/428
f 1066/538/429 1067/537/429 710/546/429 711/547/429
f 747/548/430 1066/538/430 711/547/430 127/549/430
f 746/550/431 1063/534/431 1066/538/431 747/548/431
f 745/540/432 1060/531/432 1063/534/432 746/550/432
f 1069/551/433 1070/552/433 1073/553/433 1072/554/433
f 1070/552/434 1071/555/434 1074/556/434 1073/553/434
f 1072/554/435 1073/553/435 1076/557/435 1075/558/435
f 1073/553/436 1074/556/436 1077/559/436 1076/557/436
f 127/549/437 711/547/437 1069/551/437 742/560/437
f 711/547/438 710/546/438 1070/552/438 1069/551/438
f 710/546/439 709/545/439 1071/555/439 1070/552/439
f 709/545/440 56/544/440 384/561/440 1071/555/440
f 1071/555/441 384/561/441 383/562/441 1074/556/441
f 1074/556/442 383/562/442 382/563/442 1077/559/442
f 1077/559/443 382/563/443 58/564/443 712/565/443
f 1076/557/444 1077/559/444 712/565/444 713/566/444
f 1075/558/445 1076/557/445 713/566/445 714/567/445
f 744/568/446 1075/558/446 714/567/446 128/569/446
f 743/570/447 1072/554/447 1075/558/447 744/568/447
f 742/560/448 1069/551/448 1072/554/448 743/570/448
f 1078/571/449 1079/572/449 1082/573/449 1081/574/449
f 1079/572/450 1080/575/450 1083/576/450 1082/573/450
f 1081/574/451 1082/573/451 1085/577/451 1084/578/451
f 1082/573/452 1083/576/452 1086/579/452 1085/577/452
f 128/569/453 714/567/453 1078/571/453 739/580/453
f 714/567/454 713/566/454 1079/572/454 1078/571/454
f 713/566/455 712/565/455 1080/575/455 1079/572/455
f 712/565/456 58/564/456 393/581/456 1080/575/456
f 1080/575/457 393/581/457 392/582/457 1083/576/457
f 1083/576/458 392/582/458 391/583/458 1086/579/458
f 1086/579/459 391/583/459 60/584/459 715/585/459
f 1085/577/460 1086/579/460 715/585/460 716/586/460
f 1084/578/461 1085/577/461 716/586/461 717/587/461
f 741/588/462 1084/578/462 717/587/462 129/589/462
f 740/590/463 1081/574/463 1084/578/463 741/588/463
f 739/580/464 1078/571/464 1081/574/464 740/590/464
f 1087/591/465 1088/592/465 1091/593/465 1090/594/465
f 1088/592/466 1089/595/466 1092/596/466 1091/593/466
f 1090/594/467 1091/593/467 1094/597/467 1093/598/467
f 1091/593/468 1092/596/468 1095/599/468 1094/597/468
f 129/589/469 717/587/469 1087/591/469 736/600/469
f 717/587/470 716/586/470 1088/592/470 1087/591/470
f 716/586/471 715/585/471 1089/595/471 1088/592/471
f 715/585/472 60/584/472 402/601/472 1089/595/472
f 1089/595/473 402/601/473 401/602/473 1092/596/473
f 1092/596/474 401/602/474 400/603/474 1095/599/474
f 1095/599/475 400/603/475 62/604/475 718/605/475
f 1094/597/476 1095/599/476 718/605/476 719/606/476
f 1093/598/477 1094/597/477 719/606/477 720/607/477
f 738/608/478 1093/598/478 720/607/478 130/609/478
f 737/610/479 1090/594/479 1093/598/479 738/608/479
f 736/600/480 1087/591/480 1090/594/480 737/610/480
f 1097/611/481 1098/612/481 1096/613/481 1162/614/481
f 1099/615/482 1100/616/482 1096/613/482 1098/617/482
f 1101/618/483 1102/619/483 1096/613/483 1100/620/483
f 1103/621/484 1104/622/484 1096/613/484 1102/623/484
f 1105/624/485 1106/625/485 1096/613/485 1104/622/485
f 1107/626/486 1108/627/486 1096/613/486 1106/628/486
f 1109/629/487 1110/630/487 1096/613/487 1108/627/487
f 1111/631/488 1112/632/488 1096/613/488 1110/633/488
f 1113/634/489 1114/635/489 1096/613/489 1112/632/489
f 1115/636/490 1116/637/490 1096/613/490 1114/638/490
f 1117/639/491 1118/640/491 1096/613/491 1116/641/491
f 1119/642/492 1120/643/492 1096/613/492 1118/644/492
f 1121/645/493 1122/646/493 1096/613/493 1120/647/493
f 1123/648/494 1124/649/494 1096/613/494 1122/650/494
f 1125/651/495 1126/652/495 1096/613/495 1124/649/495
f 1127/653/496 1128/654/496 1096/613/496 1126/655/496
f 1129/656/497 1130/657/497 1096/613/497 1128/658/497
f 1131/659/498 1132/660/498 1096/613/498 1130/657/498
f 1133/661/499 1134/662/499 1096/613/499 1132/663/499
f 1135/664/500 1136/665/500 1096/613/500 1134/666/500
f 1137/667/501 1138/668/501 1096/613/501 1136/669/501
f 1139/670/502 1140/671/502 1096/613/502 1138/672/502
f 1141/673/503 1142/674/503 1096/613/503 1140/671/503
f 1143/675/504 1144/676/504 1096/613/504 1142/677/504
f 1145/678/505 1146/679/505 1096/613/505 1144/680/505
f 1147/681/506 1148/682/506 1096/613/506 1146/683/506
f 1149/684/507 1150/685/507 1096/613/507 1148/682/507
f 1151/686/508 1152/687/508 1096/613/508 1150/688/508
f 1153/689/509 1154/690/509 1096/613/509 1152/691/509
f 1155/692/510 1156/693/510 1096/613/510 1154/694/510
f 1157/695/511 1158/696/511 1096/613/511 1156/693/511
f 1159/697/512 1160/698/512 1096/613/512 1158/696/512
f 1161/699/513 1162/614/513 1096/613/513 1160/700/513
f 4/701/514 136/702/514 1097/611/514 150/703/514
f 136/702/515 137/704/515 1098/612/515 1097/611/515
f 150/703/516 1097/611/516 1162/614/516 149/705/516
f 2/706/517 418/707/517 1099/615/517 138/708/517
f 418/707/518 419/709/518 1100/616/518 1099/615/518
f 138/708/519 1099/615/519 1098/617/519 137/704/519
f 64/710/520 409/711/520 1101/618/520 420/712/520
f 409/711/521 410/713/521 1102/619/521 1101/618/521
f 420/712/522 1101/618/522 1100/620/522 419/709/522
f 62/714/523 400/715/523 1103/621/523 411/716/523
f 400/715/524 401/717/524 1104/622/524 1103/621/524
f 411/716/525 1103/621/525 1102/623/525 410/713/525
f 60/718/526 391/719/526 1105/624/526 402/720/526
f 391/719/527 392/721/527 1106/625/527 1105/624/527
f 402/720/528 1105/624/528 1104/622/528 401/717/528
f 58/722/529 382/723/529 1107/626/529 393/724/529
f 382/723/530 383/725/530 1108/627/530 1107/626/530
f 393/724/531 1107/626/531 1106/628/531 392/726/531
f 56/727/532 373/728/532 1109/629/532 384/729/532
f 373/728/533 374/730/533 1110/630/533 1109/629/533
f 384/729/534 1109/629/534 1108/627/534 383/725/534
f 54/731/535 364/732/535 1111/631/535 375/733/535
f 364/732/536 365/734/536 1112/632/536 1111/631/536
f 375/733/537 1111/631/537 1110/633/537 374/735/537
f 52/736/538 355/737/538 1113/634/538 366/738/538
f 355/737/539 356/739/539 1114/635/539 1113/634/539
f 366/738/540 1113/634/540 1112/632/540 365/740/540
f 50/741/541 346/742/541 1115/636/541 357/743/541
f 346/742/542 347/744/542 1116/637/542 1115/636/542
f 357/743/543 1115/636/543 1114/638/543 356/739/543
f 48/745/544 337/746/544 1117/639/544 348/747/544
f 337/746/545 338/748/545 1118/640/545 1117/639/545
f 348/747/546 1117/639/546 1116/641/546 347/744/546
f 46/749/547 616/750/547 1119/642/547 339/751/547
f 616/750/548 617/752/548 1120/643/548 1119/642/548
f 339/751/549 1119/642/549 1118/644/549 338/748/549
f 98/753/550 328/754/550 1121/645/550 618/755/550
f 328/754/551 329/756/551 1122/646/551 1121/645/551
f 618/755/552 1121/645/552 1120/647/552 617/752/552
f 44/757/553 319/758/553 1123/648/553 330/759/553
f 319/758/554 320/760/554 1124/649/554 1123/648/554
f 330/759/555 1123/648/555 1122/650/555 329/756/555
f 42/761/556 310/762/556 1125/651/556 321/763/556
f 310/762/557 311/764/557 1126/652/557 1125/651/557
f 321/763/558 1125/651/558 1124/649/558 320/765/558
f 40/766/559 301/767/559 1127/653/559 312/768/559
f 301/767/560 302/769/560 1128/654/560 1127/653/560
f 312/768/561 1127/653/561 1126/655/561 311/770/561
f 38/771/562 292/772/562 1129/656/562 303/773/562
f 292/772/563 293/774/563 1130/657/563 1129/656/563
f 303/773/564 1129/656/564 1128/658/564 302/769/564
f 36/775/565 283/776/565 1131/659/565 294/777/565
f 283/776/566 284/778/566 1132/660/566 1131/659/566
f 294/777/567 1131/659/567 1130/657/567 293/774/567
f 34/779/568 274/780/568 1133/661/568 285/781/568
f 274/780/569 275/782/569 1134/662/569 1133/661/569
f 285/781/570 1133/661/570 1132/663/570 284/778/570
f 32/783/571 265/784/571 1135/664/571 276/785/571
f 265/784/572 266/786/572 1136/665/572 1135/664/572
f 276/785/573 1135/664/573 1134/666/573 275/782/573
f 30/787/574 256/788/574 1137/667/574 267/789/574
f 256/788/575 257/790/575 1138/668/575 1137/667/575
f 267/789/576 1137/667/576 1136/669/576 266/791/576
f 28/792/577 247/793/577 1139/670/577 258/794/577
f 247/793/578 248/795/578 1140/671/578 1139/670/578
f 258/794/579 1139/670/579 1138/672/579 257/796/579
f 26/797/580 238/798/580 1141/673/580 249/799/580
f 238/798/581 239/800/581 1142/674/581 1141/673/581
f 249/799/582 1141/673/582 1140/671/582 248/795/582
f 24/801/583 229/802/583 1143/675/583 240/803/583
f 229/802/584 230/804/584 1144/676/584 1143/675/584
f 240/803/585 1143/675/585 1142/677/585 239/805/585
f 22/806/586 220/807/586 1145/678/586 231/808/586
f 220/807/587 221/809/587 1146/679/587 1145/678/587
f 231/808/588 1145/678/588 1144/680/588 230/804/588
f 20/810/589 211/811/589 1147/681/589 222/812/589
f 211/811/590 212/813/590 1148/682/590 1147/681/590
f 222/812/591 1147/681/591 1146/683/591 221/809/591
f 18/814/592 202/815/592 1149/684/592 213/816/592
f 202/815/593 203/817/593 1150/685/593 1149/684/593
f 213/816/594 1149/684/594 1148/682/594 212/813/594
f 16/818/595 193/819/595 1151/686/595 204/820/595
f 193/819/596 194/821/596 1152/687/596 1151/686/596
f 204/820/597 1151/686/597 1150/688/597 203/817/597
f 14/822/598 184/823/598 1153/689/598 195/824/598
f 184/823/599 185/825/599 1154/690/599 1153/689/599
f 195/824/600 1153/689/600 1152/691/600 194/826/600
f 12/827/601 175/828/601 1155/692/601 186/829/601
f 175/828/602 176/830/602 1156/693/602 1155/692/602
f 186/829/603 1155/692/603 1154/694/603 185/831/603
f 10/832/604 166/833/604 1157/695/604 177/834/604
f 166/833/605 167/835/605 1158/696/605 1157/695/605
f 177/834/606 1157/695/606 1156/693/606 176/830/606
f 8/836/607 157/837/607 1159/697/607 168/838/607
f 157/837/608 158/839/608 1160/698/608 1159/697/608
f 168/838/609 1159/697/609 1158/696/609 167/835/609
f 6/840/610 148/841/610 1161/699/610 159/842/610
f 148/841/611 149/843/611 1162/614/611 1161/699/611
f 159/842/612 1161/699/612 1160/700/612 158/844/612
f 1163/845/613 1164/846/613 1167/847/613 1166/848/613
f 1164/846/614 1165/849/614 1168/850/614 1167/847/614
f 1166/848/615 1167/847/615 1170/851/615 1169/852/615
f 1167/847/616 1168/850/616 1171/853/616 1170/851/616
f 130/609/617 720/607/617 1163/845/617 733/854/617
f 720/607/618 719/606/618 1164/846/618 1163/845/618
f 719/606/619 718/605/619 1165/849/619 1164/846/619
f 718/605/620 62/604/620 411/855/620 1165/849/620
f 1165/849/621 411/855/621 410/856/621 1168/850/621
f 1168/850/622 410/856/622 409/857/622 1171/853/622
f 1171/853/623 409/857/623 64/858/623 721/859/623
f 1170/851/624 1171/853/624 721/859/624 722/860/624
f 1169/852/625 1170/851/625 722/860/625 723/861/625
f 735/862/626 1169/852/626 723/861/626 131/863/626
f 734/864/627 1166/848/627 1169/852/627 735/862/627
f 733/854/628 1163/845/628 1166/848/628 734/864/628
f 1172/865/629 1173/866/629 1176/867/629 1175/868/629
f 1173/866/630 1174/869/630 1177/870/630 1176/867/630
f 1175/868/631 1176/867/631 1179/871/631 1178/872/631
f 1176/867/632 1177/870/632 1180/873/632 1179/871/632
f 131/863/633 723/861/633 1172/865/633 730/874/633
f 723/861/634 722/860/634 1173/866/634 1172/865/634
f 722/860/635 721/859/635 1174/869/635 1173/866/635
f 721/859/636 64/858/636 420/875/636 1174/869/636
f 1174/869/637 420/875/637 419/876/637 1177/870/637
f 1177/870/638 419/876/638 418/877/638 1180/873/638
f 1180/873/639 418/877/639 2/878/639 141/879/639
f 1179/871/640 1180/873/640 141/879/640 140/880/640
f 1178/872/641 1179/871/641 140/880/641 139/881/641
f 732/882/642 1178/872/642 139/881/642 100/883/642
f 731/884/643 1175/868/643 1178/872/643 732/882/643
f 730/874/644 1172/865/644 1175/868/644 731/884/644
f 1182/885/645 1183/886/645 1181/887/645 1247/888/645
f 1184/889/646 1185/890/646 1181/887/646 1183/891/646
f 1186/892/647 1187/893/647 1181/887/647 1185/894/647
f 1188/895/648 1189/896/648 1181/887/648 1187/893/648
f 1190/897/649 1191/898/649 1181/887/649 1189/899/649
f 1192/900/650 1193/901/650 1181/887/650 1191/898/650
f 1194/902/651 1195/903/651 1181/887/651 1193/904/651
f 1196/905/652 1197/906/652 1181/887/652 1195/907/652
f 1198/908/653 1199/909/653 1181/887/653 1197/910/653
f 1200/911/654 1201/912/654 1181/887/654 1199/913/654
f 1202/914/655 1203/915/655 1181/887/655 1201/916/655
f 1204/917/656 1205/918/656 1181/887/656 1203/919/656
f 1206/920/657 1207/921/657 1181/887/657 1205/922/657
f 1208/923/658 1209/924/658 1181/887/658 1207/925/658
f 1210/926/659 1211/927/659 1181/887/659 1209/928/659
f 1212/929/660 1213/930/660 1181/887/660 1211/931/660
f 1214/932/661 1215/933/661 1181/887/661 1213/934/661
f 1216/935/662 1217/936/662 1181/887/662 1215/937/662
f 1218/938/663 1219/939/663 1181/887/663 1217/940/663
f 1220/941/664 1221/942/664 1181/887/664 1219/943/664
f 1222/944/665 1223/945/665 1181/887/665 1221/946/665
f 1224/947/666 1225/948/666 1181/887/666 1223/949/666
f 1226/950/667 1227/951/667 1181/887/667 1225/952/667
f 1228/953/668 1229/954/668 1181/887/668 1227/955/668
f 1230/956/669 1231/957/669 1181/887/669 1229/958/669
f 1232/959/670 1233/960/670 1181/887/670 1231/961/670
f 1234/962/671 1235/963/671 1181/887/671 1233/960/671
f 1236/964/672 1237/965/672 1181/887/672 1235/963/672
f 1238/966/673 1239/967/673 1181/887/673 1237/965/673
f 1240/968/674 1241/969/674 1181/887/674 1239/970/674
f 1242/971/675 1243/972/675 1181/887/675 1241/969/675
f 1244/973/676 1245/974/676 1181/887/676 1243/975/676
f 1246/976/677 1247/977/677 1181/887/677 1245/978/677
f 1/979/678 133/980/678 1182/885/678 417/981/678
f 133/980/679 134/982/679 1183/886/679 1182/885/679
f 417/981/680 1182/885/680 1247/888/680 416/983/680
f 3/984/681 145/985/681 1184/889/681 135/986/681
f 145/985/682 146/987/682 1185/890/682 1184/889/682
f 135/986/683 1184/889/683 1183/891/683 134/988/683
f 5/989/684 154/990/684 1186/892/684 147/991/684
f 154/990/685 155/992/685 1187/893/685 1186/892/685
f 147/991/686 1186/892/686 1185/894/686 146/987/686
f 7/993/687 163/994/687 1188/895/687 156/995/687
f 163/994/688 164/996/688 1189/896/688 1188/895/688
f 156/995/689 1188/895/689 1187/893/689 155/997/689
f 9/998/690 172/999/690 1190/897/690 165/1000/690
f 172/999/691 173/1001/691 1191/898/691 1190/897/691
f 165/1000/692 1190/897/692 1189/899/692 164/996/692
f 11/1002/693 181/1003/693 1192/900/693 174/1004/693
f 181/1003/694 182/1005/694 1193/901/694 1192/900/694
f 174/1004/695 1192/900/695 1191/898/695 173/1001/695
f 13/1006/696 190/1007/696 1194/902/696 183/1008/696
f 190/1007/697 191/1009/697 1195/903/697 1194/902/697
f 183/1008/698 1194/902/698 1193/904/698 182/1010/698
f 15/1011/699 199/1012/699 1196/905/699 192/1013/699
f 199/1012/700 200/1014/700 1197/906/700 1196/905/700
f 192/1013/701 1196/905/701 1195/907/701 191/1015/701
f 17/1016/702 208/1017/702 1198/908/702 201/1018/702
f 208/1017/703 209/1019/703 1199/909/703 1198/908/703
f 201/1018/704 1198/908/704 1197/910/704 200/1020/704
f 19/1021/705 217/1022/705 1200/911/705 210/1023/705
f 217/1022/706 218/1024/706 1201/912/706 1200/911/706
f 210/1023/707 1200/911/707 1199/913/707 209/1025/707
f 21/1026/708 226/1027/708 1202/914/708 219/1028/708
f 226/1027/709 227/1029/709 1203/915/709 1202/914/709
f 219/1028/710 1202/914/710 1201/916/710 218/1024/710
f 23/1030/711 235/1031/711 1204/917/711 228/1032/711
f 235/1031/712 236/1033/712 1205/918/712 1204/917/712
f 228/1032/713 1204/917/713 1203/919/713 227/1029/713
f 25/1034/714 244/1035/714 1206/920/714 237/1036/714
f 244/1035/715 245/1037/715 1207/921/715 1206/920/715
f 237/1036/716 1206/920/716 1205/922/716 236/1038/716
f 27/1039/717 253/1040/717 1208/923/717 246/1041/717
f 253/1040/718 254/1042/718 1209/924/718 1208/923/718
f 246/1041/719 1208/923/719 1207/925/719 245/1037/719
f 29/1043/720 262/1044/720 1210/926/720 255/1045/720
f 262/1044/721 263/1046/721 1211/927/721 1210/926/721
f 255/1045/722 1210/926/722 1209/928/722 254/1047/722
f 31/1048/723 271/1049/723 1212/929/723 264/1050/723
f 271/1049/724 272/1051/724 1213/930/724 1212/929/724
f 264/1050/725 1212/929/725 1211/931/725 263/1046/725
f 33/1052/726 280/1053/726 1214/932/726 273/1054/726
f 280/1053/727 281/1055/727 1215/933/727 1214/932/727
f 273/1054/728 1214/932/728 1213/934/728 272/1056/728
f 35/1057/729 289/1058/729 1216/935/729 282/1059/729
f 289/1058/730 290/1060/730 1217/936/730 1216/935/730
f 282/1059/731 1216/935/731 1215/937/731 281/1061/731
f 37/1062/732 298/1063/732 1218/938/732 291/1064/732
f 298/1063/733 299/1065/733 1219/939/733 1218/938/733
f 291/1064/734 1218/938/734 1217/940/734 290/1066/734
f 39/1067/735 307/1068/735 1220/941/735 300/1069/735
f 307/1068/736 308/1070/736 1221/942/736 1220/941/736
f 300/1069/737 1220/941/737 1219/943/737 299/1065/737
f 41/1071/738 316/1072/738 1222/944/738 309/1073/738
f 316/1072/739 317/1074/739 1223/945/739 1222/944/739
f 309/1073/740 1222/944/740 1221/946/740 308/1075/740
f 43/1076/741 613/1077/741 1224/947/741 318/1078/741
f 613/1077/742 614/1079/742 1225/948/742 1224/947/742
f 318/1078/743 1224/947/743 1223/949/743 317/1080/743
f 97/1081/744 325/1082/744 1226/950/744 615/1083/744
f 325/1082/745 326/1084/745 1227/951/745 1226/950/745
f 615/1083/746 1226/950/746 1225/952/746 614/1079/746
f 45/1085/747 334/1086/747 1228/953/747 327/1087/747
f 334/1086/748 335/1088/748 1229/954/748 1228/953/748
f 327/1087/749 1228/953/749 1227/955/749 326/1084/749
f 47/1089/750 343/1090/750 1230/956/750 336/1091/750
f 343/1090/751 344/1092/751 1231/957/751 1230/956/751
f 336/1091/752 1230/956/752 1229/958/752 335/1088/752
f 49/1093/753 352/1094/753 1232/959/753 345/1095/753
f 352/1094/754 353/1096/754 1233/960/754 1232/959/754
f 345/1095/755 1232/959/755 1231/961/755 344/1092/755
f 51/1097/756 361/1098/756 1234/962/756 354/1099/756
f 361/1098/757 362/1100/757 1235/963/757 1234/962/757
f 354/1099/758 1234/962/758 1233/960/758 353/1096/758
f 53/1101/759 370/1102/759 1236/964/759 363/1103/759
f 370/1102/760 371/1104/760 1237/965/760 1236/964/760
f 363/1103/761 1236/964/761 1235/963/761 362/1105/761
f 55/1106/762 379/1107/762 1238/966/762 372/1108/762
f 379/1107/763 380/1109/763 1239/967/763 1238/966/763
f 372/1108/764 1238/966/764 1237/965/764 371/1110/764
f 57/1111/765 388/1112/765 1240/968/765 381/1113/765
f 388/1112/766 389/1114/766 1241/969/766 1240/968/766
f 381/1113/767 1240/968/767 1239/970/767 380/1115/767
f 59/1116/768 397/1117/768 1242/971/768 390/1118/768
f 397/1117/769 398/1119/769 1243/972/769 1242/971/769
f 390/1118/770 1242/971/770 1241/969/770 389/1120/770
f 61/1121/771 406/1122/771 1244/973/771 399/1123/771
f 406/1122/772 407/1124/772 1245/974/772 1244/973/772
f 399/1123/773 1244/973/773 1243/975/773 398/1119/773
f 63/1125/774 415/1126/774 1246/976/774 408/1127/774
f 415/1126/775 416/1128/775 1247/977/775 1246/976/775
f 408/1127/776 1246/976/776 1245/978/776 407/1124/776
f 1248/1129/777 1249/1130/777 1252/1131/777 1251/1132/777
f 1249/1130/778 1250/1133/778 1253/1134/778 1252/1131/778
f 1251/1132/779 1252/1131/779 1255/1135/779 1254/1136/779
f 1252/1131/780 1253/1134/780 1256/1137/780 1255/1135/780
f 63/1138/781 414/1139/781 1248/1129/781 415/1140/781
f 414/1139/782 413/1141/782 1249/1130/782 1248/1129/782
f 413/1141/783 412/1142/783 1250/1133/783 1249/1130/783
f 412/1142/784 96/1143/784 517/1144/784 1250/1133/784
f 1250/1133/785 517/1144/785 518/1145/785 1253/1134/785
f 1253/1134/786 518/1145/786 519/1146/786 1256/1137/786
f 1256/1137/787 519/1146/787 65/1147/787 423/1148/787
f 1255/1135/788 1256/1137/788 423/1148/788 422/1149/788
f 1254/1136/789 1255/1135/789 422/1149/789 421/1150/789
f 417/1151/790 1254/1136/790 421/1150/790 1/1152/790
f 416/1153/791 1251/1132/791 1254/1136/791 417/1151/791
f 415/1140/792 1248/1129/792 1251/1132/792 416/1153/792
f 1257/1154/793 1258/1155/793 1261/1156/793 1260/1157/793
f 1258/1155/794 1259/1158/794 1262/1159/794 1261/1156/794
f 1260/1157/795 1261/1156/795 1264/1160/795 1263/1161/795
f 1261/1156/796 1262/1159/796 1265/1162/796 1264/1160/796
f 61/1163/797 405/1164/797 1257/1154/797 406/1165/797
f 405/1164/798 404/1166/798 1258/1155/798 1257/1154/798
f 404/1166/799 403/1167/799 1259/1158/799 1258/1155/799
f 403/1167/800 95/1168/800 520/1169/800 1259/1158/800
f 1259/1158/801 520/1169/801 521/1170/801 1262/1159/801
f 1262/1159/802 521/1170/802 522/1171/802 1265/1162/802
f 1265/1162/803 522/1171/803 96/1143/803 412/1142/803
f 1264/1160/804 1265/1162/804 412/1142/804 413/1141/804
f 1263/1161/805 1264/1160/805 413/1141/805 414/1139/805
f 408/1172/806 1263/1161/806 414/1139/806 63/1138/806
f 407/1173/807 1260/1157/807 1263/1161/807 408/1172/807
f 406/1165/808 1257/1154/808 1260/1157/808 407/1173/808
f 1266/1174/809 1267/1175/809 1270/1176/809 1269/1177/809
f 1267/1175/810 1268/1178/810 1271/1179/810 1270/1176/810
f 1269/1177/811 1270/1176/811 1273/1180/811 1272/1181/811
f 1270/1176/812 1271/1179/812 1274/1182/812 1273/1180/812
f 59/1183/813 396/1184/813 1266/1174/813 397/1185/813
f 396/1184/814 395/1186/814 1267/1175/814 1266/1174/814
f 395/1186/815 394/1187/815 1268/1178/815 1267/1175/815
f 394/1187/816 94/1188/816 523/1189/816 1268/1178/816
f 1268/1178/817 523/1189/817 524/1190/817 1271/1179/817
f 1271/1179/818 524/1190/818 525/1191/818 1274/1182/818
f 1274/1182/819 525/1191/819 95/1168/819 403/1167/819
f 1273/1180/820 1274/1182/820 403/1167/820 404/1166/820
f 1272/1181/821 1273/1180/821 404/1166/821 405/1164/821
f 399/1192/822 1272/1181/822 405/1164/822 61/1163/822
f 398/1193/823 1269/1177/823 1272/1181/823 399/1192/823
f 397/1185/824 1266/1174/824 1269/1177/824 398/1193/824
f 1275/1194/825 1276/1195/825 1279/1196/825 1278/1197/825
f 1276/1195/826 1277/1198/826 1280/1199/826 1279/1196/826
f 1278/1197/827 1279/1196/827 1282/1200/827 1281/1201/827
f 1279/1196/828 1280/1199/828 1283/1202/828 1282/1200/828
f 57/1203/829 387/1204/829 1275/1194/829 388/1205/829
f 387/1204/830 386/1206/830 1276/1195/830 1275/1194/830
f 386/1206/831 385/1207/831 1277/1198/831 1276/1195/831
f 385/1207/832 93/1208/832 526/1209/832 1277/1198/832
f 1277/1198/833 526/1209/833 527/1210/833 1280/1199/833
f 1280/1199/834 527/1210/834 528/1211/834 1283/1202/834
f 1283/1202/835 528/1211/835 94/1188/835 394/1187/835
f 1282/1200/836 1283/1202/836 394/1187/836 395/1186/836
f 1281/1201/837 1282/1200/837 395/1186/837 396/1184/837
f 390/1212/838 1281/1201/838 396/1184/838 59/1183/838
f 389/1213/839 1278/1197/839 1281/1201/839 390/1212/839
f 388/1205/840 1275/1194/840 1278/1197/840 389/1213/840
f 1284/1214/841 1285/1215/841 1288/1216/841 1287/1217/841
f 1285/1215/842 1286/1218/842 1289/1219/842 1288/1216/842
f 1287/1217/843 1288/1216/843 1291/1220/843 1290/1221/843
f 1288/1216/844 1289/1219/844 1292/1222/844 1291/1220/844
f 55/1223/845 378/1224/845 1284/1214/845 379/1225/845
f 378/1224/846 377/1226/846 1285/1215/846 1284/1214/846
f 377/1226/847 376/1227/847 1286/1218/847 1285/1215/847
f 376/1227/848 92/1228/848 529/1229/848 1286/1218/848
f 1286/1218/849 529/1229/849 530/1230/849 1289/1219/849
f 1289/1219/850 530/1230/850 531/1231/850 1292/1222/850
f 1292/1222/851 531/1231/851 93/1208/851 385/1207/851
f 1291/1220/852 1292/1222/852 385/1207/852 386/1206/852
f 1290/1221/853 1291/1220/853 386/1206/853 387/1204/853
f 381/1232/854 1290/1221/854 387/1204/854 57/1203/854
f 380/1233/855 1287/1217/855 1290/1221/855 381/1232/855
f 379/1225/856 1284/1214/856 1287/1217/856 380/1233/856
f 1293/1234/857 1294/1235/857 1297/1236/857 1296/1237/857
f 1294/1235/858 1295/1238/858 1298/1239/858 1297/1236/858
f 1296/1237/859 1297/1236/859 1300/1240/859 1299/1241/859
f 1297/1236/860 1298/1239/860 1301/1242/860 1300/1240/860
f 53/1243/861 369/1244/861 1293/1234/861 370/1245/861
f 369/1244/862 368/1246/862 1294/1235/862 1293/1234/862
f 368/1246/863 367/1247/863 1295/1238/863 1294/1235/863
f 367/1247/864 91/1248/864 532/1249/864 1295/1238/864
f 1295/1238/865 532/1249/865 533/1250/865 1298/1239/865
f 1298/1239/866 533/1250/866 534/1251/866 1301/1242/866
f 1301/1242/867 534/1251/867 92/1228/867 376/1227/867
f 1300/1240/868 1301/1242/868 376/1227/868 377/1226/868
f 1299/1241/869 1300/1240/869 377/1226/869 378/1224/869
f 372/1252/870 1299/1241/870 378/1224/870 55/1223/870
f 371/1253/871 1296/1237/871 1299/1241/871 372/1252/871
f 370/1245/872 1293/1234/872 1296/1237/872 371/1253/872
f 1302/1254/873 1303/1255/873 1306/1256/873 1305/1257/873
f 1303/1255/874 1304/1258/874 1307/1259/874 1306/1256/874
f 1305/1257/875 1306/1256/875 1309/1260/875 1308/1261/875
f 1306/1256/876 1307/1259/876 1310/1262/876 1309/1260/876
f 51/1263/877 360/1264/877 1302/1254/877 361/1265/877
f 360/1264/878 359/1266/878 1303/1255/878 1302/1254/878
f 359/1266/879 358/1267/879 1304/1258/879 1303/1255/879
f 358/1267/880 90/1268/880 535/1269/880 1304/1258/880
f 1304/1258/881 535/1269/881 536/1270/881 1307/1259/881
f 1307/1259/882 536/1270/882 537/1271/882 1310/1262/882
f 1310/1262/883 537/1271/883 91/1248/883 367/1247/883
f 1309/1260/884 1310/1262/884 367/1247/884 368/1246/884
f 1308/1261/885 1309/1260/885 368/1246/885 369/1244/885
f 363/1272/886 1308/1261/886 369/1244/886 53/1243/886
f 362/1273/887 1305/1257/887 1308/1261/887 363/1272/887
f 361/1265/888 1302/1254/888 1305/1257/888 362/1273/888
f 1311/1274/889 1312/1275/889 1315/1276/889 1314/1277/889
f 1312/1275/890 1313/1278/890 1316/1279/890 1315/1276/890
f 1314/1277/891 1315/1276/891 1318/1280/891 1317/1281/891
f 1315/1276/892 1316/1279/892 1319/1282/892 1318/1280/892
f 49/1283/893 351/1284/893 1311/1274/893 352/1285/893
f 351/1284/894 350/1286/894 1312/1275/894 1311/1274/894
f 350/1286/895 349/1287/895 1313/1278/895 1312/1275/895
f 349/1287/896 89/1288/896 538/1289/896 1313/1278/896
f 1313/1278/897 538/1289/897 539/1290/897 1316/1279/897
f 1316/1279/898 539/1290/898 540/1291/898 1319/1282/898
f 1319/1282/899 540/1291/899 90/1268/899 358/1267/899
f 1318/1280/900 1319/1282/900 358/1267/900 359/1266/900
f 1317/1281/901 1318/1280/901 359/1266/901 360/1264/901
f 354/1292/902 1317/1281/902 360/1264/902 51/1263/902
f 353/1293/903 1314/1277/903 1317/1281/903 354/1292/903
f 352/1285/904 1311/1274/904 1314/1277/904 353/1293/904
f 1320/1294/905 1321/1295/905 1324/1296/905 1323/1297/905
f 1321/1295/906 1322/1298/906 1325/1299/906 1324/1296/906
f 1323/1297/907 1324/1296/907 1327/1300/907 1326/1301/907
f 1324/1296/908 1325/1299/908 1328/1302/908 1327/1300/908
f 47/1303/909 342/1304/909 1320/1294/909 343/1305/909
f 342/1304/910 341/1306/910 1321/1295/910 1320/1294/910
f 341/1306/911 340/1307/911 1322/1298/911 1321/1295/911
f 340/1307/912 88/1308/912 541/1309/912 1322/1298/912
f 1322/1298/913 541/1309/913 542/1310/913 1325/1299/913
f 1325/1299/914 542/1310/914 543/1311/914 1328/1302/914
f 1328/1302/915 543/1311/915 89/1288/915 349/1287/915
f 1327/1300/916 1328/1302/916 349/1287/916 350/1286/916
f 1326/1301/917 1327/1300/917 350/1286/917 351/1284/917
f 345/1312/918 1326/1301/918 351/1284/918 49/1283/918
f 344/1313/919 1323/1297/919 1326/1301/919 345/1312/919
f 343/1305/920 1320/1294/920 1323/1297/920 344/1313/920
f 1329/1314/921 1330/1315/921 1333/1316/921 1332/1317/921
f 1330/1315/922 1331/1318/922 1334/1319/922 1333/1316/922
f 1332/1317/923 1333/1316/923 1336/1320/923 1335/1321/923
f 1333/1316/924 1334/1319/924 1337/1322/924 1336/1320/924
f 45/1323/925 333/1324/925 1329/1314/925 334/1325/925
f 333/1324/926 332/1326/926 1330/1315/926 1329/1314/926
f 332/1326/927 331/1327/927 1331/1318/927 1330/1315/927
f 331/1327/928 87/1328/928 544/1329/928 1331/1318/928
f 1331/1318/929 544/1329/929 545/1330/929 1334/1319/929
f 1334/1319/930 545/1330/930 546/1331/930 1337/1322/930
f 1337/1322/931 546/1331/931 88/1308/931 340/1307/931
f 1336/1320/932 1337/1322/932 340/1307/932 341/1306/932
f 1335/1321/933 1336/1320/933 341/1306/933 342/1304/933
f 336/1332/934 1335/1321/934 342/1304/934 47/1303/934
f 335/1333/935 1332/1317/935 1335/1321/935 336/1332/935
f 334/1325/936 1329/1314/936 1332/1317/936 335/1333/936
f 1338/1334/937 1339/1335/937 1342/1336/937 1341/1337/937
f 1339/1335/938 1340/1338/938 1343/1339/938 1342/1336/938
f 1341/1337/939 1342/1336/939 1345/1340/939 1344/1341/939
f 1342/1336/940 1343/1339/940 1346/1342/940 1345/1340/940
f 97/1343/941 624/1344/941 1338/1334/941 325/1345/941
f 624/1344/942 623/1346/942 1339/1335/942 1338/1334/942
f 623/1346/943 622/1347/943 1340/1338/943 1339/1335/943
f 622/1347/944 99/1348/944 547/1349/944 1340/1338/944
f 1340/1338/945 547/1349/945 548/1350/945 1343/1339/945
f 1343/1339/946 548/1350/946 549/1351/946 1346/1342/946
f 1346/1342/947 549/1351/947 87/1328/947 331/1327/947
f 1345/1340/948 1346/1342/948 331/1327/948 332/1326/948
f 1344/1341/949 1345/1340/949 332/1326/949 333/1324/949
f 327/1352/950 1344/1341/950 333/1324/950 45/1323/950
f 326/1353/951 1341/1337/951 1344/1341/951 327/1352/951
f 325/1345/952 1338/1334/952 1341/1337/952 326/1353/952
f 1347/1354/953 1348/1355/953 1351/1356/953 1350/1357/953
f 1348/1355/954 1349/1358/954 1352/1359/954 1351/1356/954
f 1350/1357/955 1351/1356/955 1354/1360/955 1353/1361/955
f 1351/1356/956 1352/1359/956 1355/1362/956 1354/1360/956
f 41/1363/957 315/1364/957 1347/1354/957 316/1365/957
f 315/1364/958 314/1366/958 1348/1355/958 1347/1354/958
f 314/1366/959 313/1367/959 1349/1358/959 1348/1355/959
f 313/1367/960 85/1368/960 550/1369/960 1349/1358/960
f 1349/1358/961 550/1369/961 551/1370/961 1352/1359/961
f 1352/1359/962 551/1370/962 552/1371/962 1355/1362/962
f 1355/1362/963 552/1371/963 86/1372/963 322/1373/963
f 1354/1360/964 1355/1362/964 322/1373/964 323/1374/964
f 1353/1361/965 1354/1360/965 323/1374/965 324/1375/965
f 318/1376/966 1353/1361/966 324/1375/966 43/1377/966
f 317/1378/967 1350/1357/967 1353/1361/967 318/1376/967
f 316/1365/968 1347/1354/968 1350/1357/968 317/1378/968
f 1356/1379/969 1357/1380/969 1360/1381/969 1359/1382/969
f 1357/1380/970 1358/1383/970 1361/1384/970 1360/1381/970
f 1359/1382/971 1360/1381/971 1363/1385/971 1362/1386/971
f 1360/1381/972 1361/1384/972 1364/1387/972 1363/1385/972
f 39/1388/973 306/1389/973 1356/1379/973 307/1390/973
f 306/1389/974 305/1391/974 1357/1380/974 1356/1379/974
f 305/1391/975 304/1392/975 1358/1383/975 1357/1380/975
f 304/1392/976 84/1393/976 553/1394/976 1358/1383/976
f 1358/1383/977 553/1394/977 554/1395/977 1361/1384/977
f 1361/1384/978 554/1395/978 555/1396/978 1364/1387/978
f 1364/1387/979 555/1396/979 85/1368/979 313/1367/979
f 1363/1385/980 1364/1387/980 313/1367/980 314/1366/980
f 1362/1386/981 1363/1385/981 314/1366/981 315/1364/981
f 309/1397/982 1362/1386/982 315/1364/982 41/1363/982
f 308/1398/983 1359/1382/983 1362/1386/983 309/1397/983
f 307/1390/984 1356/1379/984 1359/1382/984 308/1398/984
f 1365/1399/985 1366/1400/985 1369/1401/985 1368/1402/985
f 1366/1400/986 1367/1403/986 1370/1404/986 1369/1401/986
f 1368/1402/987 1369/1401/987 1372/1405/987 1371/1406/987
f 1369/1401/988 1370/1404/988 1373/1407/988 1372/1405/988
f 37/1408/989 297/1409/989 1365/1399/989 298/1410/989
f 297/1409/990 296/1411/990 1366/1400/990 1365/1399/990
f 296/1411/991 295/1412/991 1367/1403/991 1366/1400/991
f 295/1412/992 83/1413/992 556/1414/992 1367/1403/992
f 1367/1403/993 556/1414/993 557/1415/993 1370/1404/993
f 1370/1404/994 557/1415/994 558/1416/994 1373/1407/994
f 1373/1407/995 558/1416/995 84/1393/995 304/1392/995
f 1372/1405/996 1373/1407/996 304/1392/996 305/1391/996
f 1371/1406/997 1372/1405/997 305/1391/997 306/1389/997
f 300/1417/998 1371/1406/998 306/1389/998 39/1388/998
f 299/1418/999 1368/1402/999 1371/1406/999 300/1417/999
f 298/1410/1000 1365/1399/1000 1368/1402/1000 299/1418/1000
f 1374/1419/1001 1375/1420/1001 1378/1421/1001 1377/1422/1001
f 1375/1420/1002 1376/1423/1002 1379/1424/1002 1378/1421/1002
f 1377/1422/1003 1378/1421/1003 1381/1425/1003 1380/1426/1003
f 1378/1421/1004 1379/1424/1004 1382/1427/1004 1381/1425/1004
f 35/1428/1005 288/1429/1005 1374/1419/1005 289/1430/1005
f 288/1429/1006 287/1431/1006 1375/1420/1006 1374/1419/1006
f 287/1431/1007 286/1432/1007 1376/1423/1007 1375/1420/1007
f 286/1432/1008 82/1433/1008 559/1434/1008 1376/1423/1008
f 1376/1423/1009 559/1434/1009 560/1435/1009 1379/1424/1009
f 1379/1424/1010 560/1435/1010 561/1436/1010 1382/1427/1010
f 1382/1427/1011 561/1436/1011 83/1413/1011 295/1412/1011
f 1381/1425/1012 1382/1427/1012 295/1412/1012 296/1411/1012
f 1380/1426/1013 1381/1425/1013 296/1411/1013 297/1409/1013
f 291/1437/1014 1380/1426/1014 297/1409/1014 37/1408/1014
f 290/1438/1015 1377/1422/1015 1380/1426/1015 291/1437/1015
f 289/1430/1016 1374/1419/1016 1377/1422/1016 290/1438/1016
f 1383/1439/1017 1384/1440/1017 1387/1441/1017 1386/1442/1017
f 1384/1440/1018 1385/1443/1018 1388/1444/1018 1387/1441/1018
f 1386/1442/1019 1387/1441/1019 1390/1445/1019 1389/1446/1019
f 1387/1441/1020 1388/1444/1020 1391/1447/1020 1390/1445/1020
f 33/1448/1021 279/1449/1021 1383/1439/1021 280/1450/1021
f 279/1449/1022 278/1451/1022 1384/1440/1022 1383/1439/1022
f 278/1451/1023 277/1452/1023 1385/1443/1023 1384/1440/1023
f 277/1452/1024 81/1453/1024 562/1454/1024 1385/1443/1024
f 1385/1443/1025 562/1454/1025 563/1455/1025 1388/1444/1025
f 1388/1444/1026 563/1455/1026 564/1456/1026 1391/1447/1026
f 1391/1447/1027 564/1456/1027 82/1433/1027 286/1432/1027
f 1390/1445/1028 1391/1447/1028 286/1432/1028 287/1431/1028
f 1389/1446/1029 1390/1445/1029 287/1431/1029 288/1429/1029
f 282/1457/1030 1389/1446/1030 288/1429/1030 35/1428/1030
f 281/1458/1031 1386/1442/1031 1389/1446/1031 282/1457/1031
f 280/1450/1032 1383/1439/1032 1386/1442/1032 281/1458/1032
f 1392/1459/1033 1393/1460/1033 1396/1461/1033 1395/1462/1033
f 1393/1460/1034 1394/1463/1034 1397/1464/1034 1396/1461/1034
f 1395/1462/1035 1396/1461/1035 1399/1465/1035 1398/1466/1035
f 1396/1461/1036 1397/1464/1036 1400/1467/1036 1399/1465/1036
f 31/1468/1037 270/1469/1037 1392/1459/1037 271/1470/1037
f 270/1469/1038 269/1471/1038 1393/1460/1038 1392/1459/1038
f 269/1471/1039 268/1472/1039 1394/1463/1039 1393/1460/1039
f 268/1472/1040 80/1473/1040 565/1474/1040 1394/1463/1040
f 1394/1463/1041 565/1474/1041 566/1475/1041 1397/1464/1041
f 1397/1464/1042 566/1475/1042 567/1476/1042 1400/1467/1042
f 1400/1467/1043 567/1476/1043 81/1453/1043 277/1452/1043
f 1399/1465/1044 1400/1467/1044 277/1452/1044 278/1451/1044
f 1398/1466/1045 1399/1465/1045 278/1451/1045 279/1449/1045
f 273/1477/1046 1398/1466/1046 279/1449/1046 33/1448/1046
f 272/1478/1047 1395/1462/1047 1398/1466/1047 273/1477/1047
f 271/1470/1048 1392/1459/1048 1395/1462/1048 272/1478/1048
f 1401/1479/1049 1402/1480/1049 1405/1481/1049 1404/1482/1049
f 1402/1480/1050 1403/1483/1050 1406/1484/1050 1405/1481/1050
f 1404/1482/1051 1405/1481/1051 1408/1485/1051 1407/1486/1051
f 1405/1481/1052 1406/1484/1052 1409/1487/1052 1408/1485/1052
f 29/1488/1053 261/1489/1053 1401/1479/1053 262/1490/1053
f 261/1489/1054 260/1491/1054 1402/1480/1054 1401/1479/1054
f 260/1491/1055 259/1492/1055 1403/1483/1055 1402/1480/1055
f 259/1492/1056 79/1493/1056 568/1494/1056 1403/1483/1056
f 1403/1483/1057 568/1494/1057 569/1495/1057 1406/1484/1057
f 1406/1484/1058 569/1495/1058 570/1496/1058 1409/1487/1058
f 1409/1487/1059 570/1496/1059 80/1473/1059 268/1472/1059
f 1408/1485/1060 1409/1487/1060 268/1472/1060 269/1471/1060
f 1407/1486/1061 1408/1485/1061 269/1471/1061 270/1469/1061
f 264/1497/1062 1407/1486/1062 270/1469/1062 31/1468/1062
f 263/1498/1063 1404/1482/1063 1407/1486/1063 264/1497/1063
f 262/1490/1064 1401/1479/1064 1404/1482/1064 263/1498/1064
f 1410/1499/1065 1411/1500/1065 1414/1501/1065 1413/1502/1065
f 1411/1500/1066 1412/1503/1066 1415/1504/1066 1414/1501/1066
f 1413/1502/1067 1414/1501/1067 1417/1505/1067 1416/1506/1067
f 1414/1501/1068 1415/1504/1068 1418/1507/1068 1417/1505/1068
f 27/1508/1069 252/1509/1069 1410/1499/1069 253/1510/1069
f 252/1509/1070 251/1511/1070 1411/1500/1070 1410/1499/1070
f 251/1511/1071 250/1512/1071 1412/1503/1071 1411/1500/1071
f 250/1512/1072 78/1513/1072 571/1514/1072 1412/1503/1072
f 1412/1503/1073 571/1514/1073 572/1515/1073 1415/1504/1073
f 1415/1504/1074 572/1515/1074 573/1516/1074 1418/1507/1074
f 1418/1507/1075 573/1516/1075 79/1493/1075 259/1492/1075
f 1417/1505/1076 1418/1507/1076 259/1492/1076 260/1491/1076
f 1416/1506/1077 1417/1505/1077 260/1491/1077 261/1489/1077
f 255/1517/1078 1416/1506/1078 261/1489/1078 29/1488/1078
f 254/1518/1079 1413/1502/1079 1416/1506/1079 255/1517/1079
f 253/1510/1080 1410/1499/1080 1413/1502/1080 254/1518/1080
f 1419/1519/1081 1420/1520/1081 1423/1521/1081 1422/1522/1081
f 1420/1520/1082 1421/1523/1082 1424/1524/1082 1423/1521/1082
f 1422/1522/1083 1423/1521/1083 1426/1525/1083 1425/1526/1083
f 1423/1521/1084 1424/1524/1084 1427/1527/1084 1426/1525/1084
f 25/1528/1085 243/1529/1085 1419/1519/1085 244/1530/1085
f 243/1529/1086 242/1531/1086 1420/1520/1086 1419/1519/1086
f 242/1531/1087 241/1532/1087 1421/1523/1087 1420/1520/1087
f 241/1532/1088 77/1533/1088 574/1534/1088 1421/1523/1088
f 1421/1523/1089 574/1534/1089 575/1535/1089 1424/1524/1089
f 1424/1524/1090 575/1535/1090 576/1536/1090 1427/1527/1090
f 1427/1527/1091 576/1536/1091 78/1513/1091 250/1512/1091
f 1426/1525/1092 1427/1527/1092 250/1512/1092 251/1511/1092
f 1425/1526/1093 1426/1525/1093 251/1511/1093 252/1509/1093
f 246/1537/1094 1425/1526/1094 252/1509/1094 27/1508/1094
f 245/1538/1095 1422/1522/1095 1425/1526/1095 246/1537/1095
f 244/1530/1096 1419/1519/1096 1422/1522/1096 245/1538/1096
f 1428/1539/1097 1429/1540/1097 1432/1541/1097 1431/1542/1097
f 1429/1540/1098 1430/1543/1098 1433/1544/1098 1432/1541/1098
f 1431/1542/1099 1432/1541/1099 1435/1545/1099 1434/1546/1099
f 1432/1541/1100 1433/1544/1100 1436/1547/1100 1435/1545/1100
f 23/1548/1101 234/1549/1101 1428/1539/1101 235/1550/1101
f 234/1549/1102 233/1551/1102 1429/1540/1102 1428/1539/1102
f 233/1551/1103 232/1552/1103 1430/1543/1103 1429/1540/1103
f 232/1552/1104 76/1553/1104 577/1554/1104 1430/1543/1104
f 1430/1543/1105 577/1554/1105 578/1555/1105 1433/1544/1105
f 1433/1544/1106 578/1555/1106 579/1556/1106 1436/1547/1106
f 1436/1547/1107 579/1556/1107 77/1533/1107 241/1532/1107
f 1435/1545/1108 1436/1547/1108 241/1532/1108 242/1531/1108
f 1434/1546/1109 1435/1545/1109 242/1531/1109 243/1529/1109
f 237/1557/1110 1434/1546/1110 243/1529/1110 25/1528/1110
f 236/1558/1111 1431/1542/1111 1434/1546/1111 237/1557/1111
f 235/1550/1112 1428/1539/1112 1431/1542/1112 236/1558/1112
f 1437/1559/1113 1438/1560/1113 1441/1561/1113 1440/1562/1113
f 1438/1560/1114 1439/1563/1114 1442/1564/1114 1441/1561/1114
f 1440/1562/1115 1441/1561/1115 1444/1565/1115 1443/1566/1115
f 1441/1561/1116 1442/1564/1116 1445/1567/1116 1444/1565/1116
f 21/1568/1117 225/1569/1117 1437/1559/1117 226/1570/1117
f 225/1569/1118 224/1571/1118 1438/1560/1118 1437/1559/1118
f 224/1571/1119 223/1572/1119 1439/1563/1119 1438/1560/1119
f 223/1572/1120 75/1573/1120 580/1574/1120 1439/1563/1120
f 1439/1563/1121 580/1574/1121 581/1575/1121 1442/1564/1121
f 1442/1564/1122 581/1575/1122 582/1576/1122 1445/1567/1122
f 1445/1567/1123 582/1576/1123 76/1553/1123 232/1552/1123
f 1444/1565/1124 1445/1567/1124 232/1552/1124 233/1551/1124
f 1443/1566/1125 1444/1565/1125 233/1551/1125 234/1549/1125
f 228/1577/1126 1443/1566/1126 234/1549/1126 23/1548/1126
f 227/1578/1127 1440/1562/1127 1443/1566/1127 228/1577/1127
f 226/1570/1128 1437/1559/1128 1440/1562/1128 227/1578/1128
f 1446/1579/1129 1447/1580/1129 1450/1581/1129 1449/1582/1129
f 1447/1580/1130 1448/1583/1130 1451/1584/1130 1450/1581/1130
f 1449/1582/1131 1450/1581/1131 1453/1585/1131 1452/1586/1131
f 1450/1581/1132 1451/1584/1132 1454/1587/1132 1453/1585/1132
f 19/1588/1133 216/1589/1133 1446/1579/1133 217/1590/1133
f 216/1589/1134 215/1591/1134 1447/1580/1134 1446/1579/1134
f 215/1591/1135 214/1592/1135 1448/1583/1135 1447/1580/1135
f 214/1592/1136 74/1593/1136 583/1594/1136 1448/1583/1136
f 1448/1583/1137 583/1594/1137 584/1595/1137 1451/1584/1137
f 1451/1584/1138 584/1595/1138 585/1596/1138 1454/1587/1138
f 1454/1587/1139 585/1596/1139 75/1573/1139 223/1572/1139
f 1453/1585/1140 1454/1587/1140 223/1572/1140 224/1571/1140
f 1452/1586/1141 1453/1585/1141 224/1571/1141 225/1569/1141
f 219/1597/1142 1452/1586/1142 225/1569/1142 21/1568/1142
f 218/1598/1143 1449/1582/1143 1452/1586/1143 219/1597/1143
f 217/1590/1144 1446/1579/1144 1449/1582/1144 218/1598/1144
f 1455/1599/1145 1456/1600/1145 1459/1601/1145 1458/1602/1145
f 1456/1600/1146 1457/1603/1146 1460/1604/1146 1459/1601/1146
f 1458/1602/1147 1459/1601/1147 1462/1605/1147 1461/1606/1147
f 1459/1601/1148 1460/1604/1148 1463/1607/1148 1462/1605/1148
f 17/1608/1149 207/1609/1149 1455/1599/1149 208/1610/1149
f 207/1609/1150 206/1611/1150 1456/1600/1150 1455/1599/1150
f 206/1611/1151 205/1612/1151 1457/1603/1151 1456/1600/1151
f 205/1612/1152 73/1613/1152 586/1614/1152 1457/1603/1152
f 1457/1603/1153 586/1614/1153 587/1615/1153 1460/1604/1153
f 1460/1604/1154 587/1615/1154 588/1616/1154 1463/1607/1154
f 1463/1607/1155 588/1616/1155 74/1593/1155 214/1592/1155
f 1462/1605/1156 1463/1607/1156 214/1592/1156 215/1591/1156
f 1461/1606/1157 1462/1605/1157 215/1591/1157 216/1589/1157
f 210/1617/1158 1461/1606/1158 216/1589/1158 19/1588/1158
f 209/1618/1159 1458/1602/1159 1461/1606/1159 210/1617/1159
f 208/1610/1160 1455/1599/1160 1458/1602/1160 209/1618/1160
f 1464/1619/1161 1465/1620/1161 1468/1621/1161 1467/1622/1161
f 1465/1620/1162 1466/1623/1162 1469/1624/1162 1468/1621/1162
f 1467/1622/1163 1468/1621/1163 1471/1625/1163 1470/1626/1163
f 1468/1621/1164 1469/1624/1164 1472/1627/1164 1471/1625/1164
f 15/1628/1165 198/1629/1165 1464/1619/1165 199/1630/1165
f 198/1629/1166 197/1631/1166 1465/1620/1166 1464/1619/1166
f 197/1631/1167 196/1632/1167 1466/1623/1167 1465/1620/1167
f 196/1632/1168 72/1633/1168 589/1634/1168 1466/1623/1168
f 1466/1623/1169 589/1634/1169 590/1635/1169 1469/1624/1169
f 1469/1624/1170 590/1635/1170 591/1636/1170 1472/1627/1170
f 1472/1627/1171 591/1636/1171 73/1613/1171 205/1612/1171
f 1471/1625/1172 1472/1627/1172 205/1612/1172 206/1611/1172
f 1470/1626/1173 1471/1625/1173 206/1611/1173 207/1609/1173
f 201/1637/1174 1470/1626/1174 207/1609/1174 17/1608/1174
f 200/1638/1175 1467/1622/1175 1470/1626/1175 201/1637/1175
f 199/1630/1176 1464/1619/1176 1467/1622/1176 200/1638/1176
f 1473/1639/1177 1474/1640/1177 1477/1641/1177 1476/1642/1177
f 1474/1640/1178 1475/1643/1178 1478/1644/1178 1477/1641/1178
f 1476/1642/1179 1477/1641/1179 1480/1645/1179 1479/1646/1179
f 1477/1641/1180 1478/1644/1180 1481/1647/1180 1480/1645/1180
f 13/1648/1181 189/1649/1181 1473/1639/1181 190/1650/1181
f 189/1649/1182 188/1651/1182 1474/1640/1182 1473/1639/1182
f 188/1651/1183 187/1652/1183 1475/1643/1183 1474/1640/1183
f 187/1652/1184 71/1653/1184 592/1654/1184 1475/1643/1184
f 1475/1643/1185 592/1654/1185 593/1655/1185 1478/1644/1185
f 1478/1644/1186 593/1655/1186 594/1656/1186 1481/1647/1186
f 1481/1647/1187 594/1656/1187 72/1633/1187 196/1632/1187
f 1480/1645/1188 1481/1647/1188 196/1632/1188 197/1631/1188
f 1479/1646/1189 1480/1645/1189 197/1631/1189 198/1629/1189
f 192/1657/1190 1479/1646/1190 198/1629/1190 15/1628/1190
f 191/1658/1191 1476/1642/1191 1479/1646/1191 192/1657/1191
f 190/1650/1192 1473/1639/1192 1476/1642/1192 191/1658/1192
f 1482/1659/1193 1483/1660/1193 1486/1661/1193 1485/1662/1193
f 1483/1660/1194 1484/1663/1194 1487/1664/1194 1486/1661/1194
f 1485/1662/1195 1486/1661/1195 1489/1665/1195 1488/1666/1195
f 1486/1661/1196 1487/1664/1196 1490/1667/1196 1489/1665/1196
f 11/1668/1197 180/1669/1197 1482/1659/1197 181/1670/1197
f 180/1669/1198 179/1671/1198 1483/1660/1198 1482/1659/1198
f 179/1671/1199 178/1672/1199 1484/1663/1199 1483/1660/1199
f 178/1672/1200 70/1673/1200 595/1674/1200 1484/1663/1200
f 1484/1663/1201 595/1674/1201 596/1675/1201 1487/1664/1201
f 1487/1664/1202 596/1675/1202 597/1676/1202 1490/1667/1202
f 1490/1667/1203 597/1676/1203 71/1653/1203 187/1652/1203
f 1489/1665/1204 1490/1667/1204 187/1652/1204 188/1651/1204
f 1488/1666/1205 1489/1665/1205 188/1651/1205 189/1649/1205
f 183/1677/1206 1488/1666/1206 189/1649/1206 13/1648/1206
f 182/1678/1207 1485/1662/1207 1488/1666/1207 183/1677/1207
f 181/1670/1208 1482/1659/1208 1485/1662/1208 182/1678/1208
f 1491/1679/1209 1492/1680/1209 1495/1681/1209 1494/1682/1209
f 1492/1680/1210 1493/1683/1210 1496/1684/1210 1495/1681/1210
f 1494/1682/1211 1495/1681/1211 1498/1685/1211 1497/1686/1211
f 1495/1681/1212 1496/1684/1212 1499/1687/1212 1498/1685/1212
f 9/1688/1213 171/1689/1213 1491/1679/1213 172/1690/1213
f 171/1689/1214 170/1691/1214 1492/1680/1214 1491/1679/1214
f 170/1691/1215 169/1692/1215 1493/1683/1215 1492/1680/1215
f 169/1692/1216 69/1693/1216 598/1694/1216 1493/1683/1216
f 1493/1683/1217 598/1694/1217 599/1695/1217 1496/1684/1217
f 1496/1684/1218 599/1695/1218 600/1696/1218 1499/1687/1218
f 1499/1687/1219 600/1696/1219 70/1673/1219 178/1672/1219
f 1498/1685/1220 1499/1687/1220 178/1672/1220 179/1671/1220
f 1497/1686/1221 1498/1685/1221 179/1671/1221 180/1669/1221
f 174/1697/1222 1497/1686/1222 180/1669/1222 11/1668/1222
f 173/1698/1223 1494/1682/1223 1497/1686/1223 174/1697/1223
f 172/1690/1224 1491/1679/1224 1494/1682/1224 173/1698/1224
f 1500/1699/1225 1501/1700/1225 1504/1701/1225 1503/1702/1225
f 1501/1700/1226 1502/1703/1226 1505/1704/1226 1504/1701/1226
f 1503/1702/1227 1504/1701/1227 1507/1705/1227 1506/1706/1227
f 1504/1701/1228 1505/1704/1228 1508/1707/1228 1507/1705/1228
f 7/1708/1229 162/1709/1229 1500/1699/1229 163/1710/1229
f 162/1709/1230 161/1711/1230 1501/1700/1230 1500/1699/1230
f 161/1711/1231 160/1712/1231 1502/1703/1231 1501/1700/1231
f 160/1712/1232 68/1713/1232 601/1714/1232 1502/1703/1232
f 1502/1703/1233 601/1714/1233 602/1715/1233 1505/1704/1233
f 1505/1704/1234 602/1715/1234 603/1716/1234 1508/1707/1234
f 1508/1707/1235 603/1716/1235 69/1693/1235 169/1692/1235
f 1507/1705/1236 1508/1707/1236 169/1692/1236 170/1691/1236
f 1506/1706/1237 1507/1705/1237 170/1691/1237 171/1689/1237
f 165/1717/1238 1506/1706/1238 171/1689/1238 9/1688/1238
f 164/1718/1239 1503/1702/1239 1506/1706/1239 165/1717/1239
f 163/1710/1240 1500/1699/1240 1503/1702/1240 164/1718/1240
f 1509/1719/1241 1510/1720/1241 1513/1721/1241 1512/1722/1241
f 1510/1720/1242 1511/1723/1242 1514/1724/1242 1513/1721/1242
f 1512/1722/1243 1513/1721/1243 1516/1725/1243 1515/1726/1243
f 1513/1721/1244 1514/1724/1244 1517/1727/1244 1516/1725/1244
f 5/1728/1245 153/1729/1245 1509/1719/1245 154/1730/1245
f 153/1729/1246 152/1731/1246 1510/1720/1246 1509/1719/1246
f 152/1731/1247 151/1732/1247 1511/1723/1247 1510/1720/1247
f 151/1732/1248 67/1733/1248 604/1734/1248 1511/1723/1248
f 1511/1723/1249 604/1734/1249 605/1735/1249 1514/1724/1249
f 1514/1724/1250 605/1735/1250 606/1736/1250 1517/1727/1250
f 1517/1727/1251 606/1736/1251 68/1713/1251 160/1712/1251
f 1516/1725/1252 1517/1727/1252 160/1712/1252 161/1711/1252
f 1515/1726/1253 1516/1725/1253 161/1711/1253 162/1709/1253
f 156/1737/1254 1515/1726/1254 162/1709/1254 7/1708/1254
f 155/1738/1255 1512/1722/1255 1515/1726/1255 156/1737/1255
f 154/1730/1256 1509/1719/1256 1512/1722/1256 155/1738/1256
f 1518/1739/1257 1519/1740/1257 1522/1741/1257 1521/1742/1257
f 1519/1740/1258 1520/1743/1258 1523/1744/1258 1522/1741/1258
f 1521/1742/1259 1522/1741/1259 1525/1745/1259 1524/1746/1259
f 1522/1741/1260 1523/1744/1260 1526/1747/1260 1525/1745/1260
f 3/1748/1261 144/1749/1261 1518/1739/1261 145/1750/1261
f 144/1749/1262 143/1751/1262 1519/1740/1262 1518/1739/1262
f 143/1751/1263 142/1752/1263 1520/1743/1263 1519/1740/1263
f 142/1752/1264 66/1753/1264 607/1754/1264 1520/1743/1264
f 1520/1743/1265 607/1754/1265 608/1755/1265 1523/1744/1265
f 1523/1744/1266 608/1755/1266 609/1756/1266 1526/1747/1266
f 1526/1747/1267 609/1756/1267 67/1733/1267 151/1732/1267
f 1525/1745/1268 1526/1747/1268 151/1732/1268 152/1731/1268
f 1524/1746/1269 1525/1745/1269 152/1731/1269 153/1729/1269
f 147/1757/1270 1524/1746/1270 153/1729/1270 5/1728/1270
f 146/1758/1271 1521/1742/1271 1524/1746/1271 147/1757/1271
f 145/1750/1272 1518/1739/1272 1521/1742/1272 146/1758/1272
f 1527/1759/1273 1528/1760/1273 1531/1761/1273 1530/1762/1273
f 1528/1760/1274 1529/1763/1274 1532/1764/1274 1531/1761/1274
f 1530/1762/1275 1531/1761/1275 1534/1765/1275 1533/1766/1275
f 1531/1761/1276 1532/1764/1276 1535/1767/1276 1534/1765/1276
f 1/1768/1277 421/1769/1277 1527/1759/1277 133/1770/1277
f 421/1769/1278 422/1771/1278 1528/1760/1278 1527/1759/1278
f 422/1771/1279 423/1772/1279 1529/1763/1279 1528/1760/1279
f 423/1772/1280 65/1773/1280 610/1774/1280 1529/1763/1280
f 1529/1763/1281 610/1774/1281 611/1775/1281 1532/1764/1281
f 1532/1764/1282 611/1775/1282 612/1776/1282 1535/1767/1282
f 1535/1767/1283 612/1776/1283 66/1753/1283 142/1752/1283
f 1534/1765/1284 1535/1767/1284 142/1752/1284 143/1751/1284
f 1533/1766/1285 1534/1765/1285 143/1751/1285 144/1749/1285
f 135/1777/1286 1533/1766/1286 144/1749/1286 3/1748/1286
f 134/1778/1287 1530/1762/1287 1533/1766/1287 135/1777/1287
f 133/1770/1288 1527/1759/1288 1530/1762/1288 134/1778/1288
f 1536/1779/1289 1537/1780/1289 1540/1781/1289 1539/1782/1289
f 1537/1780/1290 1538/1783/1290 1541/1784/1290 1540/1781/1290
f 1539/1782/1291 1540/1781/1291 1543/1785/1291 1542/1786/1291
f 1540/1781/1292 1541/1784/1292 1544/1787/1292 1543/1785/1292
f 43/1377/1293 324/1375/1293 1536/1779/1293 613/1788/1293
f 324/1375/1294 323/1374/1294 1537/1780/1294 1536/1779/1294
f 323/1374/1295 322/1373/1295 1538/1783/1295 1537/1780/1295
f 322/1373/1296 86/1372/1296 619/1789/1296 1538/1783/1296
f 1538/1783/1297 619/1789/1297 620/1790/1297 1541/1784/1297
f 1541/1784/1298 620/1790/1298 621/1791/1298 1544/1787/1298
f 1544/1787/1299 621/1791/1299 99/1348/1299 622/1347/1299
f 1543/1785/1300 1544/1787/1300 622/1347/1300 623/1346/1300
f 1542/1786/1301 1543/1785/1301 623/1346/1301 624/1344/1301
f 615/1792/1302 1542/1786/1302 624/1344/1302 97/1343/1302
f 614/1793/1303 1539/1782/1303 1542/1786/1303 615/1792/1303
f 613/1788/1304 1536/1779/1304 1539/1782/1304 614/1793/1304
f 1545/1794/1305 1546/1795/1305 1549/1796/1305 1548/1797/1305
f 1546/1795/1306 1547/1798/1306 1550/1799/1306 1549/1796/1306
f 1548/1797/1307 1549/1796/1307 1552/1800/1307 1551/1801/1307
f 1549/1796/1308 1550/1799/1308 1553/1802/1308 1552/1800/1308
f 121/424/1309 693/422/1309 1545/1794/1309 727/1803/1309
f 693/422/1310 692/421/1310 1546/1795/1310 1545/1794/1310
f 692/421/1311 691/420/1311 1547/1798/1311 1546/1795/1311
f 691/420/1312 44/419/1312 330/1804/1312 1547/1798/1312
f 1547/1798/1313 330/1804/1313 329/1805/1313 1550/1799/1313
f 1550/1799/1314 329/1805/1314 328/1806/1314 1553/1802/1314
f 1553/1802/1315 328/1806/1315 98/440/1315 724/439/1315
f 1552/1800/1316 1553/1802/1316 724/439/1316 725/438/1316
f 1551/1801/1317 1552/1800/1317 725/438/1317 726/436/1317
f 729/1807/1318 1551/1801/1318 726/436/1318 132/435/1318
f 728/1808/1319 1548/1797/1319 1551/1801/1319 729/1807/1319
f 727/1803/1320 1545/1794/1320 1548/1797/1320 728/1808/1320
f 1554/1809/1321 1555/1810/1321 1558/1811/1321 1557/1812/1321
f 1555/1810/1322 1556/1813/1322 1559/1814/1322 1558/1811/1322
f 1557/1812/1323 1558/1811/1323 1561/1815/1323 1560/1816/1323
f 1558/1811/1324 1559/1814/1324 1562/1817/1324 1561/1815/1324
f 86/1818/1325 486/1819/1325 1554/1809/1325 619/1820/1325
f 486/1819/1326 485/1821/1326 1555/1810/1326 1554/1809/1326
f 485/1821/1327 484/1822/1327 1556/1813/1327 1555/1810/1327
f 484/1822/1328 121/1823/1328 727/1824/1328 1556/1813/1328
f 1556/1813/1329 727/1824/1329 728/1825/1329 1559/1814/1329
f 1559/1814/1330 728/1825/1330 729/1826/1330 1562/1817/1330
f 1562/1817/1331 729/1826/1331 132/1827/1331 625/1828/1331
f 1561/1815/1332 1562/1817/1332 625/1828/1332 626/1829/1332
f 1560/1816/1333 1561/1815/1333 626/1829/1333 627/1830/1333
f 621/1831/1334 1560/1816/1334 627/1830/1334 99/1832/1334
f 620/1833/1335 1557/1812/1335 1560/1816/1335 621/1831/1335
f 619/1820/1336 1554/1809/1336 1557/1812/1336 620/1833/1336
f 1563/1834/1337 1564/1835/1337 1567/1836/1337 1566/1837/1337
f 1564/1835/1338 1565/1838/1338 1568/1839/1338 1567/1836/1338
f 1566/1837/1339 1567/1836/1339 1570/1840/1339 1569/1841/1339
f 1567/1836/1340 1568/1839/1340 1571/1842/1340 1570/1840/1340
f 96/1143/1341 516/1843/1341 1563/1834/1341 517/1144/1341
f 516/1843/1342 515/1844/1342 1564/1835/1342 1563/1834/1342
f 515/1844/1343 514/1845/1343 1565/1838/1343 1564/1835/1343
f 514/1845/1344 131/863/1344 730/874/1344 1565/1838/1344
f 1565/1838/1345 730/874/1345 731/884/1345 1568/1839/1345
f 1568/1839/1346 731/884/1346 732/882/1346 1571/1842/1346
f 1571/1842/1347 732/882/1347 100/883/1347 630/1846/1347
f 1570/1840/1348 1571/1842/1348 630/1846/1348 629/1847/1348
f 1569/1841/1349 1570/1840/1349 629/1847/1349 628/1848/1349
f 519/1146/1350 1569/1841/1350 628/1848/1350 65/1147/1350
f 518/1145/1351 1566/1837/1351 1569/1841/1351 519/1146/1351
f 517/1144/1352 1563/1834/1352 1566/1837/1352 518/1145/1352
f 1572/1849/1353 1573/1850/1353 1576/1851/1353 1575/1852/1353
f 1573/1850/1354 1574/1853/1354 1577/1854/1354 1576/1851/1354
f 1575/1852/1355 1576/1851/1355 1579/1855/1355 1578/1856/1355
f 1576/1851/1356 1577/1854/1356 1580/1857/1356 1579/1855/1356
f 95/1858/1357 513/1859/1357 1572/1849/1357 520/1860/1357
f 513/1859/1358 512/1861/1358 1573/1850/1358 1572/1849/1358
f 512/1861/1359 511/1862/1359 1574/1853/1359 1573/1850/1359
f 511/1862/1360 130/1863/1360 733/1864/1360 1574/1853/1360
f 1574/1853/1361 733/1864/1361 734/1865/1361 1577/1854/1361
f 1577/1854/1362 734/1865/1362 735/1866/1362 1580/1857/1362
f 1580/1857/1363 735/1866/1363 131/1867/1363 514/1868/1363
f 1579/1855/1364 1580/1857/1364 514/1868/1364 515/1869/1364
f 1578/1856/1365 1579/1855/1365 515/1869/1365 516/1870/1365
f 522/1871/1366 1578/1856/1366 516/1870/1366 96/1872/1366
f 521/1873/1367 1575/1852/1367 1578/1856/1367 522/1871/1367
f 520/1860/1368 1572/1849/1368 1575/1852/1368 521/1873/1368
f 1581/1874/1369 1582/1875/1369 1585/1876/1369 1584/1877/1369
f 1582/1875/1370 1583/1878/1370 1586/1879/1370 1585/1876/1370
f 1584/1877/1371 1585/1876/1371 1588/1880/1371 1587/1881/1371
f 1585/1876/1372 1586/1879/1372 1589/1882/1372 1588/1880/1372
f 94/1883/1373 510/1884/1373 1581/1874/1373 523/1885/1373
f 510/1884/1374 509/1886/1374 1582/1875/1374 1581/1874/1374
f 509/1886/1375 508/1887/1375 1583/1878/1375 1582/1875/1375
f 508/1887/1376 129/1888/1376 736/1889/1376 1583/1878/1376
f 1583/1878/1377 736/1889/1377 737/1890/1377 1586/1879/1377
f 1586/1879/1378 737/1890/1378 738/1891/1378 1589/1882/1378
f 1589/1882/1379 738/1891/1379 130/1863/1379 511/1862/1379
f 1588/1880/1380 1589/1882/1380 511/1862/1380 512/1861/1380
f 1587/1881/1381 1588/1880/1381 512/1861/1381 513/1859/1381
f 525/1892/1382 1587/1881/1382 513/1859/1382 95/1858/1382
f 524/1893/1383 1584/1877/1383 1587/1881/1383 525/1892/1383
f 523/1885/1384 1581/1874/1384 1584/1877/1384 524/1893/1384
f 1590/1894/1385 1591/1895/1385 1594/1896/1385 1593/1897/1385
f 1591/1895/1386 1592/1898/1386 1595/1899/1386 1594/1896/1386
f 1593/1897/1387 1594/1896/1387 1597/1900/1387 1596/1901/1387
f 1594/1896/1388 1595/1899/1388 1598/1902/1388 1597/1900/1388
f 93/1208/1389 507/1903/1389 1590/1894/1389 526/1904/1389
f 507/1903/1390 506/1905/1390 1591/1895/1390 1590/1894/1390
f 506/1905/1391 505/1906/1391 1592/1898/1391 1591/1895/1391
f 505/1906/1392 128/1907/1392 739/1908/1392 1592/1898/1392
f 1592/1898/1393 739/1908/1393 740/1909/1393 1595/1899/1393
f 1595/1899/1394 740/1909/1394 741/1910/1394 1598/1902/1394
f 1598/1902/1395 741/1910/1395 129/1888/1395 508/1887/1395
f 1597/1900/1396 1598/1902/1396 508/1887/1396 509/1886/1396
f 1596/1901/1397 1597/1900/1397 509/1886/1397 510/1884/1397
f 528/1911/1398 1596/1901/1398 510/1884/1398 94/1883/1398
f 527/1210/1399 1593/1897/1399 1596/1901/1399 528/1911/1399
f 526/1904/1400 1590/1894/1400 1593/1897/1400 527/1210/1400
f 1599/1912/1401 1600/1913/1401 1603/1914/1401 1602/1915/1401
f 1600/1913/1402 1601/1916/1402 1604/1917/1402 1603/1914/1402
f 1602/1915/1403 1603/1914/1403 1606/1918/1403 1605/1919/1403
f 1603/1914/1404 1604/1917/1404 1607/1920/1404 1606/1918/1404
f 92/1228/1405 504/1921/1405 1599/1912/1405 529/1922/1405
f 504/1921/1406 503/1923/1406 1600/1913/1406 1599/1912/1406
f 503/1923/1407 502/1924/1407 1601/1916/1407 1600/1913/1407
f 502/1924/1408 127/1925/1408 742/1926/1408 1601/1916/1408
f 1601/1916/1409 742/1926/1409 743/1927/1409 1604/1917/1409
f 1604/1917/1410 743/1927/1410 744/1928/1410 1607/1920/1410
f 1607/1920/1411 744/1928/1411 128/1907/1411 505/1906/1411
f 1606/1918/1412 1607/1920/1412 505/1906/1412 506/1905/1412
f 1605/1919/1413 1606/1918/1413 506/1905/1413 507/1903/1413
f 531/1929/1414 1605/1919/1414 507/1903/1414 93/1208/1414
f 530/1930/1415 1602/1915/1415 1605/1919/1415 531/1929/1415
f 529/1922/1416 1599/1912/1416 1602/1915/1416 530/1930/1416
f 1608/1931/1417 1609/1932/1417 1612/1933/1417 1611/1934/1417
f 1609/1932/1418 1610/1935/1418 1613/1936/1418 1612/1933/1418
f 1611/1934/1419 1612/1933/1419 1615/1937/1419 1614/1938/1419
f 1612/1933/1420 1613/1936/1420 1616/1939/1420 1615/1937/1420
f 91/1248/1421 501/1940/1421 1608/1931/1421 532/1941/1421
f 501/1940/1422 500/1942/1422 1609/1932/1422 1608/1931/1422
f 500/1942/1423 499/1943/1423 1610/1935/1423 1609/1932/1423
f 499/1943/1424 126/1944/1424 745/1945/1424 1610/1935/1424
f 1610/1935/1425 745/1945/1425 746/1946/1425 1613/1936/1425
f 1613/1936/1426 746/1946/1426 747/1947/1426 1616/1939/1426
f 1616/1939/1427 747/1947/1427 127/1925/1427 502/1924/1427
f 1615/1937/1428 1616/1939/1428 502/1924/1428 503/1923/1428
f 1614/1938/1429 1615/1937/1429 503/1923/1429 504/1921/1429
f 534/1948/1430 1614/1938/1430 504/1921/1430 92/1228/1430
f 533/1250/1431 1611/1934/1431 1614/1938/1431 534/1948/1431
f 532/1941/1432 1608/1931/1432 1611/1934/1432 533/1250/1432
f 1617/1949/1433 1618/1950/1433 1621/1951/1433 1620/1952/1433
f 1618/1950/1434 1619/1953/1434 1622/1954/1434 1621/1951/1434
f 1620/1952/1435 1621/1951/1435 1624/1955/1435 1623/1956/1435
f 1621/1951/1436 1622/1954/1436 1625/1957/1436 1624/1955/1436
f 90/1958/1437 498/1959/1437 1617/1949/1437 535/1960/1437
f 498/1959/1438 497/1961/1438 1618/1950/1438 1617/1949/1438
f 497/1961/1439 496/1962/1439 1619/1953/1439 1618/1950/1439
f 496/1962/1440 125/1963/1440 748/1964/1440 1619/1953/1440
f 1619/1953/1441 748/1964/1441 749/1965/1441 1622/1954/1441
f 1622/1954/1442 749/1965/1442 750/1966/1442 1625/1957/1442
f 1625/1957/1443 750/1966/1443 126/1944/1443 499/1943/1443
f 1624/1955/1444 1625/1957/1444 499/1943/1444 500/1942/1444
f 1623/1956/1445 1624/1955/1445 500/1942/1445 501/1940/1445
f 537/1967/1446 1623/1956/1446 501/1940/1446 91/1248/1446
f 536/1968/1447 1620/1952/1447 1623/1956/1447 537/1967/1447
f 535/1960/1448 1617/1949/1448 1620/1952/1448 536/1968/1448
f 1626/1969/1449 1627/1970/1449 1630/1971/1449 1629/1972/1449
f 1627/1970/1450 1628/1973/1450 1631/1974/1450 1630/1971/1450
f 1629/1972/1451 1630/1971/1451 1633/1975/1451 1632/1976/1451
f 1630/1971/1452 1631/1974/1452 1634/1977/1452 1633/1975/1452
f 89/1978/1453 495/1979/1453 1626/1969/1453 538/1980/1453
f 495/1979/1454 494/1981/1454 1627/1970/1454 1626/1969/1454
f 494/1981/1455 493/1982/1455 1628/1973/1455 1627/1970/1455
f 493/1982/1456 124/1983/1456 751/1984/1456 1628/1973/1456
f 1628/1973/1457 751/1984/1457 752/510/1457 1631/1974/1457
f 1631/1974/1458 752/510/1458 753/1985/1458 1634/1977/1458
f 1634/1977/1459 753/1985/1459 125/1963/1459 496/1962/1459
f 1633/1975/1460 1634/1977/1460 496/1962/1460 497/1961/1460
f 1632/1976/1461 1633/1975/1461 497/1961/1461 498/1959/1461
f 540/1986/1462 1632/1976/1462 498/1959/1462 90/1958/1462
f 539/1290/1463 1629/1972/1463 1632/1976/1463 540/1986/1463
f 538/1980/1464 1626/1969/1464 1629/1972/1464 539/1290/1464
f 1635/1987/1465 1636/1988/1465 1639/1989/1465 1638/1990/1465
f 1636/1988/1466 1637/1991/1466 1640/1992/1466 1639/1989/1466
f 1638/1990/1467 1639/1989/1467 1642/1993/1467 1641/1994/1467
f 1639/1989/1467 1640/1992/1467 1643/1995/1467 1642/1993/1467
f 88/1996/1468 492/1997/1468 1635/1987/1468 541/1998/1468
f 492/1997/1469 491/1999/1469 1636/1988/1469 1635/1987/1469
f 491/1999/1470 490/2000/1470 1637/1991/1470 1636/1988/1470
f 490/2000/1471 123/2001/1471 754/2002/1471 1637/1991/1471
f 1637/1991/1472 754/2002/1472 755/2003/1472 1640/1992/1472
f 1640/1992/1473 755/2003/1473 756/2004/1473 1643/1995/1473
f 1643/1995/1474 756/2004/1474 124/1983/1474 493/1982/1474
f 1642/1993/1475 1643/1995/1475 493/1982/1475 494/1981/1475
f 1641/1994/1475 1642/1993/1475 494/1981/1475 495/1979/1475
f 543/2005/1476 1641/1994/1476 495/1979/1476 89/1978/1476
f 542/2006/1477 1638/1990/1477 1641/1994/1477 543/2005/1477
f 541/1998/1478 1635/1987/1478 1638/1990/1478 542/2006/1478
f 1644/2007/1479 1645/2008/1479 1648/2009/1479 1647/2010/1479
f 1645/2008/1479 1646/2011/1479 1649/2012/1479 1648/2009/1479
f 1647/2010/1480 1648/2009/1480 1651/2013/1480 1650/2014/1480
f 1648/2009/1480 1649/2012/1480 1652/2015/1480 1651/2013/1480
f 87/2016/1481 489/2017/1481 1644/2007/1481 544/2018/1481
f 489/2017/1482 488/2019/1482 1645/2008/1482 1644/2007/1482
f 488/2019/1482 487/2020/1482 1646/2011/1482 1645/2008/1482
f 487/2020/1483 122/2021/1483 757/2022/1483 1646/2011/1483
f 1646/2011/1484 757/2022/1484 758/2023/1484 1649/2012/1484
f 1649/2012/1480 758/2023/1480 759/2024/1480 1652/2015/1480
f 1652/2015/1485 759/2024/1485 123/2001/1485 490/2000/1485
f 1651/2013/1486 1652/2015/1486 490/2000/1486 491/1999/1486
f 1650/2014/1487 1651/2013/1487 491/1999/1487 492/1997/1487
f 546/2025/1488 1650/2014/1488 492/1997/1488 88/1996/1488
f 545/2026/1489 1647/2010/1489 1650/2014/1489 546/2025/1489
f 544/2018/1479 1644/2007/1479 1647/2010/1479 545/2026/1479
f 1653/2027/1490 1654/2028/1490 1657/2029/1490 1656/2030/1490
f 1654/2028/1491 1655/2031/1491 1658/2032/1491 1657/2029/1491
f 1656/2030/1492 1657/2029/1492 1660/2033/1492 1659/2034/1492
f 1657/2029/1493 1658/2032/1493 1661/2035/1493 1660/2033/1493
f 99/1832/1494 627/1830/1494 1653/2027/1494 547/2036/1494
f 627/1830/1495 626/1829/1495 1654/2028/1495 1653/2027/1495
f 626/1829/1496 625/1828/1496 1655/2031/1496 1654/2028/1496
f 625/1828/1497 132/1827/1497 760/2037/1497 1655/2031/1497
f 1655/2031/1498 760/2037/1498 761/2038/1498 1658/2032/1498
f 1658/2032/1499 761/2038/1499 762/2039/1499 1661/2035/1499
f 1661/2035/1500 762/2039/1500 122/2021/1500 487/2020/1500
f 1660/2033/1501 1661/2035/1501 487/2020/1501 488/2019/1501
f 1659/2034/1502 1660/2033/1502 488/2019/1502 489/2017/1502
f 549/2040/1503 1659/2034/1503 489/2017/1503 87/2016/1503
f 548/1350/1504 1656/2030/1504 1659/2034/1504 549/2040/1504
f 547/2036/1505 1653/2027/1505 1656/2030/1505 548/1350/1505
f 1662/2041/1506 1663/2042/1506 1666/2043/1506 1665/2044/1506
f 1663/2042/1507 1664/2045/1507 1667/2046/1507 1666/2043/1507
f 1665/2044/1508 1666/2043/1508 1669/2047/1508 1668/2048/1508
f 1666/2043/1509 1667/2046/1509 1670/2049/1509 1669/2047/1509
f 85/2050/1510 483/2051/1510 1662/2041/1510 550/2052/1510
f 483/2051/1511 482/2053/1511 1663/2042/1511 1662/2041/1511
f 482/2053/1512 481/2054/1512 1664/2045/1512 1663/2042/1512
f 481/2054/1513 120/2055/1513 763/2056/1513 1664/2045/1513
f 1664/2045/1514 763/2056/1514 764/2057/1514 1667/2046/1514
f 1667/2046/1515 764/2057/1515 765/2058/1515 1670/2049/1515
f 1670/2049/1516 765/2058/1516 121/1823/1516 484/1822/1516
f 1669/2047/1517 1670/2049/1517 484/1822/1517 485/1821/1517
f 1668/2048/1518 1669/2047/1518 485/1821/1518 486/1819/1518
f 552/2059/1519 1668/2048/1519 486/1819/1519 86/1818/1519
f 551/2060/1520 1665/2044/1520 1668/2048/1520 552/2059/1520
f 550/2052/1521 1662/2041/1521 1665/2044/1521 551/2060/1521
f 1671/2061/1522 1672/2062/1522 1675/2063/1522 1674/2064/1522
f 1672/2062/1523 1673/2065/1523 1676/2066/1523 1675/2063/1523
f 1674/2064/1524 1675/2063/1524 1678/2067/1524 1677/2068/1524
f 1675/2063/1525 1676/2066/1525 1679/2069/1525 1678/2067/1525
f 84/2070/1526 480/2071/1526 1671/2061/1526 553/2072/1526
f 480/2071/1527 479/2073/1527 1672/2062/1527 1671/2061/1527
f 479/2073/1528 478/2074/1528 1673/2065/1528 1672/2062/1528
f 478/2074/1529 119/2075/1529 766/2076/1529 1673/2065/1529
f 1673/2065/1530 766/2076/1530 767/2077/1530 1676/2066/1530
f 1676/2066/1531 767/2077/1531 768/2078/1531 1679/2069/1531
f 1679/2069/1532 768/2078/1532 120/2055/1532 481/2054/1532
f 1678/2067/1533 1679/2069/1533 481/2054/1533 482/2053/1533
f 1677/2068/1534 1678/2067/1534 482/2053/1534 483/2051/1534
f 555/2079/1535 1677/2068/1535 483/2051/1535 85/2050/1535
f 554/2080/1536 1674/2064/1536 1677/2068/1536 555/2079/1536
f 553/2072/1537 1671/2061/1537 1674/2064/1537 554/2080/1537
f 1680/2081/1538 1681/2082/1538 1684/2083/1538 1683/2084/1538
f 1681/2082/1539 1682/2085/1539 1685/2086/1539 1684/2083/1539
f 1683/2084/1540 1684/2083/1540 1687/2087/1540 1686/2088/1540
f 1684/2083/1541 1685/2086/1541 1688/2089/1541 1687/2087/1541
f 83/1413/1542 477/2090/1542 1680/2081/1542 556/2091/1542
f 477/2090/1543 476/2092/1543 1681/2082/1543 1680/2081/1543
f 476/2092/1544 475/2093/1544 1682/2085/1544 1681/2082/1544
f 475/2093/1545 118/2094/1545 769/2095/1545 1682/2085/1545
f 1682/2085/1546 769/2095/1546 770/2096/1546 1685/2086/1546
f 1685/2086/1547 770/2096/1547 771/2097/1547 1688/2089/1547
f 1688/2089/1548 771/2097/1548 119/2075/1548 478/2074/1548
f 1687/2087/1549 1688/2089/1549 478/2074/1549 479/2073/1549
f 1686/2088/1550 1687/2087/1550 479/2073/1550 480/2071/1550
f 558/2098/1551 1686/2088/1551 480/2071/1551 84/2070/1551
f 557/2099/1552 1683/2084/1552 1686/2088/1552 558/2098/1552
f 556/2091/1553 1680/2081/1553 1683/2084/1553 557/2099/1553
f 1689/2100/1554 1690/2101/1554 1693/2102/1554 1692/2103/1554
f 1690/2101/1555 1691/2104/1555 1694/2105/1555 1693/2102/1555
f 1692/2103/1556 1693/2102/1556 1696/2106/1556 1695/2107/1556
f 1693/2102/1557 1694/2105/1557 1697/2108/1557 1696/2106/1557
f 82/1433/1558 474/2109/1558 1689/2100/1558 559/2110/1558
f 474/2109/1559 473/2111/1559 1690/2101/1559 1689/2100/1559
f 473/2111/1560 472/2112/1560 1691/2104/1560 1690/2101/1560
f 472/2112/1561 117/344/1561 772/2113/1561 1691/2104/1561
f 1691/2104/1562 772/2113/1562 773/2114/1562 1694/2105/1562
f 1694/2105/1563 773/2114/1563 774/2115/1563 1697/2108/1563
f 1697/2108/1564 774/2115/1564 118/2094/1564 475/2093/1564
f 1696/2106/1565 1697/2108/1565 475/2093/1565 476/2092/1565
f 1695/2107/1566 1696/2106/1566 476/2092/1566 477/2090/1566
f 561/2116/1567 1695/2107/1567 477/2090/1567 83/1413/1567
f 560/1435/1568 1692/2103/1568 1695/2107/1568 561/2116/1568
f 559/2110/1569 1689/2100/1569 1692/2103/1569 560/1435/1569
f 1698/2117/1570 1699/2118/1570 1702/2119/1570 1701/2120/1570
f 1699/2118/1571 1700/2121/1571 1703/2122/1571 1702/2119/1571
f 1701/2120/1572 1702/2119/1572 1705/2123/1572 1704/2124/1572
f 1702/2119/1573 1703/2122/1573 1706/2125/1573 1705/2123/1573
f 81/2126/1574 471/2127/1574 1698/2117/1574 562/2128/1574
f 471/2127/1575 470/2129/1575 1699/2118/1575 1698/2117/1575
f 470/2129/1576 469/2130/1576 1700/2121/1576 1699/2118/1576
f 469/2130/1577 116/2131/1577 775/2132/1577 1700/2121/1577
f 1700/2121/1578 775/2132/1578 776/2133/1578 1703/2122/1578
f 1703/2122/1579 776/2133/1579 777/2134/1579 1706/2125/1579
f 1706/2125/1580 777/2134/1580 117/344/1580 472/2112/1580
f 1705/2123/1581 1706/2125/1581 472/2112/1581 473/2111/1581
f 1704/2124/1582 1705/2123/1582 473/2111/1582 474/2109/1582
f 564/2135/1583 1704/2124/1583 474/2109/1583 82/1433/1583
f 563/1455/1584 1701/2120/1584 1704/2124/1584 564/2135/1584
f 562/2128/1585 1698/2117/1585 1701/2120/1585 563/1455/1585
f 1707/2136/1586 1708/2137/1586 1711/2138/1586 1710/2139/1586
f 1708/2137/1587 1709/2140/1587 1712/2141/1587 1711/2138/1587
f 1710/2139/1588 1711/2138/1588 1714/2142/1588 1713/2143/1588
f 1711/2138/1589 1712/2141/1589 1715/2144/1589 1714/2142/1589
f 80/1473/1590 468/2145/1590 1707/2136/1590 565/2146/1590
f 468/2145/1591 467/2147/1591 1708/2137/1591 1707/2136/1591
f 467/2147/1592 466/2148/1592 1709/2140/1592 1708/2137/1592
f 466/2148/1592 115/2149/1592 778/2150/1592 1709/2140/1592
f 1709/2140/1593 778/2150/1593 779/2151/1593 1712/2141/1593
f 1712/2141/1594 779/2151/1594 780/2152/1594 1715/2144/1594
f 1715/2144/1595 780/2152/1595 116/2131/1595 469/2130/1595
f 1714/2142/1596 1715/2144/1596 469/2130/1596 470/2129/1596
f 1713/2143/1597 1714/2142/1597 470/2129/1597 471/2127/1597
f 567/2153/1598 1713/2143/1598 471/2127/1598 81/2126/1598
f 566/2154/1599 1710/2139/1599 1713/2143/1599 567/2153/1599
f 565/2146/1600 1707/2136/1600 1710/2139/1600 566/2154/1600
f 1716/2155/1601 1717/2156/1601 1720/2157/1601 1719/2158/1601
f 1717/2156/1601 1718/2159/1601 1721/2160/1601 1720/2157/1601
f 1719/2158/1602 1720/2157/1602 1723/2161/1602 1722/2162/1602
f 1720/2157/1602 1721/2160/1602 1724/2163/1602 1723/2161/1602
f 79/1493/1603 465/2164/1603 1716/2155/1603 568/2165/1603
f 465/2164/1603 464/2166/1603 1717/2156/1603 1716/2155/1603
f 464/2166/1603 463/2167/1603 1718/2159/1603 1717/2156/1603
f 463/2167/1603 114/2168/1603 781/2169/1603 1718/2159/1603
f 1718/2159/1601 781/2169/1601 782/2170/1601 1721/2160/1601
f 1721/2160/1602 782/2170/1602 783/2171/1602 1724/2163/1602
f 1724/2163/1604 783/2171/1604 115/2149/1604 466/2148/1604
f 1723/2161/1604 1724/2163/1604 466/2148/1604 467/2147/1604
f 1722/2162/1604 1723/2161/1604 467/2147/1604 468/2145/1604
f 570/2172/1604 1722/2162/1604 468/2145/1604 80/1473/1604
f 569/1495/1602 1719/2158/1602 1722/2162/1602 570/2172/1602
f 568/2165/1601 1716/2155/1601 1719/2158/1601 569/1495/1601
f 1725/2173/1605 1726/2174/1605 1729/2175/1605 1728/2176/1605
f 1726/2174/1605 1727/2177/1605 1730/2178/1605 1729/2175/1605
f 1728/2176/1606 1729/2175/1606 1732/2179/1606 1731/2180/1606
f 1729/2175/1606 1730/2178/1606 1733/2181/1606 1732/2179/1606
f 78/2182/1607 462/2183/1607 1725/2173/1607 571/2184/1607
f 462/2183/1607 461/2185/1607 1726/2174/1607 1725/2173/1607
f 461/2185/1607 460/2186/1607 1727/2177/1607 1726/2174/1607
f 460/2186/1607 113/2187/1607 784/2188/1607 1727/2177/1607
f 1727/2177/1605 784/2188/1605 785/2189/1605 1730/2178/1605
f 1730/2178/1606 785/2189/1606 786/2190/1606 1733/2181/1606
f 1733/2181/1608 786/2190/1608 114/2168/1608 463/2167/1608
f 1732/2179/1608 1733/2181/1608 463/2167/1608 464/2166/1608
f 1731/2180/1608 1732/2179/1608 464/2166/1608 465/2164/1608
f 573/2191/1608 1731/2180/1608 465/2164/1608 79/1493/1608
f 572/2192/1606 1728/2176/1606 1731/2180/1606 573/2191/1606
f 571/2184/1605 1725/2173/1605 1728/2176/1605 572/2192/1605
f 1734/2193/1609 1735/2194/1609 1738/2195/1609 1737/2196/1609
f 1735/2194/1609 1736/2197/1609 1739/2198/1609 1738/2195/1609
f 1737/2196/1610 1738/2195/1610 1741/2199/1610 1740/2200/1610
f 1738/2195/1610 1739/2198/1610 1742/2201/1610 1741/2199/1610
f 77/2202/1611 459/2203/1611 1734/2193/1611 574/2204/1611
f 459/2203/1611 458/2205/1611 1735/2194/1611 1734/2193/1611
f 458/2205/1611 457/2206/1611 1736/2197/1611 1735/2194/1611
f 457/2206/1611 112/2207/1611 787/2208/1611 1736/2197/1611
f 1736/2197/1609 787/2208/1609 788/2209/1609 1739/2198/1609
f 1739/2198/1610 788/2209/1610 789/2210/1610 1742/2201/1610
f 1742/2201/1612 789/2210/1612 113/2187/1612 460/2186/1612
f 1741/2199/1612 1742/2201/1612 460/2186/1612 461/2185/1612
f 1740/2200/1612 1741/2199/1612 461/2185/1612 462/2183/1612
f 576/2211/1612 1740/2200/1612 462/2183/1612 78/2182/1612
f 575/1535/1610 1737/2196/1610 1740/2200/1610 576/2211/1610
f 574/2204/1609 1734/2193/1609 1737/2196/1609 575/1535/1609
f 1743/2212/1613 1744/2213/1613 1747/2214/1613 1746/2215/1613
f 1744/2213/1613 1745/2216/1613 1748/2217/1613 1747/2214/1613
f 1746/2215/1614 1747/2214/1614 1750/2218/1614 1749/2219/1614
f 1747/2214/1614 1748/2217/1614 1751/2220/1614 1750/2218/1614
f 76/2221/1615 456/2222/1615 1743/2212/1615 577/2223/1615
f 456/2222/1615 455/2224/1615 1744/2213/1615 1743/2212/1615
f 455/2224/1615 454/2225/1615 1745/2216/1615 1744/2213/1615
f 454/2225/1615 111/2226/1615 790/2227/1615 1745/2216/1615
f 1745/2216/1613 790/2227/1613 791/2228/1613 1748/2217/1613
f 1748/2217/1614 791/2228/1614 792/2229/1614 1751/2220/1614
f 1751/2220/1616 792/2229/1616 112/2207/1616 457/2206/1616
f 1750/2218/1616 1751/2220/1616 457/2206/1616 458/2205/1616
f 1749/2219/1616 1750/2218/1616 458/2205/1616 459/2203/1616
f 579/2230/1616 1749/2219/1616 459/2203/1616 77/2202/1616
f 578/1555/1614 1746/2215/1614 1749/2219/1614 579/2230/1614
f 577/2223/1613 1743/2212/1613 1746/2215/1613 578/1555/1613
f 1752/2231/1617 1753/2232/1617 1756/2233/1617 1755/2234/1617
f 1753/2232/1617 1754/2235/1617 1757/2236/1617 1756/2233/1617
f 1755/2234/1618 1756/2233/1618 1759/2237/1618 1758/2238/1618
f 1756/2233/1618 1757/2236/1618 1760/2239/1618 1759/2237/1618
f 75/2240/1619 453/2241/1619 1752/2231/1619 580/2242/1619
f 453/2241/1619 452/2243/1619 1753/2232/1619 1752/2231/1619
f 452/2243/1619 451/2244/1619 1754/2235/1619 1753/2232/1619
f 451/2244/1619 110/2245/1619 793/2246/1619 1754/2235/1619
f 1754/2235/1617 793/2246/1617 794/2247/1617 1757/2236/1617
f 1757/2236/1618 794/2247/1618 795/2248/1618 1760/2239/1618
f 1760/2239/1620 795/2248/1620 111/2226/1620 454/2225/1620
f 1759/2237/1620 1760/2239/1620 454/2225/1620 455/2224/1620
f 1758/2238/1620 1759/2237/1620 455/2224/1620 456/2222/1620
f 582/2249/1620 1758/2238/1620 456/2222/1620 76/2221/1620
f 581/2250/1618 1755/2234/1618 1758/2238/1618 582/2249/1618
f 580/2242/1617 1752/2231/1617 1755/2234/1617 581/2250/1617
f 1761/2251/1621 1762/2252/1621 1765/2253/1621 1764/2254/1621
f 1762/2252/1621 1763/2255/1621 1766/2256/1621 1765/2253/1621
f 1764/2254/1622 1765/2253/1622 1768/2257/1622 1767/2258/1622
f 1765/2253/1623 1766/2256/1623 1769/2259/1623 1768/2257/1623
f 74/2260/1624 450/2261/1624 1761/2251/1624 583/2262/1624
f 450/2261/1624 449/2263/1624 1762/2252/1624 1761/2251/1624
f 449/2263/1624 448/2264/1624 1763/2255/1624 1762/2252/1624
f 448/2264/1624 109/2265/1624 796/2266/1624 1763/2255/1624
f 1763/2255/1621 796/2266/1621 797/2267/1621 1766/2256/1621
f 1766/2256/1622 797/2267/1622 798/2268/1622 1769/2259/1622
f 1769/2259/1625 798/2268/1625 110/2245/1625 451/2244/1625
f 1768/2257/1625 1769/2259/1625 451/2244/1625 452/2243/1625
f 1767/2258/1625 1768/2257/1625 452/2243/1625 453/2241/1625
f 585/2269/1625 1767/2258/1625 453/2241/1625 75/2240/1625
f 584/1595/1622 1764/2254/1622 1767/2258/1622 585/2269/1622
f 583/2262/1621 1761/2251/1621 1764/2254/1621 584/1595/1621
f 1770/2270/1626 1771/2271/1626 1774/2272/1626 1773/2273/1626
f 1771/2271/1627 1772/2274/1627 1775/2275/1627 1774/2272/1627
f 1773/2273/1628 1774/2272/1628 1777/2276/1628 1776/2277/1628
f 1774/2272/1629 1775/2275/1629 1778/2278/1629 1777/2276/1629
f 73/2279/1630 447/2280/1630 1770/2270/1630 586/2281/1630
f 447/2280/1631 446/2282/1631 1771/2271/1631 1770/2270/1631
f 446/2282/1632 445/2283/1632 1772/2274/1632 1771/2271/1632
f 445/2283/1633 108/164/1633 799/2284/1633 1772/2274/1633
f 1772/2274/1634 799/2284/1634 800/185/1634 1775/2275/1634
f 1775/2275/1635 800/185/1635 801/2285/1635 1778/2278/1635
f 1778/2278/1636 801/2285/1636 109/2265/1636 448/2264/1636
f 1777/2276/1636 1778/2278/1636 448/2264/1636 449/2263/1636
f 1776/2277/1636 1777/2276/1636 449/2263/1636 450/2261/1636
f 588/2286/1636 1776/2277/1636 450/2261/1636 74/2260/1636
f 587/1615/1637 1773/2273/1637 1776/2277/1637 588/2286/1637
f 586/2281/1638 1770/2270/1638 1773/2273/1638 587/1615/1638
f 1779/2287/1639 1780/2288/1639 1783/2289/1639 1782/2290/1639
f 1780/2288/1640 1781/2291/1640 1784/2292/1640 1783/2289/1640
f 1782/2290/1641 1783/2289/1641 1786/2293/1641 1785/2294/1641
f 1783/2289/1642 1784/2292/1642 1787/2295/1642 1786/2293/1642
f 72/2296/1643 444/2297/1643 1779/2287/1643 589/2298/1643
f 444/2297/1644 443/2299/1644 1780/2288/1644 1779/2287/1644
f 443/2299/1645 442/2300/1645 1781/2291/1645 1780/2288/1645
f 442/2300/1646 107/2301/1646 802/2302/1646 1781/2291/1646
f 1781/2291/1647 802/2302/1647 803/2303/1647 1784/2292/1647
f 1784/2292/1648 803/2303/1648 804/2304/1648 1787/2295/1648
f 1787/2295/1649 804/2304/1649 108/164/1649 445/2283/1649
f 1786/2293/1650 1787/2295/1650 445/2283/1650 446/2282/1650
f 1785/2294/1651 1786/2293/1651 446/2282/1651 447/2280/1651
f 591/2305/1652 1785/2294/1652 447/2280/1652 73/2279/1652
f 590/1635/1653 1782/2290/1653 1785/2294/1653 591/2305/1653
f 589/2298/1654 1779/2287/1654 1782/2290/1654 590/1635/1654
f 1788/2306/1655 1789/2307/1655 1792/2308/1655 1791/2309/1655
f 1789/2307/1656 1790/2310/1656 1793/2311/1656 1792/2308/1656
f 1791/2309/1657 1792/2308/1657 1795/2312/1657 1794/2313/1657
f 1792/2308/1658 1793/2311/1658 1796/2314/1658 1795/2312/1658
f 71/2315/1659 441/2316/1659 1788/2306/1659 592/2317/1659
f 441/2316/1660 440/2318/1660 1789/2307/1660 1788/2306/1660
f 440/2318/1661 439/2319/1661 1790/2310/1661 1789/2307/1661
f 439/2319/1662 106/2320/1662 805/2321/1662 1790/2310/1662
f 1790/2310/1663 805/2321/1663 806/2322/1663 1793/2311/1663
f 1793/2311/1664 806/2322/1664 807/2323/1664 1796/2314/1664
f 1796/2314/1665 807/2323/1665 107/2301/1665 442/2300/1665
f 1795/2312/1666 1796/2314/1666 442/2300/1666 443/2299/1666
f 1794/2313/1667 1795/2312/1667 443/2299/1667 444/2297/1667
f 594/2324/1668 1794/2313/1668 444/2297/1668 72/2296/1668
f 593/2325/1669 1791/2309/1669 1794/2313/1669 594/2324/1669
f 592/2317/1670 1788/2306/1670 1791/2309/1670 593/2325/1670
f 1797/2326/1671 1798/2327/1671 1801/2328/1671 1800/2329/1671
f 1798/2327/1672 1799/2330/1672 1802/2331/1672 1801/2328/1672
f 1800/2329/1673 1801/2328/1673 1804/2332/1673 1803/2333/1673
f 1801/2328/1674 1802/2331/1674 1805/2334/1674 1804/2332/1674
f 70/2335/1675 438/2336/1675 1797/2326/1675 595/2337/1675
f 438/2336/1676 437/2338/1676 1798/2327/1676 1797/2326/1676
f 437/2338/1677 436/2339/1677 1799/2330/1677 1798/2327/1677
f 436/2339/1678 105/2340/1678 808/2341/1678 1799/2330/1678
f 1799/2330/1679 808/2341/1679 809/2342/1679 1802/2331/1679
f 1802/2331/1680 809/2342/1680 810/2343/1680 1805/2334/1680
f 1805/2334/1681 810/2343/1681 106/2320/1681 439/2319/1681
f 1804/2332/1682 1805/2334/1682 439/2319/1682 440/2318/1682
f 1803/2333/1683 1804/2332/1683 440/2318/1683 441/2316/1683
f 597/2344/1684 1803/2333/1684 441/2316/1684 71/2315/1684
f 596/1675/1685 1800/2329/1685 1803/2333/1685 597/2344/1685
f 595/2337/1686 1797/2326/1686 1800/2329/1686 596/1675/1686
f 1806/2345/1687 1807/2346/1687 1810/2347/1687 1809/2348/1687
f 1807/2346/1688 1808/2349/1688 1811/2350/1688 1810/2347/1688
f 1809/2348/1689 1810/2347/1689 1813/2351/1689 1812/2352/1689
f 1810/2347/1690 1811/2350/1690 1814/2353/1690 1813/2351/1690
f 69/2354/1691 435/2355/1691 1806/2345/1691 598/2356/1691
f 435/2355/1692 434/2357/1692 1807/2346/1692 1806/2345/1692
f 434/2357/1693 433/2358/1693 1808/2349/1693 1807/2346/1693
f 433/2358/1694 104/2359/1694 811/2360/1694 1808/2349/1694
f 1808/2349/1695 811/2360/1695 812/2361/1695 1811/2350/1695
f 1811/2350/1696 812/2361/1696 813/2362/1696 1814/2353/1696
f 1814/2353/1697 813/2362/1697 105/2340/1697 436/2339/1697
f 1813/2351/1698 1814/2353/1698 436/2339/1698 437/2338/1698
f 1812/2352/1699 1813/2351/1699 437/2338/1699 438/2336/1699
f 600/2363/1700 1812/2352/1700 438/2336/1700 70/2335/1700
f 599/2364/1701 1809/2348/1701 1812/2352/1701 600/2363/1701
f 598/2356/1702 1806/2345/1702 1809/2348/1702 599/2364/1702
f 1815/2365/1703 1816/2366/1703 1819/2367/1703 1818/2368/1703
f 1816/2366/1704 1817/2369/1704 1820/2370/1704 1819/2367/1704
f 1818/2368/1705 1819/2367/1705 1822/2371/1705 1821/2372/1705
f 1819/2367/1706 1820/2370/1706 1823/2373/1706 1822/2371/1706
f 68/2374/1707 432/2375/1707 1815/2365/1707 601/2376/1707
f 432/2375/1708 431/2377/1708 1816/2366/1708 1815/2365/1708
f 431/2377/1709 430/2378/1709 1817/2369/1709 1816/2366/1709
f 430/2378/1710 103/2379/1710 814/2380/1710 1817/2369/1710
f 1817/2369/1711 814/2380/1711 815/2381/1711 1820/2370/1711
f 1820/2370/1712 815/2381/1712 816/2382/1712 1823/2373/1712
f 1823/2373/1713 816/2382/1713 104/2359/1713 433/2358/1713
f 1822/2371/1714 1823/2373/1714 433/2358/1714 434/2357/1714
f 1821/2372/1714 1822/2371/1714 434/2357/1714 435/2355/1714
f 603/2383/1715 1821/2372/1715 435/2355/1715 69/2354/1715
f 602/2384/1716 1818/2368/1716 1821/2372/1716 603/2383/1716
f 601/2376/1717 1815/2365/1717 1818/2368/1717 602/2384/1717
f 1824/2385/1718 1825/2386/1718 1828/2387/1718 1827/2388/1718
f 1825/2386/1719 1826/2389/1719 1829/2390/1719 1828/2387/1719
f 1827/2388/1720 1828/2387/1720 1831/2391/1720 1830/2392/1720
f 1828/2387/1721 1829/2390/1721 1832/2393/1721 1831/2391/1721
f 67/2394/1722 429/2395/1722 1824/2385/1722 604/2396/1722
f 429/2395/1723 428/2397/1723 1825/2386/1723 1824/2385/1723
f 428/2397/1724 427/2398/1724 1826/2389/1724 1825/2386/1724
f 427/2398/1725 102/2399/1725 817/2400/1725 1826/2389/1725
f 1826/2389/1726 817/2400/1726 818/2401/1726 1829/2390/1726
f 1829/2390/1727 818/2401/1727 819/2402/1727 1832/2393/1727
f 1832/2393/1728 819/2402/1728 103/2379/1728 430/2378/1728
f 1831/2391/1729 1832/2393/1729 430/2378/1729 431/2377/1729
f 1830/2392/1730 1831/2391/1730 431/2377/1730 432/2375/1730
f 606/2403/1731 1830/2392/1731 432/2375/1731 68/2374/1731
f 605/2404/1732 1827/2388/1732 1830/2392/1732 606/2403/1732
f 604/2396/1733 1824/2385/1733 1827/2388/1733 605/2404/1733
f 1833/2405/1734 1834/2406/1734 1837/2407/1734 1836/2408/1734
f 1834/2406/1735 1835/2409/1735 1838/2410/1735 1837/2407/1735
f 1836/2408/1736 1837/2407/1736 1840/2411/1736 1839/2412/1736
f 1837/2407/1737 1838/2410/1737 1841/2413/1737 1840/2411/1737
f 66/2414/1738 426/2415/1738 1833/2405/1738 607/2416/1738
f 426/2415/1738 425/2417/1738 1834/2406/1738 1833/2405/1738
f 425/2417/1738 424/2418/1738 1835/2409/1738 1834/2406/1738
f 424/2418/1738 101/2419/1738 820/2420/1738 1835/2409/1738
f 1835/2409/1735 820/2420/1735 821/2421/1735 1838/2410/1735
f 1838/2410/1739 821/2421/1739 822/2422/1739 1841/2413/1739
f 1841/2413/1740 822/2422/1740 102/2399/1740 427/2398/1740
f 1840/2411/1741 1841/2413/1741 427/2398/1741 428/2397/1741
f 1839/2412/1742 1840/2411/1742 428/2397/1742 429/2395/1742
f 609/2423/1743 1839/2412/1743 429/2395/1743 67/2394/1743
f 608/2424/1744 1836/2408/1744 1839/2412/1744 609/2423/1744
f 607/2416/1734 1833/2405/1734 1836/2408/1734 608/2424/1734
f 1842/2425/1745 1843/2426/1745 1846/2427/1745 1845/2428/1745
f 1843/2426/1746 1844/2429/1746 1847/2430/1746 1846/2427/1746
f 1845/2428/1747 1846/2427/1747 1849/2431/1747 1848/2432/1747
f 1846/2427/1747 1847/2430/1747 1850/2433/1747 1849/2431/1747
f 65/1773/1748 628/2434/1748 1842/2425/1748 610/1774/1748
f 628/2434/1749 629/2435/1749 1843/2426/1749 1842/2425/1749
f 629/2435/1750 630/2436/1750 1844/2429/1750 1843/2426/1750
f 630/2436/1751 100/10/1751 823/12/1751 1844/2429/1751
f 1844/2429/1752 823/12/1752 824/25/1752 1847/2430/1752
f 1847/2430/1747 824/25/1747 825/23/1747 1850/2433/1747
f 1850/2433/1753 825/23/1753 101/24/1753 424/2437/1753
f 1849/2431/1753 1850/2433/1753 424/2437/1753 425/2438/1753
f 1848/2432/1753 1849/2431/1753 425/2438/1753 426/2439/1753
f 612/1776/1754 1848/2432/1754 426/2439/1754 66/1753/1754
f 611/1775/1747 1845/2428/1747 1848/2432/1747 612/1776/1747
f 610/1774/1755 1842/2425/1755 1845/2428/1755 611/1775/1755
o Cylinder.001
v -0.207820 0.607653 1.091477
v -0.207820 0.564866 1.091477
v -0.393140 0.607653 1.073224
v -0.393140 0.564866 1.073224
v -0.571338 0.607653 1.019169
v -0.571338 0.564866 1.019169
v -0.735566 0.607653 0.931387
v -0.735566 0.564866 0.931387
v -0.879513 0.607653 0.813253
v -0.879513 0.564866 0.813253
v -0.997647 0.607653 0.669306
v -0.997647 0.564866 0.669306
v -1.085428 0.607653 0.505078
v -1.085428 0.564866 0.505078
v -1.139484 0.607653 0.326880
v -1.139484 0.564866 0.326880
v -1.157737 0.607653 0.141561
v -1.157737 0.564866 0.141561
v -1.139484 0.607653 -0.043759
v -1.139484 0.564866 -0.043759
v -1.085428 0.607653 -0.221956
v -1.085428 0.564866 -0.221956
v -0.997647 0.607653 -0.386184
v -0.997647 0.564866 -0.386184
v -0.879513 0.607653 -0.530131
v -0.879513 0.564866 -0.530131
v -0.735566 0.607653 -0.648266
v -0.735566 0.564866 -0.648266
v -0.571338 0.607653 -0.736047
v -0.571338 0.564866 -0.736047
v -0.393140 0.607653 -0.790103
v -0.393140 0.564866 -0.790103
v -0.207820 0.607653 -0.808355
v -0.207820 0.564866 -0.808355
v -0.022501 0.607653 -0.790103
v -0.022501 0.564866 -0.790103
v 0.155697 0.607653 -0.736047
v 0.155697 0.564866 -0.736047
v 0.319925 0.607653 -0.648266
v 0.319925 0.564866 -0.648266
v 0.463872 0.607653 -0.530131
v 0.463872 0.564866 -0.530131
v 0.582006 0.607653 -0.386184
v 0.582006 0.564866 -0.386184
v 0.669787 0.607653 -0.221956
v 0.669787 0.564866 -0.221956
v 0.723843 0.607653 -0.043759
v 0.723843 0.564866 -0.043759
v 0.742096 0.607653 0.141561
v 0.742096 0.564866 0.141561
v 0.723843 0.607653 0.326880
v 0.723843 0.564866 0.326880
v 0.669787 0.607653 0.505078
v 0.669787 0.564866 0.505078
v 0.582006 0.607653 0.669306
v 0.582006 0.564866 0.669306
v 0.463872 0.607653 0.813253
v 0.463872 0.564866 0.813253
v 0.319925 0.607653 0.931387
v 0.319925 0.564866 0.931387
v 0.155697 0.607653 1.019169
v 0.155697 0.564866 1.019169
v -0.022501 0.607653 1.073224
v -0.022501 0.564866 1.073224
v -0.207346 0.591729 1.092050
v -0.207346 0.272403 1.092050
v -0.392666 0.591729 1.073798
v -0.392666 0.272403 1.073798
v -0.570863 0.591729 1.019742
v -0.570863 0.272403 1.019742
v -0.735091 0.591729 0.931960
v -0.735091 0.272403 0.931960
v -0.879038 0.591729 0.813826
v -0.879038 0.272403 0.813826
v -0.997172 0.591729 0.669879
v -0.997172 0.272403 0.669879
v -1.084954 0.591729 0.505651
v -1.084954 0.272403 0.505651
v -1.139010 0.591729 0.327453
v -1.139010 0.272403 0.327453
v -1.157262 0.591729 0.142134
v -1.157262 0.272403 0.142134
v -1.139010 0.591729 -0.043185
v -1.139010 0.272403 -0.043185
v -1.084954 0.591729 -0.221383
v -1.084954 0.272403 -0.221383
v -0.997172 0.591729 -0.385611
v -0.997172 0.272403 -0.385611
v -0.879038 0.591729 -0.529558
v -0.879038 0.272403 -0.529558
v -0.735091 0.591729 -0.647692
v -0.735091 0.272403 -0.647692
v -0.570863 0.591729 -0.735474
v -0.570863 0.272403 -0.735474
v -0.392666 0.591729 -0.789530
v -0.392666 0.272403 -0.789530
v -0.207346 0.591729 -0.807782
v -0.207346 0.272403 -0.807782
v -0.022027 0.591729 -0.789530
v -0.022027 0.272403 -0.789530
v 0.156171 0.591729 -0.735474
v 0.156171 0.272403 -0.735474
v 0.320399 0.591729 -0.647692
v 0.320399 0.272403 -0.647692
v 0.464346 0.591729 -0.529558
v 0.464346 0.272403 -0.529558
v 0.582480 0.591729 -0.385611
v 0.582480 0.272403 -0.385611
v 0.670262 0.591729 -0.221383
v 0.670262 0.272403 -0.221383
v 0.724317 0.591729 -0.043185
v 0.724317 0.272403 -0.043185
v 0.742570 0.591729 0.142134
v 0.742570 0.272403 0.142134
v 0.724317 0.591729 0.327453
v 0.724317 0.272403 0.327453
v 0.670262 0.591729 0.505651
v 0.670262 0.272403 0.505651
v 0.582480 0.591729 0.669879
v 0.582480 0.272403 0.669879
v 0.464346 0.591729 0.813826
v 0.464346 0.272403 0.813826
v 0.320399 0.591729 0.931960
v 0.320399 0.272403 0.931960
v 0.156171 0.591729 1.019742
v 0.156171 0.272403 1.019742
v -0.022027 0.591729 1.073798
v -0.022027 0.272403 1.073798
v -0.092350 0.272403 1.019355
v -0.196158 0.272403 1.031266
v -0.326365 0.272403 1.007744
v -0.435125 0.272403 0.982097
v -0.536439 0.272403 0.950011
v -0.625369 0.272403 0.914355
v -0.707186 0.272403 0.855512
v -0.803457 0.272403 0.785315
v -0.885285 0.272403 0.703263
v -0.957729 0.272403 0.607150
v -0.998266 0.272403 0.522475
v -1.037356 0.272403 0.426429
v -1.060907 0.272403 0.310834
v -1.071355 0.272403 0.200541
v -1.078809 0.272403 0.071551
v -1.056414 0.272403 -0.046235
v -1.013619 0.272403 -0.187952
v -0.946691 0.272403 -0.306235
v -0.863666 0.272403 -0.411943
v -0.739002 0.272403 -0.548814
v -0.565370 0.272403 -0.646505
v -0.359043 0.272403 -0.714080
v -0.261728 0.272403 -0.719178
v -0.083294 0.272403 -0.717436
v 0.027456 0.272403 -0.681663
v 0.194814 0.272403 -0.615855
v 0.334023 0.272403 -0.526929
v 0.403916 0.272403 -0.447669
v 0.475243 0.272403 -0.353461
v 0.530171 0.272403 -0.246517
v 0.599115 0.272403 -0.094797
v 0.632002 0.272403 0.068015
v 0.624536 0.272403 0.206785
v 0.600261 0.272403 0.379353
v 0.551964 0.272403 0.545058
v 0.460467 0.272403 0.674687
v 0.391756 0.272403 0.757775
v 0.273070 0.272403 0.849246
v 0.168197 0.272403 0.935007
v 0.062140 0.272403 0.988666
v -0.092350 0.530158 1.019355
v -0.196158 0.530158 1.031266
v -0.326365 0.530158 1.007744
v -0.435125 0.530158 0.982097
v -0.536439 0.530158 0.950011
v -0.625369 0.530158 0.914355
v -0.707186 0.530158 0.855512
v -0.803457 0.530158 0.785315
v -0.885285 0.530158 0.703263
v -0.957729 0.530158 0.607150
v -0.998266 0.530158 0.522475
v -1.037356 0.530158 0.426429
v -1.060907 0.530158 0.310834
v -1.071355 0.530158 0.200541
v -1.078809 0.530158 0.071551
v -1.056414 0.530158 -0.046235
v -1.013619 0.530158 -0.187952
v -0.946691 0.530158 -0.306235
v -0.863666 0.530158 -0.411943
v -0.739002 0.530158 -0.548814
v -0.565370 0.530158 -0.646505
v -0.359043 0.530158 -0.714080
v -0.261728 0.530158 -0.719178
v -0.083294 0.530158 -0.717436
v 0.027456 0.530158 -0.681663
v 0.194814 0.530158 -0.615855
v 0.334023 0.530158 -0.526929
v 0.403916 0.530158 -0.447669
v 0.475243 0.530158 -0.353461
v 0.530171 0.530158 -0.246517
v 0.599115 0.530158 -0.094797
v 0.632002 0.530158 0.068015
v 0.624536 0.530158 0.206785
v 0.600261 0.530158 0.379353
v 0.551964 0.530158 0.545058
v 0.460467 0.530158 0.674687
v 0.391756 0.530158 0.757775
v 0.273070 0.530158 0.849246
v 0.168197 0.530158 0.935007
v 0.062140 0.530158 0.988666
vn 0.0980 -0.0000 -0.9952
vn 0.2903 -0.0000 -0.9569
vn 0.4714 -0.0000 -0.8819
vn 0.6344 -0.0000 -0.7730
vn 0.7730 -0.0000 -0.6344
vn 0.8819 -0.0000 -0.4714
vn 0.9569 -0.0000 -0.2903
vn 0.9952 -0.0000 -0.0980
vn 0.9952 -0.0000 0.0980
vn 0.9569 -0.0000 0.2903
vn 0.8819 -0.0000 0.4714
vn 0.7730 -0.0000 0.6344
vn 0.6344 -0.0000 0.7730
vn 0.4714 -0.0000 0.8819
vn 0.2903 -0.0000 0.9569
vn 0.0980 -0.0000 0.9952
vn -0.0980 -0.0000 0.9952
vn -0.2903 -0.0000 0.9569
vn -0.4714 -0.0000 0.8819
vn -0.6344 -0.0000 0.7730
vn -0.7730 -0.0000 0.6344
vn -0.8819 -0.0000 0.4714
vn -0.9569 -0.0000 0.2903
vn -0.9952 -0.0000 0.0980
vn -0.9952 -0.0000 -0.0980
vn -0.9569 -0.0000 -0.2903
vn -0.8819 -0.0000 -0.4714
vn -0.7730 -0.0000 -0.6344
vn -0.6344 -0.0000 -0.7730
vn -0.4714 -0.0000 -0.8819
vn -0.0000 1.0000 -0.0000
vn -0.2903 -0.0000 -0.9569
vn -0.0980 -0.0000 -0.9952
vn -0.0000 -1.0000 -0.0000
vn -0.9262 -0.0000 0.3770
vn 0.6330 -0.0000 0.7741
vn 0.3659 -0.0000 -0.9306
vn -0.9799 -0.0000 0.1996
vn 0.4515 -0.0000 0.8923
vn 0.5383 -0.0000 -0.8427
vn -0.9955 -0.0000 0.0943
vn 0.1948 -0.0000 0.9808
vn 0.7500 -0.0000 -0.6614
vn -0.9983 -0.0000 0.0577
vn 0.1140 -0.0000 0.9935
vn 0.7973 -0.0000 -0.6036
vn -0.9824 -0.0000 -0.1868
vn -0.1778 -0.0000 0.9841
vn 0.8895 -0.0000 -0.4569
vn -0.9573 -0.0000 -0.2891
vn -0.2295 -0.0000 0.9733
vn 0.9104 -0.0000 -0.4137
vn -0.8703 -0.0000 -0.4925
vn -0.3019 -0.0000 0.9533
vn 0.9802 -0.0000 -0.1980
vn -0.7864 -0.0000 -0.6177
vn -0.3721 -0.0000 0.9282
vn 0.9986 -0.0000 0.0537
vn -0.7393 -0.0000 -0.6734
vn -0.5839 -0.0000 0.8118
vn 0.9903 -0.0000 0.1393
vn -0.4903 -0.0000 -0.8715
vn -0.5892 -0.0000 0.8080
vn 0.9601 -0.0000 0.2798
vn -0.3112 -0.0000 -0.9503
vn -0.7081 -0.0000 0.7061
vn 0.8170 -0.0000 0.5767
vn -0.0523 -0.0000 -0.9986
vn -0.7986 -0.0000 0.6019
vn 0.7706 -0.0000 0.6373
vn 0.0098 -0.0000 -1.0000
vn -0.9020 -0.0000 0.4318
vn 0.6104 -0.0000 0.7921
vn 0.3074 -0.0000 -0.9516
vt 1.000000 0.500000
vt 1.000000 1.000000
vt 0.968750 1.000000
vt 0.968750 0.500000
vt 0.937500 1.000000
vt 0.937500 0.500000
vt 0.906250 1.000000
vt 0.906250 0.500000
vt 0.875000 1.000000
vt 0.875000 0.500000
vt 0.843750 1.000000
vt 0.843750 0.500000
vt 0.812500 1.000000
vt 0.812500 0.500000
vt 0.781250 1.000000
vt 0.781250 0.500000
vt 0.750000 1.000000
vt 0.750000 0.500000
vt 0.718750 1.000000
vt 0.718750 0.500000
vt 0.687500 1.000000
vt 0.687500 0.500000
vt 0.656250 1.000000
vt 0.656250 0.500000
vt 0.625000 1.000000
vt 0.625000 0.500000
vt 0.593750 1.000000
vt 0.593750 0.500000
vt 0.562500 1.000000
vt 0.562500 0.500000
vt 0.531250 1.000000
vt 0.531250 0.500000
vt 0.500000 1.000000
vt 0.500000 0.500000
vt 0.468750 1.000000
vt 0.468750 0.500000
vt 0.437500 1.000000
vt 0.437500 0.500000
vt 0.406250 1.000000
vt 0.406250 0.500000
vt 0.375000 1.000000
vt 0.375000 0.500000
vt 0.343750 1.000000
vt 0.343750 0.500000
vt 0.312500 1.000000
vt 0.312500 0.500000
vt 0.281250 1.000000
vt 0.281250 0.500000
vt 0.250000 1.000000
vt 0.250000 0.500000
vt 0.218750 1.000000
vt 0.218750 0.500000
vt 0.187500 1.000000
vt 0.187500 0.500000
vt 0.156250 1.000000
vt 0.156250 0.500000
vt 0.125000 1.000000
vt 0.125000 0.500000
vt 0.093750 1.000000
vt 0.093750 0.500000
vt 0.062500 1.000000
vt 0.062500 0.500000
vt 0.296822 0.485388
vt 0.250000 0.490000
vt 0.203178 0.485388
vt 0.158156 0.471731
vt 0.116663 0.449553
vt 0.080294 0.419706
vt 0.050447 0.383337
vt 0.028269 0.341844
vt 0.014612 0.296822
vt 0.010000 0.250000
vt 0.014612 0.203178
vt 0.028269 0.158156
vt 0.050447 0.116663
vt 0.080294 0.080294
vt 0.116663 0.050447
vt 0.158156 0.028269
vt 0.203178 0.014612
vt 0.250000 0.010000
vt 0.296822 0.014612
vt 0.341844 0.028269
vt 0.383337 0.050447
vt 0.419706 0.080294
vt 0.449553 0.116663
vt 0.471731 0.158156
vt 0.485388 0.203178
vt 0.490000 0.250000
vt 0.485388 0.296822
vt 0.471731 0.341844
vt 0.449553 0.383337
vt 0.419706 0.419706
vt 0.383337 0.449553
vt 0.341844 0.471731
vt 0.031250 1.000000
vt 0.031250 0.500000
vt 0.000000 1.000000
vt 0.000000 0.500000
vt 0.750000 0.490000
vt 0.796822 0.485388
vt 0.841844 0.471731
vt 0.883337 0.449553
vt 0.919706 0.419706
vt 0.949553 0.383337
vt 0.971731 0.341844
vt 0.985388 0.296822
vt 0.990000 0.250000
vt 0.985388 0.203178
vt 0.971731 0.158156
vt 0.949553 0.116663
vt 0.919706 0.080294
vt 0.883337 0.050447
vt 0.841844 0.028269
vt 0.796822 0.014612
vt 0.750000 0.010000
vt 0.703178 0.014612
vt 0.658156 0.028269
vt 0.616663 0.050447
vt 0.580294 0.080294
vt 0.550447 0.116663
vt 0.528269 0.158156
vt 0.514612 0.203178
vt 0.510000 0.250000
vt 0.514612 0.296822
vt 0.528269 0.341844
vt 0.550447 0.383337
vt 0.580294 0.419706
vt 0.616663 0.449553
vt 0.658156 0.471731
vt 0.703178 0.485388
vt 0.037936 0.231274
vt 0.039822 0.266334
vt 0.045955 0.309934
vt 0.058157 0.351800
vt 0.081274 0.384552
vt 0.098635 0.405544
vt 0.128621 0.428654
vt 0.155118 0.450322
vt 0.181913 0.463879
vt 0.220946 0.471633
vt 0.247173 0.474643
vt 0.280070 0.468700
vt 0.307549 0.462220
vt 0.333147 0.454113
vt 0.355615 0.445105
vt 0.376287 0.430238
vt 0.400610 0.412502
vt 0.421284 0.391771
vt 0.439587 0.367488
vt 0.449829 0.346095
vt 0.459705 0.321828
vt 0.465655 0.292623
vt 0.468295 0.264757
vt 0.470178 0.232167
vt 0.464520 0.202408
vt 0.453708 0.166602
vt 0.436799 0.136718
vt 0.415822 0.110010
vt 0.384325 0.075429
vt 0.340456 0.050747
vt 0.288327 0.033674
vt 0.263740 0.032386
vt 0.218658 0.032826
vt 0.190676 0.041864
vt 0.148393 0.058491
vt 0.113221 0.080959
vt 0.095562 0.100984
vt 0.077541 0.124786
vt 0.063664 0.151806
vt 0.046245 0.190138
s 0
f 1851/2440/1756 1852/2441/1756 1854/2442/1756 1853/2443/1756
f 1853/2443/1757 1854/2442/1757 1856/2444/1757 1855/2445/1757
f 1855/2445/1758 1856/2444/1758 1858/2446/1758 1857/2447/1758
f 1857/2447/1759 1858/2446/1759 1860/2448/1759 1859/2449/1759
f 1859/2449/1760 1860/2448/1760 1862/2450/1760 1861/2451/1760
f 1861/2451/1761 1862/2450/1761 1864/2452/1761 1863/2453/1761
f 1863/2453/1762 1864/2452/1762 1866/2454/1762 1865/2455/1762
f 1865/2455/1763 1866/2454/1763 1868/2456/1763 1867/2457/1763
f 1867/2457/1764 1868/2456/1764 1870/2458/1764 1869/2459/1764
f 1869/2459/1765 1870/2458/1765 1872/2460/1765 1871/2461/1765
f 1871/2461/1766 1872/2460/1766 1874/2462/1766 1873/2463/1766
f 1873/2463/1767 1874/2462/1767 1876/2464/1767 1875/2465/1767
f 1875/2465/1768 1876/2464/1768 1878/2466/1768 1877/2467/1768
f 1877/2467/1769 1878/2466/1769 1880/2468/1769 1879/2469/1769
f 1879/2469/1770 1880/2468/1770 1882/2470/1770 1881/2471/1770
f 1881/2471/1771 1882/2470/1771 1884/2472/1771 1883/2473/1771
f 1883/2473/1772 1884/2472/1772 1886/2474/1772 1885/2475/1772
f 1885/2475/1773 1886/2474/1773 1888/2476/1773 1887/2477/1773
f 1887/2477/1774 1888/2476/1774 1890/2478/1774 1889/2479/1774
f 1889/2479/1775 1890/2478/1775 1892/2480/1775 1891/2481/1775
f 1891/2481/1776 1892/2480/1776 1894/2482/1776 1893/2483/1776
f 1893/2483/1777 1894/2482/1777 1896/2484/1777 1895/2485/1777
f 1895/2485/1778 1896/2484/1778 1898/2486/1778 1897/2487/1778
f 1897/2487/1779 1898/2486/1779 1900/2488/1779 1899/2489/1779
f 1899/2489/1780 1900/2488/1780 1902/2490/1780 1901/2491/1780
f 1901/2491/1781 1902/2490/1781 1904/2492/1781 1903/2493/1781
f 1903/2493/1782 1904/2492/1782 1906/2494/1782 1905/2495/1782
f 1905/2495/1783 1906/2494/1783 1908/2496/1783 1907/2497/1783
f 1907/2497/1784 1908/2496/1784 1910/2498/1784 1909/2499/1784
f 1909/2499/1785 1910/2498/1785 1912/2500/1785 1911/2501/1785
f 1854/2502/1786 1852/2503/1786 1914/2504/1786 1912/2505/1786 1910/2506/1786 1908/2507/1786 1906/2508/1786 1904/2509/1786 1902/2510/1786 1900/2511/1786 1898/2512/1786 1896/2513/1786 1894/2514/1786 1892/2515/1786 1890/2516/1786 1888/2517/1786 1886/2518/1786 1884/2519/1786 1882/2520/1786 1880/2521/1786 1878/2522/1786 1876/2523/1786 1874/2524/1786 1872/2525/1786 1870/2526/1786 1868/2527/1786 1866/2528/1786 1864/2529/1786 1862/2530/1786 1860/2531/1786 1858/2532/1786 1856/2533/1786
f 1911/2501/1787 1912/2500/1787 1914/2534/1787 1913/2535/1787
f 1913/2535/1788 1914/2534/1788 1852/2536/1788 1851/2537/1788
f 1851/2538/1789 1853/2539/1789 1855/2540/1789 1857/2541/1789 1859/2542/1789 1861/2543/1789 1863/2544/1789 1865/2545/1789 1867/2546/1789 1869/2547/1789 1871/2548/1789 1873/2549/1789 1875/2550/1789 1877/2551/1789 1879/2552/1789 1881/2553/1789 1883/2554/1789 1885/2555/1789 1887/2556/1789 1889/2557/1789 1891/2558/1789 1893/2559/1789 1895/2560/1789 1897/2561/1789 1899/2562/1789 1901/2563/1789 1903/2564/1789 1905/2565/1789 1907/2566/1789 1909/2567/1789 1911/2568/1789 1913/2569/1789
f 1915/2440/1756 1916/2441/1756 1918/2442/1756 1917/2443/1756
f 1917/2443/1757 1918/2442/1757 1920/2444/1757 1919/2445/1757
f 1919/2445/1758 1920/2444/1758 1922/2446/1758 1921/2447/1758
f 1921/2447/1759 1922/2446/1759 1924/2448/1759 1923/2449/1759
f 1923/2449/1760 1924/2448/1760 1926/2450/1760 1925/2451/1760
f 1925/2451/1761 1926/2450/1761 1928/2452/1761 1927/2453/1761
f 1927/2453/1762 1928/2452/1762 1930/2454/1762 1929/2455/1762
f 1929/2455/1763 1930/2454/1763 1932/2456/1763 1931/2457/1763
f 1931/2457/1764 1932/2456/1764 1934/2458/1764 1933/2459/1764
f 1933/2459/1765 1934/2458/1765 1936/2460/1765 1935/2461/1765
f 1935/2461/1766 1936/2460/1766 1938/2462/1766 1937/2463/1766
f 1937/2463/1767 1938/2462/1767 1940/2464/1767 1939/2465/1767
f 1939/2465/1768 1940/2464/1768 1942/2466/1768 1941/2467/1768
f 1941/2467/1769 1942/2466/1769 1944/2468/1769 1943/2469/1769
f 1943/2469/1770 1944/2468/1770 1946/2470/1770 1945/2471/1770
f 1945/2471/1771 1946/2470/1771 1948/2472/1771 1947/2473/1771
f 1947/2473/1772 1948/2472/1772 1950/2474/1772 1949/2475/1772
f 1949/2475/1773 1950/2474/1773 1952/2476/1773 1951/2477/1773
f 1951/2477/1774 1952/2476/1774 1954/2478/1774 1953/2479/1774
f 1953/2479/1775 1954/2478/1775 1956/2480/1775 1955/2481/1775
f 1955/2481/1776 1956/2480/1776 1958/2482/1776 1957/2483/1776
f 1957/2483/1777 1958/2482/1777 1960/2484/1777 1959/2485/1777
f 1959/2485/1778 1960/2484/1778 1962/2486/1778 1961/2487/1778
f 1961/2487/1779 1962/2486/1779 1964/2488/1779 1963/2489/1779
f 1963/2489/1780 1964/2488/1780 1966/2490/1780 1965/2491/1780
f 1965/2491/1781 1966/2490/1781 1968/2492/1781 1967/2493/1781
f 1967/2493/1782 1968/2492/1782 1970/2494/1782 1969/2495/1782
f 1969/2495/1783 1970/2494/1783 1972/2496/1783 1971/2497/1783
f 1971/2497/1784 1972/2496/1784 1974/2498/1784 1973/2499/1784
f 1973/2499/1785 1974/2498/1785 1976/2500/1785 1975/2501/1785
f 1918/2502/1786 1916/2503/1786 1978/2504/1786 1976/2505/1786 1974/2506/1786 1972/2507/1786 1970/2508/1786 1968/2509/1786 1966/2510/1786 1964/2511/1786 2010/2570/1786 2011/2571/1786 2012/2572/1786 2013/2573/1786 2014/2574/1786 2015/2575/1786 2016/2576/1786 2017/2577/1786 2018/2578/1786 1979/2579/1786 1980/2580/1786 1981/2581/1786 1982/2582/1786 1983/2583/1786 1984/2584/1786 1985/2585/1786 1986/2586/1786 1987/2587/1786 1988/2588/1786 1989/2589/1786 1990/2590/1786 1991/2591/1786 1992/2592/1786 1993/2593/1786 1932/2527/1786 1930/2528/1786 1928/2529/1786 1926/2530/1786 1924/2531/1786 1922/2532/1786 1920/2533/1786
f 1975/2501/1787 1976/2500/1787 1978/2534/1787 1977/2535/1787
f 1977/2535/1788 1978/2534/1788 1916/2536/1788 1915/2537/1788
f 1915/2538/1789 1917/2539/1789 1919/2540/1789 1921/2541/1789 1923/2542/1789 1925/2543/1789 1927/2544/1789 1929/2545/1789 1931/2546/1789 1933/2547/1789 1935/2548/1789 1937/2549/1789 1939/2550/1789 1941/2551/1789 1943/2552/1789 1945/2553/1789 1947/2554/1789 1949/2555/1789 1951/2556/1789 1953/2557/1789 1955/2558/1789 1957/2559/1789 1959/2560/1789 1961/2561/1789 1963/2562/1789 1965/2563/1789 1967/2564/1789 1969/2565/1789 1971/2566/1789 1973/2567/1789 1975/2568/1789 1977/2569/1789
f 1932/2527/1786 1993/2593/1786 1994/2594/1786 1995/2595/1786 1996/2596/1786 1997/2597/1786 1998/2598/1786 1999/2599/1786 2000/2600/1786 2001/2601/1786 2002/2602/1786 2003/2603/1786 2004/2604/1786 2005/2605/1786 2006/2606/1786 2007/2607/1786 2008/2608/1786 2009/2609/1786 2010/2570/1786 1964/2511/1786 1962/2512/1786 1960/2513/1786 1958/2514/1786 1956/2515/1786 1954/2516/1786 1952/2517/1786 1950/2518/1786 1948/2519/1786 1946/2520/1786 1944/2521/1786 1942/2522/1786 1940/2523/1786 1938/2524/1786 1936/2525/1786 1934/2526/1786
f 1990/2590/1790 1989/2589/1790 2029/2589/1790 2030/2590/1790
f 2049/2609/1786 2048/2608/1786 2047/2607/1786 2046/2606/1786 2045/2605/1786 2044/2604/1786 2043/2603/1786 2042/2602/1786 2041/2601/1786 2040/2600/1786 2039/2599/1786 2038/2598/1786 2037/2597/1786 2036/2596/1786 2035/2595/1786 2034/2594/1786 2033/2593/1786 2032/2592/1786 2031/2591/1786 2030/2590/1786 2029/2589/1786 2028/2588/1786 2027/2587/1786 2026/2586/1786 2025/2585/1786 2024/2584/1786 2023/2583/1786 2022/2582/1786 2021/2581/1786 2020/2580/1786 2019/2579/1786 2058/2578/1786 2057/2577/1786 2056/2576/1786 2055/2575/1786 2054/2574/1786 2053/2573/1786 2052/2572/1786 2051/2571/1786 2050/2570/1786
f 2017/2577/1791 2016/2576/1791 2056/2576/1791 2057/2577/1791
f 2004/2604/1792 2003/2603/1792 2043/2603/1792 2044/2604/1792
f 1991/2591/1793 1990/2590/1793 2030/2590/1793 2031/2591/1793
f 2018/2578/1794 2017/2577/1794 2057/2577/1794 2058/2578/1794
f 2005/2605/1795 2004/2604/1795 2044/2604/1795 2045/2605/1795
f 1992/2592/1796 1991/2591/1796 2031/2591/1796 2032/2592/1796
f 1979/2579/1797 2018/2578/1797 2058/2578/1797 2019/2579/1797
f 2006/2606/1798 2005/2605/1798 2045/2605/1798 2046/2606/1798
f 1993/2593/1799 1992/2592/1799 2032/2592/1799 2033/2593/1799
f 1980/2580/1800 1979/2579/1800 2019/2579/1800 2020/2580/1800
f 2007/2607/1801 2006/2606/1801 2046/2606/1801 2047/2607/1801
f 1994/2594/1802 1993/2593/1802 2033/2593/1802 2034/2594/1802
f 1981/2581/1803 1980/2580/1803 2020/2580/1803 2021/2581/1803
f 2008/2608/1804 2007/2607/1804 2047/2607/1804 2048/2608/1804
f 1995/2595/1805 1994/2594/1805 2034/2594/1805 2035/2595/1805
f 1982/2582/1806 1981/2581/1806 2021/2581/1806 2022/2582/1806
f 2009/2609/1807 2008/2608/1807 2048/2608/1807 2049/2609/1807
f 1996/2596/1808 1995/2595/1808 2035/2595/1808 2036/2596/1808
f 1983/2583/1809 1982/2582/1809 2022/2582/1809 2023/2583/1809
f 2010/2570/1810 2009/2609/1810 2049/2609/1810 2050/2570/1810
f 1997/2597/1811 1996/2596/1811 2036/2596/1811 2037/2597/1811
f 1984/2584/1812 1983/2583/1812 2023/2583/1812 2024/2584/1812
f 2011/2571/1813 2010/2570/1813 2050/2570/1813 2051/2571/1813
f 1998/2598/1814 1997/2597/1814 2037/2597/1814 2038/2598/1814
f 1985/2585/1815 1984/2584/1815 2024/2584/1815 2025/2585/1815
f 2012/2572/1816 2011/2571/1816 2051/2571/1816 2052/2572/1816
f 1999/2599/1817 1998/2598/1817 2038/2598/1817 2039/2599/1817
f 1986/2586/1818 1985/2585/1818 2025/2585/1818 2026/2586/1818
f 2013/2573/1819 2012/2572/1819 2052/2572/1819 2053/2573/1819
f 2000/2600/1820 1999/2599/1820 2039/2599/1820 2040/2600/1820
f 1987/2587/1821 1986/2586/1821 2026/2586/1821 2027/2587/1821
f 2014/2574/1822 2013/2573/1822 2053/2573/1822 2054/2574/1822
f 2001/2601/1823 2000/2600/1823 2040/2600/1823 2041/2601/1823
f 1988/2588/1824 1987/2587/1824 2027/2587/1824 2028/2588/1824
f 2015/2575/1825 2014/2574/1825 2054/2574/1825 2055/2575/1825
f 2002/2602/1826 2001/2601/1826 2041/2601/1826 2042/2602/1826
f 1989/2589/1827 1988/2588/1827 2028/2588/1827 2029/2589/1827
f 2016/2576/1828 2015/2575/1828 2055/2575/1828 2056/2576/1828
f 2003/2603/1829 2002/2602/1829 2042/2602/1829 2043/2603/1829
