# Blender 5.0.0
# www.blender.org
mtllib vase.mtl
o Cylinder
v 0.000000 0.907293 -0.713738
v 0.139243 0.907293 -0.700023
v 0.273136 0.907293 -0.659408
v 0.396531 0.907293 -0.593451
v 0.504689 0.907293 -0.504689
v 0.593451 0.907293 -0.396531
v 0.659408 0.907293 -0.273136
v 0.700023 0.907293 -0.139243
v 0.713738 0.907293 -0.000000
v 0.700023 0.907293 0.139243
v 0.659408 0.907293 0.273136
v 0.593451 0.907293 0.396531
v 0.504689 0.907293 0.504689
v 0.396531 0.907293 0.593451
v 0.273136 0.907293 0.659408
v 0.139243 0.907293 0.700023
v 0.000000 0.907293 0.713738
v -0.139243 0.907293 0.700023
v -0.273136 0.907293 0.659408
v -0.396531 0.907293 0.593451
v -0.504689 0.907293 0.504689
v -0.593451 0.907293 0.396531
v -0.659408 0.907293 0.273136
v -0.700023 0.907293 0.139243
v -0.713738 0.907293 -0.000000
v -0.700023 0.907293 -0.139243
v -0.659408 0.907293 -0.273136
v -0.593451 0.907293 -0.396531
v -0.504689 0.907293 -0.504689
v -0.396531 0.907293 -0.593451
v -0.273136 0.907293 -0.659408
v -0.139243 0.907293 -0.700023
v 0.000000 1.585833 -1.000000
v 0.195090 1.585833 -0.980785
v 0.382683 1.585833 -0.923880
v 0.555570 1.585833 -0.831470
v 0.707107 1.585833 -0.707107
v 0.831470 1.585833 -0.555570
v 0.923880 1.585833 -0.382683
v 0.980785 1.585833 -0.195090
v 1.000000 1.585833 0.000000
v 0.980785 1.585833 0.195090
v 0.923880 1.585833 0.382683
v 0.831470 1.585833 0.555570
v 0.707107 1.585833 0.707107
v 0.555570 1.585833 0.831470
v 0.382683 1.585833 0.923880
v 0.195090 1.585833 0.980785
v 0.000000 1.585833 1.000000
v -0.195090 1.585833 0.980785
v -0.382683 1.585833 0.923880
v -0.555570 1.585833 0.831470
v -0.707107 1.585833 0.707107
v -0.831470 1.585833 0.555570
v -0.923880 1.585833 0.382683
v -0.980785 1.585833 0.195090
v -1.000000 1.585833 0.000000
v -0.980785 1.585833 -0.195090
v -0.923880 1.585833 -0.382683
v -0.831470 1.585833 -0.555570
v -0.707107 1.585833 -0.707107
v -0.555570 1.585833 -0.831470
v -0.382683 1.585833 -0.923880
v -0.195090 1.585833 -0.980785
v 0.000000 3.362223 -1.000000
v 0.195090 3.362223 -0.980785
v 0.382683 3.362223 -0.923880
v 0.555570 3.362223 -0.831470
v 0.707107 3.362223 -0.707107
v 0.831470 3.362223 -0.555570
v 0.923880 3.362223 -0.382683
v 0.980785 3.362223 -0.195090
v 1.000000 3.362223 0.000000
v 0.980785 3.362223 0.195090
v 0.923880 3.362223 0.382683
v 0.831470 3.362223 0.555570
v 0.707107 3.362223 0.707107
v 0.555570 3.362223 0.831470
v 0.382683 3.362223 0.923880
v 0.195090 3.362223 0.980785
v 0.000000 3.362223 1.000000
v -0.195090 3.362223 0.980785
v -0.382683 3.362223 0.923880
v -0.555570 3.362223 0.831470
v -0.707107 3.362223 0.707107
v -0.831470 3.362223 0.555570
v -0.923880 3.362223 0.382683
v -0.980785 3.362223 0.195090
v -1.000000 3.362223 0.000000
v -0.980785 3.362223 -0.195090
v -0.923880 3.362223 -0.382683
v -0.831470 3.362223 -0.555570
v -0.707107 3.362223 -0.707107
v -0.555570 3.362223 -0.831470
v -0.382683 3.362223 -0.923880
v -0.195090 3.362223 -0.980785
v 0.000000 3.768559 -0.869604
v 0.168340 3.768559 -0.852895
v 0.330210 3.768559 -0.803410
v 0.479391 3.768559 -0.723050
v 0.610149 3.768559 -0.614903
v 0.717460 3.768559 -0.483126
v 0.797198 3.768559 -0.332783
v 0.846301 3.768559 -0.169651
v 0.862881 3.768559 -0.000000
v 0.846301 3.768559 0.169651
v 0.797198 3.768559 0.332783
v 0.717460 3.768559 0.483126
v 0.610149 3.768559 0.614903
v 0.479391 3.768559 0.723050
v 0.330210 3.768559 0.803410
v 0.168340 3.768559 0.852895
v 0.000000 3.768559 0.869604
v -0.168340 3.768559 0.852895
v -0.330210 3.768559 0.803410
v -0.479391 3.768559 0.723050
v -0.610149 3.768559 0.614903
v -0.717460 3.768559 0.483126
v -0.797198 3.768559 0.332783
v -0.846301 3.768559 0.169651
v -0.862881 3.768559 -0.000000
v -0.846301 3.768559 -0.169651
v -0.797198 3.768559 -0.332783
v -0.717460 3.768559 -0.483126
v -0.610149 3.768559 -0.614903
v -0.479391 3.768559 -0.723050
v -0.330210 3.768559 -0.803410
v -0.168340 3.768559 -0.852895
v 0.000000 4.499410 -0.676741
v 0.130511 4.499410 -0.663738
v 0.256007 4.499410 -0.625227
v 0.371665 4.499410 -0.562690
v 0.473039 4.499410 -0.478528
v 0.556236 4.499410 -0.375977
v 0.618056 4.499410 -0.258978
v 0.656125 4.499410 -0.132026
v 0.668979 4.499410 -0.000000
v 0.656125 4.499410 0.132026
v 0.618056 4.499410 0.258978
v 0.556236 4.499410 0.375977
v 0.473039 4.499410 0.478528
v 0.371665 4.499410 0.562690
v 0.256007 4.499410 0.625227
v 0.130511 4.499410 0.663738
v 0.000000 4.499410 0.676741
v -0.130511 4.499410 0.663738
v -0.256007 4.499410 0.625227
v -0.371665 4.499410 0.562690
v -0.473039 4.499410 0.478528
v -0.556236 4.499410 0.375977
v -0.618056 4.499410 0.258978
v -0.656125 4.499410 0.132026
v -0.668979 4.499410 -0.000000
v -0.656125 4.499410 -0.132026
v -0.618056 4.499410 -0.258978
v -0.556236 4.499410 -0.375977
v -0.473039 4.499410 -0.478528
v -0.371665 4.499410 -0.562690
v -0.256007 4.499410 -0.625227
v -0.130511 4.499410 -0.663738
v 0.000000 4.888485 -0.580310
v 0.111597 4.888485 -0.569159
v 0.218905 4.888485 -0.536136
v 0.317802 4.888485 -0.482510
v 0.404485 4.888485 -0.410341
v 0.475624 4.888485 -0.322403
v 0.528485 4.888485 -0.222075
v 0.561036 4.888485 -0.113213
v 0.572028 4.888485 -0.000000
v 0.561036 4.888485 0.113213
v 0.528485 4.888485 0.222075
v 0.475624 4.888485 0.322403
v 0.404485 4.888485 0.410341
v 0.317802 4.888485 0.482510
v 0.218905 4.888485 0.536136
v 0.111597 4.888485 0.569159
v 0.000000 4.888485 0.580310
v -0.111597 4.888485 0.569159
v -0.218905 4.888485 0.536136
v -0.317802 4.888485 0.482510
v -0.404485 4.888485 0.410341
v -0.475624 4.888485 0.322403
v -0.528485 4.888485 0.222075
v -0.561036 4.888485 0.113213
v -0.572028 4.888485 -0.000000
v -0.561036 4.888485 -0.113213
v -0.528485 4.888485 -0.222075
v -0.475624 4.888485 -0.322403
v -0.404485 4.888485 -0.410341
v -0.317802 4.888485 -0.482510
v -0.218905 4.888485 -0.536136
v -0.111597 4.888485 -0.569159
v 0.000000 5.969798 -0.667565
v 0.128088 5.969798 -0.654738
v 0.251254 5.969798 -0.616749
v 0.364764 5.969798 -0.555060
v 0.464257 5.969798 -0.472039
v 0.545908 5.969798 -0.370879
v 0.606581 5.969798 -0.255466
v 0.643943 5.969798 -0.130235
v 0.656558 5.969798 -0.000000
v 0.643943 5.969798 0.130235
v 0.606581 5.969798 0.255466
v 0.545908 5.969798 0.370879
v 0.464257 5.969798 0.472039
v 0.364764 5.969798 0.555060
v 0.251254 5.969798 0.616749
v 0.128088 5.969798 0.654738
v 0.000000 5.969798 0.667565
v -0.128088 5.969798 0.654738
v -0.251254 5.969798 0.616749
v -0.364764 5.969798 0.555060
v -0.464257 5.969798 0.472039
v -0.545908 5.969798 0.370879
v -0.606581 5.969798 0.255466
v -0.643943 5.969798 0.130235
v -0.656558 5.969798 -0.000000
v -0.643943 5.969798 -0.130235
v -0.606581 5.969798 -0.255466
v -0.545908 5.969798 -0.370879
v -0.464257 5.969798 -0.472039
v -0.364764 5.969798 -0.555060
v -0.251254 5.969798 -0.616749
v -0.128088 5.969798 -0.654738
v 0.000000 6.148545 -0.643234
v 0.000000 6.118646 -0.721282
v 0.120299 6.148545 -0.631167
v 0.138304 6.118631 -0.707418
v 0.236304 6.148545 -0.595325
v 0.271288 6.118590 -0.666359
v 0.343768 6.148545 -0.536820
v 0.393836 6.118528 -0.599689
v 0.438587 6.148545 -0.457563
v 0.501241 6.118456 -0.509975
v 0.516949 6.148545 -0.360309
v 0.589376 6.118384 -0.400671
v 0.575546 6.148545 -0.248651
v 0.654859 6.118324 -0.275978
v 0.611801 6.148545 -0.126919
v 0.695181 6.118283 -0.140690
v 0.624074 6.148545 -0.000000
v 0.708795 6.118269 -0.000000
v 0.611801 6.148545 0.126918
v 0.695181 6.118283 0.140690
v 0.575546 6.148545 0.248651
v 0.654859 6.118324 0.275978
v 0.516949 6.148545 0.360309
v 0.589376 6.118384 0.400671
v 0.438587 6.148545 0.457563
v 0.501241 6.118456 0.509975
v 0.343768 6.148545 0.536820
v 0.393836 6.118528 0.599689
v 0.236304 6.148545 0.595325
v 0.271288 6.118590 0.666359
v 0.120299 6.148545 0.631167
v 0.138304 6.118631 0.707418
v -0.000000 6.148545 0.643234
v 0.000000 6.118646 0.721282
v -0.120299 6.148545 0.631167
v -0.138304 6.118631 0.707418
v -0.236304 6.148545 0.595325
v -0.271288 6.118590 0.666359
v -0.343768 6.148545 0.536820
v -0.393836 6.118528 0.599689
v -0.438587 6.148545 0.457563
v -0.501241 6.118456 0.509975
v -0.516949 6.148545 0.360309
v -0.589376 6.118384 0.400671
v -0.575546 6.148545 0.248651
v -0.654859 6.118324 0.275978
v -0.611801 6.148545 0.126919
v -0.695181 6.118283 0.140690
v -0.624074 6.148545 -0.000000
v -0.708795 6.118269 -0.000000
v -0.611801 6.148545 -0.126918
v -0.695181 6.118283 -0.140690
v -0.575546 6.148545 -0.248651
v -0.654859 6.118324 -0.275978
v -0.516949 6.148545 -0.360309
v -0.589376 6.118384 -0.400671
v -0.438587 6.148545 -0.457563
v -0.501241 6.118456 -0.509975
v -0.343768 6.148545 -0.536820
v -0.393836 6.118528 -0.599689
v -0.236304 6.148545 -0.595325
v -0.271288 6.118590 -0.666359
v -0.120299 6.148545 -0.631167
v -0.138304 6.118631 -0.707418
v -0.000001 1.903389 -0.643234
v 0.120298 1.903389 -0.631167
v 0.236303 1.903389 -0.595325
v 0.343767 1.903389 -0.536820
v 0.438585 1.903389 -0.457563
v 0.516947 1.903389 -0.360309
v 0.575544 1.903389 -0.248651
v 0.611800 1.903389 -0.126919
v 0.624073 1.903389 -0.000000
v 0.611800 1.903389 0.126918
v 0.575544 1.903389 0.248651
v 0.516947 1.903389 0.360309
v 0.438585 1.903389 0.457563
v 0.343767 1.903389 0.536820
v 0.236303 1.903389 0.595325
v 0.120298 1.903389 0.631167
v -0.000001 1.903389 0.643234
v -0.120301 1.903389 0.631167
v -0.236306 1.903389 0.595325
v -0.343770 1.903389 0.536820
v -0.438588 1.903389 0.457563
v -0.516950 1.903389 0.360309
v -0.575547 1.903389 0.248651
v -0.611803 1.903389 0.126919
v -0.624076 1.903389 -0.000000
v -0.611803 1.903389 -0.126918
v -0.575547 1.903389 -0.248651
v -0.516950 1.903389 -0.360309
v -0.438588 1.903389 -0.457563
v -0.343770 1.903389 -0.536820
v -0.236306 1.903389 -0.595325
v -0.120301 1.903389 -0.631167
v 0.105718 1.024080 -0.531483
v 0.207374 1.024080 -0.500646
v 0.301061 1.024080 -0.450569
v 0.383178 1.024080 -0.383178
v 0.450569 1.024080 -0.301061
v 0.500646 1.024080 -0.207374
v 0.531483 1.024080 -0.105718
v 0.541895 1.024080 -0.000000
v 0.531483 1.024080 0.105718
v 0.500646 1.024080 0.207374
v 0.450569 1.024080 0.301061
v 0.383178 1.024080 0.383178
v 0.301061 1.024080 0.450569
v 0.207374 1.024080 0.500646
v 0.105718 1.024080 0.531483
v -0.000000 1.024080 0.541895
v -0.105718 1.024080 0.531483
v -0.207374 1.024080 0.500646
v -0.301061 1.024080 0.450569
v -0.383178 1.024080 0.383178
v -0.450569 1.024080 0.301061
v -0.500646 1.024080 0.207374
v -0.531483 1.024080 0.105718
v -0.541895 1.024080 -0.000000
v -0.531483 1.024080 -0.105718
v -0.500646 1.024080 -0.207374
v -0.450569 1.024080 -0.301061
v -0.383178 1.024080 -0.383178
v -0.301061 1.024080 -0.450569
v -0.207374 1.024080 -0.500646
v -0.105718 1.024080 -0.531483
v -0.000000 1.024080 -0.541895
vn -0.0000 -0.2785 -0.9604
vn 0.1874 -0.2785 -0.9420
vn 0.3675 -0.2785 -0.8873
vn 0.5336 -0.2785 -0.7986
vn 0.6791 -0.2785 -0.6791
vn 0.7986 -0.2785 -0.5336
vn 0.8873 -0.2785 -0.3675
vn 0.9420 -0.2785 -0.1874
vn 0.9604 -0.2785 -0.0000
vn 0.9420 -0.2785 0.1874
vn 0.8873 -0.2785 0.3675
vn 0.7986 -0.2785 0.5336
vn 0.6791 -0.2785 0.6791
vn 0.5336 -0.2785 0.7986
vn 0.3675 -0.2785 0.8873
vn 0.1874 -0.2785 0.9420
vn -0.0000 -0.2785 0.9604
vn -0.1874 -0.2785 0.9420
vn -0.3675 -0.2785 0.8873
vn -0.5336 -0.2785 0.7986
vn -0.6791 -0.2785 0.6791
vn -0.7986 -0.2785 0.5336
vn -0.8873 -0.2785 0.3675
vn -0.9420 -0.2785 0.1874
vn -0.9604 -0.2785 -0.0000
vn -0.9420 -0.2785 -0.1874
vn -0.8873 -0.2785 -0.3675
vn -0.7986 -0.2785 -0.5336
vn -0.6791 -0.2785 -0.6791
vn -0.5336 -0.2785 -0.7986
vn -0.3675 -0.2785 -0.8873
vn -0.1874 -0.2785 -0.9420
vn -0.0000 -0.3290 -0.9443
vn 0.1842 -0.3290 -0.9262
vn 0.3614 -0.3290 -0.8724
vn 0.5246 -0.3290 -0.7852
vn 0.6677 -0.3290 -0.6677
vn 0.7852 -0.3290 -0.5246
vn 0.8724 -0.3290 -0.3614
vn 0.9262 -0.3290 -0.1842
vn 0.9443 -0.3290 -0.0000
vn 0.9262 -0.3290 0.1842
vn 0.8724 -0.3290 0.3614
vn 0.7852 -0.3290 0.5246
vn 0.6677 -0.3290 0.6677
vn 0.5246 -0.3290 0.7852
vn 0.3614 -0.3290 0.8724
vn 0.1842 -0.3290 0.9262
vn -0.0000 -0.3290 0.9443
vn -0.1842 -0.3290 0.9262
vn -0.3614 -0.3290 0.8724
vn -0.5246 -0.3290 0.7852
vn -0.6677 -0.3290 0.6677
vn -0.7852 -0.3290 0.5246
vn -0.8724 -0.3290 0.3614
vn -0.9262 -0.3290 0.1842
vn -0.9443 -0.3290 -0.0000
vn -0.9262 -0.3290 -0.1842
vn -0.8724 -0.3290 -0.3614
vn -0.7852 -0.3290 -0.5246
vn -0.6677 -0.3290 -0.6677
vn -0.5246 -0.3290 -0.7852
vn -0.3614 -0.3290 -0.8724
vn -0.1842 -0.3290 -0.9262
vn -0.0000 0.1533 -0.9882
vn 0.1932 0.1535 -0.9691
vn 0.3788 0.1543 -0.9125
vn 0.5496 0.1555 -0.8208
vn 0.6991 0.1568 -0.6976
vn 0.8215 0.1582 -0.5478
vn 0.9124 0.1593 -0.3771
vn 0.9682 0.1601 -0.1922
vn 0.9871 0.1603 -0.0000
vn 0.9682 0.1601 0.1922
vn 0.9124 0.1593 0.3771
vn 0.8215 0.1582 0.5478
vn 0.6991 0.1568 0.6976
vn 0.5496 0.1555 0.8208
vn 0.3788 0.1543 0.9125
vn 0.1932 0.1535 0.9691
vn -0.0000 0.1533 0.9882
vn -0.1932 0.1535 0.9691
vn -0.3788 0.1543 0.9125
vn -0.5496 0.1555 0.8208
vn -0.6991 0.1568 0.6976
vn -0.8215 0.1582 0.5478
vn -0.9124 0.1593 0.3771
vn -0.9682 0.1601 0.1922
vn -0.9871 0.1603 -0.0000
vn -0.9682 0.1601 -0.1922
vn -0.9124 0.1593 -0.3771
vn -0.8215 0.1582 -0.5478
vn -0.6991 0.1568 -0.6976
vn -0.5496 0.1555 -0.8208
vn -0.3788 0.1543 -0.9125
vn -0.1932 0.1535 -0.9691
vn -0.0000 0.2810 -0.9597
vn 0.1883 0.2813 -0.9410
vn 0.3690 0.2821 -0.8856
vn 0.5350 0.2834 -0.7959
vn 0.6798 0.2849 -0.6758
vn 0.7981 0.2863 -0.5301
vn 0.8856 0.2876 -0.3647
vn 0.9393 0.2884 -0.1857
vn 0.9574 0.2887 -0.0000
vn 0.9393 0.2884 0.1857
vn 0.8856 0.2876 0.3647
vn 0.7981 0.2863 0.5301
vn 0.6798 0.2849 0.6758
vn 0.5350 0.2834 0.7959
vn 0.3690 0.2821 0.8856
vn 0.1883 0.2813 0.9410
vn -0.0000 0.2810 0.9597
vn -0.1883 0.2813 0.9410
vn -0.3690 0.2821 0.8856
vn -0.5350 0.2834 0.7959
vn -0.6798 0.2849 0.6758
vn -0.7981 0.2863 0.5301
vn -0.8856 0.2876 0.3647
vn -0.9393 0.2884 0.1857
vn -0.9574 0.2887 -0.0000
vn -0.9393 0.2884 -0.1857
vn -0.8856 0.2876 -0.3647
vn -0.7981 0.2863 -0.5301
vn -0.6798 0.2849 -0.6758
vn -0.5350 0.2834 -0.7959
vn -0.3690 0.2821 -0.8856
vn -0.1883 0.2813 -0.9410
vn -0.0000 0.2480 -0.9688
vn 0.1910 0.2481 -0.9497
vn 0.3742 0.2482 -0.8935
vn 0.5422 0.2484 -0.8027
vn 0.6886 0.2486 -0.6812
vn 0.8080 0.2488 -0.5340
vn 0.8962 0.2490 -0.3672
vn 0.9502 0.2492 -0.1870
vn 0.9685 0.2492 -0.0000
vn 0.9502 0.2492 0.1870
vn 0.8962 0.2490 0.3672
vn 0.8080 0.2488 0.5340
vn 0.6886 0.2486 0.6812
vn 0.5422 0.2484 0.8027
vn 0.3742 0.2482 0.8935
vn 0.1910 0.2481 0.9497
vn -0.0000 0.2480 0.9688
vn -0.1910 0.2481 0.9497
vn -0.3742 0.2482 0.8935
vn -0.5422 0.2484 0.8027
vn -0.6886 0.2486 0.6812
vn -0.8080 0.2488 0.5340
vn -0.8962 0.2490 0.3672
vn -0.9502 0.2492 0.1870
vn -0.9685 0.2492 -0.0000
vn -0.9502 0.2492 -0.1870
vn -0.8962 0.2490 -0.3672
vn -0.8080 0.2488 -0.5340
vn -0.6886 0.2486 -0.6812
vn -0.5422 0.2484 -0.8027
vn -0.3742 0.2482 -0.8935
vn -0.1910 0.2481 -0.9497
vn -0.0000 0.0820 -0.9966
vn 0.1971 0.0821 -0.9769
vn 0.3860 0.0823 -0.9188
vn 0.5591 0.0826 -0.8250
vn 0.7096 0.0829 -0.6997
vn 0.8322 0.0832 -0.5482
vn 0.9225 0.0835 -0.3768
vn 0.9779 0.0837 -0.1918
vn 0.9965 0.0838 -0.0000
vn 0.9779 0.0837 0.1918
vn 0.9225 0.0835 0.3768
vn 0.8322 0.0832 0.5482
vn 0.7096 0.0829 0.6997
vn 0.5591 0.0826 0.8250
vn 0.3860 0.0823 0.9188
vn 0.1971 0.0821 0.9769
vn -0.0000 0.0820 0.9966
vn -0.1971 0.0821 0.9769
vn -0.3860 0.0823 0.9188
vn -0.5591 0.0826 0.8250
vn -0.7096 0.0829 0.6997
vn -0.8322 0.0832 0.5482
vn -0.9225 0.0835 0.3768
vn -0.9779 0.0837 0.1918
vn -0.9965 0.0838 -0.0000
vn -0.9779 0.0837 -0.1918
vn -0.9225 0.0835 -0.3768
vn -0.8322 0.0832 -0.5482
vn -0.7096 0.0829 -0.6997
vn -0.5591 0.0826 -0.8250
vn -0.3860 0.0823 -0.9188
vn -0.1971 0.0821 -0.9769
vn -0.0000 -0.2136 -0.9769
vn 0.1936 -0.2134 -0.9576
vn 0.3791 -0.2128 -0.9005
vn 0.5491 -0.2119 -0.8085
vn 0.6968 -0.2109 -0.6856
vn 0.8170 -0.2099 -0.5371
vn 0.9056 -0.2091 -0.3691
vn 0.9598 -0.2085 -0.1878
vn 0.9781 -0.2083 -0.0000
vn 0.9598 -0.2085 0.1878
vn 0.9056 -0.2091 0.3691
vn 0.8170 -0.2099 0.5371
vn 0.6968 -0.2109 0.6856
vn 0.5491 -0.2119 0.8085
vn 0.3791 -0.2128 0.9005
vn 0.1936 -0.2134 0.9576
vn -0.0000 -0.2136 0.9769
vn -0.1936 -0.2134 0.9576
vn -0.3791 -0.2128 0.9005
vn -0.5491 -0.2119 0.8085
vn -0.6968 -0.2109 0.6856
vn -0.8170 -0.2099 0.5371
vn -0.9056 -0.2091 0.3691
vn -0.9598 -0.2085 0.1878
vn -0.9781 -0.2083 -0.0000
vn -0.9598 -0.2085 -0.1878
vn -0.9056 -0.2091 -0.3691
vn -0.8170 -0.2099 -0.5371
vn -0.6968 -0.2109 -0.6856
vn -0.5491 -0.2119 -0.8085
vn -0.3791 -0.2128 -0.9005
vn -0.1936 -0.2134 -0.9576
vn -0.0000 0.8486 0.5290
vn -0.0000 0.4003 -0.9164
vn -0.1057 0.8484 0.5188
vn 0.1820 0.4009 -0.8979
vn -0.2072 0.8475 0.4886
vn 0.3560 0.4025 -0.8433
vn -0.3008 0.8463 0.4397
vn 0.5147 0.4049 -0.7558
vn -0.3827 0.8449 0.3739
vn 0.6518 0.4076 -0.6396
vn -0.4498 0.8435 0.2937
vn 0.7627 0.4101 -0.5001
vn -0.4996 0.8423 0.2023
vn 0.8440 0.4123 -0.3431
vn -0.5302 0.8416 0.1031
vn 0.8936 0.4137 -0.1744
vn -0.5405 0.8413 -0.0000
vn 0.9102 0.4142 -0.0000
vn -0.5302 0.8416 -0.1031
vn 0.8936 0.4137 0.1744
vn -0.4996 0.8423 -0.2023
vn 0.8440 0.4123 0.3431
vn -0.4498 0.8435 -0.2937
vn 0.7627 0.4101 0.5001
vn -0.3827 0.8449 -0.3739
vn 0.6518 0.4076 0.6396
vn -0.3008 0.8463 -0.4397
vn 0.5147 0.4049 0.7558
vn -0.2072 0.8475 -0.4886
vn 0.3560 0.4025 0.8433
vn -0.1057 0.8484 -0.5188
vn 0.1820 0.4009 0.8979
vn -0.0000 0.8486 -0.5290
vn -0.0000 0.4003 0.9164
vn 0.1057 0.8484 -0.5188
vn -0.1820 0.4009 0.8979
vn 0.2072 0.8475 -0.4886
vn -0.3560 0.4025 0.8433
vn 0.3008 0.8463 -0.4397
vn -0.5147 0.4049 0.7558
vn 0.3827 0.8449 -0.3739
vn -0.6518 0.4076 0.6396
vn 0.4498 0.8435 -0.2937
vn -0.7627 0.4101 0.5001
vn 0.4996 0.8423 -0.2023
vn -0.8440 0.4123 0.3431
vn 0.5302 0.8416 -0.1031
vn -0.8936 0.4137 0.1744
vn 0.5405 0.8413 -0.0000
vn -0.9102 0.4142 -0.0000
vn 0.5302 0.8416 0.1031
vn -0.8936 0.4137 -0.1744
vn 0.4996 0.8423 0.2023
vn -0.8440 0.4123 -0.3431
vn 0.4498 0.8435 0.2937
vn -0.7627 0.4101 -0.5001
vn 0.3827 0.8449 0.3739
vn -0.6518 0.4076 -0.6396
vn 0.3008 0.8463 0.4397
vn -0.5147 0.4049 -0.7558
vn 0.2072 0.8475 0.4886
vn -0.3560 0.4025 -0.8433
vn 0.1057 0.8484 0.5188
vn -0.1820 0.4009 -0.8979
vn -0.0000 0.6853 0.7282
vn -0.1445 0.6854 0.7137
vn -0.2829 0.6854 0.6709
vn -0.4095 0.6856 0.6019
vn -0.5193 0.6857 0.5100
vn -0.6084 0.6858 0.3993
vn -0.6740 0.6860 0.2742
vn -0.7141 0.6860 0.1395
vn -0.7275 0.6861 -0.0000
vn -0.7141 0.6860 -0.1395
vn -0.6740 0.6860 -0.2742
vn -0.6084 0.6858 -0.3993
vn -0.5193 0.6857 -0.5100
vn -0.4095 0.6856 -0.6019
vn -0.2829 0.6854 -0.6709
vn -0.1445 0.6854 -0.7137
vn -0.0000 0.6853 -0.7282
vn 0.1445 0.6854 -0.7137
vn 0.2829 0.6854 -0.6709
vn 0.4095 0.6856 -0.6019
vn 0.5193 0.6857 -0.5100
vn 0.6084 0.6858 -0.3993
vn 0.6740 0.6860 -0.2742
vn 0.7141 0.6860 -0.1395
vn 0.7275 0.6861 -0.0000
vn 0.7141 0.6860 0.1395
vn 0.6740 0.6860 0.2742
vn 0.6084 0.6858 0.3993
vn 0.5193 0.6857 0.5100
vn 0.4095 0.6856 0.6019
vn 0.2829 0.6854 0.6709
vn 0.1445 0.6854 0.7137
vn 0.1928 0.1514 -0.9695
vn 0.3783 0.1514 -0.9132
vn 0.5492 0.1514 -0.8219
vn 0.6990 0.1514 -0.6990
vn 0.8219 0.1514 -0.5492
vn 0.9132 0.1514 -0.3783
vn 0.9695 0.1514 -0.1928
vn 0.9885 0.1514 -0.0000
vn 0.9695 0.1514 0.1928
vn 0.9132 0.1514 0.3783
vn 0.8219 0.1514 0.5492
vn 0.6990 0.1514 0.6990
vn 0.5492 0.1514 0.8219
vn 0.3783 0.1514 0.9132
vn 0.1928 0.1514 0.9695
vn -0.0000 0.1514 0.9885
vn -0.1928 0.1514 0.9695
vn -0.3783 0.1514 0.9132
vn -0.5492 0.1514 0.8219
vn -0.6990 0.1514 0.6990
vn -0.8219 0.1514 0.5492
vn -0.9132 0.1514 0.3783
vn -0.9695 0.1514 0.1928
vn -0.9885 0.1514 -0.0000
vn -0.9695 0.1514 -0.1928
vn -0.9132 0.1514 -0.3783
vn -0.8219 0.1514 -0.5492
vn -0.6990 0.1514 -0.6990
vn -0.5492 0.1514 -0.8219
vn -0.3783 0.1514 -0.9132
vn -0.1928 0.1514 -0.9695
vn -0.0000 0.1514 -0.9885
vt 0.750000 0.490000
vt 0.796822 0.485388
vt 0.841844 0.471731
vt 0.883337 0.449553
vt 0.919706 0.419706
vt 0.949553 0.383337
vt 0.971731 0.341844
vt 0.985388 0.296822
vt 0.990000 0.250000
vt 0.985388 0.203178
vt 0.971731 0.158156
vt 0.949553 0.116663
vt 0.919706 0.080294
vt 0.883337 0.050447
vt 0.841844 0.028269
vt 0.796822 0.014612
vt 0.750000 0.010000
vt 0.703178 0.014612
vt 0.658156 0.028269
vt 0.616663 0.050447
vt 0.580294 0.080294
vt 0.550447 0.116663
vt 0.528269 0.158156
vt 0.514612 0.203178
vt 0.510000 0.250000
vt 0.514612 0.296822
vt 0.528269 0.341844
vt 0.550447 0.383337
vt 0.580294 0.419706
vt 0.616663 0.449553
vt 0.658156 0.471731
vt 0.703178 0.485388
vt 0.031250 0.625000
vt 0.031250 0.750000
vt 0.000000 0.750000
vt 0.000000 0.625000
vt 0.062500 0.625000
vt 0.062500 0.750000
vt 0.093750 0.625000
vt 0.093750 0.750000
vt 0.125000 0.625000
vt 0.125000 0.750000
vt 0.156250 0.625000
vt 0.156250 0.750000
vt 0.187500 0.625000
vt 0.187500 0.750000
vt 0.218750 0.625000
vt 0.218750 0.750000
vt 0.250000 0.625000
vt 0.250000 0.750000
vt 0.281250 0.625000
vt 0.281250 0.750000
vt 0.312500 0.625000
vt 0.312500 0.750000
vt 0.343750 0.625000
vt 0.343750 0.750000
vt 0.375000 0.625000
vt 0.375000 0.750000
vt 0.406250 0.625000
vt 0.406250 0.750000
vt 0.437500 0.625000
vt 0.437500 0.750000
vt 0.468750 0.625000
vt 0.468750 0.750000
vt 0.500000 0.625000
vt 0.500000 0.750000
vt 0.531250 0.625000
vt 0.531250 0.750000
vt 0.562500 0.625000
vt 0.562500 0.750000
vt 0.593750 0.625000
vt 0.593750 0.750000
vt 0.625000 0.625000
vt 0.625000 0.750000
vt 0.656250 0.625000
vt 0.656250 0.750000
vt 0.687500 0.625000
vt 0.687500 0.750000
vt 0.718750 0.625000
vt 0.718750 0.750000
vt 0.750000 0.625000
vt 0.750000 0.750000
vt 0.781250 0.625000
vt 0.781250 0.750000
vt 0.812500 0.625000
vt 0.812500 0.750000
vt 0.843750 0.625000
vt 0.843750 0.750000
vt 0.875000 0.625000
vt 0.875000 0.750000
vt 0.906250 0.625000
vt 0.906250 0.750000
vt 0.937500 0.625000
vt 0.937500 0.750000
vt 0.968750 0.625000
vt 0.968750 0.750000
vt 1.000000 0.625000
vt 1.000000 0.750000
vt 0.031250 0.875000
vt 0.000000 0.875000
vt 0.062500 0.875000
vt 0.093750 0.875000
vt 0.125000 0.875000
vt 0.156250 0.875000
vt 0.187500 0.875000
vt 0.218750 0.875000
vt 0.250000 0.875000
vt 0.281250 0.875000
vt 0.312500 0.875000
vt 0.343750 0.875000
vt 0.375000 0.875000
vt 0.406250 0.875000
vt 0.437500 0.875000
vt 0.468750 0.875000
vt 0.500000 0.875000
vt 0.531250 0.875000
vt 0.562500 0.875000
vt 0.593750 0.875000
vt 0.625000 0.875000
vt 0.656250 0.875000
vt 0.687500 0.875000
vt 0.718750 0.875000
vt 0.750000 0.875000
vt 0.781250 0.875000
vt 0.812500 0.875000
vt 0.843750 0.875000
vt 0.875000 0.875000
vt 0.906250 0.875000
vt 0.937500 0.875000
vt 0.968750 0.875000
vt 1.000000 0.875000
vt 0.031250 0.937500
vt 0.000000 0.937500
vt 0.062500 0.937500
vt 0.093750 0.937500
vt 0.125000 0.937500
vt 0.156250 0.937500
vt 0.187500 0.937500
vt 0.218750 0.937500
vt 0.250000 0.937500
vt 0.281250 0.937500
vt 0.312500 0.937500
vt 0.343750 0.937500
vt 0.375000 0.937500
vt 0.406250 0.937500
vt 0.437500 0.937500
vt 0.468750 0.937500
vt 0.500000 0.937500
vt 0.531250 0.937500
vt 0.562500 0.937500
vt 0.593750 0.937500
vt 0.625000 0.937500
vt 0.656250 0.937500
vt 0.687500 0.937500
vt 0.718750 0.937500
vt 0.750000 0.937500
vt 0.781250 0.937500
vt 0.812500 0.937500
vt 0.843750 0.937500
vt 0.875000 0.937500
vt 0.906250 0.937500
vt 0.937500 0.937500
vt 0.968750 0.937500
vt 1.000000 0.937500
vt 0.031250 0.968750
vt 0.000000 0.968750
vt 0.062500 0.968750
vt 0.093750 0.968750
vt 0.125000 0.968750
vt 0.156250 0.968750
vt 0.187500 0.968750
vt 0.218750 0.968750
vt 0.250000 0.968750
vt 0.281250 0.968750
vt 0.312500 0.968750
vt 0.343750 0.968750
vt 0.375000 0.968750
vt 0.406250 0.968750
vt 0.437500 0.968750
vt 0.468750 0.968750
vt 0.500000 0.968750
vt 0.531250 0.968750
vt 0.562500 0.968750
vt 0.593750 0.968750
vt 0.625000 0.968750
vt 0.656250 0.968750
vt 0.687500 0.968750
vt 0.718750 0.968750
vt 0.750000 0.968750
vt 0.781250 0.968750
vt 0.812500 0.968750
vt 0.843750 0.968750
vt 0.875000 0.968750
vt 0.906250 0.968750
vt 0.937500 0.968750
vt 0.968750 0.968750
vt 1.000000 0.968750
vt 0.031250 0.984375
vt 0.000000 0.984375
vt 0.062500 0.984375
vt 0.093750 0.984375
vt 0.125000 0.984375
vt 0.156250 0.984375
vt 0.187500 0.984375
vt 0.218750 0.984375
vt 0.250000 0.984375
vt 0.281250 0.984375
vt 0.312500 0.984375
vt 0.343750 0.984375
vt 0.375000 0.984375
vt 0.406250 0.984375
vt 0.437500 0.984375
vt 0.468750 0.984375
vt 0.500000 0.984375
vt 0.531250 0.984375
vt 0.562500 0.984375
vt 0.593750 0.984375
vt 0.625000 0.984375
vt 0.656250 0.984375
vt 0.687500 0.984375
vt 0.718750 0.984375
vt 0.750000 0.984375
vt 0.781250 0.984375
vt 0.812500 0.984375
vt 0.843750 0.984375
vt 0.875000 0.984375
vt 0.906250 0.984375
vt 0.937500 0.984375
vt 0.968750 0.984375
vt 1.000000 0.984375
vt 0.031250 0.992187
vt 0.000000 0.992188
vt 0.062500 0.992187
vt 0.093750 0.992188
vt 0.125000 0.992187
vt 0.156250 0.992187
vt 0.187500 0.992188
vt 0.218750 0.992188
vt 0.250000 0.992188
vt 0.281250 0.992187
vt 0.312500 0.992188
vt 0.343750 0.992187
vt 0.375000 0.992188
vt 0.406250 0.992187
vt 0.437500 0.992187
vt 0.468750 0.992188
vt 0.500000 0.992188
vt 0.531250 0.992187
vt 0.562500 0.992187
vt 0.593750 0.992188
vt 0.625000 0.992187
vt 0.656250 0.992188
vt 0.687500 0.992187
vt 0.718750 0.992188
vt 0.750000 0.992188
vt 0.781250 0.992187
vt 0.812500 0.992188
vt 0.843750 0.992187
vt 0.875000 0.992188
vt 0.906250 0.992187
vt 0.937500 0.992187
vt 0.968750 0.992188
vt 1.000000 0.992188
vt 0.297019 0.485025
vt 0.250000 0.489681
vt 0.250000 0.395439
vt 0.277704 0.392710
vt 0.342173 0.471254
vt 0.304419 0.384606
vt 0.383690 0.448943
vt 0.329168 0.371378
vt 0.419970 0.419008
vt 0.351004 0.353457
vt 0.449649 0.382650
vt 0.369050 0.331468
vt 0.471638 0.341291
vt 0.382545 0.306221
vt 0.485149 0.296513
vt 0.390894 0.278697
vt 0.489705 0.250000
vt 0.393721 0.250000
vt 0.485149 0.203487
vt 0.390894 0.221303
vt 0.471638 0.158709
vt 0.382545 0.193779
vt 0.449649 0.117350
vt 0.369050 0.168532
vt 0.419970 0.080992
vt 0.351004 0.146543
vt 0.383690 0.051057
vt 0.329168 0.128622
vt 0.342173 0.028746
vt 0.304419 0.115394
vt 0.297019 0.014975
vt 0.277704 0.107290
vt 0.250000 0.010319
vt 0.250000 0.104561
vt 0.202981 0.014975
vt 0.222296 0.107290
vt 0.157827 0.028746
vt 0.195581 0.115394
vt 0.116310 0.051057
vt 0.170832 0.128622
vt 0.080030 0.080992
vt 0.148996 0.146543
vt 0.050351 0.117350
vt 0.130950 0.168532
vt 0.028362 0.158709
vt 0.117455 0.193779
vt 0.014851 0.203487
vt 0.109106 0.221303
vt 0.010295 0.250000
vt 0.106279 0.250000
vt 0.014851 0.296513
vt 0.109106 0.278697
vt 0.028362 0.341291
vt 0.117455 0.306221
vt 0.050351 0.382650
vt 0.130950 0.331468
vt 0.080030 0.419008
vt 0.148996 0.353457
vt 0.116310 0.448943
vt 0.170832 0.371378
vt 0.157827 0.471254
vt 0.195580 0.384606
vt 0.202981 0.485025
vt 0.222296 0.392710
vt 1.000000 0.994737
vt 0.968750 0.994737
vt 0.031250 0.994737
vt 0.000000 0.994737
vt 0.937500 0.994736
vt 0.906250 0.994735
vt 0.875000 0.994734
vt 0.843750 0.994732
vt 0.812500 0.994731
vt 0.781250 0.994731
vt 0.750000 0.994730
vt 0.718750 0.994731
vt 0.687500 0.994731
vt 0.656250 0.994732
vt 0.625000 0.994734
vt 0.593750 0.994735
vt 0.562500 0.994736
vt 0.531250 0.994737
vt 0.500000 0.994737
vt 0.468750 0.994737
vt 0.437500 0.994736
vt 0.406250 0.994735
vt 0.375000 0.994734
vt 0.343750 0.994732
vt 0.312500 0.994731
vt 0.281250 0.994731
vt 0.250000 0.994730
vt 0.218750 0.994731
vt 0.187500 0.994731
vt 0.156250 0.994732
vt 0.125000 0.994734
vt 0.093750 0.994735
vt 0.062500 0.994736
vt 1.000000 0.500000
vt 0.968750 0.500000
vt 0.937500 0.500000
vt 0.906250 0.500000
vt 0.875000 0.500000
vt 0.843750 0.500000
vt 0.812500 0.500000
vt 0.781250 0.500000
vt 0.750000 0.500000
vt 0.718750 0.500000
vt 0.687500 0.500000
vt 0.656250 0.500000
vt 0.625000 0.500000
vt 0.593750 0.500000
vt 0.562500 0.500000
vt 0.531250 0.500000
vt 0.500000 0.500000
vt 0.468750 0.500000
vt 0.437500 0.500000
vt 0.406250 0.500000
vt 0.375000 0.500000
vt 0.343750 0.500000
vt 0.312500 0.500000
vt 0.281250 0.500000
vt 0.250000 0.500000
vt 0.218750 0.500000
vt 0.187500 0.500000
vt 0.156250 0.500000
vt 0.125000 0.500000
vt 0.093750 0.500000
vt 0.062500 0.500000
vt 0.031250 0.500000
vt 0.000000 0.500000
s 1
f 1/1/1 2/2/2 3/3/3 4/4/4 5/5/5 6/6/6 7/7/7 8/8/8 9/9/9 10/10/10 11/11/11 12/12/12 13/13/13 14/14/14 15/15/15 16/16/16 17/17/17 18/18/18 19/19/19 20/20/20 21/21/21 22/22/22 23/23/23 24/24/24 25/25/25 26/26/26 27/27/27 28/28/28 29/29/29 30/30/30 31/31/31 32/32/32
f 351/33/351 64/34/64 33/35/33 352/36/352
f 350/37/350 63/38/63 64/34/64 351/33/351
f 349/39/349 62/40/62 63/38/63 350/37/350
f 348/41/348 61/42/61 62/40/62 349/39/349
f 347/43/347 60/44/60 61/42/61 348/41/348
f 346/45/346 59/46/59 60/44/60 347/43/347
f 345/47/345 58/48/58 59/46/59 346/45/346
f 344/49/344 57/50/57 58/48/58 345/47/345
f 343/51/343 56/52/56 57/50/57 344/49/344
f 342/53/342 55/54/55 56/52/56 343/51/343
f 341/55/341 54/56/54 55/54/55 342/53/342
f 340/57/340 53/58/53 54/56/54 341/55/341
f 339/59/339 52/60/52 53/58/53 340/57/340
f 338/61/338 51/62/51 52/60/52 339/59/339
f 337/63/337 50/64/50 51/62/51 338/61/338
f 336/65/336 49/66/49 50/64/50 337/63/337
f 335/67/335 48/68/48 49/66/49 336/65/336
f 334/69/334 47/70/47 48/68/48 335/67/335
f 333/71/333 46/72/46 47/70/47 334/69/334
f 332/73/332 45/74/45 46/72/46 333/71/333
f 331/75/331 44/76/44 45/74/45 332/73/332
f 330/77/330 43/78/43 44/76/44 331/75/331
f 329/79/329 42/80/42 43/78/43 330/77/330
f 328/81/328 41/82/41 42/80/42 329/79/329
f 327/83/327 40/84/40 41/82/41 328/81/328
f 326/85/326 39/86/39 40/84/40 327/83/327
f 325/87/325 38/88/38 39/86/39 326/85/326
f 324/89/324 37/90/37 38/88/38 325/87/325
f 323/91/323 36/92/36 37/90/37 324/89/324
f 322/93/322 35/94/35 36/92/36 323/91/323
f 321/95/321 34/96/34 35/94/35 322/93/322
f 352/97/352 33/98/33 34/96/34 321/95/321
f 64/34/64 96/99/96 65/100/65 33/35/33
f 63/38/63 95/101/95 96/99/96 64/34/64
f 62/40/62 94/102/94 95/101/95 63/38/63
f 61/42/61 93/103/93 94/102/94 62/40/62
f 60/44/60 92/104/92 93/103/93 61/42/61
f 59/46/59 91/105/91 92/104/92 60/44/60
f 58/48/58 90/106/90 91/105/91 59/46/59
f 57/50/57 89/107/89 90/106/90 58/48/58
f 56/52/56 88/108/88 89/107/89 57/50/57
f 55/54/55 87/109/87 88/108/88 56/52/56
f 54/56/54 86/110/86 87/109/87 55/54/55
f 53/58/53 85/111/85 86/110/86 54/56/54
f 52/60/52 84/112/84 85/111/85 53/58/53
f 51/62/51 83/113/83 84/112/84 52/60/52
f 50/64/50 82/114/82 83/113/83 51/62/51
f 49/66/49 81/115/81 82/114/82 50/64/50
f 48/68/48 80/116/80 81/115/81 49/66/49
f 47/70/47 79/117/79 80/116/80 48/68/48
f 46/72/46 78/118/78 79/117/79 47/70/47
f 45/74/45 77/119/77 78/118/78 46/72/46
f 44/76/44 76/120/76 77/119/77 45/74/45
f 43/78/43 75/121/75 76/120/76 44/76/44
f 42/80/42 74/122/74 75/121/75 43/78/43
f 41/82/41 73/123/73 74/122/74 42/80/42
f 40/84/40 72/124/72 73/123/73 41/82/41
f 39/86/39 71/125/71 72/124/72 40/84/40
f 38/88/38 70/126/70 71/125/71 39/86/39
f 37/90/37 69/127/69 70/126/70 38/88/38
f 36/92/36 68/128/68 69/127/69 37/90/37
f 35/94/35 67/129/67 68/128/68 36/92/36
f 34/96/34 66/130/66 67/129/67 35/94/35
f 33/98/33 65/131/65 66/130/66 34/96/34
f 96/99/96 128/132/128 97/133/97 65/100/65
f 95/101/95 127/134/127 128/132/128 96/99/96
f 94/102/94 126/135/126 127/134/127 95/101/95
f 93/103/93 125/136/125 126/135/126 94/102/94
f 92/104/92 124/137/124 125/136/125 93/103/93
f 91/105/91 123/138/123 124/137/124 92/104/92
f 90/106/90 122/139/122 123/138/123 91/105/91
f 89/107/89 121/140/121 122/139/122 90/106/90
f 88/108/88 120/141/120 121/140/121 89/107/89
f 87/109/87 119/142/119 120/141/120 88/108/88
f 86/110/86 118/143/118 119/142/119 87/109/87
f 85/111/85 117/144/117 118/143/118 86/110/86
f 84/112/84 116/145/116 117/144/117 85/111/85
f 83/113/83 115/146/115 116/145/116 84/112/84
f 82/114/82 114/147/114 115/146/115 83/113/83
f 81/115/81 113/148/113 114/147/114 82/114/82
f 80/116/80 112/149/112 113/148/113 81/115/81
f 79/117/79 111/150/111 112/149/112 80/116/80
f 78/118/78 110/151/110 111/150/111 79/117/79
f 77/119/77 109/152/109 110/151/110 78/118/78
f 76/120/76 108/153/108 109/152/109 77/119/77
f 75/121/75 107/154/107 108/153/108 76/120/76
f 74/122/74 106/155/106 107/154/107 75/121/75
f 73/123/73 105/156/105 106/155/106 74/122/74
f 72/124/72 104/157/104 105/156/105 73/123/73
f 71/125/71 103/158/103 104/157/104 72/124/72
f 70/126/70 102/159/102 103/158/103 71/125/71
f 69/127/69 101/160/101 102/159/102 70/126/70
f 68/128/68 100/161/100 101/160/101 69/127/69
f 67/129/67 99/162/99 100/161/100 68/128/68
f 66/130/66 98/163/98 99/162/99 67/129/67
f 65/131/65 97/164/97 98/163/98 66/130/66
f 128/132/128 160/165/160 129/166/129 97/133/97
f 127/134/127 159/167/159 160/165/160 128/132/128
f 126/135/126 158/168/158 159/167/159 127/134/127
f 125/136/125 157/169/157 158/168/158 126/135/126
f 124/137/124 156/170/156 157/169/157 125/136/125
f 123/138/123 155/171/155 156/170/156 124/137/124
f 122/139/122 154/172/154 155/171/155 123/138/123
f 121/140/121 153/173/153 154/172/154 122/139/122
f 120/141/120 152/174/152 153/173/153 121/140/121
f 119/142/119 151/175/151 152/174/152 120/141/120
f 118/143/118 150/176/150 151/175/151 119/142/119
f 117/144/117 149/177/149 150/176/150 118/143/118
f 116/145/116 148/178/148 149/177/149 117/144/117
f 115/146/115 147/179/147 148/178/148 116/145/116
f 114/147/114 146/180/146 147/179/147 115/146/115
f 113/148/113 145/181/145 146/180/146 114/147/114
f 112/149/112 144/182/144 145/181/145 113/148/113
f 111/150/111 143/183/143 144/182/144 112/149/112
f 110/151/110 142/184/142 143/183/143 111/150/111
f 109/152/109 141/185/141 142/184/142 110/151/110
f 108/153/108 140/186/140 141/185/141 109/152/109
f 107/154/107 139/187/139 140/186/140 108/153/108
f 106/155/106 138/188/138 139/187/139 107/154/107
f 105/156/105 137/189/137 138/188/138 106/155/106
f 104/157/104 136/190/136 137/189/137 105/156/105
f 103/158/103 135/191/135 136/190/136 104/157/104
f 102/159/102 134/192/134 135/191/135 103/158/103
f 101/160/101 133/193/133 134/192/134 102/159/102
f 100/161/100 132/194/132 133/193/133 101/160/101
f 99/162/99 131/195/131 132/194/132 100/161/100
f 98/163/98 130/196/130 131/195/131 99/162/99
f 97/164/97 129/197/129 130/196/130 98/163/98
f 160/165/160 192/198/192 161/199/161 129/166/129
f 159/167/159 191/200/191 192/198/192 160/165/160
f 158/168/158 190/201/190 191/200/191 159/167/159
f 157/169/157 189/202/189 190/201/190 158/168/158
f 156/170/156 188/203/188 189/202/189 157/169/157
f 155/171/155 187/204/187 188/203/188 156/170/156
f 154/172/154 186/205/186 187/204/187 155/171/155
f 153/173/153 185/206/185 186/205/186 154/172/154
f 152/174/152 184/207/184 185/206/185 153/173/153
f 151/175/151 183/208/183 184/207/184 152/174/152
f 150/176/150 182/209/182 183/208/183 151/175/151
f 149/177/149 181/210/181 182/209/182 150/176/150
f 148/178/148 180/211/180 181/210/181 149/177/149
f 147/179/147 179/212/179 180/211/180 148/178/148
f 146/180/146 178/213/178 179/212/179 147/179/147
f 145/181/145 177/214/177 178/213/178 146/180/146
f 144/182/144 176/215/176 177/214/177 145/181/145
f 143/183/143 175/216/175 176/215/176 144/182/144
f 142/184/142 174/217/174 175/216/175 143/183/143
f 141/185/141 173/218/173 174/217/174 142/184/142
f 140/186/140 172/219/172 173/218/173 141/185/141
f 139/187/139 171/220/171 172/219/172 140/186/140
f 138/188/138 170/221/170 171/220/171 139/187/139
f 137/189/137 169/222/169 170/221/170 138/188/138
f 136/190/136 168/223/168 169/222/169 137/189/137
f 135/191/135 167/224/167 168/223/168 136/190/136
f 134/192/134 166/225/166 167/224/167 135/191/135
f 133/193/133 165/226/165 166/225/166 134/192/134
f 132/194/132 164/227/164 165/226/165 133/193/133
f 131/195/131 163/228/163 164/227/164 132/194/132
f 130/196/130 162/229/162 163/228/163 131/195/131
f 129/197/129 161/230/161 162/229/162 130/196/130
f 192/198/192 224/231/224 193/232/193 161/199/161
f 191/200/191 223/233/223 224/231/224 192/198/192
f 190/201/190 222/234/222 223/233/223 191/200/191
f 189/202/189 221/235/221 222/234/222 190/201/190
f 188/203/188 220/236/220 221/235/221 189/202/189
f 187/204/187 219/237/219 220/236/220 188/203/188
f 186/205/186 218/238/218 219/237/219 187/204/187
f 185/206/185 217/239/217 218/238/218 186/205/186
f 184/207/184 216/240/216 217/239/217 185/206/185
f 183/208/183 215/241/215 216/240/216 184/207/184
f 182/209/182 214/242/214 215/241/215 183/208/183
f 181/210/181 213/243/213 214/242/214 182/209/182
f 180/211/180 212/244/212 213/243/213 181/210/181
f 179/212/179 211/245/211 212/244/212 180/211/180
f 178/213/178 210/246/210 211/245/211 179/212/179
f 177/214/177 209/247/209 210/246/210 178/213/178
f 176/215/176 208/248/208 209/247/209 177/214/177
f 175/216/175 207/249/207 208/248/208 176/215/176
f 174/217/174 206/250/206 207/249/207 175/216/175
f 173/218/173 205/251/205 206/250/206 174/217/174
f 172/219/172 204/252/204 205/251/205 173/218/173
f 171/220/171 203/253/203 204/252/204 172/219/172
f 170/221/170 202/254/202 203/253/203 171/220/171
f 169/222/169 201/255/201 202/254/202 170/221/170
f 168/223/168 200/256/200 201/255/201 169/222/169
f 167/224/167 199/257/199 200/256/200 168/223/168
f 166/225/166 198/258/198 199/257/199 167/224/167
f 165/226/165 197/259/197 198/258/198 166/225/166
f 164/227/164 196/260/196 197/259/197 165/226/165
f 163/228/163 195/261/195 196/260/196 164/227/164
f 162/229/162 194/262/194 195/261/195 163/228/163
f 161/230/161 193/263/193 194/262/194 162/229/162
f 228/264/228 226/265/226 225/266/225 227/267/227
f 230/268/230 228/264/228 227/267/227 229/269/229
f 232/270/232 230/268/230 229/269/229 231/271/231
f 234/272/234 232/270/232 231/271/231 233/273/233
f 236/274/236 234/272/234 233/273/233 235/275/235
f 238/276/238 236/274/236 235/275/235 237/277/237
f 240/278/240 238/276/238 237/277/237 239/279/239
f 242/280/242 240/278/240 239/279/239 241/281/241
f 244/282/244 242/280/242 241/281/241 243/283/243
f 246/284/246 244/282/244 243/283/243 245/285/245
f 248/286/248 246/284/246 245/285/245 247/287/247
f 250/288/250 248/286/248 247/287/247 249/289/249
f 252/290/252 250/288/250 249/289/249 251/291/251
f 254/292/254 252/290/252 251/291/251 253/293/253
f 256/294/256 254/292/254 253/293/253 255/295/255
f 258/296/258 256/294/256 255/295/255 257/297/257
f 260/298/260 258/296/258 257/297/257 259/299/259
f 262/300/262 260/298/260 259/299/259 261/301/261
f 264/302/264 262/300/262 261/301/261 263/303/263
f 266/304/266 264/302/264 263/303/263 265/305/265
f 268/306/268 266/304/266 265/305/265 267/307/267
f 270/308/270 268/306/268 267/307/267 269/309/269
f 272/310/272 270/308/270 269/309/269 271/311/271
f 274/312/274 272/310/272 271/311/271 273/313/273
f 276/314/276 274/312/274 273/313/273 275/315/275
f 278/316/278 276/314/276 275/315/275 277/317/277
f 280/318/280 278/316/278 277/317/277 279/319/279
f 282/320/282 280/318/280 279/319/279 281/321/281
f 284/322/284 282/320/282 281/321/281 283/323/283
f 286/324/286 284/322/284 283/323/283 285/325/285
f 288/326/288 286/324/286 285/325/285 287/327/287
f 226/265/226 288/326/288 287/327/287 225/266/225
f 241/281/241 239/279/239 296/279/296 297/281/297
f 193/263/193 226/328/226 228/329/228 194/262/194
f 224/231/224 288/330/288 226/331/226 193/232/193
f 194/262/194 228/329/228 230/332/230 195/261/195
f 195/261/195 230/332/230 232/333/232 196/260/196
f 196/260/196 232/333/232 234/334/234 197/259/197
f 197/259/197 234/334/234 236/335/236 198/258/198
f 198/258/198 236/335/236 238/336/238 199/257/199
f 199/257/199 238/336/238 240/337/240 200/256/200
f 200/256/200 240/337/240 242/338/242 201/255/201
f 201/255/201 242/338/242 244/339/244 202/254/202
f 202/254/202 244/339/244 246/340/246 203/253/203
f 203/253/203 246/340/246 248/341/248 204/252/204
f 204/252/204 248/341/248 250/342/250 205/251/205
f 205/251/205 250/342/250 252/343/252 206/250/206
f 206/250/206 252/343/252 254/344/254 207/249/207
f 207/249/207 254/344/254 256/345/256 208/248/208
f 208/248/208 256/345/256 258/346/258 209/247/209
f 209/247/209 258/346/258 260/347/260 210/246/210
f 210/246/210 260/347/260 262/348/262 211/245/211
f 211/245/211 262/348/262 264/349/264 212/244/212
f 212/244/212 264/349/264 266/350/266 213/243/213
f 213/243/213 266/350/266 268/351/268 214/242/214
f 214/242/214 268/351/268 270/352/270 215/241/215
f 215/241/215 270/352/270 272/353/272 216/240/216
f 216/240/216 272/353/272 274/354/274 217/239/217
f 217/239/217 274/354/274 276/355/276 218/238/218
f 218/238/218 276/355/276 278/356/278 219/237/219
f 219/237/219 278/356/278 280/357/280 220/236/220
f 220/236/220 280/357/280 282/358/282 221/235/221
f 221/235/221 282/358/282 284/359/284 222/234/222
f 222/234/222 284/359/284 286/360/286 223/233/223
f 223/233/223 286/360/286 288/330/288 224/231/224
f 290/267/290 289/266/289 320/327/320 319/325/319 318/323/318 317/321/317 316/319/316 315/317/315 314/315/314 313/313/313 312/311/312 311/309/311 310/307/310 309/305/309 308/303/308 307/301/307 306/299/306 305/297/305 304/295/304 303/293/303 302/291/302 301/289/301 300/287/300 299/285/299 298/283/298 297/281/297 296/279/296 295/277/295 294/275/294 293/273/293 292/271/292 291/269/291
f 259/299/259 257/297/257 305/297/305 306/299/306
f 277/317/277 275/315/275 314/315/314 315/317/315
f 233/273/233 231/271/231 292/271/292 293/273/293
f 251/291/251 249/289/249 301/289/301 302/291/302
f 269/309/269 267/307/267 310/307/310 311/309/311
f 287/327/287 285/325/285 319/325/319 320/327/320
f 243/283/243 241/281/241 297/281/297 298/283/298
f 261/301/261 259/299/259 306/299/306 307/301/307
f 279/319/279 277/317/277 315/317/315 316/319/316
f 225/266/225 287/327/287 320/327/320 289/266/289
f 235/275/235 233/273/233 293/273/293 294/275/294
f 253/293/253 251/291/251 302/291/302 303/293/303
f 271/311/271 269/309/269 311/309/311 312/311/312
f 227/267/227 225/266/225 289/266/289 290/267/290
f 245/285/245 243/283/243 298/283/298 299/285/299
f 263/303/263 261/301/261 307/301/307 308/303/308
f 281/321/281 279/319/279 316/319/316 317/321/317
f 237/277/237 235/275/235 294/275/294 295/277/295
f 255/295/255 253/293/253 303/293/303 304/295/304
f 273/313/273 271/311/271 312/311/312 313/313/313
f 229/269/229 227/267/227 290/267/290 291/269/291
f 247/287/247 245/285/245 299/285/299 300/287/300
f 265/305/265 263/303/263 308/303/308 309/305/309
f 283/323/283 281/321/281 317/321/317 318/323/318
f 239/279/239 237/277/237 295/277/295 296/279/296
f 257/297/257 255/295/255 304/295/304 305/297/305
f 275/315/275 273/313/273 313/313/313 314/315/314
f 231/271/231 229/269/229 291/269/291 292/271/292
f 249/289/249 247/287/247 300/287/300 301/289/301
f 267/307/267 265/305/265 309/305/309 310/307/310
f 285/325/285 283/323/283 318/323/318 319/325/319
f 1/361/1 352/97/352 321/95/321 2/362/2
f 2/362/2 321/95/321 322/93/322 3/363/3
f 3/363/3 322/93/322 323/91/323 4/364/4
f 4/364/4 323/91/323 324/89/324 5/365/5
f 5/365/5 324/89/324 325/87/325 6/366/6
f 6/366/6 325/87/325 326/85/326 7/367/7
f 7/367/7 326/85/326 327/83/327 8/368/8
f 8/368/8 327/83/327 328/81/328 9/369/9
f 9/369/9 328/81/328 329/79/329 10/370/10
f 10/370/10 329/79/329 330/77/330 11/371/11
f 11/371/11 330/77/330 331/75/331 12/372/12
f 12/372/12 331/75/331 332/73/332 13/373/13
f 13/373/13 332/73/332 333/71/333 14/374/14
f 14/374/14 333/71/333 334/69/334 15/375/15
f 15/375/15 334/69/334 335/67/335 16/376/16
f 16/376/16 335/67/335 336/65/336 17/377/17
f 17/377/17 336/65/336 337/63/337 18/378/18
f 18/378/18 337/63/337 338/61/338 19/379/19
f 19/379/19 338/61/338 339/59/339 20/380/20
f 20/380/20 339/59/339 340/57/340 21/381/21
f 21/381/21 340/57/340 341/55/341 22/382/22
f 22/382/22 341/55/341 342/53/342 23/383/23
f 23/383/23 342/53/342 343/51/343 24/384/24
f 24/384/24 343/51/343 344/49/344 25/385/25
f 25/385/25 344/49/344 345/47/345 26/386/26
f 26/386/26 345/47/345 346/45/346 27/387/27
f 27/387/27 346/45/346 347/43/347 28/388/28
f 28/388/28 347/43/347 348/41/348 29/389/29
f 29/389/29 348/41/348 349/39/349 30/390/30
f 30/390/30 349/39/349 350/37/350 31/391/31
f 31/391/31 350/37/350 351/33/351 32/392/32
f 32/392/32 351/33/351 352/36/352 1/393/1
o Cylinder.001
v -0.145327 1.777637 0.309153
v -0.145327 3.300496 0.309153
v -0.134790 1.777637 0.310536
v -0.134790 3.300496 0.310536
v -0.124657 1.777637 0.314630
v -0.124657 3.300496 0.314630
v -0.115319 1.777637 0.321278
v -0.115319 3.300496 0.321278
v -0.107134 1.777637 0.330226
v -0.107134 3.300496 0.330226
v -0.100417 1.777637 0.341128
v -0.100417 3.300496 0.341128
v -0.095425 1.777637 0.353567
v -0.095425 3.300496 0.353567
v -0.092352 1.777637 0.367064
v -0.092352 3.300496 0.367064
v -0.091314 1.777637 0.381100
v -0.091314 3.300496 0.381100
v -0.092352 1.777637 0.395136
v -0.092352 3.300496 0.395136
v -0.095425 1.777637 0.408632
v -0.095425 3.300496 0.408632
v -0.100417 1.777637 0.421071
v -0.100417 3.300496 0.421071
v -0.107134 1.777637 0.431973
v -0.107134 3.300496 0.431973
v -0.115319 1.777637 0.440921
v -0.115319 3.300496 0.440921
v -0.124657 1.777637 0.447569
v -0.124657 3.300496 0.447569
v -0.134790 1.777637 0.451664
v -0.134790 3.300496 0.451664
v -0.145327 1.777637 0.453046
v -0.145327 3.300496 0.453046
v -0.155865 1.777637 0.451664
v -0.155865 3.300496 0.451664
v -0.165998 1.777637 0.447569
v -0.165998 3.300496 0.447569
v -0.175336 1.777637 0.440921
v -0.175336 3.300496 0.440921
v -0.183521 1.777637 0.431973
v -0.183521 3.300496 0.431973
v -0.190238 1.777637 0.421071
v -0.190238 3.300496 0.421071
v -0.195230 1.777637 0.408632
v -0.195230 3.300496 0.408632
v -0.198303 1.777637 0.395136
v -0.198303 3.300496 0.395136
v -0.199341 1.777637 0.381100
v -0.199341 3.300496 0.381100
v -0.198303 1.777637 0.367064
v -0.198303 3.300496 0.367064
v -0.195230 1.777637 0.353567
v -0.195230 3.300496 0.353567
v -0.190238 1.777637 0.341128
v -0.190238 3.300496 0.341128
v -0.183521 1.777637 0.330226
v -0.183521 3.300496 0.330226
v -0.175336 1.777637 0.321278
v -0.175336 3.300496 0.321278
v -0.165998 1.777637 0.314630
v -0.165998 3.300496 0.314630
v -0.155865 1.777637 0.310536
v -0.155865 3.300496 0.310536
v 0.070905 5.282304 0.131430
v 0.060368 5.282304 0.130047
v 0.081038 5.282304 0.135524
v 0.090376 5.282304 0.142172
v 0.098561 5.282304 0.151120
v 0.105279 5.282304 0.162022
v 0.110270 5.282304 0.174461
v 0.113344 5.282304 0.187957
v 0.114382 5.282304 0.201993
v 0.113344 5.282304 0.216030
v 0.110270 5.282304 0.229526
v 0.105279 5.282304 0.241965
v 0.098561 5.282304 0.252867
v 0.090376 5.282304 0.261815
v 0.081038 5.282304 0.268463
v 0.070905 5.282304 0.272557
v 0.060368 5.282304 0.273940
v 0.049830 5.282304 0.272557
v 0.039698 5.282304 0.268463
v 0.030359 5.282304 0.261815
v 0.022174 5.282304 0.252867
v 0.015457 5.282304 0.241965
v 0.010466 5.282304 0.229526
v 0.007392 5.282304 0.216030
v 0.006354 5.282304 0.201993
v 0.007392 5.282304 0.187957
v 0.010466 5.282304 0.174461
v 0.015457 5.282304 0.162022
v 0.022174 5.282304 0.151120
v 0.030359 5.282304 0.142172
v 0.039698 5.282304 0.135524
v 0.049830 5.282304 0.131430
v 0.130032 6.483374 0.333269
v 0.119494 6.483374 0.331887
v 0.140164 6.483374 0.337363
v 0.149503 6.483374 0.344012
v 0.157688 6.483374 0.352959
v 0.164405 6.483374 0.363862
v 0.169396 6.483374 0.376300
v 0.172470 6.483374 0.389797
v 0.173508 6.483374 0.403833
v 0.172470 6.483374 0.417869
v 0.169396 6.483374 0.431366
v 0.164405 6.483374 0.443804
v 0.157688 6.483374 0.454707
v 0.149503 6.483374 0.463654
v 0.140164 6.483374 0.470303
v 0.130032 6.483374 0.474397
v 0.119494 6.483374 0.475779
v 0.108956 6.483374 0.474397
v 0.098824 6.483374 0.470303
v 0.089486 6.483374 0.463654
v 0.081301 6.483374 0.454707
v 0.074583 6.483374 0.443804
v 0.069592 6.483374 0.431366
v 0.066518 6.483374 0.417869
v 0.065480 6.483374 0.403833
v 0.066518 6.483374 0.389797
v 0.069592 6.483374 0.376300
v 0.074583 6.483374 0.363862
v 0.081301 6.483374 0.352959
v 0.089486 6.483374 0.344012
v 0.098824 6.483374 0.337363
v 0.108956 6.483374 0.333269
v 0.165105 6.674276 0.230970
v 0.119494 6.674276 0.227583
v 0.208964 6.674276 0.240999
v 0.249385 6.674276 0.257287
v 0.284814 6.674276 0.279206
v 0.313889 6.674276 0.305914
v 0.335494 6.674276 0.336385
v 0.348799 6.674276 0.369449
v 0.353291 6.674276 0.403833
v 0.348799 6.674276 0.438218
v 0.335494 6.674276 0.471281
v 0.313889 6.674276 0.501752
v 0.284814 6.674276 0.528461
v 0.249385 6.674276 0.550380
v 0.208964 6.674276 0.566667
v 0.165105 6.674276 0.576697
v 0.119494 6.674276 0.580083
v 0.073882 6.674276 0.576697
v 0.030024 6.674276 0.566667
v -0.010397 6.674276 0.550380
v -0.045826 6.674276 0.528461
v -0.074901 6.674276 0.501752
v -0.096507 6.674276 0.471281
v -0.109811 6.674276 0.438218
v -0.114303 6.674276 0.403833
v -0.109811 6.674276 0.369449
v -0.096507 6.674276 0.336385
v -0.074901 6.674276 0.305914
v -0.045826 6.674276 0.279206
v -0.010397 6.674276 0.257287
v 0.030024 6.674276 0.240999
v 0.073882 6.674276 0.230970
v 0.164384 6.846449 0.190037
v 0.119494 6.846449 0.185849
v 0.207548 6.846449 0.202442
v 0.247329 6.846449 0.222586
v 0.282197 6.846449 0.249695
v 0.310813 6.846449 0.282727
v 0.332076 6.846449 0.320414
v 0.345170 6.846449 0.361306
v 0.349591 6.846449 0.403833
v 0.345170 6.846449 0.446360
v 0.332076 6.846449 0.487252
v 0.310813 6.846449 0.524939
v 0.282197 6.846449 0.557971
v 0.247329 6.846449 0.585081
v 0.207548 6.846449 0.605224
v 0.164384 6.846449 0.617629
v 0.119494 6.846449 0.621817
v 0.074604 6.846449 0.617629
v 0.031439 6.846449 0.605224
v -0.008341 6.846449 0.585081
v -0.043210 6.846449 0.557971
v -0.071825 6.846449 0.524939
v -0.093089 6.846449 0.487252
v -0.106182 6.846449 0.446360
v -0.110604 6.846449 0.403833
v -0.106182 6.846449 0.361306
v -0.093089 6.846449 0.320414
v -0.071825 6.846449 0.282727
v -0.043210 6.846449 0.249695
v -0.008341 6.846449 0.222586
v 0.031439 6.846449 0.202442
v 0.074604 6.846449 0.190037
vn -0.0000 -0.6790 -0.7342
vn -0.0043 -0.0448 -0.9990
vn 0.1866 -0.6797 -0.7093
vn 0.2510 -0.0566 -0.9663
vn 0.3516 -0.6817 -0.6416
vn 0.4781 -0.0644 -0.8760
vn 0.4833 -0.6841 -0.5463
vn 0.6606 -0.0681 -0.7476
vn 0.5804 -0.6865 -0.4381
vn 0.7965 -0.0684 -0.6008
vn 0.6477 -0.6884 -0.3265
vn 0.8914 -0.0664 -0.4483
vn 0.6911 -0.6898 -0.2159
vn 0.9530 -0.0628 -0.2963
vn 0.7152 -0.6906 -0.1073
vn 0.9875 -0.0578 -0.1463
vn 0.7230 -0.6909 -0.0000
vn 0.9987 -0.0516 0.0021
vn 0.7152 -0.6906 0.1073
vn 0.9876 -0.0443 0.1506
vn 0.6911 -0.6898 0.2159
vn 0.9530 -0.0357 0.3008
vn 0.6477 -0.6884 0.3265
vn 0.8911 -0.0256 0.4530
vn 0.5804 -0.6865 0.4381
vn 0.7957 -0.0137 0.6056
vn 0.4833 -0.6841 0.5463
vn 0.6592 0.0001 0.7520
vn 0.3516 -0.6817 0.6416
vn 0.4762 0.0153 0.8792
vn 0.1866 -0.6797 0.7093
vn 0.2496 0.0310 0.9679
vn -0.0000 -0.6790 0.7342
vn -0.0042 0.0453 0.9990
vn -0.1866 -0.6797 0.7093
vn -0.2569 0.0566 0.9648
vn -0.3516 -0.6817 0.6416
vn -0.4811 0.0639 0.8743
vn -0.4833 -0.6841 0.5463
vn -0.6615 0.0675 0.7469
vn -0.5804 -0.6865 0.4381
vn -0.7962 0.0679 0.6013
vn -0.6477 -0.6884 0.3265
vn -0.8906 0.0660 0.4499
vn -0.6911 -0.6898 0.2159
vn -0.9522 0.0625 0.2989
vn -0.7152 -0.6906 0.1073
vn -0.9870 0.0577 0.1498
vn -0.7230 -0.6909 -0.0000
vn -0.9987 0.0517 0.0021
vn -0.7152 -0.6906 -0.1073
vn -0.9883 0.0446 -0.1457
vn -0.6911 -0.6898 -0.2159
vn -0.9547 0.0363 -0.2952
vn -0.6477 -0.6884 -0.3265
vn -0.8942 0.0264 -0.4469
vn -0.5804 -0.6865 -0.4381
vn -0.8005 0.0147 -0.5992
vn -0.4833 -0.6841 -0.5463
vn -0.6660 0.0012 -0.7459
vn -0.3516 -0.6817 -0.6416
vn -0.4849 -0.0140 -0.8744
vn -0.1866 -0.6797 -0.7093
vn -0.2591 -0.0299 -0.9654
vn 0.2539 0.0177 -0.9671
vn 0.0023 0.0374 -0.9993
vn 0.4782 -0.0022 -0.8783
vn 0.6592 -0.0205 -0.7517
vn 0.7945 -0.0363 -0.6061
vn 0.8894 -0.0494 -0.4545
vn 0.9511 -0.0602 -0.3031
vn 0.9857 -0.0688 -0.1537
vn 0.9971 -0.0757 -0.0060
vn 0.9866 -0.0808 0.1417
vn 0.9531 -0.0842 0.2909
vn 0.8928 -0.0855 0.4423
vn 0.7996 -0.0844 0.5946
vn 0.6658 -0.0799 0.7419
vn 0.4850 -0.0711 0.8716
vn 0.2586 -0.0573 0.9643
vn 0.0023 -0.0389 0.9992
vn -0.2549 -0.0179 0.9668
vn -0.4831 0.0032 0.8756
vn -0.6657 0.0222 0.7459
vn -0.8007 0.0383 0.5979
vn -0.8943 0.0514 0.4446
vn -0.9544 0.0620 0.2921
vn -0.9873 0.0703 0.1422
vn -0.9970 0.0768 -0.0060
vn -0.9847 0.0815 -0.1540
vn -0.9492 0.0844 -0.3033
vn -0.8866 0.0852 -0.4546
vn -0.7911 0.0834 -0.6060
vn -0.6553 0.0782 -0.7513
vn -0.4739 0.0688 -0.8779
vn -0.2494 0.0550 -0.9668
vn 0.2130 -0.1862 -0.9591
vn 0.0021 -0.1724 -0.9850
vn 0.4072 -0.2131 -0.8881
vn 0.5737 -0.2485 -0.7805
vn 0.7071 -0.2873 -0.6461
vn 0.8066 -0.3246 -0.4940
vn 0.8734 -0.3568 -0.3316
vn 0.9098 -0.3813 -0.1643
vn 0.9178 -0.3970 0.0041
vn 0.8988 -0.4039 0.1706
vn 0.8528 -0.4025 0.3328
vn 0.7790 -0.3944 0.4874
vn 0.6763 -0.3816 0.6301
vn 0.5441 -0.3668 0.7546
vn 0.3837 -0.3524 0.8536
vn 0.1999 -0.3407 0.9187
vn 0.0019 -0.3328 0.9430
vn -0.1973 -0.3296 0.9233
vn -0.3843 -0.3313 0.8617
vn -0.5490 -0.3373 0.7647
vn -0.6857 -0.3459 0.6405
vn -0.7923 -0.3543 0.4967
vn -0.8691 -0.3595 0.3397
vn -0.9169 -0.3591 0.1743
vn -0.9362 -0.3514 0.0042
vn -0.9269 -0.3357 -0.1677
vn -0.8879 -0.3122 -0.3379
vn -0.8174 -0.2823 -0.5022
vn -0.7136 -0.2490 -0.6548
vn -0.5760 -0.2163 -0.7883
vn -0.4061 -0.1896 -0.8940
vn -0.2096 -0.1737 -0.9622
vn 0.1600 -0.3591 -0.9195
vn -0.0000 -0.3583 -0.9336
vn 0.3178 -0.3607 -0.8769
vn 0.4705 -0.3619 -0.8047
vn 0.6141 -0.3615 -0.7016
vn 0.7421 -0.3588 -0.5661
vn 0.8453 -0.3546 -0.3995
vn 0.9132 -0.3508 -0.2072
vn 0.9370 -0.3493 -0.0000
vn 0.9132 -0.3508 0.2072
vn 0.8453 -0.3546 0.3995
vn 0.7421 -0.3588 0.5662
vn 0.6141 -0.3615 0.7016
vn 0.4705 -0.3619 0.8047
vn 0.3178 -0.3607 0.8769
vn 0.1600 -0.3591 0.9195
vn -0.0000 -0.3583 0.9336
vn -0.1600 -0.3591 0.9195
vn -0.3178 -0.3607 0.8769
vn -0.4705 -0.3619 0.8047
vn -0.6141 -0.3615 0.7016
vn -0.7421 -0.3588 0.5662
vn -0.8453 -0.3546 0.3995
vn -0.9132 -0.3508 0.2072
vn -0.9370 -0.3493 -0.0000
vn -0.9132 -0.3508 -0.2072
vn -0.8453 -0.3546 -0.3995
vn -0.7421 -0.3588 -0.5662
vn -0.6141 -0.3615 -0.7016
vn -0.4705 -0.3619 -0.8047
vn -0.3178 -0.3607 -0.8769
vn -0.1600 -0.3591 -0.9195
vn 0.1318 0.6002 -0.7889
vn -0.0000 0.5972 -0.8021
vn 0.2606 0.6090 -0.7491
vn 0.3827 0.6229 -0.6823
vn 0.4938 0.6403 -0.5883
vn 0.5885 0.6589 -0.4685
vn 0.6610 0.6757 -0.3263
vn 0.7067 0.6874 -0.1675
vn 0.7222 0.6917 -0.0000
vn 0.7067 0.6874 0.1675
vn 0.6610 0.6757 0.3263
vn 0.5885 0.6589 0.4685
vn 0.4938 0.6403 0.5883
vn 0.3827 0.6229 0.6823
vn 0.2606 0.6090 0.7491
vn 0.1318 0.6002 0.7889
vn -0.0000 0.5972 0.8021
vn -0.1318 0.6002 0.7889
vn -0.2606 0.6090 0.7491
vn -0.3827 0.6229 0.6823
vn -0.4938 0.6403 0.5883
vn -0.5885 0.6589 0.4685
vn -0.6610 0.6757 0.3263
vn -0.7067 0.6874 0.1675
vn -0.7222 0.6917 -0.0000
vn -0.7067 0.6874 -0.1675
vn -0.6610 0.6757 -0.3263
vn -0.5885 0.6589 -0.4685
vn -0.4938 0.6403 -0.5883
vn -0.3827 0.6229 -0.6823
vn -0.2606 0.6090 -0.7491
vn -0.1318 0.6002 -0.7889
vt 1.000000 0.500000
vt 1.000000 1.000000
vt 0.968750 1.000000
vt 0.968750 0.500000
vt 0.937500 1.000000
vt 0.937500 0.500000
vt 0.906250 1.000000
vt 0.906250 0.500000
vt 0.875000 1.000000
vt 0.875000 0.500000
vt 0.843750 1.000000
vt 0.843750 0.500000
vt 0.812500 1.000000
vt 0.812500 0.500000
vt 0.781250 1.000000
vt 0.781250 0.500000
vt 0.750000 1.000000
vt 0.750000 0.500000
vt 0.718750 1.000000
vt 0.718750 0.500000
vt 0.687500 1.000000
vt 0.687500 0.500000
vt 0.656250 1.000000
vt 0.656250 0.500000
vt 0.625000 1.000000
vt 0.625000 0.500000
vt 0.593750 1.000000
vt 0.593750 0.500000
vt 0.562500 1.000000
vt 0.562500 0.500000
vt 0.531250 1.000000
vt 0.531250 0.500000
vt 0.500000 1.000000
vt 0.500000 0.500000
vt 0.468750 1.000000
vt 0.468750 0.500000
vt 0.437500 1.000000
vt 0.437500 0.500000
vt 0.406250 1.000000
vt 0.406250 0.500000
vt 0.375000 1.000000
vt 0.375000 0.500000
vt 0.343750 1.000000
vt 0.343750 0.500000
vt 0.312500 1.000000
vt 0.312500 0.500000
vt 0.281250 1.000000
vt 0.281250 0.500000
vt 0.250000 1.000000
vt 0.250000 0.500000
vt 0.218750 1.000000
vt 0.218750 0.500000
vt 0.187500 1.000000
vt 0.187500 0.500000
vt 0.156250 1.000000
vt 0.156250 0.500000
vt 0.125000 1.000000
vt 0.125000 0.500000
vt 0.093750 1.000000
vt 0.093750 0.500000
vt 0.062500 1.000000
vt 0.062500 0.500000
vt 0.031250 1.000000
vt 0.031250 0.500000
vt 0.000000 1.000000
vt 0.000000 0.500000
vt 0.750000 0.490000
vt 0.796822 0.485388
vt 0.841844 0.471731
vt 0.883337 0.449553
vt 0.919706 0.419706
vt 0.949553 0.383337
vt 0.971731 0.341844
vt 0.985388 0.296822
vt 0.990000 0.250000
vt 0.985388 0.203178
vt 0.971731 0.158156
vt 0.949553 0.116663
vt 0.919706 0.080294
vt 0.883337 0.050447
vt 0.841844 0.028269
vt 0.796822 0.014612
vt 0.750000 0.010000
vt 0.703178 0.014612
vt 0.658156 0.028269
vt 0.616663 0.050447
vt 0.580294 0.080294
vt 0.550447 0.116663
vt 0.528269 0.158156
vt 0.514612 0.203178
vt 0.510000 0.250000
vt 0.514612 0.296822
vt 0.528269 0.341844
vt 0.550447 0.383337
vt 0.580294 0.419706
vt 0.616663 0.449553
vt 0.658156 0.471731
vt 0.703178 0.485388
vt 0.296822 0.485388
vt 0.250000 0.490000
vt 0.203178 0.485388
vt 0.158156 0.471731
vt 0.116663 0.449553
vt 0.080294 0.419706
vt 0.050447 0.383337
vt 0.028269 0.341844
vt 0.014612 0.296822
vt 0.010000 0.250000
vt 0.014612 0.203178
vt 0.028269 0.158156
vt 0.050447 0.116663
vt 0.080294 0.080294
vt 0.116663 0.050447
vt 0.158156 0.028269
vt 0.203178 0.014612
vt 0.250000 0.010000
vt 0.296822 0.014612
vt 0.341844 0.028269
vt 0.383337 0.050447
vt 0.419706 0.080294
vt 0.449553 0.116663
vt 0.471731 0.158156
vt 0.485388 0.203178
vt 0.490000 0.250000
vt 0.485388 0.296822
vt 0.471731 0.341844
vt 0.449553 0.383337
vt 0.419706 0.419706
vt 0.383337 0.449553
vt 0.341844 0.471731
s 1
f 353/394/353 354/395/354 356/396/356 355/397/355
f 355/397/355 356/396/356 358/398/358 357/399/357
f 357/399/357 358/398/358 360/400/360 359/401/359
f 359/401/359 360/400/360 362/402/362 361/403/361
f 361/403/361 362/402/362 364/404/364 363/405/363
f 363/405/363 364/404/364 366/406/366 365/407/365
f 365/407/365 366/406/366 368/408/368 367/409/367
f 367/409/367 368/408/368 370/410/370 369/411/369
f 369/411/369 370/410/370 372/412/372 371/413/371
f 371/413/371 372/412/372 374/414/374 373/415/373
f 373/415/373 374/414/374 376/416/376 375/417/375
f 375/417/375 376/416/376 378/418/378 377/419/377
f 377/419/377 378/418/378 380/420/380 379/421/379
f 379/421/379 380/420/380 382/422/382 381/423/381
f 381/423/381 382/422/382 384/424/384 383/425/383
f 383/425/383 384/424/384 386/426/386 385/427/385
f 385/427/385 386/426/386 388/428/388 387/429/387
f 387/429/387 388/428/388 390/430/390 389/431/389
f 389/431/389 390/430/390 392/432/392 391/433/391
f 391/433/391 392/432/392 394/434/394 393/435/393
f 393/435/393 394/434/394 396/436/396 395/437/395
f 395/437/395 396/436/396 398/438/398 397/439/397
f 397/439/397 398/438/398 400/440/400 399/441/399
f 399/441/399 400/440/400 402/442/402 401/443/401
f 401/443/401 402/442/402 404/444/404 403/445/403
f 403/445/403 404/444/404 406/446/406 405/447/405
f 405/447/405 406/446/406 408/448/408 407/449/407
f 407/449/407 408/448/408 410/450/410 409/451/409
f 409/451/409 410/450/410 412/452/412 411/453/411
f 411/453/411 412/452/412 414/454/414 413/455/413
f 368/408/368 366/406/366 423/406/423 424/408/424
f 413/455/413 414/454/414 416/456/416 415/457/415
f 415/457/415 416/456/416 354/458/354 353/459/353
f 353/460/353 355/461/355 357/462/357 359/463/359 361/464/361 363/465/363 365/466/365 367/467/367 369/468/369 371/469/371 373/470/373 375/471/375 377/472/377 379/473/379 381/474/381 383/475/383 385/476/385 387/477/387 389/478/389 391/479/391 393/480/393 395/481/395 397/482/397 399/483/399 401/484/401 403/485/403 405/486/405 407/487/407 409/488/409 411/489/411 413/490/413 415/491/415
f 435/430/435 434/428/434 466/428/466 467/430/467
f 386/426/386 384/424/384 432/424/432 433/426/433
f 404/444/404 402/442/402 441/442/441 442/444/442
f 360/400/360 358/398/358 419/398/419 420/400/420
f 378/418/378 376/416/376 428/416/428 429/418/429
f 396/436/396 394/434/394 437/434/437 438/436/438
f 414/454/414 412/452/412 446/452/446 447/454/447
f 370/410/370 368/408/368 424/408/424 425/410/425
f 388/428/388 386/426/386 433/426/433 434/428/434
f 406/446/406 404/444/404 442/444/442 443/446/443
f 362/402/362 360/400/360 420/400/420 421/402/421
f 380/420/380 378/418/378 429/418/429 430/420/430
f 398/438/398 396/436/396 438/436/438 439/438/439
f 416/456/416 414/454/414 447/454/447 448/456/448
f 372/412/372 370/410/370 425/410/425 426/412/426
f 390/430/390 388/428/388 434/428/434 435/430/435
f 408/448/408 406/446/406 443/446/443 444/448/444
f 364/404/364 362/402/362 421/402/421 422/404/422
f 382/422/382 380/420/380 430/420/430 431/422/431
f 400/440/400 398/438/398 439/438/439 440/440/440
f 356/396/356 354/395/354 418/395/418 417/396/417
f 354/458/354 416/456/416 448/456/448 418/458/418
f 374/414/374 372/412/372 426/412/426 427/414/427
f 392/432/392 390/430/390 435/430/435 436/432/436
f 410/450/410 408/448/408 444/448/444 445/450/445
f 366/406/366 364/404/364 422/404/422 423/406/423
f 384/424/384 382/422/382 431/422/431 432/424/432
f 402/442/402 400/440/400 440/440/440 441/442/441
f 358/398/358 356/396/356 417/396/417 419/398/419
f 376/416/376 374/414/374 427/414/427 428/416/428
f 394/434/394 392/432/392 436/432/436 437/434/437
f 412/452/412 410/450/410 445/450/445 446/452/446
f 470/436/470 469/434/469 501/434/501 502/436/502
f 422/404/422 421/402/421 453/402/453 454/404/454
f 418/458/418 448/456/448 480/456/480 450/458/450
f 436/432/436 435/430/435 467/430/467 468/432/468
f 423/406/423 422/404/422 454/404/454 455/406/455
f 437/434/437 436/432/436 468/432/468 469/434/469
f 424/408/424 423/406/423 455/406/455 456/408/456
f 438/436/438 437/434/437 469/434/469 470/436/470
f 425/410/425 424/408/424 456/408/456 457/410/457
f 439/438/439 438/436/438 470/436/470 471/438/471
f 426/412/426 425/410/425 457/410/457 458/412/458
f 440/440/440 439/438/439 471/438/471 472/440/472
f 427/414/427 426/412/426 458/412/458 459/414/459
f 441/442/441 440/440/440 472/440/472 473/442/473
f 428/416/428 427/414/427 459/414/459 460/416/460
f 442/444/442 441/442/441 473/442/473 474/444/474
f 429/418/429 428/416/428 460/416/460 461/418/461
f 443/446/443 442/444/442 474/444/474 475/446/475
f 430/420/430 429/418/429 461/418/461 462/420/462
f 444/448/444 443/446/443 475/446/475 476/448/476
f 431/422/431 430/420/430 462/420/462 463/422/463
f 417/396/417 418/395/418 450/395/450 449/396/449
f 445/450/445 444/448/444 476/448/476 477/450/477
f 432/424/432 431/422/431 463/422/463 464/424/464
f 419/398/419 417/396/417 449/396/449 451/398/451
f 446/452/446 445/450/445 477/450/477 478/452/478
f 433/426/433 432/424/432 464/424/464 465/426/465
f 420/400/420 419/398/419 451/398/451 452/400/452
f 447/454/447 446/452/446 478/452/478 479/454/479
f 434/428/434 433/426/433 465/426/465 466/428/466
f 421/402/421 420/400/420 452/400/452 453/402/453
f 448/456/448 447/454/447 479/454/479 480/456/480
f 505/442/505 504/440/504 536/440/536 537/442/537
f 457/410/457 456/408/456 488/408/488 489/410/489
f 471/438/471 470/436/470 502/436/502 503/438/503
f 458/412/458 457/410/457 489/410/489 490/412/490
f 472/440/472 471/438/471 503/438/503 504/440/504
f 459/414/459 458/412/458 490/412/490 491/414/491
f 473/442/473 472/440/472 504/440/504 505/442/505
f 460/416/460 459/414/459 491/414/491 492/416/492
f 474/444/474 473/442/473 505/442/505 506/444/506
f 461/418/461 460/416/460 492/416/492 493/418/493
f 475/446/475 474/444/474 506/444/506 507/446/507
f 462/420/462 461/418/461 493/418/493 494/420/494
f 476/448/476 475/446/475 507/446/507 508/448/508
f 463/422/463 462/420/462 494/420/494 495/422/495
f 449/396/449 450/395/450 482/395/482 481/396/481
f 477/450/477 476/448/476 508/448/508 509/450/509
f 464/424/464 463/422/463 495/422/495 496/424/496
f 451/398/451 449/396/449 481/396/481 483/398/483
f 478/452/478 477/450/477 509/450/509 510/452/510
f 465/426/465 464/424/464 496/424/496 497/426/497
f 452/400/452 451/398/451 483/398/483 484/400/484
f 479/454/479 478/452/478 510/452/510 511/454/511
f 466/428/466 465/426/465 497/426/497 498/428/498
f 453/402/453 452/400/452 484/400/484 485/402/485
f 480/456/480 479/454/479 511/454/511 512/456/512
f 467/430/467 466/428/466 498/428/498 499/430/499
f 454/404/454 453/402/453 485/402/485 486/404/486
f 450/458/450 480/456/480 512/456/512 482/458/482
f 468/432/468 467/430/467 499/430/499 500/432/500
f 455/406/455 454/404/454 486/404/486 487/406/487
f 469/434/469 468/432/468 500/432/500 501/434/501
f 456/408/456 455/406/455 487/406/487 488/408/488
f 513/492/513 514/493/514 544/494/544 543/495/543 542/496/542 541/497/541 540/498/540 539/499/539 538/500/538 537/501/537 536/502/536 535/503/535 534/504/534 533/505/533 532/506/532 531/507/531 530/508/530 529/509/529 528/510/528 527/511/527 526/512/526 525/513/525 524/514/524 523/515/523 522/516/522 521/517/521 520/518/520 519/519/519 518/520/518 517/521/517 516/522/516 515/523/515
f 492/416/492 491/414/491 523/414/523 524/416/524
f 506/444/506 505/442/505 537/442/537 538/444/538
f 493/418/493 492/416/492 524/416/524 525/418/525
f 507/446/507 506/444/506 538/444/538 539/446/539
f 494/420/494 493/418/493 525/418/525 526/420/526
f 508/448/508 507/446/507 539/446/539 540/448/540
f 495/422/495 494/420/494 526/420/526 527/422/527
f 481/396/481 482/395/482 514/395/514 513/396/513
f 509/450/509 508/448/508 540/448/540 541/450/541
f 496/424/496 495/422/495 527/422/527 528/424/528
f 483/398/483 481/396/481 513/396/513 515/398/515
f 510/452/510 509/450/509 541/450/541 542/452/542
f 497/426/497 496/424/496 528/424/528 529/426/529
f 484/400/484 483/398/483 515/398/515 516/400/516
f 511/454/511 510/452/510 542/452/542 543/454/543
f 498/428/498 497/426/497 529/426/529 530/428/530
f 485/402/485 484/400/484 516/400/516 517/402/517
f 512/456/512 511/454/511 543/454/543 544/456/544
f 499/430/499 498/428/498 530/428/530 531/430/531
f 486/404/486 485/402/485 517/402/517 518/404/518
f 482/458/482 512/456/512 544/456/544 514/458/514
f 500/432/500 499/430/499 531/430/531 532/432/532
f 487/406/487 486/404/486 518/404/518 519/406/519
f 501/434/501 500/432/500 532/432/532 533/434/533
f 488/408/488 487/406/487 519/406/519 520/408/520
f 502/436/502 501/434/501 533/434/533 534/436/534
f 489/410/489 488/408/488 520/408/520 521/410/521
f 503/438/503 502/436/502 534/436/534 535/438/535
f 490/412/490 489/410/489 521/410/521 522/412/522
f 504/440/504 503/438/503 535/438/535 536/440/536
f 491/414/491 490/412/490 522/412/522 523/414/523
o Plane
v -0.801846 6.814428 0.577407
v -0.004331 6.764401 0.449530
v -0.801744 6.837979 0.577188
v -0.004314 6.768338 0.449494
v -0.756885 6.872324 0.397635
v -0.099130 6.879352 0.407032
v -0.756782 6.895875 0.397416
v -0.099113 6.883289 0.406995
v -0.799481 6.812889 0.412985
v -0.799378 6.836440 0.412766
v -0.003936 6.764144 0.422045
v -0.003919 6.768081 0.422008
v -0.433278 6.901284 0.775140
v -0.433175 6.924835 0.774921
v -0.427926 6.894485 0.402160
v -0.428029 6.870934 0.402379
v -0.430595 6.899538 0.588627
v -0.432971 6.925335 0.589680
v -0.268214 6.900176 0.733346
v -0.268112 6.923727 0.733127
v -0.263601 6.870240 0.404751
v -0.265849 6.898636 0.568924
v -0.263498 6.893791 0.404532
v -0.265746 6.922187 0.568705
v -0.592354 6.895180 0.399788
v -0.595703 6.956350 0.564224
v -0.597070 6.901566 0.728602
v -0.596968 6.925116 0.728383
v -0.592457 6.871629 0.400007
v -0.594705 6.900026 0.564180
v -0.796673 6.811061 0.217760
v -0.003179 6.763651 0.369436
v -0.796570 6.834612 0.217541
v -0.003162 6.767588 0.369400
v -0.799038 6.812601 0.382182
v -0.798935 6.836152 0.381963
v -0.003574 6.763908 0.396922
v -0.003557 6.767846 0.396885
v -0.422546 6.894300 0.029118
v -0.422443 6.917851 0.028899
v -0.425229 6.896046 0.215632
v -0.427568 6.921819 0.214028
v -0.258753 6.894019 0.075657
v -0.258651 6.917570 0.075438
v -0.261119 6.895558 0.240079
v -0.261016 6.919109 0.239860
v -0.590956 6.953260 0.234208
v -0.587609 6.895408 0.070913
v -0.587507 6.918959 0.070694
v -0.589975 6.896947 0.235335
vn -0.5572 -0.7400 0.3768
vn 0.5278 -0.7841 0.3266
vn -0.8314 0.4183 0.3658
vn 0.8655 0.4168 0.2780
vn -0.1359 -0.9907 0.0073
vn -0.2284 -0.9735 0.0058
vn -0.3681 0.9297 -0.0140
vn 0.4593 0.8883 -0.0017
vn -0.5071 -0.8029 -0.3132
vn -0.7315 0.3964 -0.5548
vn 0.4579 -0.7870 -0.4135
vn 0.7128 0.3868 -0.5850
vn -0.0137 -0.6460 0.7632
vn 0.0170 0.6420 0.7665
vn 0.0562 0.9984 -0.0085
vn -0.0044 -0.9999 0.0093
vn -0.0053 -0.9969 0.0787
vn 0.0516 0.9961 -0.0723
vn 0.3484 -0.6229 0.7005
vn 0.4410 0.6616 0.6064
vn -0.1813 -0.9834 0.0066
vn -0.2156 -0.9765 0.0050
vn 0.2183 0.9759 -0.0060
vn 0.2478 0.9687 -0.0117
vn -0.0855 0.9963 -0.0106
vn -0.1692 0.9849 -0.0357
vn -0.2802 -0.6354 0.7195
vn -0.3704 0.6593 0.6543
vn 0.1273 -0.9918 0.0111
vn 0.1703 -0.9847 0.0368
vn -0.5463 -0.7471 -0.3787
vn 0.5368 -0.7899 -0.2965
vn -0.8204 0.4112 -0.3973
vn 0.8732 0.4118 -0.2607
vn -0.5162 -0.7971 0.3134
vn -0.7470 0.4066 0.5260
vn 0.4456 -0.7790 0.4411
vn 0.6958 0.3979 0.5979
vn 0.0080 -0.6602 -0.7511
vn 0.0393 0.6276 -0.7776
vn -0.0033 -0.9982 -0.0602
vn 0.0497 0.9972 0.0551
vn 0.3682 -0.6358 -0.6784
vn 0.4584 0.6503 -0.6058
vn -0.2156 -0.9765 0.0071
vn 0.2477 0.9688 0.0007
vn -0.1699 0.9854 0.0124
vn -0.2596 -0.6488 -0.7153
vn -0.3512 0.6469 -0.6769
vn 0.1710 -0.9852 -0.0135
vt 0.000000 0.250000
vt 0.000000 0.000000
vt 0.750000 0.000000
vt 1.000000 0.000000
vt 1.000000 0.250000
vt 1.000000 0.500000
vt 0.750000 0.250000
vt 0.750000 0.500000
vt 0.000000 0.500000
vt 0.250000 0.000000
vt 0.500000 0.000000
vt 0.500000 0.250000
vt 0.250000 0.250000
vt 0.250000 0.000000
vt 0.250000 0.250000
vt 0.250000 0.500000
vt 0.500000 0.500000
s 1
f 553/524/553 545/525/545 547/525/547 554/524/554
f 563/526/563 546/527/546 548/527/548 564/526/564
f 555/528/555 550/529/550 552/529/552 556/528/556
f 568/530/568 556/528/556 552/529/552 567/531/567
f 566/530/566 565/531/565 550/529/550 555/528/555
f 563/526/563 566/530/566 555/528/555 546/527/546
f 564/526/564 548/527/548 556/528/556 568/530/568
f 546/527/546 555/528/555 556/528/556 548/527/548
f 549/532/549 553/524/553 554/524/554 551/532/551
f 572/533/572 558/534/558 562/535/562 570/536/570
f 571/537/571 574/538/574 561/535/561 557/534/557
f 574/538/574 573/539/573 560/540/560 561/535/561
f 570/536/570 562/535/562 559/540/559 569/539/569
f 571/537/571 557/534/557 558/534/558 572/533/572
f 558/534/558 564/526/564 568/530/568 562/535/562
f 557/534/557 561/535/561 566/530/566 563/526/563
f 561/535/561 560/540/560 565/531/565 566/530/566
f 562/535/562 568/530/568 567/531/567 559/540/559
f 557/534/557 563/526/563 564/526/564 558/534/558
f 545/525/545 571/537/571 572/533/572 547/525/547
f 554/524/554 570/536/570 569/539/569 551/532/551
f 553/524/553 549/532/549 573/539/573 574/538/574
f 545/525/545 553/524/553 574/538/574 571/537/571
f 547/525/547 572/533/572 570/536/570 554/524/554
f 579/524/579 580/524/580 577/525/577 575/525/575
f 587/526/587 588/526/588 578/527/578 576/527/576
f 581/528/581 582/528/582 552/529/552 550/529/550
f 590/530/590 567/531/567 552/529/552 582/528/582
f 589/530/589 581/528/581 550/529/550 565/531/565
f 587/526/587 576/527/576 581/528/581 589/530/589
f 588/526/588 590/530/590 582/528/582 578/527/578
f 576/527/576 578/527/578 582/528/582 581/528/581
f 549/532/549 551/532/551 580/524/580 579/524/579
f 593/533/593 591/536/591 586/535/586 584/534/584
f 592/537/592 583/534/583 585/535/585 594/538/594
f 594/538/594 585/535/585 560/540/560 573/539/573
f 591/536/591 569/539/569 559/540/559 586/535/586
f 592/537/592 593/533/593 584/534/584 583/534/583
f 584/534/584 586/535/586 590/530/590 588/526/588
f 583/534/583 587/526/587 589/530/589 585/535/585
f 585/535/585 589/530/589 565/531/565 560/540/560
f 586/535/586 559/540/559 567/531/567 590/530/590
f 583/534/583 584/534/584 588/526/588 587/526/587
f 575/525/575 577/525/577 593/533/593 592/537/592
f 580/524/580 551/532/551 569/539/569 591/536/591
f 579/524/579 594/538/594 573/539/573 549/532/549
f 575/525/575 592/537/592 594/538/594 579/524/579
f 577/525/577 580/524/580 591/536/591 593/533/593
o Plane.001
v 0.047189 6.779979 1.340180
v 0.134497 6.734620 0.536934
v 0.047189 6.803531 1.340180
v 0.134497 6.738557 0.536934
v -0.113821 6.839739 1.249650
v 0.069330 6.849547 0.617877
v -0.113821 6.863291 1.249650
v 0.069330 6.853484 0.617877
v -0.110754 6.779979 1.294393
v -0.110754 6.803531 1.294393
v 0.108095 6.734620 0.529280
v 0.108095 6.738557 0.529280
v 0.336067 6.866598 1.037638
v 0.336067 6.890151 1.037638
v -0.022246 6.863291 0.933764
v -0.022246 6.839739 0.933764
v 0.156903 6.866598 0.985699
v 0.157492 6.892375 0.988441
v 0.339429 6.866598 0.867396
v 0.339429 6.890151 0.867396
v 0.023542 6.839739 0.775820
v 0.181486 6.866598 0.821608
v 0.023542 6.863291 0.775820
v 0.181486 6.890151 0.821608
v -0.068033 6.863291 1.091707
v 0.090129 6.922915 1.138844
v 0.247853 6.866598 1.183283
v 0.247853 6.890151 1.183283
v -0.068033 6.839739 1.091707
v 0.089910 6.866598 1.137495
v -0.298287 6.779979 1.240027
v 0.057559 6.734620 0.514629
v -0.298287 6.803531 1.240027
v 0.057559 6.738557 0.514629
v -0.140343 6.779979 1.285815
v -0.140343 6.803531 1.285815
v 0.083962 6.734620 0.522283
v 0.083962 6.738557 0.522283
v -0.380559 6.866598 0.829889
v -0.380559 6.890151 0.829889
v -0.201395 6.866598 0.881828
v -0.203359 6.892375 0.883831
v -0.292345 6.866598 0.684244
v -0.292345 6.890151 0.684244
v -0.134401 6.866598 0.730032
v -0.134401 6.890151 0.730032
v -0.226883 6.922915 1.046942
v -0.383920 6.866598 1.000131
v -0.383920 6.890151 1.000131
v -0.225977 6.866598 1.045919
vn 0.2101 -0.7459 0.6321
vn 0.4484 -0.7848 -0.4278
vn 0.1361 0.4113 0.9013
vn 0.5003 0.4180 -0.7583
vn -0.0366 -0.9913 0.1264
vn -0.0624 -0.9745 0.2153
vn -0.1036 0.9282 0.3575
vn 0.1268 0.8903 -0.4374
vn -0.4425 -0.8022 0.4009
vn -0.7254 0.3984 0.5613
vn -0.2837 -0.7811 -0.5562
vn -0.3725 0.3953 -0.8396
vn 0.7273 -0.6531 0.2109
vn 0.7487 0.6349 0.1906
vn 0.0144 0.9987 -0.0498
vn -0.0000 -1.0000 -0.0000
vn 0.0667 -0.9976 0.0193
vn -0.0483 0.9969 -0.0622
vn 0.7628 -0.6279 -0.1548
vn 0.7067 0.6579 -0.2604
vn -0.0493 -0.9842 0.1700
vn -0.0598 -0.9774 0.2027
vn 0.0596 0.9768 -0.2056
vn 0.0618 0.9699 -0.2356
vn -0.0250 0.9960 0.0863
vn -0.0715 0.9845 0.1602
vn 0.6148 -0.6433 0.4564
vn 0.5381 0.6516 0.5346
vn 0.0366 -0.9913 -0.1264
vn 0.0729 -0.9842 -0.1611
vn -0.5156 -0.7459 0.4217
vn -0.1501 -0.7848 -0.6013
vn -0.5970 0.4113 0.6888
vn -0.0172 0.4180 -0.9083
vn 0.1595 -0.8022 0.5754
vn 0.3127 0.3984 0.8623
vn 0.5372 -0.7811 -0.3182
vn 0.7638 0.3953 -0.5102
vn -0.7273 -0.6531 -0.2109
vn -0.7345 0.6349 -0.2394
vn -0.0667 -0.9976 -0.0193
vn 0.0741 0.9969 -0.0267
vn -0.5617 -0.6279 -0.5388
vn -0.4578 0.6579 -0.5980
vn -0.0578 -0.9774 0.2033
vn 0.0738 0.9699 -0.2322
vn -0.0253 0.9845 0.1736
vn -0.7635 -0.6433 0.0568
vn -0.7407 0.6516 0.1639
vn 0.0246 -0.9842 -0.1751
vt 0.000000 0.250000
vt 0.000000 0.000000
vt 0.750000 0.000000
vt 1.000000 0.000000
vt 1.000000 0.250000
vt 1.000000 0.500000
vt 0.750000 0.250000
vt 0.750000 0.500000
vt 0.000000 0.500000
vt 0.250000 0.000000
vt 0.500000 0.000000
vt 0.500000 0.250000
vt 0.250000 0.250000
vt 0.250000 0.000000
vt 0.250000 0.250000
vt 0.250000 0.500000
vt 0.500000 0.500000
s 1
f 603/541/603 595/542/595 597/542/597 604/541/604
f 613/543/613 596/544/596 598/544/598 614/543/614
f 605/545/605 600/546/600 602/546/602 606/545/606
f 618/547/618 606/545/606 602/546/602 617/548/617
f 616/547/616 615/548/615 600/546/600 605/545/605
f 613/543/613 616/547/616 605/545/605 596/544/596
f 614/543/614 598/544/598 606/545/606 618/547/618
f 596/544/596 605/545/605 606/545/606 598/544/598
f 599/549/599 603/541/603 604/541/604 601/549/601
f 622/550/622 608/551/608 612/552/612 620/553/620
f 621/554/621 624/555/624 611/552/611 607/551/607
f 624/555/624 623/556/623 610/557/610 611/552/611
f 620/553/620 612/552/612 609/557/609 619/556/619
f 621/554/621 607/551/607 608/551/608 622/550/622
f 608/551/608 614/543/614 618/547/618 612/552/612
f 607/551/607 611/552/611 616/547/616 613/543/613
f 611/552/611 610/557/610 615/548/615 616/547/616
f 612/552/612 618/547/618 617/548/617 609/557/609
f 607/551/607 613/543/613 614/543/614 608/551/608
f 595/542/595 621/554/621 622/550/622 597/542/597
f 604/541/604 620/553/620 619/556/619 601/549/601
f 603/541/603 599/549/599 623/556/623 624/555/624
f 595/542/595 603/541/603 624/555/624 621/554/621
f 597/542/597 622/550/622 620/553/620 604/541/604
f 629/541/629 630/541/630 627/542/627 625/542/625
f 637/543/637 638/543/638 628/544/628 626/544/626
f 631/545/631 632/545/632 602/546/602 600/546/600
f 640/547/640 617/548/617 602/546/602 632/545/632
f 639/547/639 631/545/631 600/546/600 615/548/615
f 637/543/637 626/544/626 631/545/631 639/547/639
f 638/543/638 640/547/640 632/545/632 628/544/628
f 626/544/626 628/544/628 632/545/632 631/545/631
f 599/549/599 601/549/601 630/541/630 629/541/629
f 643/550/643 641/553/641 636/552/636 634/551/634
f 642/554/642 633/551/633 635/552/635 644/555/644
f 644/555/644 635/552/635 610/557/610 623/556/623
f 641/553/641 619/556/619 609/557/609 636/552/636
f 642/554/642 643/550/643 634/551/634 633/551/633
f 634/551/634 636/552/636 640/547/640 638/543/638
f 633/551/633 637/543/637 639/547/639 635/552/635
f 635/552/635 639/547/639 615/548/615 610/557/610
f 636/552/636 609/557/609 617/548/617 640/547/640
f 633/551/633 634/551/634 638/543/638 637/543/637
f 625/542/625 627/542/627 643/550/643 642/554/642
f 630/541/630 601/549/601 619/556/619 641/553/641
f 629/541/629 644/555/644 623/556/623 599/549/599
f 625/542/625 642/554/642 644/555/644 629/541/629
f 627/542/627 630/541/630 641/553/641 643/550/643
o Plane.002
v -0.389387 6.818983 -0.464875
v 0.078674 6.773623 0.193720
v -0.389387 6.842535 -0.464875
v 0.078674 6.777561 0.193720
v -0.208882 6.878743 -0.504091
v 0.073657 6.888550 0.089925
v -0.208882 6.902295 -0.504091
v 0.073657 6.892487 0.089925
v -0.240884 6.818983 -0.535510
v -0.240884 6.842535 -0.535510
v 0.103498 6.773623 0.181912
v 0.103498 6.777561 0.181912
v -0.404510 6.905602 -0.046840
v -0.404510 6.929154 -0.046840
v -0.067612 6.902295 -0.207083
v -0.067612 6.878743 -0.207083
v -0.236054 6.905602 -0.126965
v -0.238315 6.931378 -0.128625
v -0.293985 6.905602 0.082691
v -0.293985 6.929154 0.082691
v 0.003022 6.878743 -0.058579
v -0.145481 6.905602 0.012056
v 0.003022 6.902295 -0.058579
v -0.145481 6.929154 0.012056
v -0.138247 6.902295 -0.355587
v -0.287811 6.961918 -0.285816
v -0.435255 6.905602 -0.214317
v -0.435255 6.929154 -0.214317
v -0.138247 6.878743 -0.355587
v -0.286751 6.905602 -0.284952
v -0.064559 6.818983 -0.619377
v 0.151014 6.773623 0.159312
v -0.064559 6.842535 -0.619377
v 0.151014 6.777561 0.159312
v -0.213063 6.818983 -0.548742
v -0.213063 6.842535 -0.548742
v 0.126189 6.773623 0.171119
v 0.126189 6.777561 0.171119
v 0.269286 6.905602 -0.367326
v 0.269286 6.929154 -0.367326
v 0.100829 6.905602 -0.287201
v 0.100968 6.931378 -0.290003
v 0.300030 6.905602 -0.199849
v 0.300030 6.929154 -0.199849
v 0.151526 6.905602 -0.129214
v 0.151526 6.929154 -0.129214
v 0.010255 6.961918 -0.427589
v 0.158760 6.905602 -0.496856
v 0.158760 6.929154 -0.496856
v 0.010257 6.905602 -0.426222
vn -0.5768 -0.7459 -0.3331
vn -0.0513 -0.7848 0.6177
vn -0.7002 0.4113 -0.5836
vn 0.1294 0.4180 0.8992
vn -0.0565 -0.9913 -0.1188
vn -0.0963 -0.9745 -0.2025
vn -0.1599 0.9282 -0.3361
vn 0.1956 0.8903 0.4113
vn 0.0647 -0.8022 -0.5935
vn 0.1697 0.3984 -0.9014
vn 0.5815 -0.7811 0.2275
vn 0.8360 0.3953 0.3805
vn -0.6839 -0.6531 0.3253
vn -0.6864 0.6349 0.3546
vn 0.0223 0.9987 0.0468
vn -0.0000 -1.0000 -0.0000
vn -0.0627 -0.9976 0.0298
vn 0.0774 0.9969 0.0145
vn -0.4676 -0.6279 0.6222
vn -0.3555 0.6579 0.6639
vn -0.0760 -0.9842 -0.1599
vn -0.0898 -0.9774 -0.1913
vn 0.0919 0.9768 0.1933
vn 0.1102 0.9699 0.2173
vn -0.0386 0.9960 -0.0812
vn -0.0529 0.9845 -0.1673
vn -0.7627 -0.6433 0.0670
vn -0.7574 0.6516 -0.0425
vn 0.0565 -0.9913 0.1189
vn 0.0524 -0.9842 0.1688
vn 0.1055 -0.7459 -0.6577
vn 0.5115 -0.7848 0.3500
vn -0.0109 0.4113 -0.9114
vn 0.6159 0.4180 0.6678
vn -0.5013 -0.8022 -0.3243
vn -0.8064 0.3984 -0.4371
vn -0.1904 -0.7811 0.5947
vn -0.2324 0.3953 0.8886
vn 0.6839 -0.6531 -0.3253
vn 0.7082 0.6349 -0.3087
vn 0.0627 -0.9976 -0.0298
vn -0.0376 0.9969 0.0692
vn 0.7778 -0.6279 0.0299
vn 0.7394 0.6579 0.1432
vn -0.0917 -0.9774 -0.1904
vn 0.0990 0.9699 0.2226
vn -0.0964 0.9845 -0.1466
vn 0.5332 -0.6433 -0.5494
vn 0.4450 0.6516 -0.6144
vn 0.0979 -0.9842 0.1472
vt 0.000000 0.250000
vt 0.000000 0.000000
vt 0.750000 0.000000
vt 1.000000 0.000000
vt 1.000000 0.250000
vt 1.000000 0.500000
vt 0.750000 0.250000
vt 0.750000 0.500000
vt 0.000000 0.500000
vt 0.250000 0.000000
vt 0.500000 0.000000
vt 0.500000 0.250000
vt 0.250000 0.250000
vt 0.250000 0.000000
vt 0.250000 0.250000
vt 0.250000 0.500000
vt 0.500000 0.500000
s 1
f 653/558/653 645/559/645 647/559/647 654/558/654
f 663/560/663 646/561/646 648/561/648 664/560/664
f 655/562/655 650/563/650 652/563/652 656/562/656
f 668/564/668 656/562/656 652/563/652 667/565/667
f 666/564/666 665/565/665 650/563/650 655/562/655
f 663/560/663 666/564/666 655/562/655 646/561/646
f 664/560/664 648/561/648 656/562/656 668/564/668
f 646/561/646 655/562/655 656/562/656 648/561/648
f 649/566/649 653/558/653 654/558/654 651/566/651
f 672/567/672 658/568/658 662/569/662 670/570/670
f 671/571/671 674/572/674 661/569/661 657/568/657
f 674/572/674 673/573/673 660/574/660 661/569/661
f 670/570/670 662/569/662 659/574/659 669/573/669
f 671/571/671 657/568/657 658/568/658 672/567/672
f 658/568/658 664/560/664 668/564/668 662/569/662
f 657/568/657 661/569/661 666/564/666 663/560/663
f 661/569/661 660/574/660 665/565/665 666/564/666
f 662/569/662 668/564/668 667/565/667 659/574/659
f 657/568/657 663/560/663 664/560/664 658/568/658
f 645/559/645 671/571/671 672/567/672 647/559/647
f 654/558/654 670/570/670 669/573/669 651/566/651
f 653/558/653 649/566/649 673/573/673 674/572/674
f 645/559/645 653/558/653 674/572/674 671/571/671
f 647/559/647 672/567/672 670/570/670 654/558/654
f 679/558/679 680/558/680 677/559/677 675/559/675
f 687/560/687 688/560/688 678/561/678 676/561/676
f 681/562/681 682/562/682 652/563/652 650/563/650
f 690/564/690 667/565/667 652/563/652 682/562/682
f 689/564/689 681/562/681 650/563/650 665/565/665
f 687/560/687 676/561/676 681/562/681 689/564/689
f 688/560/688 690/564/690 682/562/682 678/561/678
f 676/561/676 678/561/678 682/562/682 681/562/681
f 649/566/649 651/566/651 680/558/680 679/558/679
f 693/567/693 691/570/691 686/569/686 684/568/684
f 692/571/692 683/568/683 685/569/685 694/572/694
f 694/572/694 685/569/685 660/574/660 673/573/673
f 691/570/691 669/573/669 659/574/659 686/569/686
f 692/571/692 693/567/693 684/568/684 683/568/683
f 684/568/684 686/569/686 690/564/690 688/560/688
f 683/568/683 687/560/687 689/564/689 685/569/685
f 685/569/685 689/564/689 665/565/665 660/574/660
f 686/569/686 659/574/659 667/565/667 690/564/690
f 683/568/683 684/568/684 688/560/688 687/560/687
f 675/559/675 677/559/677 693/567/693 692/571/692
f 680/558/680 651/566/651 669/573/669 691/570/691
f 679/558/679 694/572/694 673/573/673 649/566/649
f 675/559/675 692/571/692 694/572/694 679/558/679
f 677/559/677 680/558/680 691/570/691 693/567/693
o Plane.003
v 1.021673 6.807375 0.714939
v 0.268209 6.758974 0.423676
v 1.021373 6.830920 0.715470
v 0.268159 6.762909 0.423765
v 0.892179 6.862487 0.848675
v 0.328295 6.872756 0.509988
v 0.891879 6.886031 0.849206
v 0.328245 6.876692 0.510077
v 0.936972 6.803116 0.855830
v 0.936672 6.826660 0.856361
v 0.254050 6.758262 0.447228
v 0.254000 6.762197 0.447317
v 0.802111 6.899232 0.360200
v 0.801811 6.922777 0.360731
v 0.609999 6.886264 0.679752
v 0.610299 6.862720 0.679221
v 0.706030 6.894401 0.520020
v 0.708504 6.920201 0.520736
v 0.638420 6.898205 0.313318
v 0.638120 6.921749 0.313849
v 0.469360 6.862836 0.594494
v 0.553719 6.893945 0.454209
v 0.469060 6.886380 0.595025
v 0.553419 6.917490 0.454740
v 0.750939 6.886147 0.764479
v 0.836241 6.950025 0.625068
v 0.920299 6.897972 0.482772
v 0.919999 6.921516 0.483303
v 0.751239 6.862603 0.763948
v 0.835598 6.893713 0.623663
v 0.836403 6.798059 1.023115
v 0.226949 6.756899 0.492308
v 0.836103 6.821603 1.023646
v 0.226899 6.760835 0.492396
v 0.921104 6.802318 0.882224
v 0.920804 6.825862 0.882755
v 0.241108 6.757611 0.468756
v 0.241058 6.761547 0.468845
v 0.417803 6.879907 0.999454
v 0.417503 6.903451 0.999985
v 0.513884 6.884738 0.839634
v 0.514989 6.910470 0.842627
v 0.299615 6.881167 0.876882
v 0.299315 6.904711 0.877413
v 0.384317 6.885427 0.735991
v 0.384016 6.908971 0.736522
v 0.666236 6.941475 0.907853
v 0.581495 6.880934 1.046336
v 0.581195 6.904479 1.046867
v 0.666196 6.885194 0.905445
vn 0.6742 -0.7362 -0.0579
vn -0.2887 -0.7761 -0.5607
vn 0.9008 0.4205 0.1088
vn -0.6102 0.4254 -0.6684
vn 0.1254 -0.9911 0.0454
vn 0.2046 -0.9744 0.0935
vn 0.3072 0.9276 0.2127
vn -0.4017 0.8903 -0.2146
vn 0.2844 -0.8104 0.5122
vn 0.3517 0.3837 0.8538
vn -0.6003 -0.7916 0.1140
vn -0.9120 0.3804 0.1537
vn 0.3984 -0.6333 -0.6635
vn 0.3679 0.6548 -0.6603
vn -0.0572 0.9984 -0.0042
vn 0.0127 -0.9997 -0.0226
vn 0.0485 -0.9955 -0.0820
vn -0.0852 0.9949 0.0532
vn 0.0537 -0.6095 -0.7909
vn -0.0792 0.6737 -0.7348
vn 0.1643 -0.9840 0.0690
vn 0.1930 -0.9773 0.0877
vn -0.1959 0.9766 -0.0882
vn -0.2243 0.9696 -0.0983
vn 0.0644 0.9956 0.0688
vn 0.1240 0.9834 0.1324
vn 0.6067 -0.6247 -0.4916
vn 0.6463 0.6684 -0.3683
vn -0.1002 -0.9909 -0.0902
vn -0.1245 -0.9831 -0.1339
vn 0.2851 -0.7558 0.5895
vn -0.6097 -0.7922 -0.0268
vn 0.5076 0.4007 0.7627
vn -0.8877 0.4115 -0.2068
vn 0.6072 -0.7942 -0.0247
vn 0.9084 0.4117 -0.0722
vn -0.1601 -0.7694 -0.6183
vn -0.3026 0.4110 -0.8599
vn -0.3817 -0.6725 0.6341
vn -0.4275 0.6148 0.6628
vn -0.0231 -0.9990 0.0370
vn -0.0196 0.9982 -0.0559
vn -0.6566 -0.6452 0.3905
vn -0.7036 0.6423 0.3040
vn 0.1941 -0.9772 0.0859
vn -0.2179 0.9699 -0.1089
vn 0.1488 0.9847 0.0912
vn -0.1324 -0.6618 0.7379
vn -0.0395 0.6339 0.7724
vn -0.1504 -0.9844 -0.0908
vt 0.000000 0.250000
vt 0.000000 0.000000
vt 0.750000 0.000000
vt 1.000000 0.000000
vt 1.000000 0.250000
vt 1.000000 0.500000
vt 0.750000 0.250000
vt 0.750000 0.500000
vt 0.000000 0.500000
vt 0.250000 0.000000
vt 0.500000 0.000000
vt 0.500000 0.250000
vt 0.250000 0.250000
vt 0.250000 0.000000
vt 0.250000 0.250000
vt 0.250000 0.500000
vt 0.500000 0.500000
s 1
f 703/575/703 695/576/695 697/576/697 704/575/704
f 713/577/713 696/578/696 698/578/698 714/577/714
f 705/579/705 700/580/700 702/580/702 706/579/706
f 718/581/718 706/579/706 702/580/702 717/582/717
f 716/581/716 715/582/715 700/580/700 705/579/705
f 713/577/713 716/581/716 705/579/705 696/578/696
f 714/577/714 698/578/698 706/579/706 718/581/718
f 696/578/696 705/579/705 706/579/706 698/578/698
f 699/583/699 703/575/703 704/575/704 701/583/701
f 722/584/722 708/585/708 712/586/712 720/587/720
f 721/588/721 724/589/724 711/586/711 707/585/707
f 724/589/724 723/590/723 710/591/710 711/586/711
f 720/587/720 712/586/712 709/591/709 719/590/719
f 721/588/721 707/585/707 708/585/708 722/584/722
f 708/585/708 714/577/714 718/581/718 712/586/712
f 707/585/707 711/586/711 716/581/716 713/577/713
f 711/586/711 710/591/710 715/582/715 716/581/716
f 712/586/712 718/581/718 717/582/717 709/591/709
f 707/585/707 713/577/713 714/577/714 708/585/708
f 695/576/695 721/588/721 722/584/722 697/576/697
f 704/575/704 720/587/720 719/590/719 701/583/701
f 703/575/703 699/583/699 723/590/723 724/589/724
f 695/576/695 703/575/703 724/589/724 721/588/721
f 697/576/697 722/584/722 720/587/720 704/575/704
f 729/575/729 730/575/730 727/576/727 725/576/725
f 737/577/737 738/577/738 728/578/728 726/578/726
f 731/579/731 732/579/732 702/580/702 700/580/700
f 740/581/740 717/582/717 702/580/702 732/579/732
f 739/581/739 731/579/731 700/580/700 715/582/715
f 737/577/737 726/578/726 731/579/731 739/581/739
f 738/577/738 740/581/740 732/579/732 728/578/728
f 726/578/726 728/578/728 732/579/732 731/579/731
f 699/583/699 701/583/701 730/575/730 729/575/729
f 743/584/743 741/587/741 736/586/736 734/585/734
f 742/588/742 733/585/733 735/586/735 744/589/744
f 744/589/744 735/586/735 710/591/710 723/590/723
f 741/587/741 719/590/719 709/591/709 736/586/736
f 742/588/742 743/584/743 734/585/734 733/585/733
f 734/585/734 736/586/736 740/581/740 738/577/738
f 733/585/733 737/577/737 739/581/739 735/586/735
f 735/586/735 739/581/739 715/582/715 710/591/710
f 736/586/736 709/591/709 717/582/717 740/581/740
f 733/585/733 734/585/734 738/577/738 737/577/737
f 725/576/725 727/576/727 743/584/743 742/588/742
f 730/575/730 701/583/701 719/590/719 741/587/741
f 729/575/729 744/589/744 723/590/723 699/583/699
f 725/576/725 742/588/742 744/589/744 729/575/729
f 727/576/727 730/575/730 741/587/741 743/584/743
o Plane.004
v 0.785197 6.820333 -0.386757
v 0.228392 6.774974 0.198730
v 0.785197 6.843885 -0.386757
v 0.228392 6.778911 0.198730
v 0.858244 6.880093 -0.217098
v 0.329307 6.889901 0.173936
v 0.858244 6.903645 -0.217098
v 0.329307 6.893837 0.173936
v 0.882956 6.820333 -0.254523
v 0.882956 6.843885 -0.254523
v 0.244734 6.774974 0.220835
v 0.244734 6.778911 0.220835
v 0.371999 6.906952 -0.321570
v 0.371999 6.930504 -0.321570
v 0.593776 6.903645 -0.021581
v 0.593776 6.880093 -0.021581
v 0.482892 6.906952 -0.171570
v 0.484088 6.932728 -0.174107
v 0.266024 6.906952 -0.188292
v 0.266024 6.930504 -0.188292
v 0.461541 6.880093 0.076177
v 0.363783 6.906952 -0.056057
v 0.461541 6.903645 0.076177
v 0.363783 6.930504 -0.056057
v 0.726010 6.903645 -0.119340
v 0.628896 6.963268 -0.252780
v 0.530493 6.906952 -0.383809
v 0.530493 6.930504 -0.383809
v 0.726010 6.880093 -0.119340
v 0.628251 6.906952 -0.251574
v 0.999028 6.820333 -0.097516
v 0.276013 6.774974 0.263145
v 0.999028 6.843885 -0.097516
v 0.276013 6.778911 0.263145
v 0.901270 6.820333 -0.229750
v 0.901270 6.843885 -0.229750
v 0.259671 6.774974 0.241040
v 0.259671 6.778911 0.241040
v 0.815552 6.906952 0.278408
v 0.815552 6.930504 0.278408
v 0.704659 6.906952 0.128407
v 0.707435 6.932728 0.128007
v 0.657058 6.906952 0.340646
v 0.657058 6.930504 0.340646
v 0.559300 6.906952 0.208411
v 0.559300 6.930504 0.208411
v 0.825110 6.963268 0.012631
v 0.921527 6.906952 0.145129
v 0.921527 6.930504 0.145129
v 0.823768 6.906952 0.012894
vn 0.2165 -0.7459 -0.6299
vn -0.6160 -0.7848 0.0679
vn 0.4388 0.4113 -0.7990
vn -0.8578 0.4180 0.2992
vn 0.1058 -0.9913 -0.0782
vn 0.1803 -0.9745 -0.1333
vn 0.2993 0.9282 -0.2213
vn -0.3662 0.8903 0.2707
vn 0.5950 -0.8022 -0.0501
vn 0.9172 0.3984 -0.0060
vn -0.1120 -0.7811 0.6143
vn -0.2134 0.3953 0.8934
vn -0.4502 -0.6531 -0.6089
vn -0.4794 0.6349 -0.6058
vn -0.0417 0.9987 0.0308
vn -0.0000 -1.0000 -0.0000
vn -0.0413 -0.9976 -0.0558
vn 0.0006 0.9969 0.0787
vn -0.7002 -0.6279 -0.3398
vn -0.7197 0.6579 -0.2218
vn 0.1424 -0.9842 -0.1052
vn 0.1706 -0.9774 -0.1248
vn -0.1721 0.9768 0.1273
vn -0.1921 0.9699 0.1498
vn 0.0723 0.9960 -0.0534
vn 0.1541 0.9845 -0.0840
vn -0.2117 -0.6433 -0.7358
vn -0.1033 0.6516 -0.7515
vn -0.1058 -0.9913 0.0782
vn -0.1557 -0.9842 0.0838
vn 0.6657 -0.7459 -0.0223
vn -0.2456 -0.7848 0.5690
vn 0.8925 0.4113 -0.1852
vn -0.5375 0.4180 0.7324
vn 0.2224 -0.8022 -0.5541
vn 0.2746 0.3984 -0.8751
vn -0.6201 -0.7811 -0.0730
vn -0.9167 0.3953 -0.0580
vn 0.4502 -0.6531 0.6089
vn 0.4386 0.6349 0.6360
vn 0.0413 -0.9976 0.0558
vn -0.0751 0.9969 -0.0237
vn 0.1195 -0.6279 0.7691
vn 0.0010 0.6579 0.7531
vn 0.1693 -0.9774 -0.1265
vn -0.1995 0.9699 0.1398
vn 0.1255 0.9845 -0.1227
vn 0.6414 -0.6433 0.4182
vn 0.6882 0.6516 0.3191
vn -0.1258 -0.9842 0.1243
vt 0.000000 0.250000
vt 0.000000 0.000000
vt 0.750000 0.000000
vt 1.000000 0.000000
vt 1.000000 0.250000
vt 1.000000 0.500000
vt 0.750000 0.250000
vt 0.750000 0.500000
vt 0.000000 0.500000
vt 0.250000 0.000000
vt 0.500000 0.000000
vt 0.500000 0.250000
vt 0.250000 0.250000
vt 0.250000 0.000000
vt 0.250000 0.250000
vt 0.250000 0.500000
vt 0.500000 0.500000
s 1
f 753/592/753 745/593/745 747/593/747 754/592/754
f 763/594/763 746/595/746 748/595/748 764/594/764
f 755/596/755 750/597/750 752/597/752 756/596/756
f 768/598/768 756/596/756 752/597/752 767/599/767
f 766/598/766 765/599/765 750/597/750 755/596/755
f 763/594/763 766/598/766 755/596/755 746/595/746
f 764/594/764 748/595/748 756/596/756 768/598/768
f 746/595/746 755/596/755 756/596/756 748/595/748
f 749/600/749 753/592/753 754/592/754 751/600/751
f 772/601/772 758/602/758 762/603/762 770/604/770
f 771/605/771 774/606/774 761/603/761 757/602/757
f 774/606/774 773/607/773 760/608/760 761/603/761
f 770/604/770 762/603/762 759/608/759 769/607/769
f 771/605/771 757/602/757 758/602/758 772/601/772
f 758/602/758 764/594/764 768/598/768 762/603/762
f 757/602/757 761/603/761 766/598/766 763/594/763
f 761/603/761 760/608/760 765/599/765 766/598/766
f 762/603/762 768/598/768 767/599/767 759/608/759
f 757/602/757 763/594/763 764/594/764 758/602/758
f 745/593/745 771/605/771 772/601/772 747/593/747
f 754/592/754 770/604/770 769/607/769 751/600/751
f 753/592/753 749/600/749 773/607/773 774/606/774
f 745/593/745 753/592/753 774/606/774 771/605/771
f 747/593/747 772/601/772 770/604/770 754/592/754
f 779/592/779 780/592/780 777/593/777 775/593/775
f 787/594/787 788/594/788 778/595/778 776/595/776
f 781/596/781 782/596/782 752/597/752 750/597/750
f 790/598/790 767/599/767 752/597/752 782/596/782
f 789/598/789 781/596/781 750/597/750 765/599/765
f 787/594/787 776/595/776 781/596/781 789/598/789
f 788/594/788 790/598/790 782/596/782 778/595/778
f 776/595/776 778/595/778 782/596/782 781/596/781
f 749/600/749 751/600/751 780/592/780 779/592/779
f 793/601/793 791/604/791 786/603/786 784/602/784
f 792/605/792 783/602/783 785/603/785 794/606/794
f 794/606/794 785/603/785 760/608/760 773/607/773
f 791/604/791 769/607/769 759/608/759 786/603/786
f 792/605/792 793/601/793 784/602/784 783/602/783
f 784/602/784 786/603/786 790/598/790 788/594/788
f 783/602/783 787/594/787 789/598/789 785/603/785
f 785/603/785 789/598/789 765/599/765 760/608/760
f 786/603/786 759/608/759 767/599/767 790/598/790
f 783/602/783 784/602/784 788/594/788 787/594/787
f 775/593/775 777/593/777 793/601/793 792/605/792
f 780/592/780 751/600/751 769/607/769 791/604/791
f 779/592/779 794/606/794 773/607/773 749/600/749
f 775/593/775 792/605/792 794/606/794 779/592/779
f 777/593/777 780/592/780 791/604/791 793/601/793
o Cube
v -0.034496 6.828900 0.508185
v -0.034496 6.945648 0.508185
v -0.034496 6.828900 0.160863
v -0.034496 6.945648 0.160863
v 0.312825 6.828900 0.508185
v 0.312825 6.945648 0.508185
v 0.312825 6.828900 0.160863
v 0.312825 6.945648 0.160863
v -0.072552 6.816109 0.334524
v -0.072552 6.887274 0.546240
v -0.072552 6.958440 0.334524
v -0.072552 6.887274 0.122808
v 0.139164 6.816109 0.122808
v 0.139164 6.958440 0.122808
v 0.350880 6.887274 0.122808
v 0.350880 6.816109 0.334524
v 0.350880 6.958440 0.334524
v 0.350880 6.887274 0.546240
v 0.139164 6.816109 0.546240
v 0.139164 6.958440 0.546240
v -0.152414 6.887274 0.334524
v 0.139164 6.887274 0.042946
v 0.430743 6.887274 0.334524
v 0.139164 6.887274 0.626102
v 0.139164 6.789264 0.334524
v 0.139164 6.985284 0.334524
vn -0.3036 -0.9031 0.3036
vn -0.3036 0.9031 0.3036
vn -0.3036 -0.9031 -0.3036
vn -0.3036 0.9031 -0.3036
vn 0.3036 -0.9031 0.3036
vn 0.3036 0.9031 0.3036
vn 0.3036 -0.9031 -0.3036
vn 0.3036 0.9031 -0.3036
vn -0.3186 -0.9479 -0.0000
vn -0.7071 -0.0000 0.7071
vn -0.3186 0.9479 -0.0000
vn -0.7071 -0.0000 -0.7071
vn -0.0000 -0.9479 -0.3186
vn -0.0000 0.9479 -0.3186
vn 0.7071 -0.0000 -0.7071
vn 0.3186 -0.9479 -0.0000
vn 0.3186 0.9479 -0.0000
vn 0.7071 -0.0000 0.7071
vn -0.0000 -0.9479 0.3186
vn -0.0000 0.9479 0.3186
vn -1.0000 -0.0000 -0.0000
vn -0.0000 -0.0000 -1.0000
vn 1.0000 -0.0000 -0.0000
vn -0.0000 -0.0000 1.0000
vn -0.0000 -1.0000 -0.0000
vn -0.0000 1.0000 -0.0000
vt 0.375000 0.000000
vt 0.500000 0.000000
vt 0.500000 0.125000
vt 0.375000 0.125000
vt 0.625000 0.000000
vt 0.625000 0.125000
vt 0.625000 0.250000
vt 0.500000 0.250000
vt 0.375000 0.250000
vt 0.500000 0.375000
vt 0.375000 0.375000
vt 0.625000 0.375000
vt 0.625000 0.500000
vt 0.500000 0.500000
vt 0.375000 0.500000
vt 0.500000 0.625000
vt 0.375000 0.625000
vt 0.625000 0.625000
vt 0.625000 0.750000
vt 0.500000 0.750000
vt 0.375000 0.750000
vt 0.500000 0.875000
vt 0.375000 0.875000
vt 0.625000 0.875000
vt 0.625000 1.000000
vt 0.500000 1.000000
vt 0.375000 1.000000
vt 0.125000 0.500000
vt 0.250000 0.500000
vt 0.250000 0.625000
vt 0.125000 0.625000
vt 0.250000 0.750000
vt 0.125000 0.750000
vt 0.750000 0.500000
vt 0.750000 0.625000
vt 0.875000 0.500000
vt 0.875000 0.625000
vt 0.875000 0.750000
vt 0.750000 0.750000
s 1
f 795/609/795 804/610/804 815/611/815 803/612/803
f 804/610/804 796/613/796 805/614/805 815/611/815
f 815/611/815 805/614/805 798/615/798 806/616/806
f 803/612/803 815/611/815 806/616/806 797/617/797
f 797/617/797 806/616/806 816/618/816 807/619/807
f 806/616/806 798/615/798 808/620/808 816/618/816
f 816/618/816 808/620/808 802/621/802 809/622/809
f 807/619/807 816/618/816 809/622/809 801/623/801
f 801/623/801 809/622/809 817/624/817 810/625/810
f 809/622/809 802/621/802 811/626/811 817/624/817
f 817/624/817 811/626/811 800/627/800 812/628/812
f 810/625/810 817/624/817 812/628/812 799/629/799
f 799/629/799 812/628/812 818/630/818 813/631/813
f 812/628/812 800/627/800 814/632/814 818/630/818
f 818/630/818 814/632/814 796/633/796 804/634/804
f 813/631/813 818/630/818 804/634/804 795/635/795
f 797/636/797 807/637/807 819/638/819 803/639/803
f 807/637/807 801/623/801 810/625/810 819/638/819
f 819/638/819 810/625/810 799/629/799 813/640/813
f 803/639/803 819/638/819 813/640/813 795/641/795
f 802/621/802 808/642/808 820/643/820 811/626/811
f 808/642/808 798/644/798 805/645/805 820/643/820
f 820/643/820 805/645/805 796/646/796 814/647/814
f 811/626/811 820/643/820 814/647/814 800/627/800
o Cylinder.002
v 0.274498 2.435156 -0.236656
v 0.274498 3.958015 -0.236656
v 0.271515 2.435156 -0.246857
v 0.271515 3.958015 -0.246857
v 0.271176 2.435156 -0.257780
v 0.271176 3.958015 -0.257780
v 0.273496 2.435156 -0.269006
v 0.273496 3.958015 -0.269006
v 0.278384 2.435156 -0.280104
v 0.278384 3.958015 -0.280104
v 0.285652 2.435156 -0.290647
v 0.285652 3.958015 -0.290647
v 0.295023 2.435156 -0.300229
v 0.295023 3.958015 -0.300229
v 0.306135 2.435156 -0.308484
v 0.306135 3.958015 -0.308484
v 0.318561 2.435156 -0.315092
v 0.318561 3.958015 -0.315092
v 0.331824 2.435156 -0.319802
v 0.331824 3.958015 -0.319802
v 0.345414 2.435156 -0.322430
v 0.345414 3.958015 -0.322430
v 0.358810 2.435156 -0.322878
v 0.358810 3.958015 -0.322878
v 0.371495 2.435156 -0.321126
v 0.371495 3.958015 -0.321126
v 0.382983 2.435156 -0.317243
v 0.382983 3.958015 -0.317243
v 0.392832 2.435156 -0.311378
v 0.392832 3.958015 -0.311378
v 0.400664 2.435156 -0.303756
v 0.400664 3.958015 -0.303756
v 0.406178 2.435156 -0.294670
v 0.406178 3.958015 -0.294670
v 0.409161 2.435156 -0.284470
v 0.409161 3.958015 -0.284470
v 0.409500 2.435156 -0.273547
v 0.409500 3.958015 -0.273547
v 0.407180 2.435156 -0.262320
v 0.407180 3.958015 -0.262320
v 0.402292 2.435156 -0.251223
v 0.402292 3.958015 -0.251223
v 0.395024 2.435156 -0.240680
v 0.395024 3.958015 -0.240680
v 0.385653 2.435156 -0.231097
v 0.385653 3.958015 -0.231097
v 0.374541 2.435156 -0.222843
v 0.374541 3.958015 -0.222843
v 0.362115 2.435156 -0.216234
v 0.362115 3.958015 -0.216234
v 0.348852 2.435156 -0.211525
v 0.348852 3.958015 -0.211525
v 0.335262 2.435156 -0.208896
v 0.335262 3.958015 -0.208896
v 0.321866 2.435156 -0.208449
v 0.321866 3.958015 -0.208449
v 0.309181 2.435156 -0.210200
v 0.309181 3.958015 -0.210200
v 0.297693 2.435156 -0.214083
v 0.297693 3.958015 -0.214083
v 0.287844 2.435156 -0.219948
v 0.287844 3.958015 -0.219948
v 0.280012 2.435156 -0.227570
v 0.280012 3.958015 -0.227570
v 0.024679 5.939823 -0.362881
v 0.027663 5.939823 -0.352681
v 0.024341 5.939823 -0.373805
v 0.026660 5.939823 -0.385031
v 0.031548 5.939823 -0.396129
v 0.038817 5.939823 -0.406671
v 0.048187 5.939823 -0.416254
v 0.059299 5.939823 -0.424508
v 0.071725 5.939823 -0.431117
v 0.084989 5.939823 -0.435826
v 0.098579 5.939823 -0.438455
v 0.111974 5.939823 -0.438902
v 0.124659 5.939823 -0.437151
v 0.136147 5.939823 -0.433268
v 0.145997 5.939823 -0.427403
v 0.153829 5.939823 -0.419781
v 0.159342 5.939823 -0.410695
v 0.162326 5.939823 -0.400495
v 0.162664 5.939823 -0.389571
v 0.160345 5.939823 -0.378345
v 0.155457 5.939823 -0.367247
v 0.148188 5.939823 -0.356705
v 0.138818 5.939823 -0.347122
v 0.127706 5.939823 -0.338868
v 0.115280 5.939823 -0.332259
v 0.102016 5.939823 -0.327550
v 0.088426 5.939823 -0.324921
v 0.075031 5.939823 -0.324474
v 0.062346 5.939823 -0.326225
v 0.050857 5.939823 -0.330108
v 0.041008 5.939823 -0.335973
v 0.033176 5.939823 -0.343595
v 0.185549 7.140892 -0.498366
v 0.188532 7.140892 -0.488166
v 0.185210 7.140892 -0.509290
v 0.187530 7.140892 -0.520516
v 0.192418 7.140892 -0.531613
v 0.199686 7.140892 -0.542156
v 0.209057 7.140892 -0.551739
v 0.220169 7.140892 -0.559993
v 0.232595 7.140892 -0.566602
v 0.245858 7.140892 -0.571311
v 0.259448 7.140892 -0.573940
v 0.272844 7.140892 -0.574387
v 0.285529 7.140892 -0.572636
v 0.297017 7.140892 -0.568753
v 0.306866 7.140892 -0.562888
v 0.314698 7.140892 -0.555266
v 0.320212 7.140892 -0.546180
v 0.323195 7.140892 -0.535979
v 0.323534 7.140892 -0.525056
v 0.321214 7.140892 -0.513830
v 0.316326 7.140892 -0.502732
v 0.309058 7.140892 -0.492189
v 0.299687 7.140892 -0.482607
v 0.288575 7.140892 -0.474352
v 0.276149 7.140892 -0.467744
v 0.262886 7.140892 -0.463034
v 0.249296 7.140892 -0.460406
v 0.235900 7.140892 -0.459958
v 0.223215 7.140892 -0.461710
v 0.211727 7.140892 -0.465593
v 0.201878 7.140892 -0.471458
v 0.194046 7.140892 -0.479080
v 0.077791 7.331795 -0.489218
v 0.093082 7.331795 -0.446113
v 0.069287 7.331795 -0.533398
v 0.067895 7.331795 -0.576955
v 0.073670 7.331795 -0.618214
v 0.086388 7.331795 -0.655590
v 0.105563 7.331795 -0.687646
v 0.130456 7.331795 -0.713152
v 0.160111 7.331795 -0.731126
v 0.193388 7.331795 -0.740878
v 0.229009 7.331795 -0.742033
v 0.265605 7.331795 -0.734547
v 0.301769 7.331795 -0.718707
v 0.336111 7.331795 -0.695123
v 0.367313 7.331795 -0.664700
v 0.394174 7.331795 -0.628607
v 0.415663 7.331795 -0.588233
v 0.430953 7.331795 -0.545127
v 0.439457 7.331795 -0.500947
v 0.440849 7.331795 -0.457391
v 0.435075 7.331795 -0.416132
v 0.422356 7.331795 -0.378756
v 0.403182 7.331795 -0.346699
v 0.378289 7.331795 -0.321194
v 0.348634 7.331795 -0.303220
v 0.315356 7.331795 -0.293468
v 0.279735 7.331795 -0.292312
v 0.243140 7.331795 -0.299798
v 0.206976 7.331795 -0.315638
v 0.172633 7.331795 -0.339223
v 0.141432 7.331795 -0.369646
v 0.114571 7.331795 -0.405738
v 0.040624 7.503968 -0.472055
v 0.054890 7.503968 -0.429286
v 0.034573 7.503968 -0.516557
v 0.036968 7.503968 -0.561083
v 0.047719 7.503968 -0.603921
v 0.168798 7.491285 -0.432052
v 0.194713 7.491285 -0.466704
v 0.226856 7.491285 -0.495174
v 0.263990 7.491285 -0.516366
v 0.304690 7.491285 -0.529465
v 0.347391 7.491285 -0.533970
v 0.390451 7.491285 -0.529706
v 0.432217 7.491285 -0.516837
v 0.471084 7.491285 -0.495858
v 0.505557 7.491285 -0.467575
v 0.534311 7.491285 -0.433075
v 0.556243 7.491285 -0.393684
v 0.570508 7.491285 -0.350916
v 0.474171 7.503968 -0.517788
v 0.471776 7.503968 -0.473262
v 0.461026 7.503968 -0.430424
v 0.442334 7.503968 -0.390919
v 0.416419 7.503968 -0.356266
v 0.384277 7.503968 -0.327797
v 0.347142 7.503968 -0.306605
v 0.306442 7.503968 -0.293506
v 0.263742 7.503968 -0.289001
v 0.220681 7.503968 -0.293265
v 0.178915 7.503968 -0.306134
v 0.140049 7.503968 -0.327113
v 0.105576 7.503968 -0.355396
v 0.076821 7.503968 -0.389895
vn -0.6718 -0.6790 0.2960
vn -0.9125 -0.0448 0.4067
vn -0.7244 -0.6797 0.1152
vn -0.9855 -0.0566 0.1599
vn -0.7289 -0.6817 -0.0631
vn -0.9944 -0.0644 -0.0843
vn -0.6947 -0.6841 -0.2220
vn -0.9505 -0.0681 -0.3031
vn -0.6349 -0.6865 -0.3545
vn -0.8709 -0.0684 -0.4866
vn -0.5599 -0.6884 -0.4611
vn -0.7696 -0.0664 -0.6350
vn -0.4762 -0.6898 -0.5454
vn -0.6554 -0.0628 -0.7527
vn -0.3865 -0.6906 -0.6113
vn -0.5321 -0.0578 -0.8447
vn -0.2915 -0.6909 -0.6616
vn -0.4007 -0.0516 -0.9148
vn -0.1902 -0.6906 -0.6978
vn -0.2603 -0.0443 -0.9645
vn -0.0811 -0.6898 -0.7194
vn -0.1090 -0.0357 -0.9934
vn 0.0376 -0.6884 -0.7243
vn 0.0553 -0.0256 -0.9981
vn 0.1669 -0.6865 -0.7077
vn 0.2334 -0.0137 -0.9723
vn 0.3051 -0.6841 -0.6625
vn 0.4224 0.0001 -0.9064
vn 0.4454 -0.6817 -0.5805
vn 0.6126 0.0153 -0.7903
vn 0.5739 -0.6797 -0.4567
vn 0.7851 0.0310 -0.6186
vn 0.6718 -0.6790 -0.2960
vn 0.9159 0.0453 -0.3989
vn 0.7244 -0.6797 -0.1152
vn 0.9865 0.0566 -0.1539
vn 0.7289 -0.6817 0.0631
vn 0.9941 0.0639 0.0878
vn 0.6947 -0.6841 0.2220
vn 0.9502 0.0675 0.3043
vn 0.6349 -0.6865 0.3545
vn 0.8712 0.0679 0.4862
vn 0.5599 -0.6884 0.4611
vn 0.7708 0.0660 0.6336
vn 0.4762 -0.6898 0.5454
vn 0.6574 0.0625 0.7509
vn 0.3865 -0.6906 0.6113
vn 0.5350 0.0577 0.8429
vn 0.2915 -0.6909 0.6616
vn 0.4045 0.0517 0.9131
vn 0.1902 -0.6906 0.6978
vn 0.2651 0.0446 0.9632
vn 0.0811 -0.6898 0.7194
vn 0.1148 0.0363 0.9927
vn -0.0376 -0.6884 0.7243
vn -0.0485 0.0264 0.9985
vn -0.1669 -0.6865 0.7077
vn -0.2256 0.0147 0.9741
vn -0.3051 -0.6841 0.6625
vn -0.4141 0.0012 0.9102
vn -0.4454 -0.6817 0.5805
vn -0.6047 -0.0140 0.7963
vn -0.5739 -0.6797 0.4567
vn -0.7790 -0.0299 0.6263
vn -0.9874 0.0177 0.1575
vn -0.9154 0.0374 0.4008
vn -0.9965 -0.0022 -0.0835
vn -0.9536 -0.0205 -0.3002
vn -0.8750 -0.0363 -0.4827
vn -0.7745 -0.0494 -0.6306
vn -0.6608 -0.0602 -0.7481
vn -0.5381 -0.0688 -0.8401
vn -0.4075 -0.0757 -0.9101
vn -0.2681 -0.0808 -0.9600
vn -0.1181 -0.0842 -0.9894
vn 0.0449 -0.0855 -0.9953
vn 0.2218 -0.0844 -0.9714
vn 0.4105 -0.0799 -0.9084
vn 0.6021 -0.0711 -0.7952
vn 0.7782 -0.0573 -0.6254
vn 0.9135 -0.0389 -0.4049
vn 0.9875 -0.0179 -0.1566
vn 0.9960 0.0032 0.0891
vn 0.9510 0.0222 0.3085
vn 0.8699 0.0383 0.4917
vn 0.7674 0.0514 0.6391
vn 0.6521 0.0620 0.7556
vn 0.5282 0.0703 0.8462
vn 0.3965 0.0768 0.9148
vn 0.2561 0.0815 0.9632
vn 0.1051 0.0844 0.9909
vn -0.0585 0.0852 0.9946
vn -0.2356 0.0834 0.9683
vn -0.4233 0.0782 0.9026
vn -0.6123 0.0688 0.7876
vn -0.7842 0.0550 0.6180
vn -0.9636 -0.1862 0.1918
vn -0.9023 -0.1724 0.3952
vn -0.9769 -0.2131 -0.0146
vn -0.9455 -0.2485 -0.2103
vn -0.8763 -0.2873 -0.3866
vn -0.7773 -0.3246 -0.5390
vn -0.6555 -0.3568 -0.6656
vn -0.5171 -0.3813 -0.7663
vn -0.3663 -0.3970 -0.8415
vn -0.2062 -0.4039 -0.8913
vn -0.0393 -0.4025 -0.9146
vn 0.1320 -0.3944 -0.9094
vn 0.3039 -0.3816 -0.8729
vn 0.4712 -0.3668 -0.8022
vn 0.6264 -0.3524 -0.6953
vn 0.7601 -0.3407 -0.5533
vn 0.8622 -0.3328 -0.3819
vn 0.9245 -0.3296 -0.1917
vn 0.9435 -0.3313 0.0043
vn 0.9211 -0.3373 0.1941
vn 0.8625 -0.3459 0.3693
vn 0.7740 -0.3543 0.5248
vn 0.6613 -0.3595 0.6584
vn 0.5292 -0.3591 0.7688
vn 0.3813 -0.3514 0.8551
vn 0.2203 -0.3357 0.9159
vn 0.0488 -0.3122 0.9488
vn -0.1300 -0.2823 0.9505
vn -0.3115 -0.2490 0.9171
vn -0.4892 -0.2163 0.8449
vn -0.6544 -0.1896 0.7320
vn -0.7961 -0.1737 0.5797
vn -0.9060 -0.3591 0.2243
vn -0.8543 -0.3583 0.3764
vn -0.9306 -0.3607 0.0628
vn -0.9261 -0.3619 -0.1061
vn -0.7131 -0.3881 -0.5839
vn -0.7209 0.0158 -0.6928
vn -0.7446 0.1001 -0.6600
vn -0.5880 0.1057 -0.8019
vn -0.4017 0.1062 -0.9096
vn -0.1967 0.1026 -0.9751
vn 0.0138 0.0932 -0.9956
vn 0.2172 0.0734 -0.9734
vn 0.4038 0.0361 -0.9141
vn 0.5670 -0.0272 -0.8233
vn 0.6997 -0.1210 -0.7041
vn 0.7937 -0.2374 -0.5601
vn 0.8442 -0.3566 -0.4001
vn 0.8493 -0.4906 -0.1951
vn 0.8506 -0.4827 0.2087
vn 0.9261 -0.3619 0.1061
vn 0.8896 -0.3615 0.2791
vn 0.8173 -0.3588 0.4509
vn 0.7064 -0.3546 0.6125
vn 0.5578 -0.3508 0.7522
vn 0.3778 -0.3493 0.8575
vn 0.1786 -0.3508 0.9192
vn -0.0248 -0.3546 0.9347
vn -0.2189 -0.3588 0.9074
vn -0.3944 -0.3615 0.8448
vn -0.5467 -0.3619 0.7550
vn -0.6743 -0.3607 0.6443
vn -0.7769 -0.3591 0.5171
vn -0.7789 0.6097 0.1472
vn -0.7419 0.6106 0.2770
vn -0.7891 0.6142 0.0115
vn -0.7714 0.6236 -0.1267
vn -0.3275 0.6097 -0.7218
vn -0.0342 0.9301 -0.3657
vn -0.2581 0.9344 -0.2455
vn -0.1849 0.9418 -0.2809
vn -0.1160 0.9426 -0.3131
vn -0.0461 0.9373 -0.3454
vn 0.0310 0.9247 -0.3795
vn 0.1220 0.9013 -0.4157
vn 0.2339 0.8615 -0.4507
vn 0.3692 0.7988 -0.4749
vn 0.5185 0.7128 -0.4723
vn 0.6598 0.6162 -0.4300
vn 0.7747 0.5272 -0.3491
vn 0.2098 0.1272 0.9694
vn 0.2213 0.4651 0.8572
vn 0.7855 0.6184 0.0241
vn 0.7498 0.6406 0.1657
vn 0.6828 0.6641 0.3046
vn 0.5845 0.6857 0.4338
vn 0.4580 0.7019 0.5455
vn 0.3091 0.7099 0.6328
vn 0.1456 0.7087 0.6904
vn -0.0235 0.6988 0.7149
vn -0.1888 0.6828 0.7057
vn -0.3423 0.6639 0.6649
vn -0.4775 0.6451 0.5965
vn -0.5904 0.6290 0.5058
vn -0.6789 0.6172 0.3978
vt 1.000000 0.500000
vt 1.000000 1.000000
vt 0.968750 1.000000
vt 0.968750 0.500000
vt 0.937500 1.000000
vt 0.937500 0.500000
vt 0.906250 1.000000
vt 0.906250 0.500000
vt 0.875000 1.000000
vt 0.875000 0.500000
vt 0.843750 1.000000
vt 0.843750 0.500000
vt 0.812500 1.000000
vt 0.812500 0.500000
vt 0.781250 1.000000
vt 0.781250 0.500000
vt 0.750000 1.000000
vt 0.750000 0.500000
vt 0.718750 1.000000
vt 0.718750 0.500000
vt 0.687500 1.000000
vt 0.687500 0.500000
vt 0.656250 1.000000
vt 0.656250 0.500000
vt 0.625000 1.000000
vt 0.625000 0.500000
vt 0.593750 1.000000
vt 0.593750 0.500000
vt 0.562500 1.000000
vt 0.562500 0.500000
vt 0.531250 1.000000
vt 0.531250 0.500000
vt 0.500000 1.000000
vt 0.500000 0.500000
vt 0.468750 1.000000
vt 0.468750 0.500000
vt 0.437500 1.000000
vt 0.437500 0.500000
vt 0.406250 1.000000
vt 0.406250 0.500000
vt 0.375000 1.000000
vt 0.375000 0.500000
vt 0.343750 1.000000
vt 0.343750 0.500000
vt 0.312500 1.000000
vt 0.312500 0.500000
vt 0.281250 1.000000
vt 0.281250 0.500000
vt 0.250000 1.000000
vt 0.250000 0.500000
vt 0.218750 1.000000
vt 0.218750 0.500000
vt 0.187500 1.000000
vt 0.187500 0.500000
vt 0.156250 1.000000
vt 0.156250 0.500000
vt 0.125000 1.000000
vt 0.125000 0.500000
vt 0.093750 1.000000
vt 0.093750 0.500000
vt 0.062500 1.000000
vt 0.062500 0.500000
vt 0.031250 1.000000
vt 0.031250 0.500000
vt 0.000000 1.000000
vt 0.000000 0.500000
vt 0.750000 0.490000
vt 0.796822 0.485388
vt 0.841844 0.471731
vt 0.883337 0.449553
vt 0.919706 0.419706
vt 0.949553 0.383337
vt 0.971731 0.341844
vt 0.985388 0.296822
vt 0.990000 0.250000
vt 0.985388 0.203178
vt 0.971731 0.158156
vt 0.949553 0.116663
vt 0.919706 0.080294
vt 0.883337 0.050447
vt 0.841844 0.028269
vt 0.796822 0.014612
vt 0.750000 0.010000
vt 0.703178 0.014612
vt 0.658156 0.028269
vt 0.616663 0.050447
vt 0.580294 0.080294
vt 0.550447 0.116663
vt 0.528269 0.158156
vt 0.514612 0.203178
vt 0.510000 0.250000
vt 0.514612 0.296822
vt 0.528269 0.341844
vt 0.550447 0.383337
vt 0.580294 0.419706
vt 0.616663 0.449553
vt 0.658156 0.471731
vt 0.703178 0.485388
vt 0.296822 0.485388
vt 0.250000 0.490000
vt 0.203178 0.485388
vt 0.158156 0.471731
vt 0.116663 0.449553
vt 0.080294 0.419706
vt 0.050447 0.383337
vt 0.028269 0.341844
vt 0.014612 0.296822
vt 0.010000 0.250000
vt 0.014612 0.203178
vt 0.028269 0.158156
vt 0.050447 0.116663
vt 0.080294 0.080294
vt 0.116663 0.050447
vt 0.158156 0.028269
vt 0.203178 0.014612
vt 0.250000 0.010000
vt 0.296822 0.014612
vt 0.341844 0.028269
vt 0.383337 0.050447
vt 0.419706 0.080294
vt 0.449553 0.116663
vt 0.471731 0.158156
vt 0.485388 0.203178
vt 0.490000 0.250000
vt 0.485388 0.296822
vt 0.471731 0.341844
vt 0.449553 0.383337
vt 0.419706 0.419706
vt 0.383337 0.449553
vt 0.341844 0.471731
s 1
f 821/648/821 822/649/822 824/650/824 823/651/823
f 823/651/823 824/650/824 826/652/826 825/653/825
f 825/653/825 826/652/826 828/654/828 827/655/827
f 827/655/827 828/654/828 830/656/830 829/657/829
f 829/657/829 830/656/830 832/658/832 831/659/831
f 831/659/831 832/658/832 834/660/834 833/661/833
f 833/661/833 834/660/834 836/662/836 835/663/835
f 835/663/835 836/662/836 838/664/838 837/665/837
f 837/665/837 838/664/838 840/666/840 839/667/839
f 839/667/839 840/666/840 842/668/842 841/669/841
f 841/669/841 842/668/842 844/670/844 843/671/843
f 843/671/843 844/670/844 846/672/846 845/673/845
f 845/673/845 846/672/846 848/674/848 847/675/847
f 847/675/847 848/674/848 850/676/850 849/677/849
f 849/677/849 850/676/850 852/678/852 851/679/851
f 851/679/851 852/678/852 854/680/854 853/681/853
f 853/681/853 854/680/854 856/682/856 855/683/855
f 855/683/855 856/682/856 858/684/858 857/685/857
f 857/685/857 858/684/858 860/686/860 859/687/859
f 859/687/859 860/686/860 862/688/862 861/689/861
f 861/689/861 862/688/862 864/690/864 863/691/863
f 863/691/863 864/690/864 866/692/866 865/693/865
f 865/693/865 866/692/866 868/694/868 867/695/867
f 867/695/867 868/694/868 870/696/870 869/697/869
f 869/697/869 870/696/870 872/698/872 871/699/871
f 871/699/871 872/698/872 874/700/874 873/701/873
f 873/701/873 874/700/874 876/702/876 875/703/875
f 875/703/875 876/702/876 878/704/878 877/705/877
f 877/705/877 878/704/878 880/706/880 879/707/879
f 879/707/879 880/706/880 882/708/882 881/709/881
f 836/662/836 834/660/834 891/660/891 892/662/892
f 881/709/881 882/708/882 884/710/884 883/711/883
f 883/711/883 884/710/884 822/712/822 821/713/821
f 821/714/821 823/715/823 825/716/825 827/717/827 829/718/829 831/719/831 833/720/833 835/721/835 837/722/837 839/723/839 841/724/841 843/725/843 845/726/845 847/727/847 849/728/849 851/729/851 853/730/853 855/731/855 857/732/857 859/733/859 861/734/861 863/735/863 865/736/865 867/737/867 869/738/869 871/739/871 873/740/873 875/741/875 877/742/877 879/743/879 881/744/881 883/745/883
f 903/684/903 902/682/902 934/682/934 935/684/935
f 854/680/854 852/678/852 900/678/900 901/680/901
f 872/698/872 870/696/870 909/696/909 910/698/910
f 828/654/828 826/652/826 887/652/887 888/654/888
f 846/672/846 844/670/844 896/670/896 897/672/897
f 864/690/864 862/688/862 905/688/905 906/690/906
f 882/708/882 880/706/880 914/706/914 915/708/915
f 838/664/838 836/662/836 892/662/892 893/664/893
f 856/682/856 854/680/854 901/680/901 902/682/902
f 874/700/874 872/698/872 910/698/910 911/700/911
f 830/656/830 828/654/828 888/654/888 889/656/889
f 848/674/848 846/672/846 897/672/897 898/674/898
f 866/692/866 864/690/864 906/690/906 907/692/907
f 884/710/884 882/708/882 915/708/915 916/710/916
f 840/666/840 838/664/838 893/664/893 894/666/894
f 858/684/858 856/682/856 902/682/902 903/684/903
f 876/702/876 874/700/874 911/700/911 912/702/912
f 832/658/832 830/656/830 889/656/889 890/658/890
f 850/676/850 848/674/848 898/674/898 899/676/899
f 868/694/868 866/692/866 907/692/907 908/694/908
f 824/650/824 822/649/822 886/649/886 885/650/885
f 822/712/822 884/710/884 916/710/916 886/712/886
f 842/668/842 840/666/840 894/666/894 895/668/895
f 860/686/860 858/684/858 903/684/903 904/686/904
f 878/704/878 876/702/876 912/702/912 913/704/913
f 834/660/834 832/658/832 890/658/890 891/660/891
f 852/678/852 850/676/850 899/676/899 900/678/900
f 870/696/870 868/694/868 908/694/908 909/696/909
f 826/652/826 824/650/824 885/650/885 887/652/887
f 844/670/844 842/668/842 895/668/895 896/670/896
f 862/688/862 860/686/860 904/686/904 905/688/905
f 880/706/880 878/704/878 913/704/913 914/706/914
f 938/690/938 937/688/937 969/688/969 970/690/970
f 890/658/890 889/656/889 921/656/921 922/658/922
f 886/712/886 916/710/916 948/710/948 918/712/918
f 904/686/904 903/684/903 935/684/935 936/686/936
f 891/660/891 890/658/890 922/658/922 923/660/923
f 905/688/905 904/686/904 936/686/936 937/688/937
f 892/662/892 891/660/891 923/660/923 924/662/924
f 906/690/906 905/688/905 937/688/937 938/690/938
f 893/664/893 892/662/892 924/662/924 925/664/925
f 907/692/907 906/690/906 938/690/938 939/692/939
f 894/666/894 893/664/893 925/664/925 926/666/926
f 908/694/908 907/692/907 939/692/939 940/694/940
f 895/668/895 894/666/894 926/666/926 927/668/927
f 909/696/909 908/694/908 940/694/940 941/696/941
f 896/670/896 895/668/895 927/668/927 928/670/928
f 910/698/910 909/696/909 941/696/941 942/698/942
f 897/672/897 896/670/896 928/670/928 929/672/929
f 911/700/911 910/698/910 942/698/942 943/700/943
f 898/674/898 897/672/897 929/672/929 930/674/930
f 912/702/912 911/700/911 943/700/943 944/702/944
f 899/676/899 898/674/898 930/674/930 931/676/931
f 885/650/885 886/649/886 918/649/918 917/650/917
f 913/704/913 912/702/912 944/702/944 945/704/945
f 900/678/900 899/676/899 931/676/931 932/678/932
f 887/652/887 885/650/885 917/650/917 919/652/919
f 914/706/914 913/704/913 945/704/945 946/706/946
f 901/680/901 900/678/900 932/678/932 933/680/933
f 888/654/888 887/652/887 919/652/919 920/654/920
f 915/708/915 914/706/914 946/706/946 947/708/947
f 902/682/902 901/680/901 933/680/933 934/682/934
f 889/656/889 888/654/888 920/654/920 921/656/921
f 916/710/916 915/708/915 947/708/947 948/710/948
f 973/696/973 972/694/972 1004/694/1004 1005/696/1005
f 925/664/925 924/662/924 956/662/956 957/664/957
f 939/692/939 938/690/938 970/690/970 971/692/971
f 926/666/926 925/664/925 957/664/957 958/666/958
f 940/694/940 939/692/939 971/692/971 972/694/972
f 927/668/927 926/666/926 958/666/958 959/668/959
f 941/696/941 940/694/940 972/694/972 973/696/973
f 928/670/928 927/668/927 959/668/959 960/670/960
f 942/698/942 941/696/941 973/696/973 974/698/974
f 929/672/929 928/670/928 960/670/960 961/672/961
f 943/700/943 942/698/942 974/698/974 975/700/975
f 930/674/930 929/672/929 961/672/961 962/674/962
f 944/702/944 943/700/943 975/700/975 976/702/976
f 931/676/931 930/674/930 962/674/962 963/676/963
f 917/650/917 918/649/918 950/649/950 949/650/949
f 945/704/945 944/702/944 976/702/976 977/704/977
f 932/678/932 931/676/931 963/676/963 964/678/964
f 919/652/919 917/650/917 949/650/949 951/652/951
f 946/706/946 945/704/945 977/704/977 978/706/978
f 933/680/933 932/678/932 964/678/964 965/680/965
f 920/654/920 919/652/919 951/652/951 952/654/952
f 947/708/947 946/706/946 978/706/978 979/708/979
f 934/682/934 933/680/933 965/680/965 966/682/966
f 921/656/921 920/654/920 952/654/952 953/656/953
f 948/710/948 947/708/947 979/708/979 980/710/980
f 935/684/935 934/682/934 966/682/966 967/684/967
f 922/658/922 921/656/921 953/656/953 954/658/954
f 918/712/918 948/710/948 980/710/980 950/712/950
f 936/686/936 935/684/935 967/684/967 968/686/968
f 923/660/923 922/658/922 954/658/954 955/660/955
f 937/688/937 936/686/936 968/686/968 969/688/969
f 924/662/924 923/660/923 955/660/955 956/662/956
f 981/746/981 982/747/982 1012/748/1012 1011/749/1011 1010/750/1010 1009/751/1009 1008/752/1008 1007/753/1007 1006/754/1006 1005/755/1005 1004/756/1004 1003/757/1003 1002/758/1002 1001/759/1001 1000/760/1000 999/761/999 998/762/998 997/763/997 996/764/996 995/765/995 994/766/994 993/767/993 992/768/992 991/769/991 990/770/990 989/771/989 988/772/988 987/773/987 986/774/986 985/775/985 984/776/984 983/777/983
f 960/670/960 959/668/959 991/668/991 992/670/992
f 974/698/974 973/696/973 1005/696/1005 1006/698/1006
f 961/672/961 960/670/960 992/670/992 993/672/993
f 975/700/975 974/698/974 1006/698/1006 1007/700/1007
f 962/674/962 961/672/961 993/672/993 994/674/994
f 976/702/976 975/700/975 1007/700/1007 1008/702/1008
f 963/676/963 962/674/962 994/674/994 995/676/995
f 949/650/949 950/649/950 982/649/982 981/650/981
f 977/704/977 976/702/976 1008/702/1008 1009/704/1009
f 964/678/964 963/676/963 995/676/995 996/678/996
f 951/652/951 949/650/949 981/650/981 983/652/983
f 978/706/978 977/704/977 1009/704/1009 1010/706/1010
f 965/680/965 964/678/964 996/678/996 997/680/997
f 952/654/952 951/652/951 983/652/983 984/654/984
f 979/708/979 978/706/978 1010/706/1010 1011/708/1011
f 966/682/966 965/680/965 997/680/997 998/682/998
f 953/656/953 952/654/952 984/654/984 985/656/985
f 980/710/980 979/708/979 1011/708/1011 1012/710/1012
f 967/684/967 966/682/966 998/682/998 999/684/999
f 954/658/954 953/656/953 985/656/985 986/658/986
f 950/712/950 980/710/980 1012/710/1012 982/712/982
f 968/686/968 967/684/967 999/684/999 1000/686/1000
f 955/660/955 954/658/954 986/658/986 987/660/987
f 969/688/969 968/686/968 1000/686/1000 1001/688/1001
f 956/662/956 955/660/955 987/660/987 988/662/988
f 970/690/970 969/688/969 1001/688/1001 1002/690/1002
f 957/664/957 956/662/956 988/662/988 989/664/989
f 971/692/971 970/690/970 1002/690/1002 1003/692/1003
f 958/666/958 957/664/957 989/664/989 990/666/990
f 972/694/972 971/692/971 1003/692/1003 1004/694/1004
f 959/668/959 958/666/958 990/666/990 991/668/991
o Plane.005
v 0.784676 8.060678 0.065687
v 0.346114 7.539372 -0.371105
v 0.784435 8.077087 0.048793
v 0.346074 7.542115 -0.373929
v 0.602036 8.123498 0.046001
v 0.345443 7.693985 -0.381149
v 0.601794 8.139906 0.029107
v 0.345403 7.696728 -0.383974
v 0.633256 8.105597 0.111480
v 0.633015 8.122005 0.094585
v 0.320802 7.546881 -0.363450
v 0.320762 7.549623 -0.366274
v 0.817028 7.822135 -0.287209
v 0.816786 7.838543 -0.304103
v 0.473548 7.921733 -0.180951
v 0.473790 7.905325 -0.164056
v 0.645264 7.873088 -0.235264
v 0.647186 7.892322 -0.252545
v 0.712232 7.725115 -0.379937
v 0.711990 7.741523 -0.396831
v 0.409667 7.796239 -0.269085
v 0.560811 7.770033 -0.334144
v 0.409425 7.812647 -0.285980
v 0.560570 7.786441 -0.351039
v 0.537671 8.030820 -0.075922
v 0.689500 8.028099 -0.163857
v 0.840477 7.943287 -0.169879
v 0.840236 7.959695 -0.186773
v 0.537913 8.014412 -0.059027
v 0.689057 7.988205 -0.124086
v 0.453469 8.158930 0.165851
v 0.272354 7.561253 -0.348799
v 0.453227 8.175339 0.148957
v 0.272313 7.563995 -0.351623
v 0.604889 8.114012 0.120058
v 0.604648 8.130420 0.103164
v 0.297666 7.553744 -0.356453
v 0.297625 7.556487 -0.359278
v 0.130000 8.025939 -0.079437
v 0.129758 8.042347 -0.096331
v 0.301764 7.974986 -0.131382
v 0.301239 7.994946 -0.147924
v 0.106551 7.904787 -0.196766
v 0.106309 7.921196 -0.213661
v 0.257971 7.859869 -0.242559
v 0.257729 7.876277 -0.259453
v 0.385581 8.118256 -0.071946
v 0.234797 8.122960 0.013291
v 0.234555 8.139368 -0.003603
v 0.386217 8.078042 -0.032501
vn 0.5694 -0.2589 0.7802
vn 0.0861 -0.9872 0.1340
vn 0.6699 0.7314 0.1274
vn -0.0946 -0.3579 -0.9289
vn 0.0615 -0.6033 0.7951
vn 0.0974 -0.5302 0.8423
vn 0.1356 0.8935 -0.4281
vn -0.1867 0.3181 -0.9295
vn -0.0821 -0.1361 0.9873
vn -0.2128 0.9168 0.3380
vn -0.5630 -0.7294 0.3886
vn -0.8228 -0.0291 -0.5676
vn 0.7040 -0.6618 0.2576
vn 0.6946 0.2146 -0.6867
vn -0.0305 0.6613 -0.7495
vn 0.0103 -0.6967 0.7173
vn 0.0742 -0.7140 0.6962
vn -0.0869 0.6812 -0.7269
vn 0.5005 -0.8653 0.0278
vn 0.3772 -0.0037 -0.9261
vn 0.0791 -0.5682 0.8191
vn 0.0915 -0.5405 0.8364
vn -0.0935 0.5385 -0.8374
vn -0.1106 0.5158 -0.8495
vn 0.0248 0.7535 -0.6570
vn 0.0355 0.8077 -0.5885
vn 0.7715 -0.4669 0.4322
vn 0.7481 0.5133 -0.4205
vn -0.0411 -0.7779 0.6270
vn -0.0350 -0.8087 0.5872
vn -0.1263 -0.0525 0.9906
vn -0.4878 -0.8170 0.3075
vn -0.0328 0.9399 0.3399
vn -0.5906 -0.2108 -0.7789
vn 0.4949 -0.3073 0.8128
vn 0.7825 0.6215 0.0370
vn 0.2240 -0.9629 0.1505
vn 0.2667 -0.3523 -0.8971
vn -0.6906 -0.2482 0.6794
vn -0.7274 0.6364 -0.2567
vn -0.0537 -0.6760 0.7349
vn 0.0304 0.6464 -0.7624
vn -0.7692 -0.4886 0.4118
vn -0.7392 0.3275 -0.5885
vn 0.0934 -0.5410 0.8358
vn -0.0992 0.5124 -0.8530
vn 0.0798 0.7946 -0.6019
vn -0.5499 -0.0750 0.8319
vn -0.4779 0.8770 -0.0497
vn -0.0813 -0.7949 0.6013
vt 0.000000 0.250000
vt 0.000000 0.000000
vt 0.750000 0.000000
vt 1.000000 0.000000
vt 1.000000 0.250000
vt 1.000000 0.500000
vt 0.750000 0.250000
vt 0.750000 0.500000
vt 0.000000 0.500000
vt 0.250000 0.000000
vt 0.500000 0.000000
vt 0.500000 0.250000
vt 0.250000 0.250000
vt 0.250000 0.000000
vt 0.250000 0.250000
vt 0.250000 0.500000
vt 0.500000 0.500000
s 1
f 1021/778/1021 1013/779/1013 1015/779/1015 1022/778/1022
f 1031/780/1031 1014/781/1014 1016/781/1016 1032/780/1032
f 1023/782/1023 1018/783/1018 1020/783/1020 1024/782/1024
f 1036/784/1036 1024/782/1024 1020/783/1020 1035/785/1035
f 1034/784/1034 1033/785/1033 1018/783/1018 1023/782/1023
f 1031/780/1031 1034/784/1034 1023/782/1023 1014/781/1014
f 1032/780/1032 1016/781/1016 1024/782/1024 1036/784/1036
f 1014/781/1014 1023/782/1023 1024/782/1024 1016/781/1016
f 1017/786/1017 1021/778/1021 1022/778/1022 1019/786/1019
f 1040/787/1040 1026/788/1026 1030/789/1030 1038/790/1038
f 1039/791/1039 1042/792/1042 1029/789/1029 1025/788/1025
f 1042/792/1042 1041/793/1041 1028/794/1028 1029/789/1029
f 1038/790/1038 1030/789/1030 1027/794/1027 1037/793/1037
f 1039/791/1039 1025/788/1025 1026/788/1026 1040/787/1040
f 1026/788/1026 1032/780/1032 1036/784/1036 1030/789/1030
f 1025/788/1025 1029/789/1029 1034/784/1034 1031/780/1031
f 1029/789/1029 1028/794/1028 1033/785/1033 1034/784/1034
f 1030/789/1030 1036/784/1036 1035/785/1035 1027/794/1027
f 1025/788/1025 1031/780/1031 1032/780/1032 1026/788/1026
f 1013/779/1013 1039/791/1039 1040/787/1040 1015/779/1015
f 1022/778/1022 1038/790/1038 1037/793/1037 1019/786/1019
f 1021/778/1021 1017/786/1017 1041/793/1041 1042/792/1042
f 1013/779/1013 1021/778/1021 1042/792/1042 1039/791/1039
f 1015/779/1015 1040/787/1040 1038/790/1038 1022/778/1022
f 1047/778/1047 1048/778/1048 1045/779/1045 1043/779/1043
f 1055/780/1055 1056/780/1056 1046/781/1046 1044/781/1044
f 1049/782/1049 1050/782/1050 1020/783/1020 1018/783/1018
f 1058/784/1058 1035/785/1035 1020/783/1020 1050/782/1050
f 1057/784/1057 1049/782/1049 1018/783/1018 1033/785/1033
f 1055/780/1055 1044/781/1044 1049/782/1049 1057/784/1057
f 1056/780/1056 1058/784/1058 1050/782/1050 1046/781/1046
f 1044/781/1044 1046/781/1046 1050/782/1050 1049/782/1049
f 1017/786/1017 1019/786/1019 1048/778/1048 1047/778/1047
f 1061/787/1061 1059/790/1059 1054/789/1054 1052/788/1052
f 1060/791/1060 1051/788/1051 1053/789/1053 1062/792/1062
f 1062/792/1062 1053/789/1053 1028/794/1028 1041/793/1041
f 1059/790/1059 1037/793/1037 1027/794/1027 1054/789/1054
f 1060/791/1060 1061/787/1061 1052/788/1052 1051/788/1051
f 1052/788/1052 1054/789/1054 1058/784/1058 1056/780/1056
f 1051/788/1051 1055/780/1055 1057/784/1057 1053/789/1053
f 1053/789/1053 1057/784/1057 1033/785/1033 1028/794/1028
f 1054/789/1054 1027/794/1027 1035/785/1035 1058/784/1058
f 1051/788/1051 1052/788/1052 1056/780/1056 1055/780/1055
f 1043/779/1043 1045/779/1045 1061/787/1061 1060/791/1060
f 1048/778/1048 1019/786/1019 1037/793/1037 1059/790/1059
f 1047/778/1047 1062/792/1062 1041/793/1041 1017/786/1017
f 1043/779/1043 1060/791/1060 1062/792/1062 1047/778/1047
f 1045/779/1045 1048/778/1048 1059/790/1059 1061/787/1061
o Plane.006
v 1.140396 7.258880 -0.665376
v 0.370126 7.402230 -0.462839
v 1.140396 7.275293 -0.682267
v 0.370126 7.404974 -0.465663
v 1.122466 7.432376 -0.580118
v 0.470473 7.501686 -0.526446
v 1.122466 7.448790 -0.597009
v 0.470473 7.504429 -0.529270
v 1.162174 7.375781 -0.551786
v 1.162174 7.392193 -0.568677
v 0.373767 7.421772 -0.443851
v 0.373767 7.424516 -0.446675
v 0.747064 7.217130 -0.826721
v 0.747064 7.233543 -0.843612
v 0.796469 7.480027 -0.566657
v 0.796469 7.463614 -0.549765
v 0.771768 7.349736 -0.697869
v 0.774040 7.366520 -0.717501
v 0.589916 7.264150 -0.781032
v 0.589916 7.280563 -0.797924
v 0.633471 7.479233 -0.534589
v 0.611694 7.381050 -0.667442
v 0.633471 7.495646 -0.551480
v 0.611694 7.397463 -0.684333
v 0.959467 7.464408 -0.581833
v 0.938837 7.388525 -0.738703
v 0.915912 7.232913 -0.811385
v 0.915912 7.249325 -0.828276
v 0.959467 7.447995 -0.564942
v 0.937690 7.349813 -0.697795
v 1.188031 7.514581 -0.416916
v 0.380735 7.459175 -0.407507
v 1.188031 7.530993 -0.433807
v 0.380735 7.461919 -0.410330
v 1.166253 7.397680 -0.530506
v 1.166253 7.414093 -0.547397
v 0.377094 7.439634 -0.426495
v 0.377094 7.442378 -0.429319
v 0.845874 7.747533 -0.311336
v 0.845874 7.763946 -0.328227
v 0.821171 7.614926 -0.440187
v 0.823795 7.633599 -0.457984
v 0.677027 7.731750 -0.326671
v 0.677027 7.748163 -0.343562
v 0.655249 7.614850 -0.440261
v 0.655249 7.631263 -0.457153
v 0.982547 7.623158 -0.510713
v 1.003023 7.700513 -0.357024
v 1.003023 7.716926 -0.373915
v 0.981245 7.583613 -0.470614
vn 0.4937 -0.8405 0.2233
vn -0.5723 -0.7175 0.3970
vn 0.7699 -0.0633 -0.6350
vn -0.8956 0.1822 -0.4058
vn 0.1304 -0.7033 0.6988
vn 0.2222 -0.7004 0.6782
vn 0.3689 0.6115 -0.7000
vn -0.4514 0.6637 -0.5965
vn 0.5452 -0.3845 0.7449
vn 0.8061 0.5914 0.0192
vn -0.3946 -0.1973 0.8974
vn -0.6181 0.7628 0.1899
vn -0.1003 -0.9935 -0.0547
vn -0.1274 -0.1040 -0.9864
vn -0.0514 0.7009 -0.7114
vn -0.0000 -0.6969 0.7172
vn -0.0092 -0.7446 0.6675
vn -0.0375 0.7444 -0.6667
vn -0.4492 -0.8934 0.0073
vn -0.5232 0.0700 -0.8493
vn 0.1755 -0.7027 0.6895
vn 0.2096 -0.7005 0.6822
vn -0.2122 0.7011 -0.6808
vn -0.2406 0.7034 -0.6688
vn 0.0891 0.6855 -0.7226
vn 0.1755 0.6867 -0.7055
vn 0.1698 -0.9837 -0.0589
vn 0.2723 -0.0537 -0.9607
vn -0.1305 -0.6783 0.7231
vn -0.1768 -0.6872 0.7047
vn 0.5938 -0.3033 0.7453
vn -0.4898 -0.2745 0.8275
vn 0.8710 0.4793 -0.1078
vn -0.8243 0.5652 -0.0336
vn 0.4622 -0.8301 0.3120
vn 0.6630 -0.1769 -0.7274
vn -0.5078 -0.8049 0.3070
vn -0.7748 -0.0783 -0.6273
vn 0.1003 0.0832 0.9915
vn 0.0771 0.9938 0.0803
vn 0.0092 -0.6458 0.7634
vn -0.0543 0.6538 -0.7547
vn -0.2666 0.0869 0.9599
vn -0.3627 0.9318 -0.0119
vn 0.2093 -0.7020 0.6808
vn -0.2422 0.6946 -0.6774
vn 0.1691 0.6525 -0.7387
vn 0.3598 0.0364 0.9323
vn 0.4486 0.8928 -0.0410
vn -0.1701 -0.6514 0.7394
vt 0.000000 0.250000
vt 0.000000 0.000000
vt 0.750000 0.000000
vt 1.000000 0.000000
vt 1.000000 0.250000
vt 1.000000 0.500000
vt 0.750000 0.250000
vt 0.750000 0.500000
vt 0.000000 0.500000
vt 0.250000 0.000000
vt 0.500000 0.000000
vt 0.500000 0.250000
vt 0.250000 0.250000
vt 0.250000 0.000000
vt 0.250000 0.250000
vt 0.250000 0.500000
vt 0.500000 0.500000
s 1
f 1071/795/1071 1063/796/1063 1065/796/1065 1072/795/1072
f 1081/797/1081 1064/798/1064 1066/798/1066 1082/797/1082
f 1073/799/1073 1068/800/1068 1070/800/1070 1074/799/1074
f 1086/801/1086 1074/799/1074 1070/800/1070 1085/802/1085
f 1084/801/1084 1083/802/1083 1068/800/1068 1073/799/1073
f 1081/797/1081 1084/801/1084 1073/799/1073 1064/798/1064
f 1082/797/1082 1066/798/1066 1074/799/1074 1086/801/1086
f 1064/798/1064 1073/799/1073 1074/799/1074 1066/798/1066
f 1067/803/1067 1071/795/1071 1072/795/1072 1069/803/1069
f 1090/804/1090 1076/805/1076 1080/806/1080 1088/807/1088
f 1089/808/1089 1092/809/1092 1079/806/1079 1075/805/1075
f 1092/809/1092 1091/810/1091 1078/811/1078 1079/806/1079
f 1088/807/1088 1080/806/1080 1077/811/1077 1087/810/1087
f 1089/808/1089 1075/805/1075 1076/805/1076 1090/804/1090
f 1076/805/1076 1082/797/1082 1086/801/1086 1080/806/1080
f 1075/805/1075 1079/806/1079 1084/801/1084 1081/797/1081
f 1079/806/1079 1078/811/1078 1083/802/1083 1084/801/1084
f 1080/806/1080 1086/801/1086 1085/802/1085 1077/811/1077
f 1075/805/1075 1081/797/1081 1082/797/1082 1076/805/1076
f 1063/796/1063 1089/808/1089 1090/804/1090 1065/796/1065
f 1072/795/1072 1088/807/1088 1087/810/1087 1069/803/1069
f 1071/795/1071 1067/803/1067 1091/810/1091 1092/809/1092
f 1063/796/1063 1071/795/1071 1092/809/1092 1089/808/1089
f 1065/796/1065 1090/804/1090 1088/807/1088 1072/795/1072
f 1097/795/1097 1098/795/1098 1095/796/1095 1093/796/1093
f 1105/797/1105 1106/797/1106 1096/798/1096 1094/798/1094
f 1099/799/1099 1100/799/1100 1070/800/1070 1068/800/1068
f 1108/801/1108 1085/802/1085 1070/800/1070 1100/799/1100
f 1107/801/1107 1099/799/1099 1068/800/1068 1083/802/1083
f 1105/797/1105 1094/798/1094 1099/799/1099 1107/801/1107
f 1106/797/1106 1108/801/1108 1100/799/1100 1096/798/1096
f 1094/798/1094 1096/798/1096 1100/799/1100 1099/799/1099
f 1067/803/1067 1069/803/1069 1098/795/1098 1097/795/1097
f 1111/804/1111 1109/807/1109 1104/806/1104 1102/805/1102
f 1110/808/1110 1101/805/1101 1103/806/1103 1112/809/1112
f 1112/809/1112 1103/806/1103 1078/811/1078 1091/810/1091
f 1109/807/1109 1087/810/1087 1077/811/1077 1104/806/1104
f 1110/808/1110 1111/804/1111 1102/805/1102 1101/805/1101
f 1102/805/1102 1104/806/1104 1108/801/1108 1106/797/1106
f 1101/805/1101 1105/797/1105 1107/801/1107 1103/806/1103
f 1103/806/1103 1107/801/1107 1083/802/1083 1078/811/1078
f 1104/806/1104 1077/811/1077 1085/802/1085 1108/801/1108
f 1101/805/1101 1102/805/1102 1106/797/1106 1105/797/1105
f 1093/796/1093 1095/796/1095 1111/804/1111 1110/808/1110
f 1098/795/1098 1069/803/1069 1087/810/1087 1109/807/1109
f 1097/795/1097 1112/809/1112 1091/810/1091 1067/803/1067
f 1093/796/1093 1110/808/1110 1112/809/1112 1097/795/1097
f 1095/796/1095 1098/795/1098 1109/807/1109 1111/804/1111
o Plane.007
v -0.335433 8.094529 0.092229
v 0.078550 7.565290 -0.358780
v -0.335433 8.110943 0.075338
v 0.078550 7.568034 -0.361604
v -0.444096 8.029046 -0.054726
v -0.014412 7.678685 -0.408842
v -0.444096 8.045460 -0.071617
v -0.014412 7.681429 -0.411666
v -0.459946 8.017488 0.017369
v -0.459946 8.033901 0.000478
v 0.057736 7.552412 -0.371294
v 0.057736 7.555155 -0.374118
v 0.053218 8.043941 -0.077703
v 0.053218 8.060355 -0.094594
v -0.229254 7.866861 -0.245158
v -0.229254 7.850449 -0.228267
v -0.088024 7.956550 -0.162620
v -0.088632 7.976477 -0.179198
v 0.127193 7.933949 -0.184581
v 0.127193 7.950362 -0.201473
v -0.121833 7.761149 -0.315038
v 0.002680 7.856908 -0.259441
v -0.121833 7.777563 -0.331929
v 0.002680 7.873321 -0.276332
v -0.336675 7.956161 -0.158388
v -0.212525 8.075697 -0.125371
v -0.087649 8.112547 -0.011040
v -0.087649 8.128960 -0.027932
v -0.336675 7.939747 -0.141496
v -0.212162 8.035506 -0.085900
v -0.607785 7.926015 -0.071514
v 0.017897 7.527762 -0.395246
v -0.607785 7.942428 -0.088405
v 0.017897 7.530505 -0.398070
v -0.483272 8.003056 0.003345
v -0.483272 8.019469 -0.013546
v 0.038711 7.540640 -0.382732
v 0.038711 7.543384 -0.385556
v -0.511725 7.694390 -0.417357
v -0.511725 7.710803 -0.434249
v -0.370484 7.781782 -0.332440
v -0.373103 7.800464 -0.350228
v -0.370859 7.625785 -0.484020
v -0.370859 7.642199 -0.500911
v -0.246346 7.702826 -0.409160
v -0.246346 7.719239 -0.426051
v -0.462438 7.921066 -0.275623
v -0.585700 7.804383 -0.310478
v -0.585700 7.820796 -0.327370
v -0.461187 7.881424 -0.235619
vn -0.0723 -0.0449 0.9964
vn 0.5859 -0.6918 0.4220
vn -0.2518 0.9149 0.3155
vn 0.7707 -0.0537 -0.6349
vn -0.0859 -0.6194 0.7804
vn -0.1465 -0.5574 0.8172
vn -0.2431 0.8489 -0.4693
vn 0.2975 0.3731 -0.8788
vn -0.5692 -0.4299 0.7008
vn -0.8933 0.4269 -0.1407
vn -0.0262 -0.9918 0.1254
vn 0.0111 -0.3832 -0.9236
vn 0.5734 -0.1004 0.8131
vn 0.6012 0.7904 -0.1173
vn 0.0339 0.6678 -0.7436
vn -0.0000 -0.6969 0.7172
vn 0.0526 -0.6627 0.7471
vn -0.0180 0.6397 -0.7684
vn 0.7579 -0.3106 0.5736
vn 0.7509 0.4998 -0.4317
vn -0.1157 -0.5897 0.7993
vn -0.1388 -0.5669 0.8120
vn 0.1398 0.5645 -0.8135
vn 0.1544 0.5407 -0.8269
vn -0.0587 0.7429 -0.6669
vn -0.1318 0.7692 -0.6253
vn 0.3688 0.0329 0.9289
vn 0.2665 0.9634 0.0276
vn 0.0860 -0.7623 0.6415
vn 0.1334 -0.7691 0.6250
vn -0.6444 -0.3989 0.6524
vn 0.1140 -0.9838 0.1383
vn -0.8297 0.5573 -0.0319
vn 0.3628 -0.3061 -0.8802
vn -0.0947 -0.1363 0.9861
vn -0.0749 0.9333 0.3513
vn 0.6210 -0.5913 0.5145
vn 0.9069 0.1711 -0.3850
vn -0.5734 -0.8099 0.1237
vn -0.5681 0.0670 -0.8203
vn -0.0526 -0.7277 0.6838
vn 0.0785 0.6994 -0.7104
vn -0.2862 -0.9566 -0.0541
vn -0.1671 -0.0682 -0.9836
vn -0.1373 -0.5659 0.8130
vn 0.1638 0.5465 -0.8213
vn -0.0953 0.7917 -0.6034
vn -0.7178 -0.6394 0.2757
vn -0.7416 0.3397 -0.5785
vn 0.0953 -0.7927 0.6021
vt 0.000000 0.250000
vt 0.000000 0.000000
vt 0.750000 0.000000
vt 1.000000 0.000000
vt 1.000000 0.250000
vt 1.000000 0.500000
vt 0.750000 0.250000
vt 0.750000 0.500000
vt 0.000000 0.500000
vt 0.250000 0.000000
vt 0.500000 0.000000
vt 0.500000 0.250000
vt 0.250000 0.250000
vt 0.250000 0.000000
vt 0.250000 0.250000
vt 0.250000 0.500000
vt 0.500000 0.500000
s 1
f 1121/812/1121 1113/813/1113 1115/813/1115 1122/812/1122
f 1131/814/1131 1114/815/1114 1116/815/1116 1132/814/1132
f 1123/816/1123 1118/817/1118 1120/817/1120 1124/816/1124
f 1136/818/1136 1124/816/1124 1120/817/1120 1135/819/1135
f 1134/818/1134 1133/819/1133 1118/817/1118 1123/816/1123
f 1131/814/1131 1134/818/1134 1123/816/1123 1114/815/1114
f 1132/814/1132 1116/815/1116 1124/816/1124 1136/818/1136
f 1114/815/1114 1123/816/1123 1124/816/1124 1116/815/1116
f 1117/820/1117 1121/812/1121 1122/812/1122 1119/820/1119
f 1140/821/1140 1126/822/1126 1130/823/1130 1138/824/1138
f 1139/825/1139 1142/826/1142 1129/823/1129 1125/822/1125
f 1142/826/1142 1141/827/1141 1128/828/1128 1129/823/1129
f 1138/824/1138 1130/823/1130 1127/828/1127 1137/827/1137
f 1139/825/1139 1125/822/1125 1126/822/1126 1140/821/1140
f 1126/822/1126 1132/814/1132 1136/818/1136 1130/823/1130
f 1125/822/1125 1129/823/1129 1134/818/1134 1131/814/1131
f 1129/823/1129 1128/828/1128 1133/819/1133 1134/818/1134
f 1130/823/1130 1136/818/1136 1135/819/1135 1127/828/1127
f 1125/822/1125 1131/814/1131 1132/814/1132 1126/822/1126
f 1113/813/1113 1139/825/1139 1140/821/1140 1115/813/1115
f 1122/812/1122 1138/824/1138 1137/827/1137 1119/820/1119
f 1121/812/1121 1117/820/1117 1141/827/1141 1142/826/1142
f 1113/813/1113 1121/812/1121 1142/826/1142 1139/825/1139
f 1115/813/1115 1140/821/1140 1138/824/1138 1122/812/1122
f 1147/812/1147 1148/812/1148 1145/813/1145 1143/813/1143
f 1155/814/1155 1156/814/1156 1146/815/1146 1144/815/1144
f 1149/816/1149 1150/816/1150 1120/817/1120 1118/817/1118
f 1158/818/1158 1135/819/1135 1120/817/1120 1150/816/1150
f 1157/818/1157 1149/816/1149 1118/817/1118 1133/819/1133
f 1155/814/1155 1144/815/1144 1149/816/1149 1157/818/1157
f 1156/814/1156 1158/818/1158 1150/816/1150 1146/815/1146
f 1144/815/1144 1146/815/1146 1150/816/1150 1149/816/1149
f 1117/820/1117 1119/820/1119 1148/812/1148 1147/812/1147
f 1161/821/1161 1159/824/1159 1154/823/1154 1152/822/1152
f 1160/825/1160 1151/822/1151 1153/823/1153 1162/826/1162
f 1162/826/1162 1153/823/1153 1128/828/1128 1141/827/1141
f 1159/824/1159 1137/827/1137 1127/828/1127 1154/823/1154
f 1160/825/1160 1161/821/1161 1152/822/1152 1151/822/1151
f 1152/822/1152 1154/823/1154 1158/818/1158 1156/814/1156
f 1151/822/1151 1155/814/1155 1157/818/1157 1153/823/1153
f 1153/823/1153 1157/818/1157 1133/819/1133 1128/828/1128
f 1154/823/1154 1127/828/1127 1135/819/1135 1158/818/1158
f 1151/822/1151 1152/822/1152 1156/814/1156 1155/814/1155
f 1143/813/1143 1145/813/1145 1161/821/1161 1160/825/1160
f 1148/812/1148 1119/820/1119 1137/827/1137 1159/824/1159
f 1147/812/1147 1162/826/1162 1141/827/1141 1117/820/1117
f 1143/813/1143 1160/825/1160 1162/826/1162 1147/812/1147
f 1145/813/1145 1148/812/1148 1159/824/1159 1161/821/1161
o Plane.008
v 0.175334 6.819196 -1.130811
v 0.212573 7.364194 -0.533756
v 0.175941 6.835646 -1.147655
v 0.212674 7.366944 -0.536571
v 0.349928 6.903921 -1.125329
v 0.267333 7.379094 -0.677929
v 0.350535 6.920372 -1.142173
v 0.267435 7.381844 -0.680745
v 0.338416 6.831079 -1.113326
v 0.339023 6.847529 -1.130169
v 0.239834 7.366180 -0.530833
v 0.239936 7.368930 -0.533648
v -0.060773 7.129884 -0.956999
v -0.060166 7.146335 -0.973843
v 0.309111 7.154533 -0.914966
v 0.308504 7.138082 -0.898122
v 0.124219 7.143364 -0.937164
v 0.123877 7.159513 -0.957446
v -0.037679 7.250157 -0.838699
v -0.037072 7.266608 -0.855542
v 0.287792 7.255163 -0.784519
v 0.125403 7.262040 -0.821213
v 0.288400 7.271614 -0.801362
v 0.126010 7.278491 -0.838056
v 0.329823 7.037452 -1.028569
v 0.167853 7.066293 -1.089611
v 0.003745 7.015996 -1.065906
v 0.004352 7.032446 -1.082749
v 0.329216 7.021001 -1.011726
v 0.166827 7.027879 -1.048420
v 0.532049 6.845188 -1.092564
v 0.292014 7.369983 -0.525238
v 0.532657 6.861639 -1.109408
v 0.292115 7.372733 -0.528054
v 0.368968 6.833305 -1.110050
v 0.369575 6.849756 -1.126893
v 0.264752 7.367996 -0.528161
v 0.264854 7.370746 -0.530977
v 0.679167 7.183801 -0.877662
v 0.679774 7.200252 -0.894506
v 0.494174 7.170321 -0.897497
v 0.496467 7.186663 -0.917497
v 0.614649 7.297689 -0.768756
v 0.615256 7.314140 -0.785599
v 0.451567 7.285807 -0.786241
v 0.452174 7.302258 -0.803085
v 0.495179 7.090144 -1.054515
v 0.656072 7.063528 -0.995963
v 0.656680 7.079979 -1.012806
v 0.492990 7.051645 -1.013448
vn -0.3248 -0.9389 0.1143
vn -0.3967 -0.1892 0.8982
vn -0.2636 -0.3296 -0.9066
vn -0.3656 0.8902 0.2718
vn -0.0090 -0.7861 0.6181
vn 0.0031 -0.8403 0.5421
vn 0.0708 0.3833 -0.9209
vn -0.0344 0.9461 -0.3221
vn 0.3541 -0.8995 0.2559
vn 0.6396 -0.2103 -0.7394
vn 0.3463 -0.1906 0.9185
vn 0.5084 0.8192 0.2656
vn -0.7678 -0.5109 0.3866
vn -0.7526 0.4058 -0.5187
vn 0.0192 0.7345 -0.6784
vn -0.0258 -0.6985 0.7152
vn -0.0946 -0.7018 0.7060
vn 0.0830 0.7339 -0.6742
vn -0.7455 -0.2313 0.6251
vn -0.6405 0.7339 -0.2262
vn -0.0031 -0.8135 0.5816
vn 0.0024 -0.8331 0.5531
vn -0.0018 0.8347 -0.5507
vn 0.0005 0.8513 -0.5247
vn 0.0370 0.6317 -0.7744
vn 0.0711 0.5656 -0.8216
vn -0.6945 -0.6914 0.1992
vn -0.5976 0.1481 -0.7880
vn -0.0421 -0.5987 0.7999
vn -0.0724 -0.5647 0.8221
vn 0.4245 -0.8842 0.1946
vn 0.2213 -0.1442 0.9645
vn 0.4933 -0.2745 -0.8254
vn 0.1686 0.9291 0.3291
vn -0.2674 -0.9448 0.1893
vn -0.4324 -0.2884 -0.8543
vn -0.5013 -0.2524 0.8277
vn -0.6650 0.7337 0.1398
vn 0.7341 -0.4015 0.5476
vn 0.7789 0.5174 -0.3545
vn 0.0432 -0.6918 0.7208
vn -0.0433 0.7247 -0.6877
vn 0.6221 -0.1316 0.7718
vn 0.5619 0.8215 -0.0973
vn 0.0004 -0.8332 0.5529
vn -0.0118 0.8504 -0.5260
vn 0.0234 0.5622 -0.8267
vn 0.7286 -0.5877 0.3518
vn 0.7228 0.2443 -0.6464
vn -0.0225 -0.5611 0.8275
vt 0.000000 0.250000
vt 0.000000 0.000000
vt 0.750000 0.000000
vt 1.000000 0.000000
vt 1.000000 0.250000
vt 1.000000 0.500000
vt 0.750000 0.250000
vt 0.750000 0.500000
vt 0.000000 0.500000
vt 0.250000 0.000000
vt 0.500000 0.000000
vt 0.500000 0.250000
vt 0.250000 0.250000
vt 0.250000 0.000000
vt 0.250000 0.250000
vt 0.250000 0.500000
vt 0.500000 0.500000
s 1
f 1171/829/1171 1163/830/1163 1165/830/1165 1172/829/1172
f 1181/831/1181 1164/832/1164 1166/832/1166 1182/831/1182
f 1173/833/1173 1168/834/1168 1170/834/1170 1174/833/1174
f 1186/835/1186 1174/833/1174 1170/834/1170 1185/836/1185
f 1184/835/1184 1183/836/1183 1168/834/1168 1173/833/1173
f 1181/831/1181 1184/835/1184 1173/833/1173 1164/832/1164
f 1182/831/1182 1166/832/1166 1174/833/1174 1186/835/1186
f 1164/832/1164 1173/833/1173 1174/833/1174 1166/832/1166
f 1167/837/1167 1171/829/1171 1172/829/1172 1169/837/1169
f 1190/838/1190 1176/839/1176 1180/840/1180 1188/841/1188
f 1189/842/1189 1192/843/1192 1179/840/1179 1175/839/1175
f 1192/843/1192 1191/844/1191 1178/845/1178 1179/840/1179
f 1188/841/1188 1180/840/1180 1177/845/1177 1187/844/1187
f 1189/842/1189 1175/839/1175 1176/839/1176 1190/838/1190
f 1176/839/1176 1182/831/1182 1186/835/1186 1180/840/1180
f 1175/839/1175 1179/840/1179 1184/835/1184 1181/831/1181
f 1179/840/1179 1178/845/1178 1183/836/1183 1184/835/1184
f 1180/840/1180 1186/835/1186 1185/836/1185 1177/845/1177
f 1175/839/1175 1181/831/1181 1182/831/1182 1176/839/1176
f 1163/830/1163 1189/842/1189 1190/838/1190 1165/830/1165
f 1172/829/1172 1188/841/1188 1187/844/1187 1169/837/1169
f 1171/829/1171 1167/837/1167 1191/844/1191 1192/843/1192
f 1163/830/1163 1171/829/1171 1192/843/1192 1189/842/1189
f 1165/830/1165 1190/838/1190 1188/841/1188 1172/829/1172
f 1197/829/1197 1198/829/1198 1195/830/1195 1193/830/1193
f 1205/831/1205 1206/831/1206 1196/832/1196 1194/832/1194
f 1199/833/1199 1200/833/1200 1170/834/1170 1168/834/1168
f 1208/835/1208 1185/836/1185 1170/834/1170 1200/833/1200
f 1207/835/1207 1199/833/1199 1168/834/1168 1183/836/1183
f 1205/831/1205 1194/832/1194 1199/833/1199 1207/835/1207
f 1206/831/1206 1208/835/1208 1200/833/1200 1196/832/1196
f 1194/832/1194 1196/832/1196 1200/833/1200 1199/833/1199
f 1167/837/1167 1169/837/1169 1198/829/1198 1197/829/1197
f 1211/838/1211 1209/841/1209 1204/840/1204 1202/839/1202
f 1210/842/1210 1201/839/1201 1203/840/1203 1212/843/1212
f 1212/843/1212 1203/840/1203 1178/845/1178 1191/844/1191
f 1209/841/1209 1187/844/1187 1177/845/1177 1204/840/1204
f 1210/842/1210 1211/838/1211 1202/839/1202 1201/839/1201
f 1202/839/1202 1204/840/1204 1208/835/1208 1206/831/1206
f 1201/839/1201 1205/831/1205 1207/835/1207 1203/840/1203
f 1203/840/1203 1207/835/1207 1183/836/1183 1178/845/1178
f 1204/840/1204 1177/845/1177 1185/836/1185 1208/835/1208
f 1201/839/1201 1202/839/1202 1206/831/1206 1205/831/1205
f 1193/830/1193 1195/830/1195 1211/838/1211 1210/842/1210
f 1198/829/1198 1169/837/1169 1187/844/1187 1209/841/1209
f 1197/829/1197 1212/843/1212 1191/844/1191 1167/837/1167
f 1193/830/1193 1210/842/1210 1212/843/1212 1197/829/1197
f 1195/830/1195 1198/829/1198 1209/841/1209 1211/838/1211
o Plane.009
v -0.737511 7.301986 -0.679757
v 0.022773 7.466520 -0.456636
v -0.737511 7.318399 -0.696648
v 0.022773 7.469264 -0.459460
v -0.611703 7.246633 -0.816869
v -0.040604 7.487548 -0.596450
v -0.611703 7.263046 -0.833760
v -0.040604 7.490292 -0.599274
v -0.655914 7.199590 -0.779254
v -0.655914 7.216003 -0.796145
v 0.036413 7.449403 -0.473269
v 0.036413 7.452147 -0.476092
v -0.511265 7.614688 -0.496685
v -0.511265 7.631101 -0.513577
v -0.326153 7.380086 -0.720034
v -0.326153 7.363673 -0.703143
v -0.418705 7.498535 -0.609550
v -0.421509 7.516446 -0.628087
v -0.346572 7.645703 -0.466548
v -0.346572 7.662116 -0.483440
v -0.183379 7.422193 -0.646280
v -0.264975 7.543307 -0.566045
v -0.183379 7.438606 -0.663171
v -0.264975 7.559720 -0.582937
v -0.468928 7.321566 -0.776897
v -0.551888 7.465438 -0.720234
v -0.632122 7.528663 -0.580275
v -0.632122 7.545076 -0.597166
v -0.468928 7.305153 -0.760006
v -0.550525 7.426267 -0.679772
v -0.559031 7.078011 -0.897391
v 0.062520 7.416640 -0.505104
v -0.559031 7.094424 -0.914282
v 0.062520 7.419384 -0.507927
v -0.640628 7.180408 -0.797894
v -0.640628 7.196820 -0.814785
v 0.048880 7.433757 -0.488471
v 0.048880 7.436501 -0.491295
v -0.141042 7.150093 -0.948126
v -0.141042 7.166506 -0.965017
v -0.233602 7.266247 -0.835261
v -0.235087 7.282503 -0.855406
v -0.020185 7.236118 -0.864536
v -0.020185 7.252532 -0.881428
v -0.101782 7.338514 -0.765039
v -0.101782 7.354928 -0.781931
v -0.388113 7.259916 -0.919937
v -0.305735 7.119078 -0.978263
v -0.305735 7.135491 -0.995154
v -0.387331 7.221474 -0.878766
vn -0.6637 -0.4798 0.5738
vn 0.3105 -0.1622 0.9366
vn -0.9080 0.2297 -0.3503
vn 0.6196 0.7678 0.1632
vn -0.1142 -0.7376 0.6655
vn -0.1947 -0.7589 0.6214
vn -0.3232 0.5144 -0.7944
vn 0.3954 0.7825 -0.4810
vn -0.2858 -0.9350 0.2100
vn -0.3752 -0.3226 -0.8690
vn 0.6073 -0.6484 0.4590
vn 0.9036 0.1572 -0.3985
vn -0.3757 0.0164 0.9266
vn -0.3611 0.9323 0.0206
vn 0.0450 0.7144 -0.6983
vn -0.0000 -0.6969 0.7172
vn -0.0345 -0.6520 0.7575
vn 0.0718 0.6715 -0.7375
vn -0.0286 0.1203 0.9923
vn 0.0872 0.9950 0.0495
vn -0.1537 -0.7489 0.6446
vn -0.1830 -0.7570 0.6273
vn 0.1859 0.7569 -0.6265
vn 0.2145 0.7587 -0.6151
vn -0.0780 0.6621 -0.7454
vn -0.1390 0.6092 -0.7807
vn -0.5880 -0.0966 0.8031
vn -0.6461 0.7392 -0.1903
vn 0.1143 -0.6440 0.7565
vn 0.1394 -0.6080 0.7816
vn -0.2888 -0.9502 0.1167
vn 0.6198 -0.5503 0.5596
vn -0.5293 -0.2456 -0.8121
vn 0.8869 0.4323 -0.1627
vn -0.5967 -0.5448 0.5892
vn -0.9116 0.3504 -0.2150
vn 0.1832 -0.1162 0.9762
vn 0.3165 0.8939 0.3174
vn 0.3757 -0.9267 0.0102
vn 0.4052 -0.0293 -0.9138
vn 0.0345 -0.7384 0.6734
vn 0.0086 0.7509 -0.6604
vn 0.6556 -0.7384 0.1580
vn 0.6888 0.2400 -0.6841
vn -0.1840 -0.7557 0.6285
vn 0.2084 0.7664 -0.6076
vn -0.1628 0.6392 -0.7516
vn 0.1241 -0.9901 -0.0652
vn 0.0146 -0.0899 -0.9958
vn 0.1644 -0.6393 0.7512
vt 0.000000 0.250000
vt 0.000000 0.000000
vt 0.750000 0.000000
vt 1.000000 0.000000
vt 1.000000 0.250000
vt 1.000000 0.500000
vt 0.750000 0.250000
vt 0.750000 0.500000
vt 0.000000 0.500000
vt 0.250000 0.000000
vt 0.500000 0.000000
vt 0.500000 0.250000
vt 0.250000 0.250000
vt 0.250000 0.000000
vt 0.250000 0.250000
vt 0.250000 0.500000
vt 0.500000 0.500000
s 1
f 1221/846/1221 1213/847/1213 1215/847/1215 1222/846/1222
f 1231/848/1231 1214/849/1214 1216/849/1216 1232/848/1232
f 1223/850/1223 1218/851/1218 1220/851/1220 1224/850/1224
f 1236/852/1236 1224/850/1224 1220/851/1220 1235/853/1235
f 1234/852/1234 1233/853/1233 1218/851/1218 1223/850/1223
f 1231/848/1231 1234/852/1234 1223/850/1223 1214/849/1214
f 1232/848/1232 1216/849/1216 1224/850/1224 1236/852/1236
f 1214/849/1214 1223/850/1223 1224/850/1224 1216/849/1216
f 1217/854/1217 1221/846/1221 1222/846/1222 1219/854/1219
f 1240/855/1240 1226/856/1226 1230/857/1230 1238/858/1238
f 1239/859/1239 1242/860/1242 1229/857/1229 1225/856/1225
f 1242/860/1242 1241/861/1241 1228/862/1228 1229/857/1229
f 1238/858/1238 1230/857/1230 1227/862/1227 1237/861/1237
f 1239/859/1239 1225/856/1225 1226/856/1226 1240/855/1240
f 1226/856/1226 1232/848/1232 1236/852/1236 1230/857/1230
f 1225/856/1225 1229/857/1229 1234/852/1234 1231/848/1231
f 1229/857/1229 1228/862/1228 1233/853/1233 1234/852/1234
f 1230/857/1230 1236/852/1236 1235/853/1235 1227/862/1227
f 1225/856/1225 1231/848/1231 1232/848/1232 1226/856/1226
f 1213/847/1213 1239/859/1239 1240/855/1240 1215/847/1215
f 1222/846/1222 1238/858/1238 1237/861/1237 1219/854/1219
f 1221/846/1221 1217/854/1217 1241/861/1241 1242/860/1242
f 1213/847/1213 1221/846/1221 1242/860/1242 1239/859/1239
f 1215/847/1215 1240/855/1240 1238/858/1238 1222/846/1222
f 1247/846/1247 1248/846/1248 1245/847/1245 1243/847/1243
f 1255/848/1255 1256/848/1256 1246/849/1246 1244/849/1244
f 1249/850/1249 1250/850/1250 1220/851/1220 1218/851/1218
f 1258/852/1258 1235/853/1235 1220/851/1220 1250/850/1250
f 1257/852/1257 1249/850/1249 1218/851/1218 1233/853/1233
f 1255/848/1255 1244/849/1244 1249/850/1249 1257/852/1257
f 1256/848/1256 1258/852/1258 1250/850/1250 1246/849/1246
f 1244/849/1244 1246/849/1246 1250/850/1250 1249/850/1249
f 1217/854/1217 1219/854/1219 1248/846/1248 1247/846/1247
f 1261/855/1261 1259/858/1259 1254/857/1254 1252/856/1252
f 1260/859/1260 1251/856/1251 1253/857/1253 1262/860/1262
f 1262/860/1262 1253/857/1253 1228/862/1228 1241/861/1241
f 1259/858/1259 1237/861/1237 1227/862/1227 1254/857/1254
f 1260/859/1260 1261/855/1261 1252/856/1252 1251/856/1251
f 1252/856/1252 1254/857/1254 1258/852/1258 1256/848/1256
f 1251/856/1251 1255/848/1255 1257/852/1257 1253/857/1253
f 1253/857/1253 1257/852/1257 1233/853/1233 1228/862/1228
f 1254/857/1254 1227/862/1227 1235/853/1235 1258/852/1258
f 1251/856/1251 1252/856/1252 1256/848/1256 1255/848/1255
f 1243/847/1243 1245/847/1245 1261/855/1261 1260/859/1260
f 1248/846/1248 1219/854/1219 1237/861/1237 1259/858/1259
f 1247/846/1247 1262/860/1262 1241/861/1241 1217/854/1217
f 1243/847/1243 1260/859/1260 1262/860/1262 1247/846/1247
f 1245/847/1245 1248/846/1248 1259/858/1259 1261/855/1261
o Cube.001
v 0.411952 7.587158 -0.414606
v 0.411952 7.668517 -0.498336
v 0.094110 7.687587 -0.317020
v 0.094110 7.768946 -0.400750
v 0.271920 7.359207 -0.636103
v 0.271920 7.440566 -0.719833
v -0.045922 7.459636 -0.538518
v -0.045922 7.540995 -0.622248
v 0.268374 7.653435 -0.332370
v 0.462120 7.641810 -0.442894
v 0.268374 7.752622 -0.434448
v 0.074628 7.764247 -0.323924
v -0.010731 7.575701 -0.407903
v -0.010731 7.674889 -0.509981
v -0.096090 7.486342 -0.593960
v 0.097656 7.375531 -0.602406
v 0.097656 7.474718 -0.704484
v 0.291402 7.363906 -0.712930
v 0.376761 7.453264 -0.526873
v 0.376761 7.552452 -0.628951
v 0.300573 7.755443 -0.332478
v -0.083815 7.648387 -0.436503
v 0.065458 7.372710 -0.704375
v 0.449845 7.479765 -0.600350
v 0.183015 7.495775 -0.448135
v 0.183015 7.632378 -0.588718
vn 0.4002 -0.5179 0.7560
vn 0.4002 0.7408 -0.5394
vn -0.1554 -0.3424 0.9266
vn -0.1554 0.9164 -0.3688
vn 0.1554 -0.9164 0.3688
vn 0.1554 0.3424 -0.9266
vn -0.4002 -0.7408 0.5394
vn -0.4002 0.5179 -0.7560
vn 0.1285 -0.4514 0.8830
vn 0.9322 0.2596 0.2523
vn 0.1285 0.8697 -0.4766
vn -0.3620 0.6685 0.6496
vn -0.2916 -0.5684 0.7693
vn -0.2916 0.7527 -0.5903
vn -0.9322 -0.2596 -0.2523
vn -0.1285 -0.8697 0.4766
vn -0.1285 0.4514 -0.8830
vn 0.3620 -0.6685 -0.6496
vn 0.2916 -0.7527 0.5903
vn 0.2916 0.5684 -0.7693
vn 0.4032 0.6563 0.6377
vn -0.9151 0.2892 0.2810
vn -0.4032 -0.6563 -0.6377
vn 0.9151 -0.2892 -0.2810
vn -0.0000 -0.6969 0.7172
vn -0.0000 0.6969 -0.7172
vt 0.375000 0.000000
vt 0.500000 0.000000
vt 0.500000 0.125000
vt 0.375000 0.125000
vt 0.625000 0.000000
vt 0.625000 0.125000
vt 0.625000 0.250000
vt 0.500000 0.250000
vt 0.375000 0.250000
vt 0.500000 0.375000
vt 0.375000 0.375000
vt 0.625000 0.375000
vt 0.625000 0.500000
vt 0.500000 0.500000
vt 0.375000 0.500000
vt 0.500000 0.625000
vt 0.375000 0.625000
vt 0.625000 0.625000
vt 0.625000 0.750000
vt 0.500000 0.750000
vt 0.375000 0.750000
vt 0.500000 0.875000
vt 0.375000 0.875000
vt 0.625000 0.875000
vt 0.625000 1.000000
vt 0.500000 1.000000
vt 0.375000 1.000000
vt 0.125000 0.500000
vt 0.250000 0.500000
vt 0.250000 0.625000
vt 0.125000 0.625000
vt 0.250000 0.750000
vt 0.125000 0.750000
vt 0.750000 0.500000
vt 0.750000 0.625000
vt 0.875000 0.500000
vt 0.875000 0.625000
vt 0.875000 0.750000
vt 0.750000 0.750000
s 1
f 1263/863/1263 1272/864/1272 1283/865/1283 1271/866/1271
f 1272/864/1272 1264/867/1264 1273/868/1273 1283/865/1283
f 1283/865/1283 1273/868/1273 1266/869/1266 1274/870/1274
f 1271/866/1271 1283/865/1283 1274/870/1274 1265/871/1265
f 1265/871/1265 1274/870/1274 1284/872/1284 1275/873/1275
f 1274/870/1274 1266/869/1266 1276/874/1276 1284/872/1284
f 1284/872/1284 1276/874/1276 1270/875/1270 1277/876/1277
f 1275/873/1275 1284/872/1284 1277/876/1277 1269/877/1269
f 1269/877/1269 1277/876/1277 1285/878/1285 1278/879/1278
f 1277/876/1277 1270/875/1270 1279/880/1279 1285/878/1285
f 1285/878/1285 1279/880/1279 1268/881/1268 1280/882/1280
f 1278/879/1278 1285/878/1285 1280/882/1280 1267/883/1267
f 1267/883/1267 1280/882/1280 1286/884/1286 1281/885/1281
f 1280/882/1280 1268/881/1268 1282/886/1282 1286/884/1286
f 1286/884/1286 1282/886/1282 1264/887/1264 1272/888/1272
f 1281/885/1281 1286/884/1286 1272/888/1272 1263/889/1263
f 1265/890/1265 1275/891/1275 1287/892/1287 1271/893/1271
f 1275/891/1275 1269/877/1269 1278/879/1278 1287/892/1287
f 1287/892/1287 1278/879/1278 1267/883/1267 1281/894/1281
f 1271/893/1271 1287/892/1287 1281/894/1281 1263/895/1263
f 1270/875/1270 1276/896/1276 1288/897/1288 1279/880/1279
f 1276/896/1276 1266/898/1266 1273/899/1273 1288/897/1288
f 1288/897/1288 1273/899/1273 1264/900/1264 1282/901/1282
f 1279/880/1279 1288/897/1288 1282/901/1282 1268/881/1268
